year,month,country,flow,total_teu,laden_teu,empty_teu,cumulative_total_teu,cumulative_laden_teu,cumulative_empty_teu,source_file
2020,1,가나,입항,24.0,24.0,0.0,24.0,24.0,0.0,2020_2021 1월.xlsx
2020,1,가이아나,입항,24.0,24.0,0.0,24.0,24.0,0.0,2020_2021 1월.xlsx
2020,1,감비아,입항,11.0,11.0,0.0,11.0,11.0,0.0,2020_2021 1월.xlsx
2020,1,과테말라,입항,430.0,265.0,165.0,430.0,265.0,165.0,2020_2021 1월.xlsx
2020,1,괌,입항,841.25,27.0,814.25,841.25,27.0,814.25,2020_2021 1월.xlsx
2020,1,그리스,입항,1156.0,353.0,803.0,1156.0,353.0,803.0,2020_2021 1월.xlsx
2020,1,기니,입항,68.0,68.0,0.0,68.0,68.0,0.0,2020_2021 1월.xlsx
2020,1,기니비사우,입항,4.0,4.0,0.0,4.0,4.0,0.0,2020_2021 1월.xlsx
2020,1,나미비아,입항,10.0,10.0,0.0,10.0,10.0,0.0,2020_2021 1월.xlsx
2020,1,나이지리아,입항,99.0,99.0,0.0,99.0,99.0,0.0,2020_2021 1월.xlsx
2020,1,남아프리카,입항,483.0,482.0,1.0,483.0,482.0,1.0,2020_2021 1월.xlsx
2020,1,네덜란드,입항,5094.0,4965.0,129.0,5094.0,4965.0,129.0,2020_2021 1월.xlsx
2020,1,노르웨이,입항,596.0,588.0,8.0,596.0,588.0,8.0,2020_2021 1월.xlsx
2020,1,뉴질랜드,입항,2068.0,1773.0,295.0,2068.0,1773.0,295.0,2020_2021 1월.xlsx
2020,1,뉴칼레도니아,입항,141.0,9.0,132.0,141.0,9.0,132.0,2020_2021 1월.xlsx
2020,1,니카라과,입항,110.0,107.0,3.0,110.0,107.0,3.0,2020_2021 1월.xlsx
2020,1,대만,입항,5715.25,4333.25,1382.0,5715.25,4333.25,1382.0,2020_2021 1월.xlsx
2020,1,대한민국,입항,4113.0,0.0,4113.0,4113.0,0.0,4113.0,2020_2021 1월.xlsx
2020,1,덴마크,입항,1151.0,1151.0,0.0,1151.0,1151.0,0.0,2020_2021 1월.xlsx
2020,1,도미니카 공화국,입항,184.0,180.0,4.0,184.0,180.0,4.0,2020_2021 1월.xlsx
2020,1,독일,입항,8093.0,6723.0,1370.0,8093.0,6723.0,1370.0,2020_2021 1월.xlsx
2020,1,라이베리아,입항,3.0,3.0,0.0,3.0,3.0,0.0,2020_2021 1월.xlsx
2020,1,라트비아,입항,609.0,609.0,0.0,609.0,609.0,0.0,2020_2021 1월.xlsx
2020,1,러시아,입항,6771.0,2520.0,4251.0,6771.0,2520.0,4251.0,2020_2021 1월.xlsx
2020,1,레바논,입항,114.0,53.0,61.0,114.0,53.0,61.0,2020_2021 1월.xlsx
2020,1,레위니옹,입항,2.0,2.0,0.0,2.0,2.0,0.0,2020_2021 1월.xlsx
2020,1,루마니아,입항,440.0,265.0,175.0,440.0,265.0,175.0,2020_2021 1월.xlsx
2020,1,리비아,입항,106.0,106.0,0.0,106.0,106.0,0.0,2020_2021 1월.xlsx
2020,1,리투아니아,입항,232.0,232.0,0.0,232.0,232.0,0.0,2020_2021 1월.xlsx
2020,1,마다가스카르,입항,17.0,17.0,0.0,17.0,17.0,0.0,2020_2021 1월.xlsx
2020,1,마샬 제도,입항,363.0,6.0,357.0,363.0,6.0,357.0,2020_2021 1월.xlsx
2020,1,말레이시아,입항,7434.0,5481.0,1953.0,7434.0,5481.0,1953.0,2020_2021 1월.xlsx
2020,1,멕시코,입항,7817.0,2828.0,4989.0,7817.0,2828.0,4989.0,2020_2021 1월.xlsx
2020,1,모로코,입항,147.0,147.0,0.0,147.0,147.0,0.0,2020_2021 1월.xlsx
2020,1,모리셔스,입항,15.0,15.0,0.0,15.0,15.0,0.0,2020_2021 1월.xlsx
2020,1,모리타니,입항,13.0,13.0,0.0,13.0,13.0,0.0,2020_2021 1월.xlsx
2020,1,모잠비크,입항,144.0,144.0,0.0,144.0,144.0,0.0,2020_2021 1월.xlsx
2020,1,몬테네그로,입항,42.0,42.0,0.0,42.0,42.0,0.0,2020_2021 1월.xlsx
2020,1,몰타,입항,18.0,18.0,0.0,18.0,18.0,0.0,2020_2021 1월.xlsx
2020,1,미국,입항,56626.25,39967.5,16658.75,56626.25,39967.5,16658.75,2020_2021 1월.xlsx
2020,1,미얀마,입항,422.0,410.0,12.0,422.0,410.0,12.0,2020_2021 1월.xlsx
2020,1,미크로네시아,입항,5.0,0.0,5.0,5.0,0.0,5.0,2020_2021 1월.xlsx
2020,1,바누아투,입항,46.0,0.0,46.0,46.0,0.0,46.0,2020_2021 1월.xlsx
2020,1,바레인,입항,29.0,29.0,0.0,29.0,29.0,0.0,2020_2021 1월.xlsx
2020,1,방글라데시,입항,668.0,537.0,131.0,668.0,537.0,131.0,2020_2021 1월.xlsx
2020,1,베네수엘라,입항,119.0,119.0,0.0,119.0,119.0,0.0,2020_2021 1월.xlsx
2020,1,베트남,입항,13826.0,12491.0,1335.0,13826.0,12491.0,1335.0,2020_2021 1월.xlsx
2020,1,벨기에,입항,3381.75,3333.75,48.0,3381.75,3333.75,48.0,2020_2021 1월.xlsx
2020,1,북마리아나 제도,입항,355.5,7.0,348.5,355.5,7.0,348.5,2020_2021 1월.xlsx
2020,1,불가리아,입항,71.0,71.0,0.0,71.0,71.0,0.0,2020_2021 1월.xlsx
2020,1,브라질,입항,2567.0,2277.0,290.0,2567.0,2277.0,290.0,2020_2021 1월.xlsx
2020,1,브루나이,입항,34.0,34.0,0.0,34.0,34.0,0.0,2020_2021 1월.xlsx
2020,1,사모아,입항,10.0,2.0,8.0,10.0,2.0,8.0,2020_2021 1월.xlsx
2020,1,사우디아라비아,입항,1554.0,519.0,1035.0,1554.0,519.0,1035.0,2020_2021 1월.xlsx
2020,1,세네갈,입항,60.0,60.0,0.0,60.0,60.0,0.0,2020_2021 1월.xlsx
2020,1,세이셸,입항,7.0,7.0,0.0,7.0,7.0,0.0,2020_2021 1월.xlsx
2020,1,소말리아,입항,1.0,1.0,0.0,1.0,1.0,0.0,2020_2021 1월.xlsx
2020,1,수단,입항,53.0,53.0,0.0,53.0,53.0,0.0,2020_2021 1월.xlsx
2020,1,수리남,입항,156.0,156.0,0.0,156.0,156.0,0.0,2020_2021 1월.xlsx
2020,1,스리랑카,입항,319.0,319.0,0.0,319.0,319.0,0.0,2020_2021 1월.xlsx
2020,1,스웨덴,입항,1162.0,1156.0,6.0,1162.0,1156.0,6.0,2020_2021 1월.xlsx
2020,1,스페인,입항,2755.75,2644.75,111.0,2755.75,2644.75,111.0,2020_2021 1월.xlsx
2020,1,슬로베니아,입항,1163.5,1162.5,1.0,1163.5,1162.5,1.0,2020_2021 1월.xlsx
2020,1,시에라 리온,입항,22.0,22.0,0.0,22.0,22.0,0.0,2020_2021 1월.xlsx
2020,1,싱가포르,입항,3739.5,2873.0,866.5,3739.5,2873.0,866.5,2020_2021 1월.xlsx
2020,1,아랍에미리트연합국,입항,3421.0,1361.5,2059.5,3421.0,1361.5,2059.5,2020_2021 1월.xlsx
2020,1,아르헨티나,입항,195.0,159.0,36.0,195.0,159.0,36.0,2020_2021 1월.xlsx
2020,1,아메리칸사모아,입항,17.0,11.0,6.0,17.0,11.0,6.0,2020_2021 1월.xlsx
2020,1,아이티,입항,2.0,2.0,0.0,2.0,2.0,0.0,2020_2021 1월.xlsx
2020,1,아일랜드,입항,133.0,120.0,13.0,133.0,120.0,13.0,2020_2021 1월.xlsx
2020,1,알제리,입항,13.0,0.0,13.0,13.0,0.0,13.0,2020_2021 1월.xlsx
2020,1,에스토니아,입항,397.0,397.0,0.0,397.0,397.0,0.0,2020_2021 1월.xlsx
2020,1,에콰도르,입항,324.0,276.0,48.0,324.0,276.0,48.0,2020_2021 1월.xlsx
2020,1,엘살바도르,입항,71.0,69.0,2.0,71.0,69.0,2.0,2020_2021 1월.xlsx
2020,1,영국,입항,1565.0,1503.0,62.0,1565.0,1503.0,62.0,2020_2021 1월.xlsx
2020,1,예멘,입항,74.0,74.0,0.0,74.0,74.0,0.0,2020_2021 1월.xlsx
2020,1,오만,입항,2912.0,75.0,2837.0,2912.0,75.0,2837.0,2020_2021 1월.xlsx
2020,1,온두라스,입항,45.0,45.0,0.0,45.0,45.0,0.0,2020_2021 1월.xlsx
2020,1,요르단,입항,382.0,105.0,277.0,382.0,105.0,277.0,2020_2021 1월.xlsx
2020,1,우루과이,입항,96.0,90.0,6.0,96.0,90.0,6.0,2020_2021 1월.xlsx
2020,1,우크라이나,입항,253.0,253.0,0.0,253.0,253.0,0.0,2020_2021 1월.xlsx
2020,1,이란,입항,15.0,15.0,0.0,15.0,15.0,0.0,2020_2021 1월.xlsx
2020,1,이스라엘,입항,599.0,363.0,236.0,599.0,363.0,236.0,2020_2021 1월.xlsx
2020,1,이집트,입항,2639.0,566.0,2073.0,2639.0,566.0,2073.0,2020_2021 1월.xlsx
2020,1,이탈리아,입항,4659.5,4642.5,17.0,4659.5,4642.5,17.0,2020_2021 1월.xlsx
2020,1,인도,입항,13224.0,6474.0,6750.0,13224.0,6474.0,6750.0,2020_2021 1월.xlsx
2020,1,인도네시아,입항,6514.5,4573.0,1941.5,6514.5,4573.0,1941.5,2020_2021 1월.xlsx
2020,1,일본,입항,67432.0,15624.0,51808.0,67432.0,15624.0,51808.0,2020_2021 1월.xlsx
2020,1,자메이카,입항,2424.0,19.0,2405.0,2424.0,19.0,2405.0,2020_2021 1월.xlsx
2020,1,조지아,입항,17.0,17.0,0.0,17.0,17.0,0.0,2020_2021 1월.xlsx
2020,1,중국,입항,92734.75,77825.5,14909.25,92734.75,77825.5,14909.25,2020_2021 1월.xlsx
2020,1,지부티,입항,48.0,48.0,0.0,48.0,48.0,0.0,2020_2021 1월.xlsx
2020,1,체코,입항,16.0,16.0,0.0,16.0,16.0,0.0,2020_2021 1월.xlsx
2020,1,칠레,입항,5809.0,4148.0,1661.0,5809.0,4148.0,1661.0,2020_2021 1월.xlsx
2020,1,카메룬,입항,4.0,4.0,0.0,4.0,4.0,0.0,2020_2021 1월.xlsx
2020,1,카타르,입항,492.0,492.0,0.0,492.0,492.0,0.0,2020_2021 1월.xlsx
2020,1,캄보디아,입항,193.0,191.0,2.0,193.0,191.0,2.0,2020_2021 1월.xlsx
2020,1,캐나다,입항,5510.25,4568.25,942.0,5510.25,4568.25,942.0,2020_2021 1월.xlsx
2020,1,케냐,입항,34.0,34.0,0.0,34.0,34.0,0.0,2020_2021 1월.xlsx
2020,1,코스타리카,입항,218.0,216.0,2.0,218.0,216.0,2.0,2020_2021 1월.xlsx
2020,1,코트디부아르,입항,4.0,4.0,0.0,4.0,4.0,0.0,2020_2021 1월.xlsx
2020,1,콜롬비아,입항,561.0,446.0,115.0,561.0,446.0,115.0,2020_2021 1월.xlsx
2020,1,콩고,입항,1.0,1.0,0.0,1.0,1.0,0.0,2020_2021 1월.xlsx
2020,1,콩고 민주 공화국,입항,2.0,2.0,0.0,2.0,2.0,0.0,2020_2021 1월.xlsx
2020,1,쿠웨이트,입항,54.0,54.0,0.0,54.0,54.0,0.0,2020_2021 1월.xlsx
2020,1,크로아티아,입항,84.0,83.0,1.0,84.0,83.0,1.0,2020_2021 1월.xlsx
2020,1,키리바시,입항,248.0,0.0,248.0,248.0,0.0,248.0,2020_2021 1월.xlsx
2020,1,키프로스,입항,15.0,15.0,0.0,15.0,15.0,0.0,2020_2021 1월.xlsx
2020,1,탄자니아,입항,134.0,134.0,0.0,134.0,134.0,0.0,2020_2021 1월.xlsx
2020,1,태국,입항,5936.0,5472.0,464.0,5936.0,5472.0,464.0,2020_2021 1월.xlsx
2020,1,토고,입항,120.0,120.0,0.0,120.0,120.0,0.0,2020_2021 1월.xlsx
2020,1,통가,입항,454.0,11.0,443.0,454.0,11.0,443.0,2020_2021 1월.xlsx
2020,1,튀니지,입항,53.0,53.0,0.0,53.0,53.0,0.0,2020_2021 1월.xlsx
2020,1,튀르키예,입항,2341.25,1547.25,794.0,2341.25,1547.25,794.0,2020_2021 1월.xlsx
2020,1,트리니다드 토바고,입항,78.0,78.0,0.0,78.0,78.0,0.0,2020_2021 1월.xlsx
2020,1,파나마,입항,3832.0,90.0,3742.0,3832.0,90.0,3742.0,2020_2021 1월.xlsx
2020,1,파라과이,입항,5.0,5.0,0.0,5.0,5.0,0.0,2020_2021 1월.xlsx
2020,1,파키스탄,입항,1156.75,517.0,639.75,1156.75,517.0,639.75,2020_2021 1월.xlsx
2020,1,파푸아 뉴기니,입항,39.0,39.0,0.0,39.0,39.0,0.0,2020_2021 1월.xlsx
2020,1,팔라우,입항,2.0,2.0,0.0,2.0,2.0,0.0,2020_2021 1월.xlsx
2020,1,페루,입항,1682.0,1580.0,102.0,1682.0,1580.0,102.0,2020_2021 1월.xlsx
2020,1,포르투갈,입항,268.0,268.0,0.0,268.0,268.0,0.0,2020_2021 1월.xlsx
2020,1,폴란드,입항,969.25,915.25,54.0,969.25,915.25,54.0,2020_2021 1월.xlsx
2020,1,푸에르토리코,입항,252.0,252.0,0.0,252.0,252.0,0.0,2020_2021 1월.xlsx
2020,1,프랑스,입항,2332.0,2322.0,10.0,2332.0,2322.0,10.0,2020_2021 1월.xlsx
2020,1,프랑스령 기아나,입항,2.0,2.0,0.0,2.0,2.0,0.0,2020_2021 1월.xlsx
2020,1,프랑스령 폴리네시아,입항,168.0,0.0,168.0,168.0,0.0,168.0,2020_2021 1월.xlsx
2020,1,피지,입항,87.0,32.0,55.0,87.0,32.0,55.0,2020_2021 1월.xlsx
2020,1,핀란드,입항,634.0,634.0,0.0,634.0,634.0,0.0,2020_2021 1월.xlsx
2020,1,필리핀,입항,5184.0,1501.0,3683.0,5184.0,1501.0,3683.0,2020_2021 1월.xlsx
2020,1,헝가리,입항,17.0,17.0,0.0,17.0,17.0,0.0,2020_2021 1월.xlsx
2020,1,호주,입항,12846.0,5332.0,7514.0,12846.0,5332.0,7514.0,2020_2021 1월.xlsx
2020,1,홍콩,입항,3345.0,2768.0,577.0,3345.0,2768.0,577.0,2020_2021 1월.xlsx
2020,1,가나,입항환적,45.0,45.0,0.0,45.0,45.0,0.0,2020_2021 1월.xlsx
2020,1,가봉,입항환적,4.0,4.0,0.0,4.0,4.0,0.0,2020_2021 1월.xlsx
2020,1,가이아나,입항환적,363.0,363.0,0.0,363.0,363.0,0.0,2020_2021 1월.xlsx
2020,1,감비아,입항환적,10.0,10.0,0.0,10.0,10.0,0.0,2020_2021 1월.xlsx
2020,1,과테말라,입항환적,391.0,391.0,0.0,391.0,391.0,0.0,2020_2021 1월.xlsx
2020,1,괌,입항환적,184.5,124.5,60.0,184.5,124.5,60.0,2020_2021 1월.xlsx
2020,1,그리스,입항환적,272.0,260.0,12.0,272.0,260.0,12.0,2020_2021 1월.xlsx
2020,1,기니비사우,입항환적,2.0,2.0,0.0,2.0,2.0,0.0,2020_2021 1월.xlsx
2020,1,나이지리아,입항환적,16.0,16.0,0.0,16.0,16.0,0.0,2020_2021 1월.xlsx
2020,1,남아프리카,입항환적,306.0,306.0,0.0,306.0,306.0,0.0,2020_2021 1월.xlsx
2020,1,네덜란드,입항환적,1689.0,1688.0,1.0,1689.0,1688.0,1.0,2020_2021 1월.xlsx
2020,1,노르웨이,입항환적,221.0,221.0,0.0,221.0,221.0,0.0,2020_2021 1월.xlsx
2020,1,뉴질랜드,입항환적,2413.0,1383.0,1030.0,2413.0,1383.0,1030.0,2020_2021 1월.xlsx
2020,1,뉴칼레도니아,입항환적,464.0,464.0,0.0,464.0,464.0,0.0,2020_2021 1월.xlsx
2020,1,니카라과,입항환적,228.0,228.0,0.0,228.0,228.0,0.0,2020_2021 1월.xlsx
2020,1,대만,입항환적,6717.5,6714.5,3.0,6717.5,6714.5,3.0,2020_2021 1월.xlsx
2020,1,대한민국,입항환적,6812.0,6745.0,67.0,6812.0,6745.0,67.0,2020_2021 1월.xlsx
2020,1,덴마크,입항환적,188.0,188.0,0.0,188.0,188.0,0.0,2020_2021 1월.xlsx
2020,1,도미니카 공화국,입항환적,47.0,47.0,0.0,47.0,47.0,0.0,2020_2021 1월.xlsx
2020,1,독일,입항환적,2108.0,1967.0,141.0,2108.0,1967.0,141.0,2020_2021 1월.xlsx
2020,1,라트비아,입항환적,264.0,264.0,0.0,264.0,264.0,0.0,2020_2021 1월.xlsx
2020,1,러시아,입항환적,11802.0,11220.0,582.0,11802.0,11220.0,582.0,2020_2021 1월.xlsx
2020,1,레바논,입항환적,9.0,9.0,0.0,9.0,9.0,0.0,2020_2021 1월.xlsx
2020,1,루마니아,입항환적,609.0,609.0,0.0,609.0,609.0,0.0,2020_2021 1월.xlsx
2020,1,리투아니아,입항환적,51.0,51.0,0.0,51.0,51.0,0.0,2020_2021 1월.xlsx
2020,1,마다가스카르,입항환적,2.0,2.0,0.0,2.0,2.0,0.0,2020_2021 1월.xlsx
2020,1,마샬 제도,입항환적,23.0,23.0,0.0,23.0,23.0,0.0,2020_2021 1월.xlsx
2020,1,말레이시아,입항환적,6557.25,6403.25,154.0,6557.25,6403.25,154.0,2020_2021 1월.xlsx
2020,1,멕시코,입항환적,4101.0,3911.0,190.0,4101.0,3911.0,190.0,2020_2021 1월.xlsx
2020,1,모로코,입항환적,22.0,22.0,0.0,22.0,22.0,0.0,2020_2021 1월.xlsx
2020,1,모리셔스,입항환적,24.0,24.0,0.0,24.0,24.0,0.0,2020_2021 1월.xlsx
2020,1,모리타니,입항환적,2.0,2.0,0.0,2.0,2.0,0.0,2020_2021 1월.xlsx
2020,1,모잠비크,입항환적,34.0,34.0,0.0,34.0,34.0,0.0,2020_2021 1월.xlsx
2020,1,몬테네그로,입항환적,2.0,2.0,0.0,2.0,2.0,0.0,2020_2021 1월.xlsx
2020,1,몰타,입항환적,18.0,18.0,0.0,18.0,18.0,0.0,2020_2021 1월.xlsx
2020,1,미국,입항환적,57476.25,39959.25,17517.0,57476.25,39959.25,17517.0,2020_2021 1월.xlsx
2020,1,미얀마,입항환적,280.0,280.0,0.0,280.0,280.0,0.0,2020_2021 1월.xlsx
2020,1,미크로네시아,입항환적,19.0,17.0,2.0,19.0,17.0,2.0,2020_2021 1월.xlsx
2020,1,바누아투,입항환적,17.0,13.0,4.0,17.0,13.0,4.0,2020_2021 1월.xlsx
2020,1,바레인,입항환적,10.0,10.0,0.0,10.0,10.0,0.0,2020_2021 1월.xlsx
2020,1,방글라데시,입항환적,595.75,595.75,0.0,595.75,595.75,0.0,2020_2021 1월.xlsx
2020,1,베네수엘라,입항환적,13.0,13.0,0.0,13.0,13.0,0.0,2020_2021 1월.xlsx
2020,1,베트남,입항환적,10533.75,10476.75,57.0,10533.75,10476.75,57.0,2020_2021 1월.xlsx
2020,1,벨기에,입항환적,716.0,715.0,1.0,716.0,715.0,1.0,2020_2021 1월.xlsx
2020,1,벨리즈,입항환적,5.0,5.0,0.0,5.0,5.0,0.0,2020_2021 1월.xlsx
2020,1,북마리아나 제도,입항환적,34.0,0.0,34.0,34.0,0.0,34.0,2020_2021 1월.xlsx
2020,1,불가리아,입항환적,224.0,224.0,0.0,224.0,224.0,0.0,2020_2021 1월.xlsx
2020,1,브라질,입항환적,3799.0,3668.0,131.0,3799.0,3668.0,131.0,2020_2021 1월.xlsx
2020,1,사모아,입항환적,33.0,11.0,22.0,33.0,11.0,22.0,2020_2021 1월.xlsx
2020,1,사우디아라비아,입항환적,1723.0,1536.0,187.0,1723.0,1536.0,187.0,2020_2021 1월.xlsx
2020,1,세네갈,입항환적,58.0,58.0,0.0,58.0,58.0,0.0,2020_2021 1월.xlsx
2020,1,세이셸,입항환적,37.0,37.0,0.0,37.0,37.0,0.0,2020_2021 1월.xlsx
2020,1,수단,입항환적,773.0,773.0,0.0,773.0,773.0,0.0,2020_2021 1월.xlsx
2020,1,수리남,입항환적,78.0,78.0,0.0,78.0,78.0,0.0,2020_2021 1월.xlsx
2020,1,스리랑카,입항환적,178.0,178.0,0.0,178.0,178.0,0.0,2020_2021 1월.xlsx
2020,1,스웨덴,입항환적,1100.0,1100.0,0.0,1100.0,1100.0,0.0,2020_2021 1월.xlsx
2020,1,스페인,입항환적,1825.0,1825.0,0.0,1825.0,1825.0,0.0,2020_2021 1월.xlsx
2020,1,슬로베니아,입항환적,684.0,684.0,0.0,684.0,684.0,0.0,2020_2021 1월.xlsx
2020,1,시에라 리온,입항환적,2.0,2.0,0.0,2.0,2.0,0.0,2020_2021 1월.xlsx
2020,1,싱가포르,입항환적,1756.75,1575.75,181.0,1756.75,1575.75,181.0,2020_2021 1월.xlsx
2020,1,아랍에미리트연합국,입항환적,2712.25,2574.25,138.0,2712.25,2574.25,138.0,2020_2021 1월.xlsx
2020,1,아르헨티나,입항환적,731.0,646.0,85.0,731.0,646.0,85.0,2020_2021 1월.xlsx
2020,1,아메리칸사모아,입항환적,10.0,0.0,10.0,10.0,0.0,10.0,2020_2021 1월.xlsx
2020,1,아이슬란드,입항환적,27.0,27.0,0.0,27.0,27.0,0.0,2020_2021 1월.xlsx
2020,1,아이티,입항환적,8.0,8.0,0.0,8.0,8.0,0.0,2020_2021 1월.xlsx
2020,1,아일랜드,입항환적,89.0,89.0,0.0,89.0,89.0,0.0,2020_2021 1월.xlsx
2020,1,알바니아,입항환적,89.0,89.0,0.0,89.0,89.0,0.0,2020_2021 1월.xlsx
2020,1,에스토니아,입항환적,12.0,12.0,0.0,12.0,12.0,0.0,2020_2021 1월.xlsx
2020,1,에콰도르,입항환적,4937.0,4937.0,0.0,4937.0,4937.0,0.0,2020_2021 1월.xlsx
2020,1,엘살바도르,입항환적,15.0,15.0,0.0,15.0,15.0,0.0,2020_2021 1월.xlsx
2020,1,영국,입항환적,382.0,382.0,0.0,382.0,382.0,0.0,2020_2021 1월.xlsx
2020,1,오만,입항환적,494.0,494.0,0.0,494.0,494.0,0.0,2020_2021 1월.xlsx
2020,1,온두라스,입항환적,51.0,51.0,0.0,51.0,51.0,0.0,2020_2021 1월.xlsx
2020,1,요르단,입항환적,37.0,7.0,30.0,37.0,7.0,30.0,2020_2021 1월.xlsx
2020,1,우루과이,입항환적,389.0,371.0,18.0,389.0,371.0,18.0,2020_2021 1월.xlsx
2020,1,우크라이나,입항환적,655.0,655.0,0.0,655.0,655.0,0.0,2020_2021 1월.xlsx
2020,1,원양어획지역,입항환적,15.0,15.0,0.0,15.0,15.0,0.0,2020_2021 1월.xlsx
2020,1,이스라엘,입항환적,791.0,91.0,700.0,791.0,91.0,700.0,2020_2021 1월.xlsx
2020,1,이집트,입항환적,330.0,208.0,122.0,330.0,208.0,122.0,2020_2021 1월.xlsx
2020,1,이탈리아,입항환적,2256.0,2236.0,20.0,2256.0,2236.0,20.0,2020_2021 1월.xlsx
2020,1,인도,입항환적,4672.0,4661.0,11.0,4672.0,4661.0,11.0,2020_2021 1월.xlsx
2020,1,인도네시아,입항환적,9128.5,9128.5,0.0,9128.5,9128.5,0.0,2020_2021 1월.xlsx
2020,1,일본,입항환적,54422.5,41958.0,12464.5,54422.5,41958.0,12464.5,2020_2021 1월.xlsx
2020,1,적도 기니,입항환적,24.0,24.0,0.0,24.0,24.0,0.0,2020_2021 1월.xlsx
2020,1,조지아,입항환적,203.0,203.0,0.0,203.0,203.0,0.0,2020_2021 1월.xlsx
2020,1,중국,입항환적,261938.0,249932.75,12005.25,261938.0,249932.75,12005.25,2020_2021 1월.xlsx
2020,1,칠레,입항환적,6478.0,6475.0,3.0,6478.0,6475.0,3.0,2020_2021 1월.xlsx
2020,1,카메룬,입항환적,2.0,2.0,0.0,2.0,2.0,0.0,2020_2021 1월.xlsx
2020,1,카보 베르데,입항환적,2.0,2.0,0.0,2.0,2.0,0.0,2020_2021 1월.xlsx
2020,1,카타르,입항환적,131.0,131.0,0.0,131.0,131.0,0.0,2020_2021 1월.xlsx
2020,1,캄보디아,입항환적,568.25,568.25,0.0,568.25,568.25,0.0,2020_2021 1월.xlsx
2020,1,캐나다,입항환적,10165.5,9279.25,886.25,10165.5,9279.25,886.25,2020_2021 1월.xlsx
2020,1,케냐,입항환적,35.0,35.0,0.0,35.0,35.0,0.0,2020_2021 1월.xlsx
2020,1,코스타리카,입항환적,263.0,263.0,0.0,263.0,263.0,0.0,2020_2021 1월.xlsx
2020,1,코트디부아르,입항환적,5.0,5.0,0.0,5.0,5.0,0.0,2020_2021 1월.xlsx
2020,1,콜롬비아,입항환적,1372.0,669.0,703.0,1372.0,669.0,703.0,2020_2021 1월.xlsx
2020,1,쿠바,입항환적,60.0,60.0,0.0,60.0,60.0,0.0,2020_2021 1월.xlsx
2020,1,쿠웨이트,입항환적,59.0,59.0,0.0,59.0,59.0,0.0,2020_2021 1월.xlsx
2020,1,크로아티아,입항환적,87.0,87.0,0.0,87.0,87.0,0.0,2020_2021 1월.xlsx
2020,1,키리바시,입항환적,3.0,0.0,3.0,3.0,0.0,3.0,2020_2021 1월.xlsx
2020,1,키프로스,입항환적,18.0,18.0,0.0,18.0,18.0,0.0,2020_2021 1월.xlsx
2020,1,탄자니아,입항환적,8.0,8.0,0.0,8.0,8.0,0.0,2020_2021 1월.xlsx
2020,1,태국,입항환적,9170.0,9068.0,102.0,9170.0,9068.0,102.0,2020_2021 1월.xlsx
2020,1,통가,입항환적,9.0,9.0,0.0,9.0,9.0,0.0,2020_2021 1월.xlsx
2020,1,튀니지,입항환적,3.0,3.0,0.0,3.0,3.0,0.0,2020_2021 1월.xlsx
2020,1,튀르키예,입항환적,2308.0,2265.0,43.0,2308.0,2265.0,43.0,2020_2021 1월.xlsx
2020,1,트리니다드 토바고,입항환적,36.0,36.0,0.0,36.0,36.0,0.0,2020_2021 1월.xlsx
2020,1,파나마,입항환적,5094.5,2068.0,3026.5,5094.5,2068.0,3026.5,2020_2021 1월.xlsx
2020,1,파라과이,입항환적,84.0,84.0,0.0,84.0,84.0,0.0,2020_2021 1월.xlsx
2020,1,파키스탄,입항환적,1055.5,1055.5,0.0,1055.5,1055.5,0.0,2020_2021 1월.xlsx
2020,1,파푸아 뉴기니,입항환적,6.0,6.0,0.0,6.0,6.0,0.0,2020_2021 1월.xlsx
2020,1,페루,입항환적,2575.0,2575.0,0.0,2575.0,2575.0,0.0,2020_2021 1월.xlsx
2020,1,포르투갈,입항환적,170.0,170.0,0.0,170.0,170.0,0.0,2020_2021 1월.xlsx
2020,1,폴란드,입항환적,268.0,268.0,0.0,268.0,268.0,0.0,2020_2021 1월.xlsx
2020,1,푸에르토리코,입항환적,341.0,341.0,0.0,341.0,341.0,0.0,2020_2021 1월.xlsx
2020,1,프랑스,입항환적,1049.0,1049.0,0.0,1049.0,1049.0,0.0,2020_2021 1월.xlsx
2020,1,프랑스령 폴리네시아,입항환적,16.0,4.0,12.0,16.0,4.0,12.0,2020_2021 1월.xlsx
2020,1,피지,입항환적,11.0,11.0,0.0,11.0,11.0,0.0,2020_2021 1월.xlsx
2020,1,핀란드,입항환적,770.0,770.0,0.0,770.0,770.0,0.0,2020_2021 1월.xlsx
2020,1,필리핀,입항환적,5529.75,4982.75,547.0,5529.75,4982.75,547.0,2020_2021 1월.xlsx
2020,1,호주,입항환적,5522.0,5042.0,480.0,5522.0,5042.0,480.0,2020_2021 1월.xlsx
2020,1,홍콩,입항환적,3587.25,3462.5,124.75,3587.25,3462.5,124.75,2020_2021 1월.xlsx
2020,1,가나,출항,176.5,176.5,0.0,176.5,176.5,0.0,2020_2021 1월.xlsx
2020,1,가이아나,출항,1.0,1.0,0.0,1.0,1.0,0.0,2020_2021 1월.xlsx
2020,1,감비아,출항,1.0,1.0,0.0,1.0,1.0,0.0,2020_2021 1월.xlsx
2020,1,과테말라,출항,181.0,179.0,2.0,181.0,179.0,2.0,2020_2021 1월.xlsx
2020,1,괌,출항,150.75,150.75,0.0,150.75,150.75,0.0,2020_2021 1월.xlsx
2020,1,그레나다,출항,1.0,1.0,0.0,1.0,1.0,0.0,2020_2021 1월.xlsx
2020,1,그리스,출항,1129.0,1129.0,0.0,1129.0,1129.0,0.0,2020_2021 1월.xlsx
2020,1,기니,출항,7.0,7.0,0.0,7.0,7.0,0.0,2020_2021 1월.xlsx
2020,1,나미비아,출항,6.0,6.0,0.0,6.0,6.0,0.0,2020_2021 1월.xlsx
2020,1,나이지리아,출항,273.0,273.0,0.0,273.0,273.0,0.0,2020_2021 1월.xlsx
2020,1,남아프리카,출항,494.0,494.0,0.0,494.0,494.0,0.0,2020_2021 1월.xlsx
2020,1,네덜란드,출항,5226.25,5213.25,13.0,5226.25,5213.25,13.0,2020_2021 1월.xlsx
2020,1,노르웨이,출항,73.0,73.0,0.0,73.0,73.0,0.0,2020_2021 1월.xlsx
2020,1,뉴질랜드,출항,1169.0,1163.0,6.0,1169.0,1163.0,6.0,2020_2021 1월.xlsx
2020,1,뉴칼레도니아,출항,19.0,19.0,0.0,19.0,19.0,0.0,2020_2021 1월.xlsx
2020,1,니카라과,출항,77.0,77.0,0.0,77.0,77.0,0.0,2020_2021 1월.xlsx
2020,1,대만,출항,9697.75,9261.75,436.0,9697.75,9261.75,436.0,2020_2021 1월.xlsx
2020,1,대한민국,출항,8617.0,216.0,8401.0,8617.0,216.0,8401.0,2020_2021 1월.xlsx
2020,1,덴마크,출항,211.0,211.0,0.0,211.0,211.0,0.0,2020_2021 1월.xlsx
2020,1,도미니카 공화국,출항,158.0,158.0,0.0,158.0,158.0,0.0,2020_2021 1월.xlsx
2020,1,독일,출항,8561.0,8538.0,23.0,8561.0,8538.0,23.0,2020_2021 1월.xlsx
2020,1,라이베리아,출항,2.0,2.0,0.0,2.0,2.0,0.0,2020_2021 1월.xlsx
2020,1,라트비아,출항,55.25,55.25,0.0,55.25,55.25,0.0,2020_2021 1월.xlsx
2020,1,러시아,출항,10039.25,10039.25,0.0,10039.25,10039.25,0.0,2020_2021 1월.xlsx
2020,1,레바논,출항,34.0,34.0,0.0,34.0,34.0,0.0,2020_2021 1월.xlsx
2020,1,레위니옹,출항,6.0,6.0,0.0,6.0,6.0,0.0,2020_2021 1월.xlsx
2020,1,루마니아,출항,219.0,219.0,0.0,219.0,219.0,0.0,2020_2021 1월.xlsx
2020,1,리비아,출항,126.0,126.0,0.0,126.0,126.0,0.0,2020_2021 1월.xlsx
2020,1,리투아니아,출항,137.0,137.0,0.0,137.0,137.0,0.0,2020_2021 1월.xlsx
2020,1,마다가스카르,출항,15.0,15.0,0.0,15.0,15.0,0.0,2020_2021 1월.xlsx
2020,1,마르티니크,출항,5.0,5.0,0.0,5.0,5.0,0.0,2020_2021 1월.xlsx
2020,1,마샬 제도,출항,68.0,17.0,51.0,68.0,17.0,51.0,2020_2021 1월.xlsx
2020,1,마요트,출항,21.0,21.0,0.0,21.0,21.0,0.0,2020_2021 1월.xlsx
2020,1,말레이시아,출항,8177.5,8167.5,10.0,8177.5,8167.5,10.0,2020_2021 1월.xlsx
2020,1,멕시코,출항,12348.0,12000.0,348.0,12348.0,12000.0,348.0,2020_2021 1월.xlsx
2020,1,모로코,출항,326.0,326.0,0.0,326.0,326.0,0.0,2020_2021 1월.xlsx
2020,1,모리셔스,출항,11.0,11.0,0.0,11.0,11.0,0.0,2020_2021 1월.xlsx
2020,1,모리타니,출항,10.0,10.0,0.0,10.0,10.0,0.0,2020_2021 1월.xlsx
2020,1,모잠비크,출항,187.0,187.0,0.0,187.0,187.0,0.0,2020_2021 1월.xlsx
2020,1,몬테네그로,출항,3.0,3.0,0.0,3.0,3.0,0.0,2020_2021 1월.xlsx
2020,1,몰디브,출항,2.0,2.0,0.0,2.0,2.0,0.0,2020_2021 1월.xlsx
2020,1,몰타,출항,31.0,31.0,0.0,31.0,31.0,0.0,2020_2021 1월.xlsx
2020,1,미국,출항,56841.25,53430.25,3411.0,56841.25,53430.25,3411.0,2020_2021 1월.xlsx
2020,1,미얀마,출항,187.25,187.25,0.0,187.25,187.25,0.0,2020_2021 1월.xlsx
2020,1,미크로네시아,출항,16.0,16.0,0.0,16.0,16.0,0.0,2020_2021 1월.xlsx
2020,1,바누아투,출항,20.0,16.0,4.0,20.0,16.0,4.0,2020_2021 1월.xlsx
2020,1,바레인,출항,60.0,60.0,0.0,60.0,60.0,0.0,2020_2021 1월.xlsx
2020,1,바하마,출항,526.0,9.0,517.0,526.0,9.0,517.0,2020_2021 1월.xlsx
2020,1,방글라데시,출항,42.0,42.0,0.0,42.0,42.0,0.0,2020_2021 1월.xlsx
2020,1,베냉,출항,10.0,10.0,0.0,10.0,10.0,0.0,2020_2021 1월.xlsx
2020,1,베네수엘라,출항,11.0,11.0,0.0,11.0,11.0,0.0,2020_2021 1월.xlsx
2020,1,베트남,출항,17359.5,15703.5,1656.0,17359.5,15703.5,1656.0,2020_2021 1월.xlsx
2020,1,벨기에,출항,1550.25,1541.25,9.0,1550.25,1541.25,9.0,2020_2021 1월.xlsx
2020,1,벨리즈,출항,3.0,3.0,0.0,3.0,3.0,0.0,2020_2021 1월.xlsx
2020,1,북마리아나 제도,출항,72.0,72.0,0.0,72.0,72.0,0.0,2020_2021 1월.xlsx
2020,1,불가리아,출항,62.0,62.0,0.0,62.0,62.0,0.0,2020_2021 1월.xlsx
2020,1,브라질,출항,4186.0,4186.0,0.0,4186.0,4186.0,0.0,2020_2021 1월.xlsx
2020,1,사모아,출항,8.0,8.0,0.0,8.0,8.0,0.0,2020_2021 1월.xlsx
2020,1,사우디아라비아,출항,2943.5,2943.5,0.0,2943.5,2943.5,0.0,2020_2021 1월.xlsx
2020,1,세네갈,출항,143.0,143.0,0.0,143.0,143.0,0.0,2020_2021 1월.xlsx
2020,1,세이셸,출항,27.0,27.0,0.0,27.0,27.0,0.0,2020_2021 1월.xlsx
2020,1,소말리아,출항,22.0,22.0,0.0,22.0,22.0,0.0,2020_2021 1월.xlsx
2020,1,솔로몬제도,출항,16.0,16.0,0.0,16.0,16.0,0.0,2020_2021 1월.xlsx
2020,1,수단,출항,51.0,51.0,0.0,51.0,51.0,0.0,2020_2021 1월.xlsx
2020,1,수리남,출항,2.0,2.0,0.0,2.0,2.0,0.0,2020_2021 1월.xlsx
2020,1,스리랑카,출항,904.0,904.0,0.0,904.0,904.0,0.0,2020_2021 1월.xlsx
2020,1,스웨덴,출항,461.0,461.0,0.0,461.0,461.0,0.0,2020_2021 1월.xlsx
2020,1,스페인,출항,2631.0,2631.0,0.0,2631.0,2631.0,0.0,2020_2021 1월.xlsx
2020,1,슬로베니아,출항,7177.0,7177.0,0.0,7177.0,7177.0,0.0,2020_2021 1월.xlsx
2020,1,시리아,출항,165.0,165.0,0.0,165.0,165.0,0.0,2020_2021 1월.xlsx
2020,1,시에라 리온,출항,6.0,6.0,0.0,6.0,6.0,0.0,2020_2021 1월.xlsx
2020,1,싱가포르,출항,5755.25,5703.25,52.0,5755.25,5703.25,52.0,2020_2021 1월.xlsx
2020,1,아랍에미리트연합국,출항,6409.0,6399.0,10.0,6409.0,6399.0,10.0,2020_2021 1월.xlsx
2020,1,아르헨티나,출항,482.0,482.0,0.0,482.0,482.0,0.0,2020_2021 1월.xlsx
2020,1,아메리칸사모아,출항,44.0,44.0,0.0,44.0,44.0,0.0,2020_2021 1월.xlsx
2020,1,아이티,출항,3.0,3.0,0.0,3.0,3.0,0.0,2020_2021 1월.xlsx
2020,1,아일랜드,출항,53.0,53.0,0.0,53.0,53.0,0.0,2020_2021 1월.xlsx
2020,1,알바니아,출항,6.0,6.0,0.0,6.0,6.0,0.0,2020_2021 1월.xlsx
2020,1,알제리,출항,178.5,178.5,0.0,178.5,178.5,0.0,2020_2021 1월.xlsx
2020,1,앙골라,출항,166.0,166.0,0.0,166.0,166.0,0.0,2020_2021 1월.xlsx
2020,1,앤틸리스제도,출항,2.0,2.0,0.0,2.0,2.0,0.0,2020_2021 1월.xlsx
2020,1,에스토니아,출항,34.0,34.0,0.0,34.0,34.0,0.0,2020_2021 1월.xlsx
2020,1,에콰도르,출항,985.0,639.0,346.0,985.0,639.0,346.0,2020_2021 1월.xlsx
2020,1,엘살바도르,출항,105.0,105.0,0.0,105.0,105.0,0.0,2020_2021 1월.xlsx
2020,1,영국,출항,2606.0,2386.0,220.0,2606.0,2386.0,220.0,2020_2021 1월.xlsx
2020,1,예멘,출항,2.0,2.0,0.0,2.0,2.0,0.0,2020_2021 1월.xlsx
2020,1,오만,출항,377.0,377.0,0.0,377.0,377.0,0.0,2020_2021 1월.xlsx
2020,1,온두라스,출항,30.0,30.0,0.0,30.0,30.0,0.0,2020_2021 1월.xlsx
2020,1,요르단,출항,306.0,306.0,0.0,306.0,306.0,0.0,2020_2021 1월.xlsx
2020,1,우루과이,출항,267.0,267.0,0.0,267.0,267.0,0.0,2020_2021 1월.xlsx
2020,1,우크라이나,출항,103.25,103.25,0.0,103.25,103.25,0.0,2020_2021 1월.xlsx
2020,1,이라크,출항,447.0,447.0,0.0,447.0,447.0,0.0,2020_2021 1월.xlsx
2020,1,이스라엘,출항,930.0,929.0,1.0,930.0,929.0,1.0,2020_2021 1월.xlsx
2020,1,이집트,출항,2883.25,2883.25,0.0,2883.25,2883.25,0.0,2020_2021 1월.xlsx
2020,1,이탈리아,출항,3404.0,3388.0,16.0,3404.0,3388.0,16.0,2020_2021 1월.xlsx
2020,1,인도,출항,15541.75,15476.75,65.0,15541.75,15476.75,65.0,2020_2021 1월.xlsx
2020,1,인도네시아,출항,7633.75,7195.75,438.0,7633.75,7195.75,438.0,2020_2021 1월.xlsx
2020,1,일본,출항,34973.0,26343.0,8630.0,34973.0,26343.0,8630.0,2020_2021 1월.xlsx
2020,1,자메이카,출항,149.0,149.0,0.0,149.0,149.0,0.0,2020_2021 1월.xlsx
2020,1,조지아,출항,6.0,6.0,0.0,6.0,6.0,0.0,2020_2021 1월.xlsx
2020,1,중국,출항,88981.5,43003.75,45977.75,88981.5,43003.75,45977.75,2020_2021 1월.xlsx
2020,1,지부티,출항,41.0,41.0,0.0,41.0,41.0,0.0,2020_2021 1월.xlsx
2020,1,칠레,출항,2482.0,1139.0,1343.0,2482.0,1139.0,1343.0,2020_2021 1월.xlsx
2020,1,카메룬,출항,43.0,43.0,0.0,43.0,43.0,0.0,2020_2021 1월.xlsx
2020,1,카타르,출항,285.0,277.0,8.0,285.0,277.0,8.0,2020_2021 1월.xlsx
2020,1,캄보디아,출항,334.0,334.0,0.0,334.0,334.0,0.0,2020_2021 1월.xlsx
2020,1,캐나다,출항,9512.25,9509.25,3.0,9512.25,9509.25,3.0,2020_2021 1월.xlsx
2020,1,케냐,출항,242.0,242.0,0.0,242.0,242.0,0.0,2020_2021 1월.xlsx
2020,1,코스타리카,출항,19.0,19.0,0.0,19.0,19.0,0.0,2020_2021 1월.xlsx
2020,1,코트디부아르,출항,44.0,44.0,0.0,44.0,44.0,0.0,2020_2021 1월.xlsx
2020,1,콜롬비아,출항,1260.0,1228.0,32.0,1260.0,1228.0,32.0,2020_2021 1월.xlsx
2020,1,콩고,출항,19.0,19.0,0.0,19.0,19.0,0.0,2020_2021 1월.xlsx
2020,1,콩고 민주 공화국,출항,8.0,8.0,0.0,8.0,8.0,0.0,2020_2021 1월.xlsx
2020,1,쿠바,출항,6.0,6.0,0.0,6.0,6.0,0.0,2020_2021 1월.xlsx
2020,1,쿠웨이트,출항,97.0,97.0,0.0,97.0,97.0,0.0,2020_2021 1월.xlsx
2020,1,크로아티아,출항,326.0,326.0,0.0,326.0,326.0,0.0,2020_2021 1월.xlsx
2020,1,키프로스,출항,2.0,2.0,0.0,2.0,2.0,0.0,2020_2021 1월.xlsx
2020,1,탄자니아,출항,224.0,224.0,0.0,224.0,224.0,0.0,2020_2021 1월.xlsx
2020,1,태국,출항,8752.5,7116.5,1636.0,8752.5,7116.5,1636.0,2020_2021 1월.xlsx
2020,1,토고,출항,104.0,104.0,0.0,104.0,104.0,0.0,2020_2021 1월.xlsx
2020,1,통가,출항,6.0,6.0,0.0,6.0,6.0,0.0,2020_2021 1월.xlsx
2020,1,튀니지,출항,80.0,80.0,0.0,80.0,80.0,0.0,2020_2021 1월.xlsx
2020,1,튀르키예,출항,6015.0,6015.0,0.0,6015.0,6015.0,0.0,2020_2021 1월.xlsx
2020,1,트리니다드 토바고,출항,36.0,36.0,0.0,36.0,36.0,0.0,2020_2021 1월.xlsx
2020,1,파나마,출항,2959.5,1257.0,1702.5,2959.5,1257.0,1702.5,2020_2021 1월.xlsx
2020,1,파라과이,출항,4.0,4.0,0.0,4.0,4.0,0.0,2020_2021 1월.xlsx
2020,1,파키스탄,출항,924.0,924.0,0.0,924.0,924.0,0.0,2020_2021 1월.xlsx
2020,1,파푸아 뉴기니,출항,46.0,40.0,6.0,46.0,40.0,6.0,2020_2021 1월.xlsx
2020,1,팔라우,출항,8.0,8.0,0.0,8.0,8.0,0.0,2020_2021 1월.xlsx
2020,1,페루,출항,1225.0,933.0,292.0,1225.0,933.0,292.0,2020_2021 1월.xlsx
2020,1,포르투갈,출항,188.0,188.0,0.0,188.0,188.0,0.0,2020_2021 1월.xlsx
2020,1,폴란드,출항,755.0,755.0,0.0,755.0,755.0,0.0,2020_2021 1월.xlsx
2020,1,푸에르토리코,출항,9.0,9.0,0.0,9.0,9.0,0.0,2020_2021 1월.xlsx
2020,1,프랑스,출항,1160.0,1150.0,10.0,1160.0,1150.0,10.0,2020_2021 1월.xlsx
2020,1,프랑스령 기아나,출항,2.0,2.0,0.0,2.0,2.0,0.0,2020_2021 1월.xlsx
2020,1,프랑스령 폴리네시아,출항,3.0,3.0,0.0,3.0,3.0,0.0,2020_2021 1월.xlsx
2020,1,피지,출항,45.0,38.0,7.0,45.0,38.0,7.0,2020_2021 1월.xlsx
2020,1,핀란드,출항,51.0,51.0,0.0,51.0,51.0,0.0,2020_2021 1월.xlsx
2020,1,필리핀,출항,4025.25,3955.25,70.0,4025.25,3955.25,70.0,2020_2021 1월.xlsx
2020,1,호주,출항,5019.0,4556.0,463.0,5019.0,4556.0,463.0,2020_2021 1월.xlsx
2020,1,홍콩,출항,5831.0,5306.0,525.0,5831.0,5306.0,525.0,2020_2021 1월.xlsx
2020,1,가나,출항환적,20.0,20.0,0.0,20.0,20.0,0.0,2020_2021 1월.xlsx
2020,1,가이아나,출항환적,152.0,152.0,0.0,152.0,152.0,0.0,2020_2021 1월.xlsx
2020,1,감비아,출항환적,2.0,2.0,0.0,2.0,2.0,0.0,2020_2021 1월.xlsx
2020,1,과들루프,출항환적,11.0,11.0,0.0,11.0,11.0,0.0,2020_2021 1월.xlsx
2020,1,과테말라,출항환적,1231.5,1231.5,0.0,1231.5,1231.5,0.0,2020_2021 1월.xlsx
2020,1,괌,출항환적,184.0,182.0,2.0,184.0,182.0,2.0,2020_2021 1월.xlsx
2020,1,그레나다,출항환적,29.0,29.0,0.0,29.0,29.0,0.0,2020_2021 1월.xlsx
2020,1,그리스,출항환적,1158.0,1158.0,0.0,1158.0,1158.0,0.0,2020_2021 1월.xlsx
2020,1,기니,출항환적,2.0,2.0,0.0,2.0,2.0,0.0,2020_2021 1월.xlsx
2020,1,나미비아,출항환적,14.0,14.0,0.0,14.0,14.0,0.0,2020_2021 1월.xlsx
2020,1,나우루,출항환적,1.0,1.0,0.0,1.0,1.0,0.0,2020_2021 1월.xlsx
2020,1,나이지리아,출항환적,49.25,49.25,0.0,49.25,49.25,0.0,2020_2021 1월.xlsx
2020,1,남아프리카,출항환적,369.0,369.0,0.0,369.0,369.0,0.0,2020_2021 1월.xlsx
2020,1,네덜란드,출항환적,1722.0,1721.0,1.0,1722.0,1721.0,1.0,2020_2021 1월.xlsx
2020,1,노르웨이,출항환적,26.0,26.0,0.0,26.0,26.0,0.0,2020_2021 1월.xlsx
2020,1,뉴질랜드,출항환적,813.0,813.0,0.0,813.0,813.0,0.0,2020_2021 1월.xlsx
2020,1,뉴칼레도니아,출항환적,286.0,278.0,8.0,286.0,278.0,8.0,2020_2021 1월.xlsx
2020,1,니카라과,출항환적,88.25,88.25,0.0,88.25,88.25,0.0,2020_2021 1월.xlsx
2020,1,대만,출항환적,7477.0,6043.0,1434.0,7477.0,6043.0,1434.0,2020_2021 1월.xlsx
2020,1,대한민국,출항환적,18986.75,18986.75,0.0,18986.75,18986.75,0.0,2020_2021 1월.xlsx
2020,1,덴마크,출항환적,240.0,240.0,0.0,240.0,240.0,0.0,2020_2021 1월.xlsx
2020,1,도미니카 공화국,출항환적,1064.0,1064.0,0.0,1064.0,1064.0,0.0,2020_2021 1월.xlsx
2020,1,도미니카 연방,출항환적,5.0,5.0,0.0,5.0,5.0,0.0,2020_2021 1월.xlsx
2020,1,독일,출항환적,3038.0,3038.0,0.0,3038.0,3038.0,0.0,2020_2021 1월.xlsx
2020,1,동티모르,출항환적,4.0,4.0,0.0,4.0,4.0,0.0,2020_2021 1월.xlsx
2020,1,라트비아,출항환적,48.0,48.0,0.0,48.0,48.0,0.0,2020_2021 1월.xlsx
2020,1,러시아,출항환적,17487.0,17483.0,4.0,17487.0,17483.0,4.0,2020_2021 1월.xlsx
2020,1,레바논,출항환적,118.0,118.0,0.0,118.0,118.0,0.0,2020_2021 1월.xlsx
2020,1,루마니아,출항환적,365.5,365.5,0.0,365.5,365.5,0.0,2020_2021 1월.xlsx
2020,1,리비아,출항환적,215.0,215.0,0.0,215.0,215.0,0.0,2020_2021 1월.xlsx
2020,1,리투아니아,출항환적,50.0,50.0,0.0,50.0,50.0,0.0,2020_2021 1월.xlsx
2020,1,마다가스카르,출항환적,1.0,1.0,0.0,1.0,1.0,0.0,2020_2021 1월.xlsx
2020,1,마르티니크,출항환적,6.0,6.0,0.0,6.0,6.0,0.0,2020_2021 1월.xlsx
2020,1,마샬 제도,출항환적,160.0,160.0,0.0,160.0,160.0,0.0,2020_2021 1월.xlsx
2020,1,말레이시아,출항환적,4420.0,4418.0,2.0,4420.0,4418.0,2.0,2020_2021 1월.xlsx
2020,1,멕시코,출항환적,23903.25,23845.25,58.0,23903.25,23845.25,58.0,2020_2021 1월.xlsx
2020,1,모로코,출항환적,185.0,185.0,0.0,185.0,185.0,0.0,2020_2021 1월.xlsx
2020,1,모리셔스,출항환적,2.0,2.0,0.0,2.0,2.0,0.0,2020_2021 1월.xlsx
2020,1,모리타니,출항환적,11.0,11.0,0.0,11.0,11.0,0.0,2020_2021 1월.xlsx
2020,1,모잠비크,출항환적,32.0,32.0,0.0,32.0,32.0,0.0,2020_2021 1월.xlsx
2020,1,몬테네그로,출항환적,14.0,14.0,0.0,14.0,14.0,0.0,2020_2021 1월.xlsx
2020,1,몰디브,출항환적,13.0,13.0,0.0,13.0,13.0,0.0,2020_2021 1월.xlsx
2020,1,몰타,출항환적,13.0,13.0,0.0,13.0,13.0,0.0,2020_2021 1월.xlsx
2020,1,미국,출항환적,86192.75,82486.75,3706.0,86192.75,82486.75,3706.0,2020_2021 1월.xlsx
2020,1,미얀마,출항환적,13.0,13.0,0.0,13.0,13.0,0.0,2020_2021 1월.xlsx
2020,1,미크로네시아,출항환적,155.0,155.0,0.0,155.0,155.0,0.0,2020_2021 1월.xlsx
2020,1,바누아투,출항환적,364.0,364.0,0.0,364.0,364.0,0.0,2020_2021 1월.xlsx
2020,1,바레인,출항환적,1.0,1.0,0.0,1.0,1.0,0.0,2020_2021 1월.xlsx
2020,1,바베이도스,출항환적,86.0,86.0,0.0,86.0,86.0,0.0,2020_2021 1월.xlsx
2020,1,바하마,출항환적,10416.0,100.0,10316.0,10416.0,100.0,10316.0,2020_2021 1월.xlsx
2020,1,방글라데시,출항환적,69.0,69.0,0.0,69.0,69.0,0.0,2020_2021 1월.xlsx
2020,1,베네수엘라,출항환적,1082.0,1082.0,0.0,1082.0,1082.0,0.0,2020_2021 1월.xlsx
2020,1,베트남,출항환적,5765.75,5039.0,726.75,5765.75,5039.0,726.75,2020_2021 1월.xlsx
2020,1,벨기에,출항환적,713.0,713.0,0.0,713.0,713.0,0.0,2020_2021 1월.xlsx
2020,1,벨리즈,출항환적,12.0,12.0,0.0,12.0,12.0,0.0,2020_2021 1월.xlsx
2020,1,북마리아나 제도,출항환적,90.0,90.0,0.0,90.0,90.0,0.0,2020_2021 1월.xlsx
2020,1,불가리아,출항환적,70.0,70.0,0.0,70.0,70.0,0.0,2020_2021 1월.xlsx
2020,1,브라질,출항환적,3749.0,3749.0,0.0,3749.0,3749.0,0.0,2020_2021 1월.xlsx
2020,1,사모아,출항환적,241.0,241.0,0.0,241.0,241.0,0.0,2020_2021 1월.xlsx
2020,1,사우디아라비아,출항환적,1600.5,1600.5,0.0,1600.5,1600.5,0.0,2020_2021 1월.xlsx
2020,1,세네갈,출항환적,13.0,13.0,0.0,13.0,13.0,0.0,2020_2021 1월.xlsx
2020,1,세이셸,출항환적,4.0,4.0,0.0,4.0,4.0,0.0,2020_2021 1월.xlsx
2020,1,세인트 빈센트 그레나딘,출항환적,4.0,4.0,0.0,4.0,4.0,0.0,2020_2021 1월.xlsx
2020,1,세인트루시아,출항환적,20.0,20.0,0.0,20.0,20.0,0.0,2020_2021 1월.xlsx
2020,1,소말리아,출항환적,4.0,4.0,0.0,4.0,4.0,0.0,2020_2021 1월.xlsx
2020,1,솔로몬제도,출항환적,203.0,203.0,0.0,203.0,203.0,0.0,2020_2021 1월.xlsx
2020,1,수단,출항환적,23.0,23.0,0.0,23.0,23.0,0.0,2020_2021 1월.xlsx
2020,1,수리남,출항환적,345.0,345.0,0.0,345.0,345.0,0.0,2020_2021 1월.xlsx
2020,1,스리랑카,출항환적,27.0,27.0,0.0,27.0,27.0,0.0,2020_2021 1월.xlsx
2020,1,스웨덴,출항환적,253.0,253.0,0.0,253.0,253.0,0.0,2020_2021 1월.xlsx
2020,1,스페인,출항환적,2523.0,2523.0,0.0,2523.0,2523.0,0.0,2020_2021 1월.xlsx
2020,1,슬로베니아,출항환적,737.25,737.25,0.0,737.25,737.25,0.0,2020_2021 1월.xlsx
2020,1,시리아,출항환적,304.0,304.0,0.0,304.0,304.0,0.0,2020_2021 1월.xlsx
2020,1,시에라 리온,출항환적,85.0,85.0,0.0,85.0,85.0,0.0,2020_2021 1월.xlsx
2020,1,싱가포르,출항환적,4456.0,4058.0,398.0,4456.0,4058.0,398.0,2020_2021 1월.xlsx
2020,1,아랍에미리트연합국,출항환적,4252.5,4252.5,0.0,4252.5,4252.5,0.0,2020_2021 1월.xlsx
2020,1,아르헨티나,출항환적,299.0,299.0,0.0,299.0,299.0,0.0,2020_2021 1월.xlsx
2020,1,아메리칸사모아,출항환적,67.0,67.0,0.0,67.0,67.0,0.0,2020_2021 1월.xlsx
2020,1,아이티,출항환적,182.0,182.0,0.0,182.0,182.0,0.0,2020_2021 1월.xlsx
2020,1,아일랜드,출항환적,43.0,43.0,0.0,43.0,43.0,0.0,2020_2021 1월.xlsx
2020,1,알바니아,출항환적,6.0,6.0,0.0,6.0,6.0,0.0,2020_2021 1월.xlsx
2020,1,알제리,출항환적,237.25,237.25,0.0,237.25,237.25,0.0,2020_2021 1월.xlsx
2020,1,앤티가 바부다,출항환적,3.0,3.0,0.0,3.0,3.0,0.0,2020_2021 1월.xlsx
2020,1,앤틸리스제도,출항환적,24.0,24.0,0.0,24.0,24.0,0.0,2020_2021 1월.xlsx
2020,1,에스토니아,출항환적,27.0,27.0,0.0,27.0,27.0,0.0,2020_2021 1월.xlsx
2020,1,에콰도르,출항환적,3209.0,2885.0,324.0,3209.0,2885.0,324.0,2020_2021 1월.xlsx
2020,1,엘살바도르,출항환적,540.25,540.25,0.0,540.25,540.25,0.0,2020_2021 1월.xlsx
2020,1,영국,출항환적,1339.0,1339.0,0.0,1339.0,1339.0,0.0,2020_2021 1월.xlsx
2020,1,영국령 버진아일랜드,출항환적,2.0,2.0,0.0,2.0,2.0,0.0,2020_2021 1월.xlsx
2020,1,예멘,출항환적,5.0,5.0,0.0,5.0,5.0,0.0,2020_2021 1월.xlsx
2020,1,오만,출항환적,321.75,321.75,0.0,321.75,321.75,0.0,2020_2021 1월.xlsx
2020,1,온두라스,출항환적,278.0,278.0,0.0,278.0,278.0,0.0,2020_2021 1월.xlsx
2020,1,요르단,출항환적,279.0,279.0,0.0,279.0,279.0,0.0,2020_2021 1월.xlsx
2020,1,우루과이,출항환적,66.0,66.0,0.0,66.0,66.0,0.0,2020_2021 1월.xlsx
2020,1,우크라이나,출항환적,541.5,541.5,0.0,541.5,541.5,0.0,2020_2021 1월.xlsx
2020,1,이라크,출항환적,82.25,82.25,0.0,82.25,82.25,0.0,2020_2021 1월.xlsx
2020,1,이스라엘,출항환적,1415.0,1402.0,13.0,1415.0,1402.0,13.0,2020_2021 1월.xlsx
2020,1,이집트,출항환적,1658.0,1630.0,28.0,1658.0,1630.0,28.0,2020_2021 1월.xlsx
2020,1,이탈리아,출항환적,2170.0,2170.0,0.0,2170.0,2170.0,0.0,2020_2021 1월.xlsx
2020,1,인도,출항환적,3605.75,3604.75,1.0,3605.75,3604.75,1.0,2020_2021 1월.xlsx
2020,1,인도네시아,출항환적,2748.0,2748.0,0.0,2748.0,2748.0,0.0,2020_2021 1월.xlsx
2020,1,일본,출항환적,89080.0,88096.0,984.0,89080.0,88096.0,984.0,2020_2021 1월.xlsx
2020,1,자메이카,출항환적,884.25,884.25,0.0,884.25,884.25,0.0,2020_2021 1월.xlsx
2020,1,적도 기니,출항환적,2.0,2.0,0.0,2.0,2.0,0.0,2020_2021 1월.xlsx
2020,1,조지아,출항환적,144.0,144.0,0.0,144.0,144.0,0.0,2020_2021 1월.xlsx
2020,1,중국,출항환적,90908.75,64264.5,26644.25,90908.75,64264.5,26644.25,2020_2021 1월.xlsx
2020,1,지부티,출항환적,36.0,36.0,0.0,36.0,36.0,0.0,2020_2021 1월.xlsx
2020,1,칠레,출항환적,14578.0,14344.0,234.0,14578.0,14344.0,234.0,2020_2021 1월.xlsx
2020,1,카메룬,출항환적,5.0,5.0,0.0,5.0,5.0,0.0,2020_2021 1월.xlsx
2020,1,카타르,출항환적,310.0,310.0,0.0,310.0,310.0,0.0,2020_2021 1월.xlsx
2020,1,캄보디아,출항환적,38.0,38.0,0.0,38.0,38.0,0.0,2020_2021 1월.xlsx
2020,1,캐나다,출항환적,23408.5,23408.5,0.0,23408.5,23408.5,0.0,2020_2021 1월.xlsx
2020,1,케냐,출항환적,50.0,50.0,0.0,50.0,50.0,0.0,2020_2021 1월.xlsx
2020,1,케이맨 제도,출항환적,3.0,3.0,0.0,3.0,3.0,0.0,2020_2021 1월.xlsx
2020,1,코스타리카,출항환적,852.0,852.0,0.0,852.0,852.0,0.0,2020_2021 1월.xlsx
2020,1,콜롬비아,출항환적,6383.75,6383.75,0.0,6383.75,6383.75,0.0,2020_2021 1월.xlsx
2020,1,쿠바,출항환적,136.0,136.0,0.0,136.0,136.0,0.0,2020_2021 1월.xlsx
2020,1,쿠웨이트,출항환적,24.0,24.0,0.0,24.0,24.0,0.0,2020_2021 1월.xlsx
2020,1,크로아티아,출항환적,222.75,222.75,0.0,222.75,222.75,0.0,2020_2021 1월.xlsx
2020,1,키리바시,출항환적,181.0,181.0,0.0,181.0,181.0,0.0,2020_2021 1월.xlsx
2020,1,키프로스,출항환적,14.0,14.0,0.0,14.0,14.0,0.0,2020_2021 1월.xlsx
2020,1,탄자니아,출항환적,2.0,2.0,0.0,2.0,2.0,0.0,2020_2021 1월.xlsx
2020,1,태국,출항환적,7397.75,7397.75,0.0,7397.75,7397.75,0.0,2020_2021 1월.xlsx
2020,1,토고,출항환적,6.0,6.0,0.0,6.0,6.0,0.0,2020_2021 1월.xlsx
2020,1,통가,출항환적,91.0,91.0,0.0,91.0,91.0,0.0,2020_2021 1월.xlsx
2020,1,튀니지,출항환적,191.5,191.5,0.0,191.5,191.5,0.0,2020_2021 1월.xlsx
2020,1,튀르키예,출항환적,3022.0,3022.0,0.0,3022.0,3022.0,0.0,2020_2021 1월.xlsx
2020,1,트리니다드 토바고,출항환적,240.0,240.0,0.0,240.0,240.0,0.0,2020_2021 1월.xlsx
2020,1,파나마,출항환적,6560.5,4076.0,2484.5,6560.5,4076.0,2484.5,2020_2021 1월.xlsx
2020,1,파라과이,출항환적,10.0,10.0,0.0,10.0,10.0,0.0,2020_2021 1월.xlsx
2020,1,파키스탄,출항환적,509.0,509.0,0.0,509.0,509.0,0.0,2020_2021 1월.xlsx
2020,1,파푸아 뉴기니,출항환적,371.0,371.0,0.0,371.0,371.0,0.0,2020_2021 1월.xlsx
2020,1,페루,출항환적,5330.0,5300.0,30.0,5330.0,5300.0,30.0,2020_2021 1월.xlsx
2020,1,포르투갈,출항환적,25.0,25.0,0.0,25.0,25.0,0.0,2020_2021 1월.xlsx
2020,1,폴란드,출항환적,134.0,134.0,0.0,134.0,134.0,0.0,2020_2021 1월.xlsx
2020,1,푸에르토리코,출항환적,227.0,227.0,0.0,227.0,227.0,0.0,2020_2021 1월.xlsx
2020,1,프랑스,출항환적,771.0,771.0,0.0,771.0,771.0,0.0,2020_2021 1월.xlsx
2020,1,프랑스령 폴리네시아,출항환적,78.0,78.0,0.0,78.0,78.0,0.0,2020_2021 1월.xlsx
2020,1,피지,출항환적,425.0,423.0,2.0,425.0,423.0,2.0,2020_2021 1월.xlsx
2020,1,핀란드,출항환적,55.0,55.0,0.0,55.0,55.0,0.0,2020_2021 1월.xlsx
2020,1,필리핀,출항환적,4132.75,4132.75,0.0,4132.75,4132.75,0.0,2020_2021 1월.xlsx
2020,1,호주,출항환적,1808.0,1708.0,100.0,1808.0,1708.0,100.0,2020_2021 1월.xlsx
2020,1,홍콩,출항환적,2185.25,2019.25,166.0,2185.25,2019.25,166.0,2020_2021 1월.xlsx
2020,2,가나,입항,56.0,56.0,0.0,80.0,80.0,0.0,2020_2021 12월.xlsx
2020,2,가이아나,입항,2.0,2.0,0.0,26.0,26.0,0.0,2020_2021 12월.xlsx
2020,2,감비아,입항,5.0,5.0,0.0,16.0,16.0,0.0,2020_2021 12월.xlsx
2020,2,과테말라,입항,438.0,253.0,185.0,868.0,518.0,350.0,2020_2021 12월.xlsx
2020,2,괌,입항,916.5,47.0,869.5,1757.75,74.0,1683.75,2020_2021 12월.xlsx
2020,2,그리스,입항,671.0,325.0,346.0,1827.0,678.0,1149.0,2020_2021 12월.xlsx
2020,2,기니,입항,149.0,149.0,0.0,217.0,217.0,0.0,2020_2021 12월.xlsx
2020,2,기니비사우,입항,2.0,2.0,0.0,6.0,6.0,0.0,2020_2021 12월.xlsx
2020,2,나미비아,입항,107.0,107.0,0.0,117.0,117.0,0.0,2020_2021 12월.xlsx
2020,2,나이지리아,입항,103.0,102.0,1.0,202.0,201.0,1.0,2020_2021 12월.xlsx
2020,2,남아프리카,입항,841.0,829.0,12.0,1324.0,1311.0,13.0,2020_2021 12월.xlsx
2020,2,네덜란드,입항,6523.0,5789.0,734.0,11617.0,10754.0,863.0,2020_2021 12월.xlsx
2020,2,노르웨이,입항,312.0,312.0,0.0,908.0,900.0,8.0,2020_2021 12월.xlsx
2020,2,뉴질랜드,입항,3425.0,2189.0,1236.0,5493.0,3962.0,1531.0,2020_2021 12월.xlsx
2020,2,뉴칼레도니아,입항,221.0,44.0,177.0,362.0,53.0,309.0,2020_2021 12월.xlsx
2020,2,니카라과,입항,115.0,115.0,0.0,225.0,222.0,3.0,2020_2021 12월.xlsx
2020,2,대만,입항,5973.0,3824.0,2149.0,11688.25,8157.25,3531.0,2020_2021 12월.xlsx
2020,2,대한민국,입항,5941.25,66.0,5875.25,10054.25,66.0,9988.25,2020_2021 12월.xlsx
2020,2,덴마크,입항,594.0,590.0,4.0,1745.0,1741.0,4.0,2020_2021 12월.xlsx
2020,2,도미니카 공화국,입항,66.0,66.0,0.0,250.0,246.0,4.0,2020_2021 12월.xlsx
2020,2,독일,입항,10037.0,8049.0,1988.0,18130.0,14772.0,3358.0,2020_2021 12월.xlsx
2020,2,라이베리아,입항,2.0,2.0,0.0,5.0,5.0,0.0,2020_2021 12월.xlsx
2020,2,라트비아,입항,919.0,919.0,0.0,1528.0,1528.0,0.0,2020_2021 12월.xlsx
2020,2,러시아,입항,8094.0,2717.0,5377.0,14865.0,5237.0,9628.0,2020_2021 12월.xlsx
2020,2,레바논,입항,28.0,26.0,2.0,142.0,79.0,63.0,2020_2021 12월.xlsx
2020,2,레위니옹,입항,6.0,6.0,0.0,8.0,8.0,0.0,2020_2021 12월.xlsx
2020,2,루마니아,입항,144.0,54.0,90.0,584.0,319.0,265.0,2020_2021 12월.xlsx
2020,2,리비아,입항,66.0,66.0,0.0,172.0,172.0,0.0,2020_2021 12월.xlsx
2020,2,리투아니아,입항,440.0,440.0,0.0,672.0,672.0,0.0,2020_2021 12월.xlsx
2020,2,마다가스카르,입항,69.0,69.0,0.0,86.0,86.0,0.0,2020_2021 12월.xlsx
2020,2,마샬 제도,입항,295.0,19.0,276.0,658.0,25.0,633.0,2020_2021 12월.xlsx
2020,2,말레이시아,입항,7678.25,4799.25,2879.0,15112.25,10280.25,4832.0,2020_2021 12월.xlsx
2020,2,멕시코,입항,5541.0,2646.0,2895.0,13358.0,5474.0,7884.0,2020_2021 12월.xlsx
2020,2,모로코,입항,176.0,176.0,0.0,323.0,323.0,0.0,2020_2021 12월.xlsx
2020,2,모리셔스,입항,23.0,23.0,0.0,38.0,38.0,0.0,2020_2021 12월.xlsx
2020,2,모리타니,입항,13.0,13.0,0.0,26.0,26.0,0.0,2020_2021 12월.xlsx
2020,2,모잠비크,입항,203.0,203.0,0.0,347.0,347.0,0.0,2020_2021 12월.xlsx
2020,2,몬테네그로,입항,104.0,104.0,0.0,146.0,146.0,0.0,2020_2021 12월.xlsx
2020,2,몰타,입항,36.0,36.0,0.0,54.0,54.0,0.0,2020_2021 12월.xlsx
2020,2,미국,입항,73042.75,43548.75,29494.0,129669.0,83516.25,46152.75,2020_2021 12월.xlsx
2020,2,미얀마,입항,675.0,596.0,79.0,1097.0,1006.0,91.0,2020_2021 12월.xlsx
2020,2,미크로네시아,입항,63.0,5.0,58.0,68.0,5.0,63.0,2020_2021 12월.xlsx
2020,2,바누아투,입항,72.0,1.0,71.0,118.0,1.0,117.0,2020_2021 12월.xlsx
2020,2,바레인,입항,85.0,85.0,0.0,114.0,114.0,0.0,2020_2021 12월.xlsx
2020,2,바하마,입항,2.0,2.0,0.0,2.0,2.0,0.0,2020_2021 12월.xlsx
2020,2,방글라데시,입항,721.0,608.0,113.0,1389.0,1145.0,244.0,2020_2021 12월.xlsx
2020,2,베네수엘라,입항,26.0,26.0,0.0,145.0,145.0,0.0,2020_2021 12월.xlsx
2020,2,베트남,입항,12072.0,9574.0,2498.0,25898.0,22065.0,3833.0,2020_2021 12월.xlsx
2020,2,벨기에,입항,3904.0,3887.0,17.0,7285.75,7220.75,65.0,2020_2021 12월.xlsx
2020,2,북마리아나 제도,입항,514.0,18.0,496.0,869.5,25.0,844.5,2020_2021 12월.xlsx
2020,2,불가리아,입항,49.0,49.0,0.0,120.0,120.0,0.0,2020_2021 12월.xlsx
2020,2,브라질,입항,3098.0,2348.0,750.0,5665.0,4625.0,1040.0,2020_2021 12월.xlsx
2020,2,브루나이,입항,,,,34.0,34.0,0.0,2020_2021 12월.xlsx
2020,2,사모아,입항,289.0,4.0,285.0,299.0,6.0,293.0,2020_2021 12월.xlsx
2020,2,사우디아라비아,입항,1873.75,683.0,1190.75,3427.75,1202.0,2225.75,2020_2021 12월.xlsx
2020,2,세네갈,입항,41.0,41.0,0.0,101.0,101.0,0.0,2020_2021 12월.xlsx
2020,2,세이셸,입항,2.0,2.0,0.0,9.0,9.0,0.0,2020_2021 12월.xlsx
2020,2,소말리아,입항,,,,1.0,1.0,0.0,2020_2021 12월.xlsx
2020,2,솔로몬제도,입항,1.0,1.0,0.0,1.0,1.0,0.0,2020_2021 12월.xlsx
2020,2,수단,입항,14.0,14.0,0.0,67.0,67.0,0.0,2020_2021 12월.xlsx
2020,2,수리남,입항,14.0,14.0,0.0,170.0,170.0,0.0,2020_2021 12월.xlsx
2020,2,스리랑카,입항,280.0,249.0,31.0,599.0,568.0,31.0,2020_2021 12월.xlsx
2020,2,스웨덴,입항,952.0,952.0,0.0,2114.0,2108.0,6.0,2020_2021 12월.xlsx
2020,2,스페인,입항,2985.0,2299.0,686.0,5740.75,4943.75,797.0,2020_2021 12월.xlsx
2020,2,슬로베니아,입항,908.75,897.75,11.0,2072.25,2060.25,12.0,2020_2021 12월.xlsx
2020,2,시에라 리온,입항,30.0,30.0,0.0,52.0,52.0,0.0,2020_2021 12월.xlsx
2020,2,싱가포르,입항,3865.25,2968.0,897.25,7604.75,5841.0,1763.75,2020_2021 12월.xlsx
2020,2,아랍에미리트연합국,입항,7530.0,1513.0,6017.0,10951.0,2874.5,8076.5,2020_2021 12월.xlsx
2020,2,아르헨티나,입항,908.0,290.0,618.0,1103.0,449.0,654.0,2020_2021 12월.xlsx
2020,2,아메리칸사모아,입항,457.0,9.0,448.0,474.0,20.0,454.0,2020_2021 12월.xlsx
2020,2,아이슬란드,입항,21.0,21.0,0.0,21.0,21.0,0.0,2020_2021 12월.xlsx
2020,2,아이티,입항,1.0,1.0,0.0,3.0,3.0,0.0,2020_2021 12월.xlsx
2020,2,아일랜드,입항,192.0,167.0,25.0,325.0,287.0,38.0,2020_2021 12월.xlsx
2020,2,알바니아,입항,2.0,2.0,0.0,2.0,2.0,0.0,2020_2021 12월.xlsx
2020,2,알제리,입항,2.0,0.0,2.0,15.0,0.0,15.0,2020_2021 12월.xlsx
2020,2,앙골라,입항,25.0,18.0,7.0,25.0,18.0,7.0,2020_2021 12월.xlsx
2020,2,앤틸리스제도,입항,3.0,3.0,0.0,3.0,3.0,0.0,2020_2021 12월.xlsx
2020,2,에스토니아,입항,655.0,655.0,0.0,1052.0,1052.0,0.0,2020_2021 12월.xlsx
2020,2,에콰도르,입항,560.0,238.0,322.0,884.0,514.0,370.0,2020_2021 12월.xlsx
2020,2,엘살바도르,입항,45.0,45.0,0.0,116.0,114.0,2.0,2020_2021 12월.xlsx
2020,2,영국,입항,2100.25,1710.25,390.0,3665.25,3213.25,452.0,2020_2021 12월.xlsx
2020,2,예멘,입항,127.0,127.0,0.0,201.0,201.0,0.0,2020_2021 12월.xlsx
2020,2,오만,입항,65.0,60.0,5.0,2977.0,135.0,2842.0,2020_2021 12월.xlsx
2020,2,온두라스,입항,79.0,79.0,0.0,124.0,124.0,0.0,2020_2021 12월.xlsx
2020,2,요르단,입항,225.0,183.0,42.0,607.0,288.0,319.0,2020_2021 12월.xlsx
2020,2,우루과이,입항,126.0,80.0,46.0,222.0,170.0,52.0,2020_2021 12월.xlsx
2020,2,우크라이나,입항,620.0,366.0,254.0,873.0,619.0,254.0,2020_2021 12월.xlsx
2020,2,이란,입항,71.0,1.0,70.0,86.0,16.0,70.0,2020_2021 12월.xlsx
2020,2,이스라엘,입항,592.0,348.0,244.0,1191.0,711.0,480.0,2020_2021 12월.xlsx
2020,2,이집트,입항,802.0,272.0,530.0,3441.0,838.0,2603.0,2020_2021 12월.xlsx
2020,2,이탈리아,입항,2644.0,2582.0,62.0,7303.5,7224.5,79.0,2020_2021 12월.xlsx
2020,2,인도,입항,11105.5,6010.0,5095.5,24329.5,12484.0,11845.5,2020_2021 12월.xlsx
2020,2,인도네시아,입항,7465.0,5505.0,1960.0,13979.5,10078.0,3901.5,2020_2021 12월.xlsx
2020,2,일본,입항,82092.25,21917.5,60174.75,149524.25,37541.5,111982.75,2020_2021 12월.xlsx
2020,2,자메이카,입항,1809.0,25.0,1784.0,4233.0,44.0,4189.0,2020_2021 12월.xlsx
2020,2,조지아,입항,20.0,20.0,0.0,37.0,37.0,0.0,2020_2021 12월.xlsx
2020,2,중국,입항,59438.75,35906.75,23532.0,152173.5,113732.25,38441.25,2020_2021 12월.xlsx
2020,2,지부티,입항,39.0,39.0,0.0,87.0,87.0,0.0,2020_2021 12월.xlsx
2020,2,체코,입항,8.0,8.0,0.0,24.0,24.0,0.0,2020_2021 12월.xlsx
2020,2,칠레,입항,4949.0,4886.0,63.0,10758.0,9034.0,1724.0,2020_2021 12월.xlsx
2020,2,카메룬,입항,3.0,3.0,0.0,7.0,7.0,0.0,2020_2021 12월.xlsx
2020,2,카타르,입항,369.0,268.0,101.0,861.0,760.0,101.0,2020_2021 12월.xlsx
2020,2,캄보디아,입항,197.0,197.0,0.0,390.0,388.0,2.0,2020_2021 12월.xlsx
2020,2,캐나다,입항,6625.25,3899.5,2725.75,12135.5,8467.75,3667.75,2020_2021 12월.xlsx
2020,2,케냐,입항,15.0,15.0,0.0,49.0,49.0,0.0,2020_2021 12월.xlsx
2020,2,코스타리카,입항,119.0,119.0,0.0,337.0,335.0,2.0,2020_2021 12월.xlsx
2020,2,코트디부아르,입항,5.0,5.0,0.0,9.0,9.0,0.0,2020_2021 12월.xlsx
2020,2,콜롬비아,입항,2946.0,284.0,2662.0,3507.0,730.0,2777.0,2020_2021 12월.xlsx
2020,2,콩고,입항,100.0,4.0,96.0,101.0,5.0,96.0,2020_2021 12월.xlsx
2020,2,콩고 민주 공화국,입항,2.0,2.0,0.0,4.0,4.0,0.0,2020_2021 12월.xlsx
2020,2,쿠웨이트,입항,41.0,41.0,0.0,95.0,95.0,0.0,2020_2021 12월.xlsx
2020,2,크로아티아,입항,99.0,99.0,0.0,183.0,182.0,1.0,2020_2021 12월.xlsx
2020,2,키리바시,입항,173.0,0.0,173.0,421.0,0.0,421.0,2020_2021 12월.xlsx
2020,2,키프로스,입항,8.0,8.0,0.0,23.0,23.0,0.0,2020_2021 12월.xlsx
2020,2,탄자니아,입항,303.0,303.0,0.0,437.0,437.0,0.0,2020_2021 12월.xlsx
2020,2,태국,입항,8043.0,6790.0,1253.0,13979.0,12262.0,1717.0,2020_2021 12월.xlsx
2020,2,토고,입항,67.0,67.0,0.0,187.0,187.0,0.0,2020_2021 12월.xlsx
2020,2,통가,입항,1.0,1.0,0.0,455.0,12.0,443.0,2020_2021 12월.xlsx
2020,2,튀니지,입항,84.0,84.0,0.0,137.0,137.0,0.0,2020_2021 12월.xlsx
2020,2,튀르키예,입항,2483.25,1502.25,981.0,4824.5,3049.5,1775.0,2020_2021 12월.xlsx
2020,2,트리니다드 토바고,입항,104.0,104.0,0.0,182.0,182.0,0.0,2020_2021 12월.xlsx
2020,2,파나마,입항,6031.0,93.0,5938.0,9863.0,183.0,9680.0,2020_2021 12월.xlsx
2020,2,파라과이,입항,35.0,35.0,0.0,40.0,40.0,0.0,2020_2021 12월.xlsx
2020,2,파키스탄,입항,1688.75,494.0,1194.75,2845.5,1011.0,1834.5,2020_2021 12월.xlsx
2020,2,파푸아 뉴기니,입항,23.0,23.0,0.0,62.0,62.0,0.0,2020_2021 12월.xlsx
2020,2,팔라우,입항,18.0,5.0,13.0,20.0,7.0,13.0,2020_2021 12월.xlsx
2020,2,페루,입항,3751.0,2099.0,1652.0,5433.0,3679.0,1754.0,2020_2021 12월.xlsx
2020,2,포르투갈,입항,264.0,264.0,0.0,532.0,532.0,0.0,2020_2021 12월.xlsx
2020,2,폴란드,입항,784.0,784.0,0.0,1753.25,1699.25,54.0,2020_2021 12월.xlsx
2020,2,푸에르토리코,입항,91.0,91.0,0.0,343.0,343.0,0.0,2020_2021 12월.xlsx
2020,2,프랑스,입항,1671.25,1652.25,19.0,4003.25,3974.25,29.0,2020_2021 12월.xlsx
2020,2,프랑스령 기아나,입항,,,,2.0,2.0,0.0,2020_2021 12월.xlsx
2020,2,프랑스령 폴리네시아,입항,139.0,6.0,133.0,307.0,6.0,301.0,2020_2021 12월.xlsx
2020,2,피지,입항,67.0,11.0,56.0,154.0,43.0,111.0,2020_2021 12월.xlsx
2020,2,핀란드,입항,968.0,968.0,0.0,1602.0,1602.0,0.0,2020_2021 12월.xlsx
2020,2,필리핀,입항,6174.0,2062.0,4112.0,11358.0,3563.0,7795.0,2020_2021 12월.xlsx
2020,2,헝가리,입항,21.0,21.0,0.0,38.0,38.0,0.0,2020_2021 12월.xlsx
2020,2,호주,입항,10105.0,3953.0,6152.0,22951.0,9285.0,13666.0,2020_2021 12월.xlsx
2020,2,홍콩,입항,2320.0,997.0,1323.0,5665.0,3765.0,1900.0,2020_2021 12월.xlsx
2020,2,가나,입항환적,19.0,19.0,0.0,64.0,64.0,0.0,2020_2021 12월.xlsx
2020,2,가봉,입항환적,42.0,42.0,0.0,46.0,46.0,0.0,2020_2021 12월.xlsx
2020,2,가이아나,입항환적,138.0,138.0,0.0,501.0,501.0,0.0,2020_2021 12월.xlsx
2020,2,감비아,입항환적,,,,10.0,10.0,0.0,2020_2021 12월.xlsx
2020,2,과들루프,입항환적,14.0,14.0,0.0,14.0,14.0,0.0,2020_2021 12월.xlsx
2020,2,과테말라,입항환적,301.0,301.0,0.0,692.0,692.0,0.0,2020_2021 12월.xlsx
2020,2,괌,입항환적,277.5,205.5,72.0,462.0,330.0,132.0,2020_2021 12월.xlsx
2020,2,그리스,입항환적,216.0,100.0,116.0,488.0,360.0,128.0,2020_2021 12월.xlsx
2020,2,기니비사우,입항환적,,,,2.0,2.0,0.0,2020_2021 12월.xlsx
2020,2,나미비아,입항환적,3.0,3.0,0.0,3.0,3.0,0.0,2020_2021 12월.xlsx
2020,2,나이지리아,입항환적,52.0,20.0,32.0,68.0,36.0,32.0,2020_2021 12월.xlsx
2020,2,남아프리카,입항환적,649.0,649.0,0.0,955.0,955.0,0.0,2020_2021 12월.xlsx
2020,2,네덜란드,입항환적,2371.0,2357.0,14.0,4060.0,4045.0,15.0,2020_2021 12월.xlsx
2020,2,노르웨이,입항환적,204.0,204.0,0.0,425.0,425.0,0.0,2020_2021 12월.xlsx
2020,2,뉴질랜드,입항환적,2311.0,1940.0,371.0,4724.0,3323.0,1401.0,2020_2021 12월.xlsx
2020,2,뉴칼레도니아,입항환적,159.0,158.0,1.0,623.0,622.0,1.0,2020_2021 12월.xlsx
2020,2,니카라과,입항환적,253.0,253.0,0.0,481.0,481.0,0.0,2020_2021 12월.xlsx
2020,2,대만,입항환적,5836.75,5696.75,140.0,12554.25,12411.25,143.0,2020_2021 12월.xlsx
2020,2,대한민국,입항환적,9540.0,8722.0,818.0,16352.0,15467.0,885.0,2020_2021 12월.xlsx
2020,2,덴마크,입항환적,686.0,686.0,0.0,874.0,874.0,0.0,2020_2021 12월.xlsx
2020,2,도미니카 공화국,입항환적,16.0,16.0,0.0,63.0,63.0,0.0,2020_2021 12월.xlsx
2020,2,독일,입항환적,2821.0,2618.0,203.0,4929.0,4585.0,344.0,2020_2021 12월.xlsx
2020,2,라트비아,입항환적,403.0,403.0,0.0,667.0,667.0,0.0,2020_2021 12월.xlsx
2020,2,러시아,입항환적,14554.0,13926.0,628.0,26356.0,25146.0,1210.0,2020_2021 12월.xlsx
2020,2,레바논,입항환적,8.0,8.0,0.0,17.0,17.0,0.0,2020_2021 12월.xlsx
2020,2,레위니옹,입항환적,6.0,6.0,0.0,6.0,6.0,0.0,2020_2021 12월.xlsx
2020,2,루마니아,입항환적,290.0,290.0,0.0,899.0,899.0,0.0,2020_2021 12월.xlsx
2020,2,리투아니아,입항환적,78.0,78.0,0.0,129.0,129.0,0.0,2020_2021 12월.xlsx
2020,2,마다가스카르,입항환적,12.0,12.0,0.0,14.0,14.0,0.0,2020_2021 12월.xlsx
2020,2,마르티니크,입항환적,18.0,18.0,0.0,18.0,18.0,0.0,2020_2021 12월.xlsx
2020,2,마샬 제도,입항환적,70.0,66.0,4.0,93.0,89.0,4.0,2020_2021 12월.xlsx
2020,2,말레이시아,입항환적,8459.0,8459.0,0.0,15016.25,14862.25,154.0,2020_2021 12월.xlsx
2020,2,멕시코,입항환적,5283.0,3616.0,1667.0,9384.0,7527.0,1857.0,2020_2021 12월.xlsx
2020,2,모로코,입항환적,218.0,218.0,0.0,240.0,240.0,0.0,2020_2021 12월.xlsx
2020,2,모리셔스,입항환적,149.0,149.0,0.0,173.0,173.0,0.0,2020_2021 12월.xlsx
2020,2,모리타니,입항환적,303.0,303.0,0.0,305.0,305.0,0.0,2020_2021 12월.xlsx
2020,2,모잠비크,입항환적,6.0,6.0,0.0,40.0,40.0,0.0,2020_2021 12월.xlsx
2020,2,몬테네그로,입항환적,5.0,5.0,0.0,7.0,7.0,0.0,2020_2021 12월.xlsx
2020,2,몰타,입항환적,84.0,84.0,0.0,102.0,102.0,0.0,2020_2021 12월.xlsx
2020,2,미국,입항환적,71590.5,54139.75,17450.75,129066.75,94099.0,34967.75,2020_2021 12월.xlsx
2020,2,미얀마,입항환적,251.0,251.0,0.0,531.0,531.0,0.0,2020_2021 12월.xlsx
2020,2,미크로네시아,입항환적,10.0,10.0,0.0,29.0,27.0,2.0,2020_2021 12월.xlsx
2020,2,바누아투,입항환적,51.0,1.0,50.0,68.0,14.0,54.0,2020_2021 12월.xlsx
2020,2,바레인,입항환적,72.0,72.0,0.0,82.0,82.0,0.0,2020_2021 12월.xlsx
2020,2,바베이도스,입항환적,4.0,4.0,0.0,4.0,4.0,0.0,2020_2021 12월.xlsx
2020,2,바하마,입항환적,1.0,0.0,1.0,1.0,0.0,1.0,2020_2021 12월.xlsx
2020,2,방글라데시,입항환적,611.25,611.25,0.0,1207.0,1207.0,0.0,2020_2021 12월.xlsx
2020,2,베네수엘라,입항환적,55.0,55.0,0.0,68.0,68.0,0.0,2020_2021 12월.xlsx
2020,2,베트남,입항환적,10509.5,10436.5,73.0,21043.25,20913.25,130.0,2020_2021 12월.xlsx
2020,2,벨기에,입항환적,1158.0,1158.0,0.0,1874.0,1873.0,1.0,2020_2021 12월.xlsx
2020,2,벨리즈,입항환적,4.0,4.0,0.0,9.0,9.0,0.0,2020_2021 12월.xlsx
2020,2,북마리아나 제도,입항환적,44.0,0.0,44.0,78.0,0.0,78.0,2020_2021 12월.xlsx
2020,2,불가리아,입항환적,81.0,81.0,0.0,305.0,305.0,0.0,2020_2021 12월.xlsx
2020,2,브라질,입항환적,5799.0,5286.0,513.0,9598.0,8954.0,644.0,2020_2021 12월.xlsx
2020,2,사모아,입항환적,29.0,22.0,7.0,62.0,33.0,29.0,2020_2021 12월.xlsx
2020,2,사우디아라비아,입항환적,1619.0,1615.0,4.0,3342.0,3151.0,191.0,2020_2021 12월.xlsx
2020,2,세네갈,입항환적,98.0,98.0,0.0,156.0,156.0,0.0,2020_2021 12월.xlsx
2020,2,세이셸,입항환적,4.0,4.0,0.0,41.0,41.0,0.0,2020_2021 12월.xlsx
2020,2,솔로몬제도,입항환적,16.0,16.0,0.0,16.0,16.0,0.0,2020_2021 12월.xlsx
2020,2,수단,입항환적,722.0,722.0,0.0,1495.0,1495.0,0.0,2020_2021 12월.xlsx
2020,2,수리남,입항환적,350.0,350.0,0.0,428.0,428.0,0.0,2020_2021 12월.xlsx
2020,2,스리랑카,입항환적,399.0,399.0,0.0,577.0,577.0,0.0,2020_2021 12월.xlsx
2020,2,스웨덴,입항환적,881.0,881.0,0.0,1981.0,1981.0,0.0,2020_2021 12월.xlsx
2020,2,스페인,입항환적,1522.0,1462.0,60.0,3347.0,3287.0,60.0,2020_2021 12월.xlsx
2020,2,슬로베니아,입항환적,367.0,367.0,0.0,1051.0,1051.0,0.0,2020_2021 12월.xlsx
2020,2,시에라 리온,입항환적,14.0,14.0,0.0,16.0,16.0,0.0,2020_2021 12월.xlsx
2020,2,싱가포르,입항환적,2036.5,2022.5,14.0,3793.25,3598.25,195.0,2020_2021 12월.xlsx
2020,2,아랍에미리트연합국,입항환적,2510.25,2155.25,355.0,5222.5,4729.5,493.0,2020_2021 12월.xlsx
2020,2,아르헨티나,입항환적,835.0,825.0,10.0,1566.0,1471.0,95.0,2020_2021 12월.xlsx
2020,2,아메리칸사모아,입항환적,19.0,1.0,18.0,29.0,1.0,28.0,2020_2021 12월.xlsx
2020,2,아이슬란드,입항환적,23.0,23.0,0.0,50.0,50.0,0.0,2020_2021 12월.xlsx
2020,2,아이티,입항환적,3.0,3.0,0.0,11.0,11.0,0.0,2020_2021 12월.xlsx
2020,2,아일랜드,입항환적,146.0,146.0,0.0,235.0,235.0,0.0,2020_2021 12월.xlsx
2020,2,알바니아,입항환적,5.0,5.0,0.0,94.0,94.0,0.0,2020_2021 12월.xlsx
2020,2,에스토니아,입항환적,69.0,69.0,0.0,81.0,81.0,0.0,2020_2021 12월.xlsx
2020,2,에콰도르,입항환적,3870.0,3870.0,0.0,8807.0,8807.0,0.0,2020_2021 12월.xlsx
2020,2,엘살바도르,입항환적,74.0,74.0,0.0,89.0,89.0,0.0,2020_2021 12월.xlsx
2020,2,영국,입항환적,752.5,752.5,0.0,1134.5,1134.5,0.0,2020_2021 12월.xlsx
2020,2,오만,입항환적,1161.0,1161.0,0.0,1655.0,1655.0,0.0,2020_2021 12월.xlsx
2020,2,온두라스,입항환적,33.0,33.0,0.0,84.0,84.0,0.0,2020_2021 12월.xlsx
2020,2,요르단,입항환적,138.0,4.0,134.0,175.0,11.0,164.0,2020_2021 12월.xlsx
2020,2,우루과이,입항환적,354.0,354.0,0.0,743.0,725.0,18.0,2020_2021 12월.xlsx
2020,2,우크라이나,입항환적,686.0,686.0,0.0,1341.0,1341.0,0.0,2020_2021 12월.xlsx
2020,2,원양어획지역,입항환적,62.0,62.0,0.0,77.0,77.0,0.0,2020_2021 12월.xlsx
2020,2,이라크,입항환적,6.0,6.0,0.0,6.0,6.0,0.0,2020_2021 12월.xlsx
2020,2,이스라엘,입항환적,142.0,142.0,0.0,933.0,233.0,700.0,2020_2021 12월.xlsx
2020,2,이집트,입항환적,1021.0,632.0,389.0,1351.0,840.0,511.0,2020_2021 12월.xlsx
2020,2,이탈리아,입항환적,1467.25,1467.25,0.0,3723.25,3703.25,20.0,2020_2021 12월.xlsx
2020,2,인도,입항환적,6270.25,6256.25,14.0,10942.25,10917.25,25.0,2020_2021 12월.xlsx
2020,2,인도네시아,입항환적,13328.5,13308.5,20.0,22457.0,22437.0,20.0,2020_2021 12월.xlsx
2020,2,일본,입항환적,72984.25,61317.0,11667.25,127406.75,103275.0,24131.75,2020_2021 12월.xlsx
2020,2,자메이카,입항환적,20.0,20.0,0.0,20.0,20.0,0.0,2020_2021 12월.xlsx
2020,2,적도 기니,입항환적,,,,24.0,24.0,0.0,2020_2021 12월.xlsx
2020,2,조지아,입항환적,68.0,68.0,0.0,271.0,271.0,0.0,2020_2021 12월.xlsx
2020,2,중국,입항환적,91168.0,85031.0,6137.0,353106.0,334963.75,18142.25,2020_2021 12월.xlsx
2020,2,지부티,입항환적,25.0,25.0,0.0,25.0,25.0,0.0,2020_2021 12월.xlsx
2020,2,칠레,입항환적,6311.0,6297.0,14.0,12789.0,12772.0,17.0,2020_2021 12월.xlsx
2020,2,카메룬,입항환적,1.0,1.0,0.0,3.0,3.0,0.0,2020_2021 12월.xlsx
2020,2,카보 베르데,입항환적,4.0,4.0,0.0,6.0,6.0,0.0,2020_2021 12월.xlsx
2020,2,카타르,입항환적,182.0,182.0,0.0,313.0,313.0,0.0,2020_2021 12월.xlsx
2020,2,캄보디아,입항환적,786.0,786.0,0.0,1354.25,1354.25,0.0,2020_2021 12월.xlsx
2020,2,캐나다,입항환적,18079.25,14745.5,3333.75,28244.75,24024.75,4220.0,2020_2021 12월.xlsx
2020,2,케냐,입항환적,76.0,76.0,0.0,111.0,111.0,0.0,2020_2021 12월.xlsx
2020,2,코스타리카,입항환적,298.0,298.0,0.0,561.0,561.0,0.0,2020_2021 12월.xlsx
2020,2,코트디부아르,입항환적,42.0,42.0,0.0,47.0,47.0,0.0,2020_2021 12월.xlsx
2020,2,콜롬비아,입항환적,1020.75,200.0,820.75,2392.75,869.0,1523.75,2020_2021 12월.xlsx
2020,2,쿠바,입항환적,70.0,70.0,0.0,130.0,130.0,0.0,2020_2021 12월.xlsx
2020,2,쿠웨이트,입항환적,133.0,133.0,0.0,192.0,192.0,0.0,2020_2021 12월.xlsx
2020,2,크로아티아,입항환적,66.0,66.0,0.0,153.0,153.0,0.0,2020_2021 12월.xlsx
2020,2,키리바시,입항환적,4.0,0.0,4.0,7.0,0.0,7.0,2020_2021 12월.xlsx
2020,2,키프로스,입항환적,21.0,21.0,0.0,39.0,39.0,0.0,2020_2021 12월.xlsx
2020,2,탄자니아,입항환적,3.0,3.0,0.0,11.0,11.0,0.0,2020_2021 12월.xlsx
2020,2,태국,입항환적,10840.25,10661.25,179.0,20010.25,19729.25,281.0,2020_2021 12월.xlsx
2020,2,통가,입항환적,2.0,2.0,0.0,11.0,11.0,0.0,2020_2021 12월.xlsx
2020,2,튀니지,입항환적,4.0,4.0,0.0,7.0,7.0,0.0,2020_2021 12월.xlsx
2020,2,튀르키예,입항환적,3917.0,2280.0,1637.0,6225.0,4545.0,1680.0,2020_2021 12월.xlsx
2020,2,트리니다드 토바고,입항환적,6.0,6.0,0.0,42.0,42.0,0.0,2020_2021 12월.xlsx
2020,2,파나마,입항환적,2426.5,1645.0,781.5,7521.0,3713.0,3808.0,2020_2021 12월.xlsx
2020,2,파라과이,입항환적,48.0,48.0,0.0,132.0,132.0,0.0,2020_2021 12월.xlsx
2020,2,파키스탄,입항환적,1626.25,1566.25,60.0,2681.75,2621.75,60.0,2020_2021 12월.xlsx
2020,2,파푸아 뉴기니,입항환적,16.0,16.0,0.0,22.0,22.0,0.0,2020_2021 12월.xlsx
2020,2,페루,입항환적,2878.0,2592.0,286.0,5453.0,5167.0,286.0,2020_2021 12월.xlsx
2020,2,포르투갈,입항환적,476.0,476.0,0.0,646.0,646.0,0.0,2020_2021 12월.xlsx
2020,2,폴란드,입항환적,87.0,87.0,0.0,355.0,355.0,0.0,2020_2021 12월.xlsx
2020,2,푸에르토리코,입항환적,113.0,113.0,0.0,454.0,454.0,0.0,2020_2021 12월.xlsx
2020,2,프랑스,입항환적,1278.0,1278.0,0.0,2327.0,2327.0,0.0,2020_2021 12월.xlsx
2020,2,프랑스령 폴리네시아,입항환적,6.0,0.0,6.0,22.0,4.0,18.0,2020_2021 12월.xlsx
2020,2,피지,입항환적,36.0,36.0,0.0,47.0,47.0,0.0,2020_2021 12월.xlsx
2020,2,핀란드,입항환적,1325.0,1325.0,0.0,2095.0,2095.0,0.0,2020_2021 12월.xlsx
2020,2,필리핀,입항환적,7655.25,7067.25,588.0,13185.0,12050.0,1135.0,2020_2021 12월.xlsx
2020,2,헝가리,입항환적,2.0,2.0,0.0,2.0,2.0,0.0,2020_2021 12월.xlsx
2020,2,호주,입항환적,4573.0,4573.0,0.0,10095.0,9615.0,480.0,2020_2021 12월.xlsx
2020,2,홍콩,입항환적,2357.25,1628.25,729.0,5944.5,5090.75,853.75,2020_2021 12월.xlsx
2020,2,가나,출항,244.25,244.25,0.0,420.75,420.75,0.0,2020_2021 12월.xlsx
2020,2,가봉,출항,2.0,2.0,0.0,2.0,2.0,0.0,2020_2021 12월.xlsx
2020,2,가이아나,출항,5.0,5.0,0.0,6.0,6.0,0.0,2020_2021 12월.xlsx
2020,2,감비아,출항,,,,1.0,1.0,0.0,2020_2021 12월.xlsx
2020,2,과테말라,출항,329.0,197.0,132.0,510.0,376.0,134.0,2020_2021 12월.xlsx
2020,2,괌,출항,380.25,380.25,0.0,531.0,531.0,0.0,2020_2021 12월.xlsx
2020,2,그레나다,출항,4.0,4.0,0.0,5.0,5.0,0.0,2020_2021 12월.xlsx
2020,2,그리스,출항,869.0,869.0,0.0,1998.0,1998.0,0.0,2020_2021 12월.xlsx
2020,2,기니,출항,13.0,13.0,0.0,20.0,20.0,0.0,2020_2021 12월.xlsx
2020,2,나미비아,출항,1.0,1.0,0.0,7.0,7.0,0.0,2020_2021 12월.xlsx
2020,2,나이지리아,출항,233.0,233.0,0.0,506.0,506.0,0.0,2020_2021 12월.xlsx
2020,2,남아프리카,출항,521.0,521.0,0.0,1015.0,1015.0,0.0,2020_2021 12월.xlsx
2020,2,네덜란드,출항,6007.0,5990.0,17.0,11233.25,11203.25,30.0,2020_2021 12월.xlsx
2020,2,노르웨이,출항,8.0,8.0,0.0,81.0,81.0,0.0,2020_2021 12월.xlsx
2020,2,뉴질랜드,출항,1422.0,1111.0,311.0,2591.0,2274.0,317.0,2020_2021 12월.xlsx
2020,2,뉴칼레도니아,출항,10.0,10.0,0.0,29.0,29.0,0.0,2020_2021 12월.xlsx
2020,2,니카라과,출항,75.0,75.0,0.0,152.0,152.0,0.0,2020_2021 12월.xlsx
2020,2,대만,출항,10965.0,10563.0,402.0,20662.75,19824.75,838.0,2020_2021 12월.xlsx
2020,2,대한민국,출항,7074.0,24.0,7050.0,15691.0,240.0,15451.0,2020_2021 12월.xlsx
2020,2,덴마크,출항,136.0,136.0,0.0,347.0,347.0,0.0,2020_2021 12월.xlsx
2020,2,도미니카 공화국,출항,297.0,257.0,40.0,455.0,415.0,40.0,2020_2021 12월.xlsx
2020,2,독일,출항,9382.0,9250.0,132.0,17943.0,17788.0,155.0,2020_2021 12월.xlsx
2020,2,라이베리아,출항,4.0,4.0,0.0,6.0,6.0,0.0,2020_2021 12월.xlsx
2020,2,라트비아,출항,22.0,22.0,0.0,77.25,77.25,0.0,2020_2021 12월.xlsx
2020,2,러시아,출항,12060.75,11958.75,102.0,22100.0,21998.0,102.0,2020_2021 12월.xlsx
2020,2,레바논,출항,118.0,118.0,0.0,152.0,152.0,0.0,2020_2021 12월.xlsx
2020,2,레위니옹,출항,20.0,20.0,0.0,26.0,26.0,0.0,2020_2021 12월.xlsx
2020,2,루마니아,출항,315.0,315.0,0.0,534.0,534.0,0.0,2020_2021 12월.xlsx
2020,2,리비아,출항,237.0,237.0,0.0,363.0,363.0,0.0,2020_2021 12월.xlsx
2020,2,리투아니아,출항,416.0,416.0,0.0,553.0,553.0,0.0,2020_2021 12월.xlsx
2020,2,마다가스카르,출항,10.0,10.0,0.0,25.0,25.0,0.0,2020_2021 12월.xlsx
2020,2,마르티니크,출항,1.0,1.0,0.0,6.0,6.0,0.0,2020_2021 12월.xlsx
2020,2,마샬 제도,출항,75.0,5.0,70.0,143.0,22.0,121.0,2020_2021 12월.xlsx
2020,2,마요트,출항,,,,21.0,21.0,0.0,2020_2021 12월.xlsx
2020,2,말레이시아,출항,9166.0,9144.0,22.0,17343.5,17311.5,32.0,2020_2021 12월.xlsx
2020,2,멕시코,출항,14277.75,13559.75,718.0,26625.75,25559.75,1066.0,2020_2021 12월.xlsx
2020,2,모로코,출항,160.0,160.0,0.0,486.0,486.0,0.0,2020_2021 12월.xlsx
2020,2,모리셔스,출항,2.0,2.0,0.0,13.0,13.0,0.0,2020_2021 12월.xlsx
2020,2,모리타니,출항,32.0,32.0,0.0,42.0,42.0,0.0,2020_2021 12월.xlsx
2020,2,모잠비크,출항,125.0,125.0,0.0,312.0,312.0,0.0,2020_2021 12월.xlsx
2020,2,몬테네그로,출항,3.0,3.0,0.0,6.0,6.0,0.0,2020_2021 12월.xlsx
2020,2,몰디브,출항,,,,2.0,2.0,0.0,2020_2021 12월.xlsx
2020,2,몰타,출항,24.0,14.0,10.0,55.0,45.0,10.0,2020_2021 12월.xlsx
2020,2,미국,출항,73452.5,71228.5,2224.0,130293.75,124658.75,5635.0,2020_2021 12월.xlsx
2020,2,미얀마,출항,175.0,175.0,0.0,362.25,362.25,0.0,2020_2021 12월.xlsx
2020,2,미크로네시아,출항,16.0,14.0,2.0,32.0,30.0,2.0,2020_2021 12월.xlsx
2020,2,바누아투,출항,20.0,20.0,0.0,40.0,36.0,4.0,2020_2021 12월.xlsx
2020,2,바레인,출항,18.0,18.0,0.0,78.0,78.0,0.0,2020_2021 12월.xlsx
2020,2,바하마,출항,505.0,10.0,495.0,1031.0,19.0,1012.0,2020_2021 12월.xlsx
2020,2,방글라데시,출항,33.0,33.0,0.0,75.0,75.0,0.0,2020_2021 12월.xlsx
2020,2,베냉,출항,2.0,2.0,0.0,12.0,12.0,0.0,2020_2021 12월.xlsx
2020,2,베네수엘라,출항,13.0,13.0,0.0,24.0,24.0,0.0,2020_2021 12월.xlsx
2020,2,베트남,출항,21768.0,19524.0,2244.0,39127.5,35227.5,3900.0,2020_2021 12월.xlsx
2020,2,벨기에,출항,2973.5,2917.5,56.0,4523.75,4458.75,65.0,2020_2021 12월.xlsx
2020,2,벨리즈,출항,1.0,1.0,0.0,4.0,4.0,0.0,2020_2021 12월.xlsx
2020,2,북마리아나 제도,출항,74.0,74.0,0.0,146.0,146.0,0.0,2020_2021 12월.xlsx
2020,2,불가리아,출항,51.0,51.0,0.0,113.0,113.0,0.0,2020_2021 12월.xlsx
2020,2,브라질,출항,5032.0,5032.0,0.0,9218.0,9218.0,0.0,2020_2021 12월.xlsx
2020,2,사모아,출항,4.0,4.0,0.0,12.0,12.0,0.0,2020_2021 12월.xlsx
2020,2,사우디아라비아,출항,4504.75,4498.75,6.0,7448.25,7442.25,6.0,2020_2021 12월.xlsx
2020,2,세네갈,출항,38.0,38.0,0.0,181.0,181.0,0.0,2020_2021 12월.xlsx
2020,2,세이셸,출항,12.0,12.0,0.0,39.0,39.0,0.0,2020_2021 12월.xlsx
2020,2,소말리아,출항,33.0,33.0,0.0,55.0,55.0,0.0,2020_2021 12월.xlsx
2020,2,솔로몬제도,출항,117.0,109.0,8.0,133.0,125.0,8.0,2020_2021 12월.xlsx
2020,2,수단,출항,113.0,113.0,0.0,164.0,164.0,0.0,2020_2021 12월.xlsx
2020,2,수리남,출항,1.0,1.0,0.0,3.0,3.0,0.0,2020_2021 12월.xlsx
2020,2,스리랑카,출항,248.0,248.0,0.0,1152.0,1152.0,0.0,2020_2021 12월.xlsx
2020,2,스웨덴,출항,439.0,439.0,0.0,900.0,900.0,0.0,2020_2021 12월.xlsx
2020,2,스페인,출항,2833.0,2833.0,0.0,5464.0,5464.0,0.0,2020_2021 12월.xlsx
2020,2,슬로베니아,출항,10491.0,10471.0,20.0,17668.0,17648.0,20.0,2020_2021 12월.xlsx
2020,2,시리아,출항,123.0,123.0,0.0,288.0,288.0,0.0,2020_2021 12월.xlsx
2020,2,시에라 리온,출항,3.0,3.0,0.0,9.0,9.0,0.0,2020_2021 12월.xlsx
2020,2,싱가포르,출항,6392.0,6288.0,104.0,12147.25,11991.25,156.0,2020_2021 12월.xlsx
2020,2,아랍에미리트연합국,출항,7424.5,7396.5,28.0,13833.5,13795.5,38.0,2020_2021 12월.xlsx
2020,2,아르헨티나,출항,637.0,547.0,90.0,1119.0,1029.0,90.0,2020_2021 12월.xlsx
2020,2,아메리칸사모아,출항,52.0,52.0,0.0,96.0,96.0,0.0,2020_2021 12월.xlsx
2020,2,아이티,출항,29.0,29.0,0.0,32.0,32.0,0.0,2020_2021 12월.xlsx
2020,2,아일랜드,출항,39.0,39.0,0.0,92.0,92.0,0.0,2020_2021 12월.xlsx
2020,2,알바니아,출항,12.0,12.0,0.0,18.0,18.0,0.0,2020_2021 12월.xlsx
2020,2,알제리,출항,476.25,476.25,0.0,654.75,654.75,0.0,2020_2021 12월.xlsx
2020,2,앙골라,출항,74.0,74.0,0.0,240.0,240.0,0.0,2020_2021 12월.xlsx
2020,2,앤티가 바부다,출항,2.0,2.0,0.0,2.0,2.0,0.0,2020_2021 12월.xlsx
2020,2,앤틸리스제도,출항,5.0,5.0,0.0,7.0,7.0,0.0,2020_2021 12월.xlsx
2020,2,에스토니아,출항,41.0,41.0,0.0,75.0,75.0,0.0,2020_2021 12월.xlsx
2020,2,에콰도르,출항,5207.0,549.0,4658.0,6192.0,1188.0,5004.0,2020_2021 12월.xlsx
2020,2,엘살바도르,출항,50.0,50.0,0.0,155.0,155.0,0.0,2020_2021 12월.xlsx
2020,2,영국,출항,1840.0,1828.0,12.0,4446.0,4214.0,232.0,2020_2021 12월.xlsx
2020,2,예멘,출항,54.0,54.0,0.0,56.0,56.0,0.0,2020_2021 12월.xlsx
2020,2,오만,출항,369.0,369.0,0.0,746.0,746.0,0.0,2020_2021 12월.xlsx
2020,2,온두라스,출항,28.0,28.0,0.0,58.0,58.0,0.0,2020_2021 12월.xlsx
2020,2,요르단,출항,275.0,275.0,0.0,581.0,581.0,0.0,2020_2021 12월.xlsx
2020,2,우루과이,출항,286.0,286.0,0.0,553.0,553.0,0.0,2020_2021 12월.xlsx
2020,2,우크라이나,출항,170.0,168.0,2.0,273.25,271.25,2.0,2020_2021 12월.xlsx
2020,2,이라크,출항,341.25,341.25,0.0,788.25,788.25,0.0,2020_2021 12월.xlsx
2020,2,이란,출항,6.0,6.0,0.0,6.0,6.0,0.0,2020_2021 12월.xlsx
2020,2,이스라엘,출항,1372.25,1369.25,3.0,2302.25,2298.25,4.0,2020_2021 12월.xlsx
2020,2,이집트,출항,4347.0,4227.0,120.0,7230.25,7110.25,120.0,2020_2021 12월.xlsx
2020,2,이탈리아,출항,4591.0,4571.0,20.0,7995.0,7959.0,36.0,2020_2021 12월.xlsx
2020,2,인도,출항,15881.5,15876.5,5.0,31423.25,31353.25,70.0,2020_2021 12월.xlsx
2020,2,인도네시아,출항,7979.25,7955.25,24.0,15613.0,15151.0,462.0,2020_2021 12월.xlsx
2020,2,일본,출항,38028.0,27354.5,10673.5,73001.0,53697.5,19303.5,2020_2021 12월.xlsx
2020,2,자메이카,출항,255.0,255.0,0.0,404.0,404.0,0.0,2020_2021 12월.xlsx
2020,2,적도 기니,출항,1.0,1.0,0.0,1.0,1.0,0.0,2020_2021 12월.xlsx
2020,2,조지아,출항,56.0,56.0,0.0,62.0,62.0,0.0,2020_2021 12월.xlsx
2020,2,중국,출항,78832.5,53527.5,25305.0,167814.0,96531.25,71282.75,2020_2021 12월.xlsx
2020,2,지부티,출항,33.0,33.0,0.0,74.0,74.0,0.0,2020_2021 12월.xlsx
2020,2,칠레,출항,4615.0,1700.0,2915.0,7097.0,2839.0,4258.0,2020_2021 12월.xlsx
2020,2,카메룬,출항,33.0,33.0,0.0,76.0,76.0,0.0,2020_2021 12월.xlsx
2020,2,카타르,출항,349.0,333.0,16.0,634.0,610.0,24.0,2020_2021 12월.xlsx
2020,2,캄보디아,출항,273.0,273.0,0.0,607.0,607.0,0.0,2020_2021 12월.xlsx
2020,2,캐나다,출항,9756.5,9753.5,3.0,19268.75,19262.75,6.0,2020_2021 12월.xlsx
2020,2,케냐,출항,323.0,323.0,0.0,565.0,565.0,0.0,2020_2021 12월.xlsx
2020,2,코모로,출항,4.0,4.0,0.0,4.0,4.0,0.0,2020_2021 12월.xlsx
2020,2,코스타리카,출항,41.0,41.0,0.0,60.0,60.0,0.0,2020_2021 12월.xlsx
2020,2,코트디부아르,출항,62.0,62.0,0.0,106.0,106.0,0.0,2020_2021 12월.xlsx
2020,2,콜롬비아,출항,1385.0,989.0,396.0,2645.0,2217.0,428.0,2020_2021 12월.xlsx
2020,2,콩고,출항,46.0,46.0,0.0,65.0,65.0,0.0,2020_2021 12월.xlsx
2020,2,콩고 민주 공화국,출항,39.0,39.0,0.0,47.0,47.0,0.0,2020_2021 12월.xlsx
2020,2,쿠바,출항,2.0,2.0,0.0,8.0,8.0,0.0,2020_2021 12월.xlsx
2020,2,쿠웨이트,출항,91.0,91.0,0.0,188.0,188.0,0.0,2020_2021 12월.xlsx
2020,2,크로아티아,출항,1468.0,1468.0,0.0,1794.0,1794.0,0.0,2020_2021 12월.xlsx
2020,2,키리바시,출항,6.0,2.0,4.0,6.0,2.0,4.0,2020_2021 12월.xlsx
2020,2,키프로스,출항,9.0,9.0,0.0,11.0,11.0,0.0,2020_2021 12월.xlsx
2020,2,탄자니아,출항,246.0,246.0,0.0,470.0,470.0,0.0,2020_2021 12월.xlsx
2020,2,태국,출항,9250.75,8406.75,844.0,18003.25,15523.25,2480.0,2020_2021 12월.xlsx
2020,2,토고,출항,173.0,173.0,0.0,277.0,277.0,0.0,2020_2021 12월.xlsx
2020,2,통가,출항,,,,6.0,6.0,0.0,2020_2021 12월.xlsx
2020,2,튀니지,출항,89.0,89.0,0.0,169.0,169.0,0.0,2020_2021 12월.xlsx
2020,2,튀르키예,출항,8388.0,8388.0,0.0,14403.0,14403.0,0.0,2020_2021 12월.xlsx
2020,2,트리니다드 토바고,출항,52.0,52.0,0.0,88.0,88.0,0.0,2020_2021 12월.xlsx
2020,2,파나마,출항,3923.0,1645.0,2278.0,6882.5,2902.0,3980.5,2020_2021 12월.xlsx
2020,2,파라과이,출항,2.0,2.0,0.0,6.0,6.0,0.0,2020_2021 12월.xlsx
2020,2,파키스탄,출항,1515.25,1508.25,7.0,2439.25,2432.25,7.0,2020_2021 12월.xlsx
2020,2,파푸아 뉴기니,출항,73.0,55.0,18.0,119.0,95.0,24.0,2020_2021 12월.xlsx
2020,2,팔라우,출항,4.0,4.0,0.0,12.0,12.0,0.0,2020_2021 12월.xlsx
2020,2,페루,출항,1534.0,1238.0,296.0,2759.0,2171.0,588.0,2020_2021 12월.xlsx
2020,2,포르투갈,출항,241.0,241.0,0.0,429.0,429.0,0.0,2020_2021 12월.xlsx
2020,2,폴란드,출항,536.0,536.0,0.0,1291.0,1291.0,0.0,2020_2021 12월.xlsx
2020,2,푸에르토리코,출항,29.0,29.0,0.0,38.0,38.0,0.0,2020_2021 12월.xlsx
2020,2,프랑스,출항,1758.0,1722.0,36.0,2918.0,2872.0,46.0,2020_2021 12월.xlsx
2020,2,프랑스령 기아나,출항,1.0,1.0,0.0,3.0,3.0,0.0,2020_2021 12월.xlsx
2020,2,프랑스령 폴리네시아,출항,4.0,4.0,0.0,7.0,7.0,0.0,2020_2021 12월.xlsx
2020,2,피지,출항,38.0,38.0,0.0,83.0,76.0,7.0,2020_2021 12월.xlsx
2020,2,핀란드,출항,33.0,33.0,0.0,84.0,84.0,0.0,2020_2021 12월.xlsx
2020,2,필리핀,출항,4583.0,4563.0,20.0,8608.25,8518.25,90.0,2020_2021 12월.xlsx
2020,2,호주,출항,6212.0,5815.0,397.0,11231.0,10371.0,860.0,2020_2021 12월.xlsx
2020,2,홍콩,출항,6145.75,6093.75,52.0,11976.75,11399.75,577.0,2020_2021 12월.xlsx
2020,2,가나,출항환적,59.25,59.25,0.0,79.25,79.25,0.0,2020_2021 12월.xlsx
2020,2,가봉,출항환적,3.0,3.0,0.0,3.0,3.0,0.0,2020_2021 12월.xlsx
2020,2,가이아나,출항환적,77.0,77.0,0.0,229.0,229.0,0.0,2020_2021 12월.xlsx
2020,2,감비아,출항환적,,,,2.0,2.0,0.0,2020_2021 12월.xlsx
2020,2,과들루프,출항환적,8.0,8.0,0.0,19.0,19.0,0.0,2020_2021 12월.xlsx
2020,2,과테말라,출항환적,1114.0,1114.0,0.0,2345.5,2345.5,0.0,2020_2021 12월.xlsx
2020,2,괌,출항환적,247.0,235.0,12.0,431.0,417.0,14.0,2020_2021 12월.xlsx
2020,2,그레나다,출항환적,29.0,29.0,0.0,58.0,58.0,0.0,2020_2021 12월.xlsx
2020,2,그리스,출항환적,839.0,839.0,0.0,1997.0,1997.0,0.0,2020_2021 12월.xlsx
2020,2,기니,출항환적,5.0,5.0,0.0,7.0,7.0,0.0,2020_2021 12월.xlsx
2020,2,나미비아,출항환적,66.0,66.0,0.0,80.0,80.0,0.0,2020_2021 12월.xlsx
2020,2,나우루,출항환적,1.0,1.0,0.0,2.0,2.0,0.0,2020_2021 12월.xlsx
2020,2,나이지리아,출항환적,281.0,281.0,0.0,330.25,330.25,0.0,2020_2021 12월.xlsx
2020,2,남아프리카,출항환적,450.0,450.0,0.0,819.0,819.0,0.0,2020_2021 12월.xlsx
2020,2,네덜란드,출항환적,3373.25,3371.25,2.0,5095.25,5092.25,3.0,2020_2021 12월.xlsx
2020,2,노르웨이,출항환적,63.0,63.0,0.0,89.0,89.0,0.0,2020_2021 12월.xlsx
2020,2,뉴질랜드,출항환적,1126.0,676.0,450.0,1939.0,1489.0,450.0,2020_2021 12월.xlsx
2020,2,뉴칼레도니아,출항환적,150.0,90.0,60.0,436.0,368.0,68.0,2020_2021 12월.xlsx
2020,2,니카라과,출항환적,125.5,125.5,0.0,213.75,213.75,0.0,2020_2021 12월.xlsx
2020,2,대만,출항환적,6148.25,6148.25,0.0,13625.25,12191.25,1434.0,2020_2021 12월.xlsx
2020,2,대한민국,출항환적,16881.75,16292.75,589.0,35868.5,35279.5,589.0,2020_2021 12월.xlsx
2020,2,덴마크,출항환적,148.0,148.0,0.0,388.0,388.0,0.0,2020_2021 12월.xlsx
2020,2,도미니카 공화국,출항환적,1130.25,1130.25,0.0,2194.25,2194.25,0.0,2020_2021 12월.xlsx
2020,2,도미니카 연방,출항환적,7.0,7.0,0.0,12.0,12.0,0.0,2020_2021 12월.xlsx
2020,2,독일,출항환적,3534.75,3534.75,0.0,6572.75,6572.75,0.0,2020_2021 12월.xlsx
2020,2,동티모르,출항환적,,,,4.0,4.0,0.0,2020_2021 12월.xlsx
2020,2,라이베리아,출항환적,1.0,1.0,0.0,1.0,1.0,0.0,2020_2021 12월.xlsx
2020,2,라트비아,출항환적,70.0,70.0,0.0,118.0,118.0,0.0,2020_2021 12월.xlsx
2020,2,러시아,출항환적,13571.5,13483.5,88.0,31058.5,30966.5,92.0,2020_2021 12월.xlsx
2020,2,레바논,출항환적,137.0,137.0,0.0,255.0,255.0,0.0,2020_2021 12월.xlsx
2020,2,루마니아,출항환적,336.25,336.25,0.0,701.75,701.75,0.0,2020_2021 12월.xlsx
2020,2,리비아,출항환적,46.25,46.25,0.0,261.25,261.25,0.0,2020_2021 12월.xlsx
2020,2,리투아니아,출항환적,19.0,19.0,0.0,69.0,69.0,0.0,2020_2021 12월.xlsx
2020,2,마다가스카르,출항환적,11.0,11.0,0.0,12.0,12.0,0.0,2020_2021 12월.xlsx
2020,2,마르티니크,출항환적,2.0,2.0,0.0,8.0,8.0,0.0,2020_2021 12월.xlsx
2020,2,마샬 제도,출항환적,57.0,57.0,0.0,217.0,217.0,0.0,2020_2021 12월.xlsx
2020,2,말레이시아,출항환적,4129.5,4115.5,14.0,8549.5,8533.5,16.0,2020_2021 12월.xlsx
2020,2,멕시코,출항환적,22212.0,22196.0,16.0,46115.25,46041.25,74.0,2020_2021 12월.xlsx
2020,2,모로코,출항환적,150.0,150.0,0.0,335.0,335.0,0.0,2020_2021 12월.xlsx
2020,2,모리셔스,출항환적,10.0,10.0,0.0,12.0,12.0,0.0,2020_2021 12월.xlsx
2020,2,모리타니,출항환적,1.0,1.0,0.0,12.0,12.0,0.0,2020_2021 12월.xlsx
2020,2,모잠비크,출항환적,30.0,30.0,0.0,62.0,62.0,0.0,2020_2021 12월.xlsx
2020,2,몬테네그로,출항환적,11.0,11.0,0.0,25.0,25.0,0.0,2020_2021 12월.xlsx
2020,2,몰디브,출항환적,1.0,1.0,0.0,14.0,14.0,0.0,2020_2021 12월.xlsx
2020,2,몰타,출항환적,49.0,49.0,0.0,62.0,62.0,0.0,2020_2021 12월.xlsx
2020,2,미국,출항환적,89673.0,87543.0,2130.0,175865.75,170029.75,5836.0,2020_2021 12월.xlsx
2020,2,미얀마,출항환적,172.0,172.0,0.0,185.0,185.0,0.0,2020_2021 12월.xlsx
2020,2,미크로네시아,출항환적,47.0,47.0,0.0,202.0,202.0,0.0,2020_2021 12월.xlsx
2020,2,바누아투,출항환적,234.0,234.0,0.0,598.0,598.0,0.0,2020_2021 12월.xlsx
2020,2,바레인,출항환적,23.0,23.0,0.0,24.0,24.0,0.0,2020_2021 12월.xlsx
2020,2,바베이도스,출항환적,76.0,76.0,0.0,162.0,162.0,0.0,2020_2021 12월.xlsx
2020,2,바하마,출항환적,10188.0,34.0,10154.0,20604.0,134.0,20470.0,2020_2021 12월.xlsx
2020,2,방글라데시,출항환적,,,,69.0,69.0,0.0,2020_2021 12월.xlsx
2020,2,베냉,출항환적,2.0,2.0,0.0,2.0,2.0,0.0,2020_2021 12월.xlsx
2020,2,베네수엘라,출항환적,715.25,715.25,0.0,1797.25,1797.25,0.0,2020_2021 12월.xlsx
2020,2,베트남,출항환적,8471.0,8186.0,285.0,14236.75,13225.0,1011.75,2020_2021 12월.xlsx
2020,2,벨기에,출항환적,1036.0,1010.0,26.0,1749.0,1723.0,26.0,2020_2021 12월.xlsx
2020,2,벨리즈,출항환적,4.0,4.0,0.0,16.0,16.0,0.0,2020_2021 12월.xlsx
2020,2,북마리아나 제도,출항환적,75.0,75.0,0.0,165.0,165.0,0.0,2020_2021 12월.xlsx
2020,2,불가리아,출항환적,67.0,67.0,0.0,137.0,137.0,0.0,2020_2021 12월.xlsx
2020,2,브라질,출항환적,2257.0,2257.0,0.0,6006.0,6006.0,0.0,2020_2021 12월.xlsx
2020,2,브루나이,출항환적,1.0,1.0,0.0,1.0,1.0,0.0,2020_2021 12월.xlsx
2020,2,사모아,출항환적,136.0,136.0,0.0,377.0,377.0,0.0,2020_2021 12월.xlsx
2020,2,사우디아라비아,출항환적,1842.0,1842.0,0.0,3442.5,3442.5,0.0,2020_2021 12월.xlsx
2020,2,세네갈,출항환적,16.0,16.0,0.0,29.0,29.0,0.0,2020_2021 12월.xlsx
2020,2,세이셸,출항환적,2.0,2.0,0.0,6.0,6.0,0.0,2020_2021 12월.xlsx
2020,2,세인트 빈센트 그레나딘,출항환적,6.0,6.0,0.0,10.0,10.0,0.0,2020_2021 12월.xlsx
2020,2,세인트루시아,출항환적,18.0,18.0,0.0,38.0,38.0,0.0,2020_2021 12월.xlsx
2020,2,소말리아,출항환적,,,,4.0,4.0,0.0,2020_2021 12월.xlsx
2020,2,솔로몬제도,출항환적,81.0,81.0,0.0,284.0,284.0,0.0,2020_2021 12월.xlsx
2020,2,수단,출항환적,67.0,67.0,0.0,90.0,90.0,0.0,2020_2021 12월.xlsx
2020,2,수리남,출항환적,306.0,306.0,0.0,651.0,651.0,0.0,2020_2021 12월.xlsx
2020,2,스리랑카,출항환적,12.0,12.0,0.0,39.0,39.0,0.0,2020_2021 12월.xlsx
2020,2,스웨덴,출항환적,226.0,226.0,0.0,479.0,479.0,0.0,2020_2021 12월.xlsx
2020,2,스페인,출항환적,2230.25,1930.25,300.0,4753.25,4453.25,300.0,2020_2021 12월.xlsx
2020,2,슬로베니아,출항환적,591.25,591.25,0.0,1328.5,1328.5,0.0,2020_2021 12월.xlsx
2020,2,시리아,출항환적,170.75,170.75,0.0,474.75,474.75,0.0,2020_2021 12월.xlsx
2020,2,시에라 리온,출항환적,44.0,44.0,0.0,129.0,129.0,0.0,2020_2021 12월.xlsx
2020,2,싱가포르,출항환적,6016.5,4226.5,1790.0,10472.5,8284.5,2188.0,2020_2021 12월.xlsx
2020,2,아랍에미리트연합국,출항환적,3740.5,3740.5,0.0,7993.0,7993.0,0.0,2020_2021 12월.xlsx
2020,2,아루바,출항환적,4.0,4.0,0.0,4.0,4.0,0.0,2020_2021 12월.xlsx
2020,2,아르헨티나,출항환적,484.0,484.0,0.0,783.0,783.0,0.0,2020_2021 12월.xlsx
2020,2,아메리칸사모아,출항환적,44.0,44.0,0.0,111.0,111.0,0.0,2020_2021 12월.xlsx
2020,2,아이티,출항환적,51.0,51.0,0.0,233.0,233.0,0.0,2020_2021 12월.xlsx
2020,2,아일랜드,출항환적,132.25,132.25,0.0,175.25,175.25,0.0,2020_2021 12월.xlsx
2020,2,알바니아,출항환적,,,,6.0,6.0,0.0,2020_2021 12월.xlsx
2020,2,알제리,출항환적,256.25,256.25,0.0,493.5,493.5,0.0,2020_2021 12월.xlsx
2020,2,앙골라,출항환적,3.0,3.0,0.0,3.0,3.0,0.0,2020_2021 12월.xlsx
2020,2,앤티가 바부다,출항환적,7.0,7.0,0.0,10.0,10.0,0.0,2020_2021 12월.xlsx
2020,2,앤틸리스제도,출항환적,17.0,17.0,0.0,41.0,41.0,0.0,2020_2021 12월.xlsx
2020,2,에스토니아,출항환적,19.0,19.0,0.0,46.0,46.0,0.0,2020_2021 12월.xlsx
2020,2,에콰도르,출항환적,5785.0,2043.0,3742.0,8994.0,4928.0,4066.0,2020_2021 12월.xlsx
2020,2,엘살바도르,출항환적,277.75,277.75,0.0,818.0,818.0,0.0,2020_2021 12월.xlsx
2020,2,영국,출항환적,1254.0,1254.0,0.0,2593.0,2593.0,0.0,2020_2021 12월.xlsx
2020,2,영국령 버진아일랜드,출항환적,6.0,6.0,0.0,8.0,8.0,0.0,2020_2021 12월.xlsx
2020,2,예멘,출항환적,6.0,6.0,0.0,11.0,11.0,0.0,2020_2021 12월.xlsx
2020,2,오만,출항환적,245.5,233.5,12.0,567.25,555.25,12.0,2020_2021 12월.xlsx
2020,2,온두라스,출항환적,307.0,307.0,0.0,585.0,585.0,0.0,2020_2021 12월.xlsx
2020,2,요르단,출항환적,280.0,280.0,0.0,559.0,559.0,0.0,2020_2021 12월.xlsx
2020,2,우루과이,출항환적,62.0,62.0,0.0,128.0,128.0,0.0,2020_2021 12월.xlsx
2020,2,우크라이나,출항환적,561.25,561.25,0.0,1102.75,1102.75,0.0,2020_2021 12월.xlsx
2020,2,이라크,출항환적,45.0,45.0,0.0,127.25,127.25,0.0,2020_2021 12월.xlsx
2020,2,이스라엘,출항환적,923.25,891.25,32.0,2338.25,2293.25,45.0,2020_2021 12월.xlsx
2020,2,이집트,출항환적,2297.0,2161.0,136.0,3955.0,3791.0,164.0,2020_2021 12월.xlsx
2020,2,이탈리아,출항환적,1693.0,1623.0,70.0,3863.0,3793.0,70.0,2020_2021 12월.xlsx
2020,2,인도,출항환적,3677.0,3675.0,2.0,7282.75,7279.75,3.0,2020_2021 12월.xlsx
2020,2,인도네시아,출항환적,4713.0,4713.0,0.0,7461.0,7461.0,0.0,2020_2021 12월.xlsx
2020,2,일본,출항환적,67254.0,65504.0,1750.0,156334.0,153600.0,2734.0,2020_2021 12월.xlsx
2020,2,자메이카,출항환적,1220.25,1220.25,0.0,2104.5,2104.5,0.0,2020_2021 12월.xlsx
2020,2,적도 기니,출항환적,,,,2.0,2.0,0.0,2020_2021 12월.xlsx
2020,2,조지아,출항환적,128.0,128.0,0.0,272.0,272.0,0.0,2020_2021 12월.xlsx
2020,2,중국,출항환적,105516.75,85027.0,20489.75,196425.5,149291.5,47134.0,2020_2021 12월.xlsx
2020,2,지부티,출항환적,7.0,7.0,0.0,43.0,43.0,0.0,2020_2021 12월.xlsx
2020,2,칠레,출항환적,14656.0,12842.0,1814.0,29234.0,27186.0,2048.0,2020_2021 12월.xlsx
2020,2,카메룬,출항환적,,,,5.0,5.0,0.0,2020_2021 12월.xlsx
2020,2,카보 베르데,출항환적,1.0,1.0,0.0,1.0,1.0,0.0,2020_2021 12월.xlsx
2020,2,카타르,출항환적,239.25,239.25,0.0,549.25,549.25,0.0,2020_2021 12월.xlsx
2020,2,캄보디아,출항환적,16.75,16.75,0.0,54.75,54.75,0.0,2020_2021 12월.xlsx
2020,2,캐나다,출항환적,17894.25,17866.25,28.0,41302.75,41274.75,28.0,2020_2021 12월.xlsx
2020,2,케냐,출항환적,53.0,53.0,0.0,103.0,103.0,0.0,2020_2021 12월.xlsx
2020,2,케이맨 제도,출항환적,6.0,6.0,0.0,9.0,9.0,0.0,2020_2021 12월.xlsx
2020,2,코스타리카,출항환적,411.25,411.25,0.0,1263.25,1263.25,0.0,2020_2021 12월.xlsx
2020,2,코트디부아르,출항환적,3.0,3.0,0.0,3.0,3.0,0.0,2020_2021 12월.xlsx
2020,2,콜롬비아,출항환적,4893.5,4893.5,0.0,11277.25,11277.25,0.0,2020_2021 12월.xlsx
2020,2,콩고,출항환적,4.0,4.0,0.0,4.0,4.0,0.0,2020_2021 12월.xlsx
2020,2,쿠바,출항환적,159.0,159.0,0.0,295.0,295.0,0.0,2020_2021 12월.xlsx
2020,2,쿠웨이트,출항환적,128.0,128.0,0.0,152.0,152.0,0.0,2020_2021 12월.xlsx
2020,2,크로아티아,출항환적,144.0,144.0,0.0,366.75,366.75,0.0,2020_2021 12월.xlsx
2020,2,키리바시,출항환적,88.0,88.0,0.0,269.0,269.0,0.0,2020_2021 12월.xlsx
2020,2,키프로스,출항환적,10.0,10.0,0.0,24.0,24.0,0.0,2020_2021 12월.xlsx
2020,2,탄자니아,출항환적,24.0,24.0,0.0,26.0,26.0,0.0,2020_2021 12월.xlsx
2020,2,태국,출항환적,6920.25,6919.25,1.0,14318.0,14317.0,1.0,2020_2021 12월.xlsx
2020,2,토고,출항환적,20.0,20.0,0.0,26.0,26.0,0.0,2020_2021 12월.xlsx
2020,2,통가,출항환적,28.0,28.0,0.0,119.0,119.0,0.0,2020_2021 12월.xlsx
2020,2,튀니지,출항환적,151.5,151.5,0.0,343.0,343.0,0.0,2020_2021 12월.xlsx
2020,2,튀르키예,출항환적,1743.0,1743.0,0.0,4765.0,4765.0,0.0,2020_2021 12월.xlsx
2020,2,트리니다드 토바고,출항환적,281.25,281.25,0.0,521.25,521.25,0.0,2020_2021 12월.xlsx
2020,2,파나마,출항환적,5555.0,3867.0,1688.0,12115.5,7943.0,4172.5,2020_2021 12월.xlsx
2020,2,파라과이,출항환적,53.0,53.0,0.0,63.0,63.0,0.0,2020_2021 12월.xlsx
2020,2,파키스탄,출항환적,613.25,613.25,0.0,1122.25,1122.25,0.0,2020_2021 12월.xlsx
2020,2,파푸아 뉴기니,출항환적,653.0,653.0,0.0,1024.0,1024.0,0.0,2020_2021 12월.xlsx
2020,2,팔라우,출항환적,4.0,4.0,0.0,4.0,4.0,0.0,2020_2021 12월.xlsx
2020,2,페루,출항환적,4004.0,3886.0,118.0,9334.0,9186.0,148.0,2020_2021 12월.xlsx
2020,2,포르투갈,출항환적,47.0,47.0,0.0,72.0,72.0,0.0,2020_2021 12월.xlsx
2020,2,폴란드,출항환적,222.0,222.0,0.0,356.0,356.0,0.0,2020_2021 12월.xlsx
2020,2,푸에르토리코,출항환적,182.0,182.0,0.0,409.0,409.0,0.0,2020_2021 12월.xlsx
2020,2,프랑스,출항환적,923.25,921.25,2.0,1694.25,1692.25,2.0,2020_2021 12월.xlsx
2020,2,프랑스령 기아나,출항환적,2.0,2.0,0.0,2.0,2.0,0.0,2020_2021 12월.xlsx
2020,2,프랑스령 폴리네시아,출항환적,48.0,48.0,0.0,126.0,126.0,0.0,2020_2021 12월.xlsx
2020,2,피지,출항환적,197.0,196.0,1.0,622.0,619.0,3.0,2020_2021 12월.xlsx
2020,2,핀란드,출항환적,96.0,96.0,0.0,151.0,151.0,0.0,2020_2021 12월.xlsx
2020,2,필리핀,출항환적,5035.25,5035.25,0.0,9168.0,9168.0,0.0,2020_2021 12월.xlsx
2020,2,호주,출항환적,2306.25,2171.25,135.0,4114.25,3879.25,235.0,2020_2021 12월.xlsx
2020,2,홍콩,출항환적,4872.25,4872.25,0.0,7057.5,6891.5,166.0,2020_2021 12월.xlsx
2020,3,가나,입항,93.0,93.0,0.0,173.0,173.0,0.0,2020_2021 11월.xlsx
2020,3,가이아나,입항,6.0,6.0,0.0,32.0,32.0,0.0,2020_2021 11월.xlsx
2020,3,감비아,입항,8.0,8.0,0.0,24.0,24.0,0.0,2020_2021 11월.xlsx
2020,3,과테말라,입항,523.0,360.0,163.0,1391.0,878.0,513.0,2020_2021 11월.xlsx
2020,3,괌,입항,165.0,103.0,62.0,1922.75,177.0,1745.75,2020_2021 11월.xlsx
2020,3,그리스,입항,1768.0,320.0,1448.0,3595.0,998.0,2597.0,2020_2021 11월.xlsx
2020,3,기니,입항,156.0,156.0,0.0,373.0,373.0,0.0,2020_2021 11월.xlsx
2020,3,기니비사우,입항,6.0,6.0,0.0,12.0,12.0,0.0,2020_2021 11월.xlsx
2020,3,나미비아,입항,47.0,47.0,0.0,164.0,164.0,0.0,2020_2021 11월.xlsx
2020,3,나이지리아,입항,93.0,93.0,0.0,295.0,294.0,1.0,2020_2021 11월.xlsx
2020,3,남아프리카,입항,571.0,571.0,0.0,1895.0,1882.0,13.0,2020_2021 11월.xlsx
2020,3,네덜란드,입항,7347.25,7043.25,304.0,18964.25,17797.25,1167.0,2020_2021 11월.xlsx
2020,3,노르웨이,입항,566.0,560.0,6.0,1474.0,1460.0,14.0,2020_2021 11월.xlsx
2020,3,뉴질랜드,입항,3723.0,2547.0,1176.0,9216.0,6509.0,2707.0,2020_2021 11월.xlsx
2020,3,뉴칼레도니아,입항,316.0,54.0,262.0,678.0,107.0,571.0,2020_2021 11월.xlsx
2020,3,니카라과,입항,48.0,48.0,0.0,273.0,270.0,3.0,2020_2021 11월.xlsx
2020,3,대만,입항,6505.25,3826.0,2679.25,18193.5,11983.25,6210.25,2020_2021 11월.xlsx
2020,3,대한민국,입항,4507.0,0.0,4507.0,14561.25,66.0,14495.25,2020_2021 11월.xlsx
2020,3,덴마크,입항,743.0,732.0,11.0,2488.0,2473.0,15.0,2020_2021 11월.xlsx
2020,3,도미니카 공화국,입항,125.0,125.0,0.0,375.0,371.0,4.0,2020_2021 11월.xlsx
2020,3,도미니카 연방,입항,2.0,2.0,0.0,2.0,2.0,0.0,2020_2021 11월.xlsx
2020,3,독일,입항,9707.25,7840.25,1867.0,27837.25,22612.25,5225.0,2020_2021 11월.xlsx
2020,3,라이베리아,입항,5.0,5.0,0.0,10.0,10.0,0.0,2020_2021 11월.xlsx
2020,3,라트비아,입항,841.0,841.0,0.0,2369.0,2369.0,0.0,2020_2021 11월.xlsx
2020,3,러시아,입항,8814.0,3250.0,5564.0,23679.0,8487.0,15192.0,2020_2021 11월.xlsx
2020,3,레바논,입항,58.0,44.0,14.0,200.0,123.0,77.0,2020_2021 11월.xlsx
2020,3,레위니옹,입항,,,,8.0,8.0,0.0,2020_2021 11월.xlsx
2020,3,루마니아,입항,1277.0,417.0,860.0,1861.0,736.0,1125.0,2020_2021 11월.xlsx
2020,3,리비아,입항,64.0,64.0,0.0,236.0,236.0,0.0,2020_2021 11월.xlsx
2020,3,리투아니아,입항,317.0,317.0,0.0,989.0,989.0,0.0,2020_2021 11월.xlsx
2020,3,마다가스카르,입항,53.0,53.0,0.0,139.0,139.0,0.0,2020_2021 11월.xlsx
2020,3,마샬 제도,입항,282.0,2.0,280.0,940.0,27.0,913.0,2020_2021 11월.xlsx
2020,3,말레이시아,입항,10148.0,6464.0,3684.0,25260.25,16744.25,8516.0,2020_2021 11월.xlsx
2020,3,멕시코,입항,6268.0,2500.0,3768.0,19626.0,7974.0,11652.0,2020_2021 11월.xlsx
2020,3,모로코,입항,92.0,92.0,0.0,415.0,415.0,0.0,2020_2021 11월.xlsx
2020,3,모리셔스,입항,49.0,49.0,0.0,87.0,87.0,0.0,2020_2021 11월.xlsx
2020,3,모리타니,입항,22.0,22.0,0.0,48.0,48.0,0.0,2020_2021 11월.xlsx
2020,3,모잠비크,입항,33.0,33.0,0.0,380.0,380.0,0.0,2020_2021 11월.xlsx
2020,3,몬테네그로,입항,21.0,21.0,0.0,167.0,167.0,0.0,2020_2021 11월.xlsx
2020,3,몰타,입항,14.0,14.0,0.0,68.0,68.0,0.0,2020_2021 11월.xlsx
2020,3,미국,입항,67599.5,47186.75,20412.75,197268.5,130703.0,66565.5,2020_2021 11월.xlsx
2020,3,미얀마,입항,1096.0,570.0,526.0,2193.0,1576.0,617.0,2020_2021 11월.xlsx
2020,3,미크로네시아,입항,8.0,2.0,6.0,76.0,7.0,69.0,2020_2021 11월.xlsx
2020,3,바누아투,입항,152.0,0.0,152.0,270.0,1.0,269.0,2020_2021 11월.xlsx
2020,3,바레인,입항,52.0,52.0,0.0,166.0,166.0,0.0,2020_2021 11월.xlsx
2020,3,바하마,입항,,,,2.0,2.0,0.0,2020_2021 11월.xlsx
2020,3,방글라데시,입항,761.0,687.0,74.0,2150.0,1832.0,318.0,2020_2021 11월.xlsx
2020,3,베네수엘라,입항,66.0,66.0,0.0,211.0,211.0,0.0,2020_2021 11월.xlsx
2020,3,베트남,입항,12636.75,11708.0,928.75,38534.75,33773.0,4761.75,2020_2021 11월.xlsx
2020,3,벨기에,입항,4106.5,4101.5,5.0,11392.25,11322.25,70.0,2020_2021 11월.xlsx
2020,3,북마리아나 제도,입항,1700.25,22.0,1678.25,2569.75,47.0,2522.75,2020_2021 11월.xlsx
2020,3,불가리아,입항,148.0,145.0,3.0,268.0,265.0,3.0,2020_2021 11월.xlsx
2020,3,브라질,입항,2603.0,2248.0,355.0,8268.0,6873.0,1395.0,2020_2021 11월.xlsx
2020,3,브루나이,입항,7.0,7.0,0.0,41.0,41.0,0.0,2020_2021 11월.xlsx
2020,3,사모아,입항,783.0,2.0,781.0,1082.0,8.0,1074.0,2020_2021 11월.xlsx
2020,3,사우디아라비아,입항,5016.0,656.0,4360.0,8443.75,1858.0,6585.75,2020_2021 11월.xlsx
2020,3,세네갈,입항,91.0,91.0,0.0,192.0,192.0,0.0,2020_2021 11월.xlsx
2020,3,세이셸,입항,1.0,1.0,0.0,10.0,10.0,0.0,2020_2021 11월.xlsx
2020,3,소말리아,입항,6.0,6.0,0.0,7.0,7.0,0.0,2020_2021 11월.xlsx
2020,3,솔로몬제도,입항,,,,1.0,1.0,0.0,2020_2021 11월.xlsx
2020,3,수단,입항,10.0,10.0,0.0,77.0,77.0,0.0,2020_2021 11월.xlsx
2020,3,수리남,입항,126.0,126.0,0.0,296.0,296.0,0.0,2020_2021 11월.xlsx
2020,3,스리랑카,입항,275.0,275.0,0.0,874.0,843.0,31.0,2020_2021 11월.xlsx
2020,3,스웨덴,입항,1217.0,1216.0,1.0,3331.0,3324.0,7.0,2020_2021 11월.xlsx
2020,3,스페인,입항,4120.5,3235.5,885.0,9861.25,8179.25,1682.0,2020_2021 11월.xlsx
2020,3,슬로베니아,입항,1667.0,1667.0,0.0,3739.25,3727.25,12.0,2020_2021 11월.xlsx
2020,3,시에라 리온,입항,39.0,39.0,0.0,91.0,91.0,0.0,2020_2021 11월.xlsx
2020,3,싱가포르,입항,3942.0,3253.0,689.0,11546.75,9094.0,2452.75,2020_2021 11월.xlsx
2020,3,아랍에미리트연합국,입항,8022.25,1402.0,6620.25,18973.25,4276.5,14696.75,2020_2021 11월.xlsx
2020,3,아르헨티나,입항,224.0,154.0,70.0,1327.0,603.0,724.0,2020_2021 11월.xlsx
2020,3,아메리칸사모아,입항,77.0,23.0,54.0,551.0,43.0,508.0,2020_2021 11월.xlsx
2020,3,아이슬란드,입항,63.0,63.0,0.0,84.0,84.0,0.0,2020_2021 11월.xlsx
2020,3,아이티,입항,3.0,3.0,0.0,6.0,6.0,0.0,2020_2021 11월.xlsx
2020,3,아일랜드,입항,122.0,108.0,14.0,447.0,395.0,52.0,2020_2021 11월.xlsx
2020,3,알바니아,입항,,,,2.0,2.0,0.0,2020_2021 11월.xlsx
2020,3,알제리,입항,27.0,0.0,27.0,42.0,0.0,42.0,2020_2021 11월.xlsx
2020,3,앙골라,입항,67.0,4.0,63.0,92.0,22.0,70.0,2020_2021 11월.xlsx
2020,3,앤틸리스제도,입항,,,,3.0,3.0,0.0,2020_2021 11월.xlsx
2020,3,에스토니아,입항,593.0,593.0,0.0,1645.0,1645.0,0.0,2020_2021 11월.xlsx
2020,3,에콰도르,입항,996.5,362.0,634.5,1880.5,876.0,1004.5,2020_2021 11월.xlsx
2020,3,엘살바도르,입항,95.0,94.0,1.0,211.0,208.0,3.0,2020_2021 11월.xlsx
2020,3,영국,입항,1491.75,1384.75,107.0,5157.0,4598.0,559.0,2020_2021 11월.xlsx
2020,3,예멘,입항,216.0,216.0,0.0,417.0,417.0,0.0,2020_2021 11월.xlsx
2020,3,오만,입항,111.0,94.0,17.0,3088.0,229.0,2859.0,2020_2021 11월.xlsx
2020,3,온두라스,입항,73.0,73.0,0.0,197.0,197.0,0.0,2020_2021 11월.xlsx
2020,3,요르단,입항,223.0,98.0,125.0,830.0,386.0,444.0,2020_2021 11월.xlsx
2020,3,우루과이,입항,79.0,43.0,36.0,301.0,213.0,88.0,2020_2021 11월.xlsx
2020,3,우크라이나,입항,572.0,191.0,381.0,1445.0,810.0,635.0,2020_2021 11월.xlsx
2020,3,이라크,입항,1474.0,10.0,1464.0,1474.0,10.0,1464.0,2020_2021 11월.xlsx
2020,3,이란,입항,3.0,3.0,0.0,89.0,19.0,70.0,2020_2021 11월.xlsx
2020,3,이스라엘,입항,860.0,389.0,471.0,2051.0,1100.0,951.0,2020_2021 11월.xlsx
2020,3,이집트,입항,2514.0,317.0,2197.0,5955.0,1155.0,4800.0,2020_2021 11월.xlsx
2020,3,이탈리아,입항,8407.0,5141.0,3266.0,15710.5,12365.5,3345.0,2020_2021 11월.xlsx
2020,3,인도,입항,9815.75,6505.0,3310.75,34145.25,18989.0,15156.25,2020_2021 11월.xlsx
2020,3,인도네시아,입항,7096.0,4910.25,2185.75,21075.5,14988.25,6087.25,2020_2021 11월.xlsx
2020,3,일본,입항,76203.5,24113.0,52090.5,225727.75,61654.5,164073.25,2020_2021 11월.xlsx
2020,3,자메이카,입항,2018.0,47.0,1971.0,6251.0,91.0,6160.0,2020_2021 11월.xlsx
2020,3,조지아,입항,24.0,24.0,0.0,61.0,61.0,0.0,2020_2021 11월.xlsx
2020,3,중국,입항,100386.75,77365.0,23021.75,252560.25,191097.25,61463.0,2020_2021 11월.xlsx
2020,3,지부티,입항,66.0,66.0,0.0,153.0,153.0,0.0,2020_2021 11월.xlsx
2020,3,체코,입항,7.0,7.0,0.0,31.0,31.0,0.0,2020_2021 11월.xlsx
2020,3,칠레,입항,7556.0,7103.0,453.0,18314.0,16137.0,2177.0,2020_2021 11월.xlsx
2020,3,카메룬,입항,,,,7.0,7.0,0.0,2020_2021 11월.xlsx
2020,3,카타르,입항,205.0,205.0,0.0,1066.0,965.0,101.0,2020_2021 11월.xlsx
2020,3,캄보디아,입항,129.0,129.0,0.0,519.0,517.0,2.0,2020_2021 11월.xlsx
2020,3,캐나다,입항,6135.0,5120.0,1015.0,18270.5,13587.75,4682.75,2020_2021 11월.xlsx
2020,3,케냐,입항,36.0,36.0,0.0,85.0,85.0,0.0,2020_2021 11월.xlsx
2020,3,코스타리카,입항,119.0,116.0,3.0,456.0,451.0,5.0,2020_2021 11월.xlsx
2020,3,코트디부아르,입항,1.0,1.0,0.0,10.0,10.0,0.0,2020_2021 11월.xlsx
2020,3,콜롬비아,입항,974.0,423.0,551.0,4481.0,1153.0,3328.0,2020_2021 11월.xlsx
2020,3,콩고,입항,1.0,1.0,0.0,102.0,6.0,96.0,2020_2021 11월.xlsx
2020,3,콩고 민주 공화국,입항,3.0,3.0,0.0,7.0,7.0,0.0,2020_2021 11월.xlsx
2020,3,쿠웨이트,입항,44.0,44.0,0.0,139.0,139.0,0.0,2020_2021 11월.xlsx
2020,3,크로아티아,입항,75.0,75.0,0.0,258.0,257.0,1.0,2020_2021 11월.xlsx
2020,3,키리바시,입항,321.0,0.0,321.0,742.0,0.0,742.0,2020_2021 11월.xlsx
2020,3,키프로스,입항,25.0,25.0,0.0,48.0,48.0,0.0,2020_2021 11월.xlsx
2020,3,탄자니아,입항,200.0,200.0,0.0,637.0,637.0,0.0,2020_2021 11월.xlsx
2020,3,태국,입항,6221.0,5940.0,281.0,20200.0,18202.0,1998.0,2020_2021 11월.xlsx
2020,3,토고,입항,157.0,157.0,0.0,344.0,344.0,0.0,2020_2021 11월.xlsx
2020,3,통가,입항,82.0,0.0,82.0,537.0,12.0,525.0,2020_2021 11월.xlsx
2020,3,튀니지,입항,42.0,42.0,0.0,179.0,179.0,0.0,2020_2021 11월.xlsx
2020,3,튀르키예,입항,3507.25,1942.25,1565.0,8331.75,4991.75,3340.0,2020_2021 11월.xlsx
2020,3,트리니다드 토바고,입항,47.0,47.0,0.0,229.0,229.0,0.0,2020_2021 11월.xlsx
2020,3,파나마,입항,11007.25,235.0,10772.25,20870.25,418.0,20452.25,2020_2021 11월.xlsx
2020,3,파라과이,입항,24.0,24.0,0.0,64.0,64.0,0.0,2020_2021 11월.xlsx
2020,3,파키스탄,입항,2116.25,556.0,1560.25,4961.75,1567.0,3394.75,2020_2021 11월.xlsx
2020,3,파푸아 뉴기니,입항,34.0,34.0,0.0,96.0,96.0,0.0,2020_2021 11월.xlsx
2020,3,팔라우,입항,7.0,7.0,0.0,27.0,14.0,13.0,2020_2021 11월.xlsx
2020,3,페루,입항,2631.0,2065.0,566.0,8064.0,5744.0,2320.0,2020_2021 11월.xlsx
2020,3,포르투갈,입항,241.0,241.0,0.0,773.0,773.0,0.0,2020_2021 11월.xlsx
2020,3,폴란드,입항,850.25,850.25,0.0,2603.5,2549.5,54.0,2020_2021 11월.xlsx
2020,3,푸에르토리코,입항,155.0,155.0,0.0,498.0,498.0,0.0,2020_2021 11월.xlsx
2020,3,프랑스,입항,2289.0,1754.0,535.0,6292.25,5728.25,564.0,2020_2021 11월.xlsx
2020,3,프랑스령 기아나,입항,,,,2.0,2.0,0.0,2020_2021 11월.xlsx
2020,3,프랑스령 폴리네시아,입항,129.0,7.0,122.0,436.0,13.0,423.0,2020_2021 11월.xlsx
2020,3,피지,입항,262.0,55.0,207.0,416.0,98.0,318.0,2020_2021 11월.xlsx
2020,3,핀란드,입항,1006.0,966.0,40.0,2608.0,2568.0,40.0,2020_2021 11월.xlsx
2020,3,필리핀,입항,6267.0,2334.0,3933.0,17625.0,5897.0,11728.0,2020_2021 11월.xlsx
2020,3,헝가리,입항,38.0,38.0,0.0,76.0,76.0,0.0,2020_2021 11월.xlsx
2020,3,호주,입항,13457.0,7483.0,5974.0,36408.0,16768.0,19640.0,2020_2021 11월.xlsx
2020,3,홍콩,입항,3180.0,2401.0,779.0,8845.0,6166.0,2679.0,2020_2021 11월.xlsx
2020,3,가나,입항환적,6.0,6.0,0.0,70.0,70.0,0.0,2020_2021 11월.xlsx
2020,3,가봉,입항환적,41.0,41.0,0.0,87.0,87.0,0.0,2020_2021 11월.xlsx
2020,3,가이아나,입항환적,131.0,131.0,0.0,632.0,632.0,0.0,2020_2021 11월.xlsx
2020,3,감비아,입항환적,,,,10.0,10.0,0.0,2020_2021 11월.xlsx
2020,3,과들루프,입항환적,,,,14.0,14.0,0.0,2020_2021 11월.xlsx
2020,3,과테말라,입항환적,368.0,368.0,0.0,1060.0,1060.0,0.0,2020_2021 11월.xlsx
2020,3,괌,입항환적,178.0,162.0,16.0,640.0,492.0,148.0,2020_2021 11월.xlsx
2020,3,그리스,입항환적,426.0,292.0,134.0,914.0,652.0,262.0,2020_2021 11월.xlsx
2020,3,기니비사우,입항환적,2.0,2.0,0.0,4.0,4.0,0.0,2020_2021 11월.xlsx
2020,3,나미비아,입항환적,6.0,6.0,0.0,9.0,9.0,0.0,2020_2021 11월.xlsx
2020,3,나이지리아,입항환적,125.0,125.0,0.0,193.0,161.0,32.0,2020_2021 11월.xlsx
2020,3,남아프리카,입항환적,516.0,516.0,0.0,1471.0,1471.0,0.0,2020_2021 11월.xlsx
2020,3,네덜란드,입항환적,2419.0,2419.0,0.0,6479.0,6464.0,15.0,2020_2021 11월.xlsx
2020,3,노르웨이,입항환적,125.0,125.0,0.0,550.0,550.0,0.0,2020_2021 11월.xlsx
2020,3,뉴질랜드,입항환적,2758.0,2315.0,443.0,7482.0,5638.0,1844.0,2020_2021 11월.xlsx
2020,3,뉴칼레도니아,입항환적,1069.0,1042.0,27.0,1692.0,1664.0,28.0,2020_2021 11월.xlsx
2020,3,니카라과,입항환적,264.0,264.0,0.0,745.0,745.0,0.0,2020_2021 11월.xlsx
2020,3,대만,입항환적,7580.25,7573.25,7.0,20134.5,19984.5,150.0,2020_2021 11월.xlsx
2020,3,대한민국,입항환적,8857.0,7926.0,931.0,25209.0,23393.0,1816.0,2020_2021 11월.xlsx
2020,3,덴마크,입항환적,165.0,165.0,0.0,1039.0,1039.0,0.0,2020_2021 11월.xlsx
2020,3,도미니카 공화국,입항환적,26.0,26.0,0.0,89.0,89.0,0.0,2020_2021 11월.xlsx
2020,3,독일,입항환적,3591.0,2706.0,885.0,8520.0,7291.0,1229.0,2020_2021 11월.xlsx
2020,3,라트비아,입항환적,150.0,150.0,0.0,817.0,817.0,0.0,2020_2021 11월.xlsx
2020,3,러시아,입항환적,17885.0,17194.0,691.0,44241.0,42340.0,1901.0,2020_2021 11월.xlsx
2020,3,레바논,입항환적,7.0,7.0,0.0,24.0,24.0,0.0,2020_2021 11월.xlsx
2020,3,레위니옹,입항환적,,,,6.0,6.0,0.0,2020_2021 11월.xlsx
2020,3,루마니아,입항환적,1171.0,1171.0,0.0,2070.0,2070.0,0.0,2020_2021 11월.xlsx
2020,3,리투아니아,입항환적,72.0,72.0,0.0,201.0,201.0,0.0,2020_2021 11월.xlsx
2020,3,마다가스카르,입항환적,13.0,13.0,0.0,27.0,27.0,0.0,2020_2021 11월.xlsx
2020,3,마르티니크,입항환적,,,,18.0,18.0,0.0,2020_2021 11월.xlsx
2020,3,마샬 제도,입항환적,72.0,60.0,12.0,165.0,149.0,16.0,2020_2021 11월.xlsx
2020,3,말레이시아,입항환적,9866.5,9866.5,0.0,24882.75,24728.75,154.0,2020_2021 11월.xlsx
2020,3,멕시코,입항환적,4080.0,3934.0,146.0,13464.0,11461.0,2003.0,2020_2021 11월.xlsx
2020,3,모로코,입항환적,64.0,64.0,0.0,304.0,304.0,0.0,2020_2021 11월.xlsx
2020,3,모리셔스,입항환적,28.0,28.0,0.0,201.0,201.0,0.0,2020_2021 11월.xlsx
2020,3,모리타니,입항환적,9.0,9.0,0.0,314.0,314.0,0.0,2020_2021 11월.xlsx
2020,3,모잠비크,입항환적,22.0,22.0,0.0,62.0,62.0,0.0,2020_2021 11월.xlsx
2020,3,몬테네그로,입항환적,,,,7.0,7.0,0.0,2020_2021 11월.xlsx
2020,3,몰디브,입항환적,6.0,6.0,0.0,6.0,6.0,0.0,2020_2021 11월.xlsx
2020,3,몰타,입항환적,63.0,63.0,0.0,165.0,165.0,0.0,2020_2021 11월.xlsx
2020,3,미국,입항환적,64692.5,56486.25,8206.25,193759.25,150585.25,43174.0,2020_2021 11월.xlsx
2020,3,미얀마,입항환적,617.0,223.0,394.0,1148.0,754.0,394.0,2020_2021 11월.xlsx
2020,3,미크로네시아,입항환적,19.0,19.0,0.0,48.0,46.0,2.0,2020_2021 11월.xlsx
2020,3,바누아투,입항환적,196.0,0.0,196.0,264.0,14.0,250.0,2020_2021 11월.xlsx
2020,3,바레인,입항환적,67.0,67.0,0.0,149.0,149.0,0.0,2020_2021 11월.xlsx
2020,3,바베이도스,입항환적,6.0,6.0,0.0,10.0,10.0,0.0,2020_2021 11월.xlsx
2020,3,바하마,입항환적,,,,1.0,0.0,1.0,2020_2021 11월.xlsx
2020,3,방글라데시,입항환적,712.75,712.75,0.0,1919.75,1919.75,0.0,2020_2021 11월.xlsx
2020,3,베네수엘라,입항환적,50.0,50.0,0.0,118.0,118.0,0.0,2020_2021 11월.xlsx
2020,3,베트남,입항환적,11310.75,11309.75,1.0,32354.0,32223.0,131.0,2020_2021 11월.xlsx
2020,3,벨기에,입항환적,1620.25,1620.25,0.0,3494.25,3493.25,1.0,2020_2021 11월.xlsx
2020,3,벨리즈,입항환적,4.0,4.0,0.0,13.0,13.0,0.0,2020_2021 11월.xlsx
2020,3,북마리아나 제도,입항환적,184.25,6.25,178.0,262.25,6.25,256.0,2020_2021 11월.xlsx
2020,3,불가리아,입항환적,41.0,41.0,0.0,346.0,346.0,0.0,2020_2021 11월.xlsx
2020,3,브라질,입항환적,4803.0,4435.0,368.0,14401.0,13389.0,1012.0,2020_2021 11월.xlsx
2020,3,브루나이,입항환적,4.0,4.0,0.0,4.0,4.0,0.0,2020_2021 11월.xlsx
2020,3,사모아,입항환적,31.0,21.0,10.0,93.0,54.0,39.0,2020_2021 11월.xlsx
2020,3,사우디아라비아,입항환적,1653.0,1287.0,366.0,4995.0,4438.0,557.0,2020_2021 11월.xlsx
2020,3,세네갈,입항환적,498.0,498.0,0.0,654.0,654.0,0.0,2020_2021 11월.xlsx
2020,3,세이셸,입항환적,18.0,18.0,0.0,59.0,59.0,0.0,2020_2021 11월.xlsx
2020,3,세인트루시아,입항환적,15.0,15.0,0.0,15.0,15.0,0.0,2020_2021 11월.xlsx
2020,3,소말리아,입항환적,2.0,2.0,0.0,2.0,2.0,0.0,2020_2021 11월.xlsx
2020,3,솔로몬제도,입항환적,6.0,6.0,0.0,22.0,22.0,0.0,2020_2021 11월.xlsx
2020,3,수단,입항환적,736.0,736.0,0.0,2231.0,2231.0,0.0,2020_2021 11월.xlsx
2020,3,수리남,입항환적,80.0,80.0,0.0,508.0,508.0,0.0,2020_2021 11월.xlsx
2020,3,스리랑카,입항환적,456.75,456.75,0.0,1033.75,1033.75,0.0,2020_2021 11월.xlsx
2020,3,스웨덴,입항환적,982.0,982.0,0.0,2963.0,2963.0,0.0,2020_2021 11월.xlsx
2020,3,스페인,입항환적,3232.0,2624.0,608.0,6579.0,5911.0,668.0,2020_2021 11월.xlsx
2020,3,슬로베니아,입항환적,795.0,795.0,0.0,1846.0,1846.0,0.0,2020_2021 11월.xlsx
2020,3,시에라 리온,입항환적,,,,16.0,16.0,0.0,2020_2021 11월.xlsx
2020,3,싱가포르,입항환적,1958.25,1947.25,11.0,5751.5,5545.5,206.0,2020_2021 11월.xlsx
2020,3,아랍에미리트연합국,입항환적,2214.25,1833.25,381.0,7436.75,6562.75,874.0,2020_2021 11월.xlsx
2020,3,아르헨티나,입항환적,590.0,590.0,0.0,2156.0,2061.0,95.0,2020_2021 11월.xlsx
2020,3,아메리칸사모아,입항환적,6.0,0.0,6.0,35.0,1.0,34.0,2020_2021 11월.xlsx
2020,3,아이슬란드,입항환적,45.0,45.0,0.0,95.0,95.0,0.0,2020_2021 11월.xlsx
2020,3,아이티,입항환적,60.0,60.0,0.0,71.0,71.0,0.0,2020_2021 11월.xlsx
2020,3,아일랜드,입항환적,8.0,8.0,0.0,243.0,243.0,0.0,2020_2021 11월.xlsx
2020,3,알바니아,입항환적,98.0,98.0,0.0,192.0,192.0,0.0,2020_2021 11월.xlsx
2020,3,에스토니아,입항환적,39.0,39.0,0.0,120.0,120.0,0.0,2020_2021 11월.xlsx
2020,3,에콰도르,입항환적,4990.0,4990.0,0.0,13797.0,13797.0,0.0,2020_2021 11월.xlsx
2020,3,엘살바도르,입항환적,78.0,78.0,0.0,167.0,167.0,0.0,2020_2021 11월.xlsx
2020,3,영국,입항환적,473.0,471.0,2.0,1607.5,1605.5,2.0,2020_2021 11월.xlsx
2020,3,오만,입항환적,1292.0,1292.0,0.0,2947.0,2947.0,0.0,2020_2021 11월.xlsx
2020,3,온두라스,입항환적,93.0,93.0,0.0,177.0,177.0,0.0,2020_2021 11월.xlsx
2020,3,요르단,입항환적,580.0,12.0,568.0,755.0,23.0,732.0,2020_2021 11월.xlsx
2020,3,우루과이,입항환적,160.0,160.0,0.0,903.0,885.0,18.0,2020_2021 11월.xlsx
2020,3,우크라이나,입항환적,1102.0,1102.0,0.0,2443.0,2443.0,0.0,2020_2021 11월.xlsx
2020,3,원양어획지역,입항환적,43.0,43.0,0.0,120.0,120.0,0.0,2020_2021 11월.xlsx
2020,3,이라크,입항환적,4.0,4.0,0.0,10.0,10.0,0.0,2020_2021 11월.xlsx
2020,3,이스라엘,입항환적,145.0,145.0,0.0,1078.0,378.0,700.0,2020_2021 11월.xlsx
2020,3,이집트,입항환적,613.0,613.0,0.0,1964.0,1453.0,511.0,2020_2021 11월.xlsx
2020,3,이탈리아,입항환적,3512.25,2957.0,555.25,7235.5,6660.25,575.25,2020_2021 11월.xlsx
2020,3,인도,입항환적,6654.25,6466.25,188.0,17596.5,17383.5,213.0,2020_2021 11월.xlsx
2020,3,인도네시아,입항환적,11964.5,11896.5,68.0,34421.5,34333.5,88.0,2020_2021 11월.xlsx
2020,3,일본,입항환적,81059.25,66257.0,14802.25,208466.0,169532.0,38934.0,2020_2021 11월.xlsx
2020,3,자메이카,입항환적,1538.0,13.0,1525.0,1558.0,33.0,1525.0,2020_2021 11월.xlsx
2020,3,적도 기니,입항환적,,,,24.0,24.0,0.0,2020_2021 11월.xlsx
2020,3,조지아,입항환적,118.0,118.0,0.0,389.0,389.0,0.0,2020_2021 11월.xlsx
2020,3,중국,입항환적,196624.25,183515.0,13109.25,549730.25,518478.75,31251.5,2020_2021 11월.xlsx
2020,3,지부티,입항환적,59.0,59.0,0.0,84.0,84.0,0.0,2020_2021 11월.xlsx
2020,3,체코,입항환적,1.0,1.0,0.0,1.0,1.0,0.0,2020_2021 11월.xlsx
2020,3,칠레,입항환적,5672.0,5315.0,357.0,18461.0,18087.0,374.0,2020_2021 11월.xlsx
2020,3,카메룬,입항환적,12.0,12.0,0.0,15.0,15.0,0.0,2020_2021 11월.xlsx
2020,3,카보 베르데,입항환적,2.0,2.0,0.0,8.0,8.0,0.0,2020_2021 11월.xlsx
2020,3,카타르,입항환적,264.0,264.0,0.0,577.0,577.0,0.0,2020_2021 11월.xlsx
2020,3,캄보디아,입항환적,585.75,585.75,0.0,1940.0,1940.0,0.0,2020_2021 11월.xlsx
2020,3,캐나다,입항환적,12399.75,11600.75,799.0,40644.5,35625.5,5019.0,2020_2021 11월.xlsx
2020,3,케냐,입항환적,43.0,43.0,0.0,154.0,154.0,0.0,2020_2021 11월.xlsx
2020,3,코모로,입항환적,2.0,2.0,0.0,2.0,2.0,0.0,2020_2021 11월.xlsx
2020,3,코스타리카,입항환적,390.0,390.0,0.0,951.0,951.0,0.0,2020_2021 11월.xlsx
2020,3,코트디부아르,입항환적,13.0,13.0,0.0,60.0,60.0,0.0,2020_2021 11월.xlsx
2020,3,콜롬비아,입항환적,236.0,236.0,0.0,2628.75,1105.0,1523.75,2020_2021 11월.xlsx
2020,3,쿠바,입항환적,8.0,8.0,0.0,138.0,138.0,0.0,2020_2021 11월.xlsx
2020,3,쿠웨이트,입항환적,37.0,37.0,0.0,229.0,229.0,0.0,2020_2021 11월.xlsx
2020,3,크로아티아,입항환적,112.0,112.0,0.0,265.0,265.0,0.0,2020_2021 11월.xlsx
2020,3,키리바시,입항환적,4.0,0.0,4.0,11.0,0.0,11.0,2020_2021 11월.xlsx
2020,3,키프로스,입항환적,6.0,6.0,0.0,45.0,45.0,0.0,2020_2021 11월.xlsx
2020,3,탄자니아,입항환적,,,,11.0,11.0,0.0,2020_2021 11월.xlsx
2020,3,태국,입항환적,9871.0,9869.0,2.0,29881.25,29598.25,283.0,2020_2021 11월.xlsx
2020,3,토고,입항환적,21.0,21.0,0.0,21.0,21.0,0.0,2020_2021 11월.xlsx
2020,3,통가,입항환적,12.0,0.0,12.0,23.0,11.0,12.0,2020_2021 11월.xlsx
2020,3,튀니지,입항환적,10.0,10.0,0.0,17.0,17.0,0.0,2020_2021 11월.xlsx
2020,3,튀르키예,입항환적,2936.0,2636.0,300.0,9161.0,7181.0,1980.0,2020_2021 11월.xlsx
2020,3,트리니다드 토바고,입항환적,24.0,24.0,0.0,66.0,66.0,0.0,2020_2021 11월.xlsx
2020,3,파나마,입항환적,3066.0,1488.0,1578.0,10587.0,5201.0,5386.0,2020_2021 11월.xlsx
2020,3,파라과이,입항환적,4.0,4.0,0.0,136.0,136.0,0.0,2020_2021 11월.xlsx
2020,3,파키스탄,입항환적,1429.75,1314.75,115.0,4111.5,3936.5,175.0,2020_2021 11월.xlsx
2020,3,파푸아 뉴기니,입항환적,4.0,2.0,2.0,26.0,24.0,2.0,2020_2021 11월.xlsx
2020,3,페루,입항환적,2771.0,2725.0,46.0,8224.0,7892.0,332.0,2020_2021 11월.xlsx
2020,3,포르투갈,입항환적,330.0,330.0,0.0,976.0,976.0,0.0,2020_2021 11월.xlsx
2020,3,폴란드,입항환적,127.0,127.0,0.0,482.0,482.0,0.0,2020_2021 11월.xlsx
2020,3,푸에르토리코,입항환적,219.0,219.0,0.0,673.0,673.0,0.0,2020_2021 11월.xlsx
2020,3,프랑스,입항환적,1142.0,1142.0,0.0,3469.0,3469.0,0.0,2020_2021 11월.xlsx
2020,3,프랑스령 폴리네시아,입항환적,30.0,0.0,30.0,52.0,4.0,48.0,2020_2021 11월.xlsx
2020,3,피지,입항환적,39.0,26.0,13.0,86.0,73.0,13.0,2020_2021 11월.xlsx
2020,3,핀란드,입항환적,1205.0,1205.0,0.0,3300.0,3300.0,0.0,2020_2021 11월.xlsx
2020,3,필리핀,입항환적,8426.25,8198.25,228.0,21611.25,20248.25,1363.0,2020_2021 11월.xlsx
2020,3,헝가리,입항환적,,,,2.0,2.0,0.0,2020_2021 11월.xlsx
2020,3,호주,입항환적,6488.0,6482.0,6.0,16583.0,16097.0,486.0,2020_2021 11월.xlsx
2020,3,홍콩,입항환적,2088.0,2088.0,0.0,8032.5,7178.75,853.75,2020_2021 11월.xlsx
2020,3,가나,출항,241.25,241.25,0.0,662.0,662.0,0.0,2020_2021 11월.xlsx
2020,3,가봉,출항,5.0,5.0,0.0,7.0,7.0,0.0,2020_2021 11월.xlsx
2020,3,가이아나,출항,5.0,5.0,0.0,11.0,11.0,0.0,2020_2021 11월.xlsx
2020,3,감비아,출항,1.0,1.0,0.0,2.0,2.0,0.0,2020_2021 11월.xlsx
2020,3,과들루프,출항,4.0,4.0,0.0,4.0,4.0,0.0,2020_2021 11월.xlsx
2020,3,과테말라,출항,361.0,361.0,0.0,871.0,737.0,134.0,2020_2021 11월.xlsx
2020,3,괌,출항,203.5,203.5,0.0,734.5,734.5,0.0,2020_2021 11월.xlsx
2020,3,그레나다,출항,2.0,2.0,0.0,7.0,7.0,0.0,2020_2021 11월.xlsx
2020,3,그리스,출항,1226.0,1226.0,0.0,3224.0,3224.0,0.0,2020_2021 11월.xlsx
2020,3,기니,출항,57.0,57.0,0.0,77.0,77.0,0.0,2020_2021 11월.xlsx
2020,3,나미비아,출항,,,,7.0,7.0,0.0,2020_2021 11월.xlsx
2020,3,나이지리아,출항,395.0,395.0,0.0,901.0,901.0,0.0,2020_2021 11월.xlsx
2020,3,남아프리카,출항,616.0,616.0,0.0,1631.0,1631.0,0.0,2020_2021 11월.xlsx
2020,3,네덜란드,출항,6870.0,6812.0,58.0,18103.25,18015.25,88.0,2020_2021 11월.xlsx
2020,3,노르웨이,출항,16.0,16.0,0.0,97.0,97.0,0.0,2020_2021 11월.xlsx
2020,3,뉴질랜드,출항,1603.0,1463.0,140.0,4194.0,3737.0,457.0,2020_2021 11월.xlsx
2020,3,뉴칼레도니아,출항,19.0,19.0,0.0,48.0,48.0,0.0,2020_2021 11월.xlsx
2020,3,니카라과,출항,127.0,127.0,0.0,279.0,279.0,0.0,2020_2021 11월.xlsx
2020,3,대만,출항,11845.5,11393.5,452.0,32508.25,31218.25,1290.0,2020_2021 11월.xlsx
2020,3,대한민국,출항,6037.25,111.0,5926.25,21728.25,351.0,21377.25,2020_2021 11월.xlsx
2020,3,덴마크,출항,173.0,173.0,0.0,520.0,520.0,0.0,2020_2021 11월.xlsx
2020,3,도미니카 공화국,출항,252.0,252.0,0.0,707.0,667.0,40.0,2020_2021 11월.xlsx
2020,3,독일,출항,10135.0,9901.0,234.0,28078.0,27689.0,389.0,2020_2021 11월.xlsx
2020,3,라이베리아,출항,5.0,5.0,0.0,11.0,11.0,0.0,2020_2021 11월.xlsx
2020,3,라트비아,출항,47.0,47.0,0.0,124.25,124.25,0.0,2020_2021 11월.xlsx
2020,3,러시아,출항,11740.25,11339.25,401.0,33840.25,33337.25,503.0,2020_2021 11월.xlsx
2020,3,레바논,출항,60.0,60.0,0.0,212.0,212.0,0.0,2020_2021 11월.xlsx
2020,3,레위니옹,출항,1.0,1.0,0.0,27.0,27.0,0.0,2020_2021 11월.xlsx
2020,3,루마니아,출항,382.0,382.0,0.0,916.0,916.0,0.0,2020_2021 11월.xlsx
2020,3,리비아,출항,185.0,185.0,0.0,548.0,548.0,0.0,2020_2021 11월.xlsx
2020,3,리투아니아,출항,158.0,158.0,0.0,711.0,711.0,0.0,2020_2021 11월.xlsx
2020,3,마다가스카르,출항,9.0,9.0,0.0,34.0,34.0,0.0,2020_2021 11월.xlsx
2020,3,마르티니크,출항,3.0,3.0,0.0,9.0,9.0,0.0,2020_2021 11월.xlsx
2020,3,마샬 제도,출항,134.0,12.0,122.0,277.0,34.0,243.0,2020_2021 11월.xlsx
2020,3,마요트,출항,6.0,6.0,0.0,27.0,27.0,0.0,2020_2021 11월.xlsx
2020,3,말레이시아,출항,8973.0,8935.0,38.0,26316.5,26246.5,70.0,2020_2021 11월.xlsx
2020,3,멕시코,출항,16492.0,15948.0,544.0,43117.75,41507.75,1610.0,2020_2021 11월.xlsx
2020,3,모로코,출항,264.0,264.0,0.0,750.0,750.0,0.0,2020_2021 11월.xlsx
2020,3,모리셔스,출항,15.0,15.0,0.0,28.0,28.0,0.0,2020_2021 11월.xlsx
2020,3,모리타니,출항,10.0,10.0,0.0,52.0,52.0,0.0,2020_2021 11월.xlsx
2020,3,모잠비크,출항,121.0,121.0,0.0,433.0,433.0,0.0,2020_2021 11월.xlsx
2020,3,몬테네그로,출항,3.0,3.0,0.0,9.0,9.0,0.0,2020_2021 11월.xlsx
2020,3,몰디브,출항,6.0,6.0,0.0,8.0,8.0,0.0,2020_2021 11월.xlsx
2020,3,몰타,출항,27.0,27.0,0.0,82.0,72.0,10.0,2020_2021 11월.xlsx
2020,3,미국,출항,76238.0,74166.0,2072.0,206531.75,198824.75,7707.0,2020_2021 11월.xlsx
2020,3,미얀마,출항,111.0,111.0,0.0,473.25,473.25,0.0,2020_2021 11월.xlsx
2020,3,미크로네시아,출항,35.0,32.0,3.0,67.0,62.0,5.0,2020_2021 11월.xlsx
2020,3,바누아투,출항,15.0,11.0,4.0,55.0,47.0,8.0,2020_2021 11월.xlsx
2020,3,바레인,출항,77.0,77.0,0.0,155.0,155.0,0.0,2020_2021 11월.xlsx
2020,3,바베이도스,출항,6.0,6.0,0.0,6.0,6.0,0.0,2020_2021 11월.xlsx
2020,3,바하마,출항,271.0,11.0,260.0,1302.0,30.0,1272.0,2020_2021 11월.xlsx
2020,3,방글라데시,출항,216.0,216.0,0.0,291.0,291.0,0.0,2020_2021 11월.xlsx
2020,3,베냉,출항,2.0,2.0,0.0,14.0,14.0,0.0,2020_2021 11월.xlsx
2020,3,베네수엘라,출항,23.0,23.0,0.0,47.0,47.0,0.0,2020_2021 11월.xlsx
2020,3,베트남,출항,20098.75,18758.75,1340.0,59226.25,53986.25,5240.0,2020_2021 11월.xlsx
2020,3,벨기에,출항,3691.0,3655.0,36.0,8214.75,8113.75,101.0,2020_2021 11월.xlsx
2020,3,벨리즈,출항,,,,4.0,4.0,0.0,2020_2021 11월.xlsx
2020,3,북마리아나 제도,출항,102.0,88.0,14.0,248.0,234.0,14.0,2020_2021 11월.xlsx
2020,3,불가리아,출항,82.0,82.0,0.0,195.0,195.0,0.0,2020_2021 11월.xlsx
2020,3,브라질,출항,4842.0,4826.0,16.0,14060.0,14044.0,16.0,2020_2021 11월.xlsx
2020,3,사모아,출항,3.0,3.0,0.0,15.0,15.0,0.0,2020_2021 11월.xlsx
2020,3,사우디아라비아,출항,4778.5,4778.5,0.0,12226.75,12220.75,6.0,2020_2021 11월.xlsx
2020,3,세네갈,출항,102.0,102.0,0.0,283.0,283.0,0.0,2020_2021 11월.xlsx
2020,3,세이셸,출항,13.0,13.0,0.0,52.0,52.0,0.0,2020_2021 11월.xlsx
2020,3,세인트루시아,출항,2.0,2.0,0.0,2.0,2.0,0.0,2020_2021 11월.xlsx
2020,3,소말리아,출항,7.0,7.0,0.0,62.0,62.0,0.0,2020_2021 11월.xlsx
2020,3,솔로몬제도,출항,108.0,108.0,0.0,241.0,233.0,8.0,2020_2021 11월.xlsx
2020,3,수단,출항,54.0,54.0,0.0,218.0,218.0,0.0,2020_2021 11월.xlsx
2020,3,수리남,출항,7.0,7.0,0.0,10.0,10.0,0.0,2020_2021 11월.xlsx
2020,3,스리랑카,출항,1022.0,1022.0,0.0,2174.0,2174.0,0.0,2020_2021 11월.xlsx
2020,3,스웨덴,출항,583.0,583.0,0.0,1483.0,1483.0,0.0,2020_2021 11월.xlsx
2020,3,스페인,출항,3620.5,3410.5,210.0,9084.5,8874.5,210.0,2020_2021 11월.xlsx
2020,3,슬로베니아,출항,10130.0,10130.0,0.0,27798.0,27778.0,20.0,2020_2021 11월.xlsx
2020,3,시리아,출항,67.0,67.0,0.0,355.0,355.0,0.0,2020_2021 11월.xlsx
2020,3,시에라 리온,출항,10.0,10.0,0.0,19.0,19.0,0.0,2020_2021 11월.xlsx
2020,3,싱가포르,출항,7595.0,7557.0,38.0,19742.25,19548.25,194.0,2020_2021 11월.xlsx
2020,3,아랍에미리트연합국,출항,6973.0,6969.0,4.0,20806.5,20764.5,42.0,2020_2021 11월.xlsx
2020,3,아르헨티나,출항,543.0,543.0,0.0,1662.0,1572.0,90.0,2020_2021 11월.xlsx
2020,3,아메리칸사모아,출항,50.0,50.0,0.0,146.0,146.0,0.0,2020_2021 11월.xlsx
2020,3,아이티,출항,19.0,19.0,0.0,51.0,51.0,0.0,2020_2021 11월.xlsx
2020,3,아일랜드,출항,75.0,75.0,0.0,167.0,167.0,0.0,2020_2021 11월.xlsx
2020,3,알바니아,출항,20.0,20.0,0.0,38.0,38.0,0.0,2020_2021 11월.xlsx
2020,3,알제리,출항,434.5,434.5,0.0,1089.25,1089.25,0.0,2020_2021 11월.xlsx
2020,3,앙골라,출항,29.0,29.0,0.0,269.0,269.0,0.0,2020_2021 11월.xlsx
2020,3,앤티가 바부다,출항,,,,2.0,2.0,0.0,2020_2021 11월.xlsx
2020,3,앤틸리스제도,출항,6.0,6.0,0.0,13.0,13.0,0.0,2020_2021 11월.xlsx
2020,3,에스토니아,출항,94.0,94.0,0.0,169.0,169.0,0.0,2020_2021 11월.xlsx
2020,3,에콰도르,출항,2224.0,912.0,1312.0,8416.0,2100.0,6316.0,2020_2021 11월.xlsx
2020,3,엘살바도르,출항,218.0,218.0,0.0,373.0,373.0,0.0,2020_2021 11월.xlsx
2020,3,영국,출항,3051.0,2954.0,97.0,7497.0,7168.0,329.0,2020_2021 11월.xlsx
2020,3,예멘,출항,22.0,22.0,0.0,78.0,78.0,0.0,2020_2021 11월.xlsx
2020,3,오만,출항,323.0,323.0,0.0,1069.0,1069.0,0.0,2020_2021 11월.xlsx
2020,3,온두라스,출항,91.0,91.0,0.0,149.0,149.0,0.0,2020_2021 11월.xlsx
2020,3,요르단,출항,359.0,359.0,0.0,940.0,940.0,0.0,2020_2021 11월.xlsx
2020,3,우루과이,출항,307.0,307.0,0.0,860.0,860.0,0.0,2020_2021 11월.xlsx
2020,3,우크라이나,출항,263.0,263.0,0.0,536.25,534.25,2.0,2020_2021 11월.xlsx
2020,3,이라크,출항,418.25,418.25,0.0,1206.5,1206.5,0.0,2020_2021 11월.xlsx
2020,3,이란,출항,,,,6.0,6.0,0.0,2020_2021 11월.xlsx
2020,3,이스라엘,출항,1316.0,1313.0,3.0,3618.25,3611.25,7.0,2020_2021 11월.xlsx
2020,3,이집트,출항,4267.0,4187.0,80.0,11497.25,11297.25,200.0,2020_2021 11월.xlsx
2020,3,이탈리아,출항,4728.0,4728.0,0.0,12723.0,12687.0,36.0,2020_2021 11월.xlsx
2020,3,인도,출항,16982.0,16929.0,53.0,48405.25,48282.25,123.0,2020_2021 11월.xlsx
2020,3,인도네시아,출항,9159.25,8939.25,220.0,24772.25,24090.25,682.0,2020_2021 11월.xlsx
2020,3,일본,출항,49727.0,31989.5,17737.5,122728.0,85687.0,37041.0,2020_2021 11월.xlsx
2020,3,자메이카,출항,307.0,307.0,0.0,711.0,711.0,0.0,2020_2021 11월.xlsx
2020,3,적도 기니,출항,,,,1.0,1.0,0.0,2020_2021 11월.xlsx
2020,3,조지아,출항,34.0,34.0,0.0,96.0,96.0,0.0,2020_2021 11월.xlsx
2020,3,중국,출항,94901.25,52429.0,42472.25,262715.25,148960.25,113755.0,2020_2021 11월.xlsx
2020,3,지부티,출항,18.0,18.0,0.0,92.0,92.0,0.0,2020_2021 11월.xlsx
2020,3,칠레,출항,2699.0,2057.0,642.0,9796.0,4896.0,4900.0,2020_2021 11월.xlsx
2020,3,카메룬,출항,78.0,78.0,0.0,154.0,154.0,0.0,2020_2021 11월.xlsx
2020,3,카타르,출항,323.0,299.0,24.0,957.0,909.0,48.0,2020_2021 11월.xlsx
2020,3,캄보디아,출항,504.25,504.25,0.0,1111.25,1111.25,0.0,2020_2021 11월.xlsx
2020,3,캐나다,출항,11536.25,11468.25,68.0,30805.0,30731.0,74.0,2020_2021 11월.xlsx
2020,3,케냐,출항,396.0,396.0,0.0,961.0,961.0,0.0,2020_2021 11월.xlsx
2020,3,코모로,출항,2.0,2.0,0.0,6.0,6.0,0.0,2020_2021 11월.xlsx
2020,3,코스타리카,출항,300.0,100.0,200.0,360.0,160.0,200.0,2020_2021 11월.xlsx
2020,3,코트디부아르,출항,133.0,133.0,0.0,239.0,239.0,0.0,2020_2021 11월.xlsx
2020,3,콜롬비아,출항,1545.0,1445.0,100.0,4190.0,3662.0,528.0,2020_2021 11월.xlsx
2020,3,콩고,출항,78.0,78.0,0.0,143.0,143.0,0.0,2020_2021 11월.xlsx
2020,3,콩고 민주 공화국,출항,20.0,20.0,0.0,67.0,67.0,0.0,2020_2021 11월.xlsx
2020,3,쿠바,출항,,,,8.0,8.0,0.0,2020_2021 11월.xlsx
2020,3,쿠웨이트,출항,104.0,104.0,0.0,292.0,292.0,0.0,2020_2021 11월.xlsx
2020,3,크로아티아,출항,455.0,455.0,0.0,2249.0,2249.0,0.0,2020_2021 11월.xlsx
2020,3,키리바시,출항,4.0,4.0,0.0,10.0,6.0,4.0,2020_2021 11월.xlsx
2020,3,키프로스,출항,12.0,12.0,0.0,23.0,23.0,0.0,2020_2021 11월.xlsx
2020,3,탄자니아,출항,259.0,259.0,0.0,729.0,729.0,0.0,2020_2021 11월.xlsx
2020,3,태국,출항,8189.5,7545.5,644.0,26192.75,23068.75,3124.0,2020_2021 11월.xlsx
2020,3,토고,출항,148.0,148.0,0.0,425.0,425.0,0.0,2020_2021 11월.xlsx
2020,3,통가,출항,3.0,3.0,0.0,9.0,9.0,0.0,2020_2021 11월.xlsx
2020,3,튀니지,출항,71.0,71.0,0.0,240.0,240.0,0.0,2020_2021 11월.xlsx
2020,3,튀르키예,출항,9730.0,9714.0,16.0,24133.0,24117.0,16.0,2020_2021 11월.xlsx
2020,3,트리니다드 토바고,출항,86.0,86.0,0.0,174.0,174.0,0.0,2020_2021 11월.xlsx
2020,3,파나마,출항,3084.0,1489.0,1595.0,9966.5,4391.0,5575.5,2020_2021 11월.xlsx
2020,3,파라과이,출항,6.0,6.0,0.0,12.0,12.0,0.0,2020_2021 11월.xlsx
2020,3,파키스탄,출항,1437.0,1437.0,0.0,3876.25,3869.25,7.0,2020_2021 11월.xlsx
2020,3,파푸아 뉴기니,출항,86.0,74.0,12.0,205.0,169.0,36.0,2020_2021 11월.xlsx
2020,3,팔라우,출항,3.0,3.0,0.0,15.0,15.0,0.0,2020_2021 11월.xlsx
2020,3,페루,출항,1565.0,1199.0,366.0,4324.0,3370.0,954.0,2020_2021 11월.xlsx
2020,3,포르투갈,출항,633.0,633.0,0.0,1062.0,1062.0,0.0,2020_2021 11월.xlsx
2020,3,폴란드,출항,812.0,812.0,0.0,2103.0,2103.0,0.0,2020_2021 11월.xlsx
2020,3,푸에르토리코,출항,36.0,36.0,0.0,74.0,74.0,0.0,2020_2021 11월.xlsx
2020,3,프랑스,출항,1519.0,1504.0,15.0,4437.0,4376.0,61.0,2020_2021 11월.xlsx
2020,3,프랑스령 기아나,출항,,,,3.0,3.0,0.0,2020_2021 11월.xlsx
2020,3,프랑스령 폴리네시아,출항,12.0,12.0,0.0,19.0,19.0,0.0,2020_2021 11월.xlsx
2020,3,피지,출항,33.0,33.0,0.0,116.0,109.0,7.0,2020_2021 11월.xlsx
2020,3,핀란드,출항,60.0,60.0,0.0,144.0,144.0,0.0,2020_2021 11월.xlsx
2020,3,필리핀,출항,3277.0,3277.0,0.0,11885.25,11795.25,90.0,2020_2021 11월.xlsx
2020,3,헝가리,출항,20.0,20.0,0.0,20.0,20.0,0.0,2020_2021 11월.xlsx
2020,3,호주,출항,5991.0,5547.0,444.0,17222.0,15918.0,1304.0,2020_2021 11월.xlsx
2020,3,홍콩,출항,6718.5,6442.5,276.0,18695.25,17842.25,853.0,2020_2021 11월.xlsx
2020,3,가나,출항환적,133.0,133.0,0.0,212.25,212.25,0.0,2020_2021 11월.xlsx
2020,3,가봉,출항환적,1.0,1.0,0.0,4.0,4.0,0.0,2020_2021 11월.xlsx
2020,3,가이아나,출항환적,104.0,104.0,0.0,333.0,333.0,0.0,2020_2021 11월.xlsx
2020,3,감비아,출항환적,11.0,11.0,0.0,13.0,13.0,0.0,2020_2021 11월.xlsx
2020,3,과들루프,출항환적,12.0,12.0,0.0,31.0,31.0,0.0,2020_2021 11월.xlsx
2020,3,과테말라,출항환적,1525.25,1525.25,0.0,3870.75,3870.75,0.0,2020_2021 11월.xlsx
2020,3,괌,출항환적,201.0,201.0,0.0,632.0,618.0,14.0,2020_2021 11월.xlsx
2020,3,그레나다,출항환적,34.0,34.0,0.0,92.0,92.0,0.0,2020_2021 11월.xlsx
2020,3,그리스,출항환적,1928.0,1928.0,0.0,3925.0,3925.0,0.0,2020_2021 11월.xlsx
2020,3,기니,출항환적,6.0,6.0,0.0,13.0,13.0,0.0,2020_2021 11월.xlsx
2020,3,나미비아,출항환적,32.0,32.0,0.0,112.0,112.0,0.0,2020_2021 11월.xlsx
2020,3,나우루,출항환적,2.0,2.0,0.0,4.0,4.0,0.0,2020_2021 11월.xlsx
2020,3,나이지리아,출항환적,201.0,201.0,0.0,531.25,531.25,0.0,2020_2021 11월.xlsx
2020,3,남아프리카,출항환적,428.0,428.0,0.0,1247.0,1247.0,0.0,2020_2021 11월.xlsx
2020,3,네덜란드,출항환적,2081.0,2079.0,2.0,7176.25,7171.25,5.0,2020_2021 11월.xlsx
2020,3,노르웨이,출항환적,61.0,61.0,0.0,150.0,150.0,0.0,2020_2021 11월.xlsx
2020,3,뉴질랜드,출항환적,1669.0,1449.0,220.0,3608.0,2938.0,670.0,2020_2021 11월.xlsx
2020,3,뉴칼레도니아,출항환적,406.0,330.0,76.0,842.0,698.0,144.0,2020_2021 11월.xlsx
2020,3,니카라과,출항환적,205.0,205.0,0.0,418.75,418.75,0.0,2020_2021 11월.xlsx
2020,3,대만,출항환적,9379.25,8388.25,991.0,23004.5,20579.5,2425.0,2020_2021 11월.xlsx
2020,3,대한민국,출항환적,19931.5,19204.5,727.0,55800.0,54484.0,1316.0,2020_2021 11월.xlsx
2020,3,덴마크,출항환적,348.0,348.0,0.0,736.0,736.0,0.0,2020_2021 11월.xlsx
2020,3,도미니카 공화국,출항환적,1235.5,1235.5,0.0,3429.75,3429.75,0.0,2020_2021 11월.xlsx
2020,3,도미니카 연방,출항환적,7.0,7.0,0.0,19.0,19.0,0.0,2020_2021 11월.xlsx
2020,3,독일,출항환적,2153.0,2145.0,8.0,8725.75,8717.75,8.0,2020_2021 11월.xlsx
2020,3,동티모르,출항환적,,,,4.0,4.0,0.0,2020_2021 11월.xlsx
2020,3,라이베리아,출항환적,,,,1.0,1.0,0.0,2020_2021 11월.xlsx
2020,3,라트비아,출항환적,28.0,28.0,0.0,146.0,146.0,0.0,2020_2021 11월.xlsx
2020,3,러시아,출항환적,19167.75,18745.75,422.0,50226.25,49712.25,514.0,2020_2021 11월.xlsx
2020,3,레바논,출항환적,129.0,129.0,0.0,384.0,384.0,0.0,2020_2021 11월.xlsx
2020,3,레위니옹,출항환적,1.0,1.0,0.0,1.0,1.0,0.0,2020_2021 11월.xlsx
2020,3,루마니아,출항환적,323.25,323.25,0.0,1025.0,1025.0,0.0,2020_2021 11월.xlsx
2020,3,리비아,출항환적,61.5,61.5,0.0,322.75,322.75,0.0,2020_2021 11월.xlsx
2020,3,리투아니아,출항환적,60.0,60.0,0.0,129.0,129.0,0.0,2020_2021 11월.xlsx
2020,3,마다가스카르,출항환적,10.0,10.0,0.0,22.0,22.0,0.0,2020_2021 11월.xlsx
2020,3,마르티니크,출항환적,10.0,10.0,0.0,18.0,18.0,0.0,2020_2021 11월.xlsx
2020,3,마샬 제도,출항환적,108.0,108.0,0.0,325.0,325.0,0.0,2020_2021 11월.xlsx
2020,3,말레이시아,출항환적,5598.0,5565.0,33.0,14147.5,14098.5,49.0,2020_2021 11월.xlsx
2020,3,멕시코,출항환적,21560.75,21364.75,196.0,67676.0,67406.0,270.0,2020_2021 11월.xlsx
2020,3,모로코,출항환적,204.0,204.0,0.0,539.0,539.0,0.0,2020_2021 11월.xlsx
2020,3,모리셔스,출항환적,34.0,34.0,0.0,46.0,46.0,0.0,2020_2021 11월.xlsx
2020,3,모리타니,출항환적,18.0,18.0,0.0,30.0,30.0,0.0,2020_2021 11월.xlsx
2020,3,모잠비크,출항환적,64.0,64.0,0.0,126.0,126.0,0.0,2020_2021 11월.xlsx
2020,3,몬테네그로,출항환적,2.0,2.0,0.0,27.0,27.0,0.0,2020_2021 11월.xlsx
2020,3,몰디브,출항환적,4.0,4.0,0.0,18.0,18.0,0.0,2020_2021 11월.xlsx
2020,3,몰타,출항환적,8.0,8.0,0.0,70.0,70.0,0.0,2020_2021 11월.xlsx
2020,3,미국,출항환적,83976.25,83490.25,486.0,259842.0,253520.0,6322.0,2020_2021 11월.xlsx
2020,3,미국령 버진아일랜드,출항환적,3.0,3.0,0.0,3.0,3.0,0.0,2020_2021 11월.xlsx
2020,3,미얀마,출항환적,253.0,253.0,0.0,438.0,438.0,0.0,2020_2021 11월.xlsx
2020,3,미크로네시아,출항환적,98.0,98.0,0.0,300.0,300.0,0.0,2020_2021 11월.xlsx
2020,3,바누아투,출항환적,172.0,172.0,0.0,770.0,770.0,0.0,2020_2021 11월.xlsx
2020,3,바레인,출항환적,2.0,2.0,0.0,26.0,26.0,0.0,2020_2021 11월.xlsx
2020,3,바베이도스,출항환적,101.0,101.0,0.0,263.0,263.0,0.0,2020_2021 11월.xlsx
2020,3,바하마,출항환적,7284.0,51.0,7233.0,27888.0,185.0,27703.0,2020_2021 11월.xlsx
2020,3,방글라데시,출항환적,102.0,102.0,0.0,171.0,171.0,0.0,2020_2021 11월.xlsx
2020,3,베냉,출항환적,4.0,4.0,0.0,6.0,6.0,0.0,2020_2021 11월.xlsx
2020,3,베네수엘라,출항환적,377.0,377.0,0.0,2174.25,2174.25,0.0,2020_2021 11월.xlsx
2020,3,베트남,출항환적,9588.0,9494.0,94.0,23824.75,22719.0,1105.75,2020_2021 11월.xlsx
2020,3,벨기에,출항환적,834.0,834.0,0.0,2583.0,2557.0,26.0,2020_2021 11월.xlsx
2020,3,벨리즈,출항환적,29.0,29.0,0.0,45.0,45.0,0.0,2020_2021 11월.xlsx
2020,3,북마리아나 제도,출항환적,46.0,46.0,0.0,211.0,211.0,0.0,2020_2021 11월.xlsx
2020,3,불가리아,출항환적,55.0,55.0,0.0,192.0,192.0,0.0,2020_2021 11월.xlsx
2020,3,브라질,출항환적,3473.0,3473.0,0.0,9479.0,9479.0,0.0,2020_2021 11월.xlsx
2020,3,브루나이,출항환적,2.0,2.0,0.0,3.0,3.0,0.0,2020_2021 11월.xlsx
2020,3,사모아,출항환적,129.0,129.0,0.0,506.0,506.0,0.0,2020_2021 11월.xlsx
2020,3,사우디아라비아,출항환적,2535.75,2535.75,0.0,5978.25,5978.25,0.0,2020_2021 11월.xlsx
2020,3,세네갈,출항환적,28.0,28.0,0.0,57.0,57.0,0.0,2020_2021 11월.xlsx
2020,3,세이셸,출항환적,,,,6.0,6.0,0.0,2020_2021 11월.xlsx
2020,3,세인트 빈센트 그레나딘,출항환적,15.0,15.0,0.0,25.0,25.0,0.0,2020_2021 11월.xlsx
2020,3,세인트루시아,출항환적,28.0,28.0,0.0,66.0,66.0,0.0,2020_2021 11월.xlsx
2020,3,소말리아,출항환적,,,,4.0,4.0,0.0,2020_2021 11월.xlsx
2020,3,솔로몬제도,출항환적,164.0,164.0,0.0,448.0,448.0,0.0,2020_2021 11월.xlsx
2020,3,수단,출항환적,35.0,35.0,0.0,125.0,125.0,0.0,2020_2021 11월.xlsx
2020,3,수리남,출항환적,322.0,322.0,0.0,973.0,973.0,0.0,2020_2021 11월.xlsx
2020,3,스리랑카,출항환적,152.0,152.0,0.0,191.0,191.0,0.0,2020_2021 11월.xlsx
2020,3,스웨덴,출항환적,352.0,352.0,0.0,831.0,831.0,0.0,2020_2021 11월.xlsx
2020,3,스페인,출항환적,1796.0,1796.0,0.0,6549.25,6249.25,300.0,2020_2021 11월.xlsx
2020,3,슬로베니아,출항환적,387.0,387.0,0.0,1715.5,1715.5,0.0,2020_2021 11월.xlsx
2020,3,시리아,출항환적,275.5,275.5,0.0,750.25,750.25,0.0,2020_2021 11월.xlsx
2020,3,시에라 리온,출항환적,4.0,4.0,0.0,133.0,133.0,0.0,2020_2021 11월.xlsx
2020,3,싱가포르,출항환적,5931.75,4579.75,1352.0,16404.25,12864.25,3540.0,2020_2021 11월.xlsx
2020,3,아랍에미리트연합국,출항환적,4228.0,4228.0,0.0,12221.0,12221.0,0.0,2020_2021 11월.xlsx
2020,3,아루바,출항환적,,,,4.0,4.0,0.0,2020_2021 11월.xlsx
2020,3,아르헨티나,출항환적,834.0,834.0,0.0,1617.0,1617.0,0.0,2020_2021 11월.xlsx
2020,3,아메리칸사모아,출항환적,103.0,103.0,0.0,214.0,214.0,0.0,2020_2021 11월.xlsx
2020,3,아이티,출항환적,123.0,123.0,0.0,356.0,356.0,0.0,2020_2021 11월.xlsx
2020,3,아일랜드,출항환적,47.0,47.0,0.0,222.25,222.25,0.0,2020_2021 11월.xlsx
2020,3,알바니아,출항환적,9.0,9.0,0.0,15.0,15.0,0.0,2020_2021 11월.xlsx
2020,3,알제리,출항환적,175.75,175.75,0.0,669.25,669.25,0.0,2020_2021 11월.xlsx
2020,3,앙골라,출항환적,1.0,1.0,0.0,4.0,4.0,0.0,2020_2021 11월.xlsx
2020,3,앤티가 바부다,출항환적,4.0,4.0,0.0,14.0,14.0,0.0,2020_2021 11월.xlsx
2020,3,앤틸리스제도,출항환적,12.0,12.0,0.0,53.0,53.0,0.0,2020_2021 11월.xlsx
2020,3,에스토니아,출항환적,11.0,11.0,0.0,57.0,57.0,0.0,2020_2021 11월.xlsx
2020,3,에콰도르,출항환적,5702.0,2654.0,3048.0,14696.0,7582.0,7114.0,2020_2021 11월.xlsx
2020,3,엘살바도르,출항환적,385.25,385.25,0.0,1203.25,1203.25,0.0,2020_2021 11월.xlsx
2020,3,영국,출항환적,1022.0,1014.0,8.0,3615.0,3607.0,8.0,2020_2021 11월.xlsx
2020,3,영국령 버진아일랜드,출항환적,,,,8.0,8.0,0.0,2020_2021 11월.xlsx
2020,3,예멘,출항환적,,,,11.0,11.0,0.0,2020_2021 11월.xlsx
2020,3,오만,출항환적,184.0,184.0,0.0,751.25,739.25,12.0,2020_2021 11월.xlsx
2020,3,온두라스,출항환적,299.0,299.0,0.0,884.0,884.0,0.0,2020_2021 11월.xlsx
2020,3,요르단,출항환적,206.0,206.0,0.0,765.0,765.0,0.0,2020_2021 11월.xlsx
2020,3,우루과이,출항환적,118.0,118.0,0.0,246.0,246.0,0.0,2020_2021 11월.xlsx
2020,3,우크라이나,출항환적,661.25,661.25,0.0,1764.0,1764.0,0.0,2020_2021 11월.xlsx
2020,3,이라크,출항환적,36.0,36.0,0.0,163.25,163.25,0.0,2020_2021 11월.xlsx
2020,3,이스라엘,출항환적,924.0,902.0,22.0,3262.25,3195.25,67.0,2020_2021 11월.xlsx
2020,3,이집트,출항환적,2061.0,2033.0,28.0,6016.0,5824.0,192.0,2020_2021 11월.xlsx
2020,3,이탈리아,출항환적,1764.0,1756.0,8.0,5627.0,5549.0,78.0,2020_2021 11월.xlsx
2020,3,인도,출항환적,4237.0,4237.0,0.0,11519.75,11516.75,3.0,2020_2021 11월.xlsx
2020,3,인도네시아,출항환적,6030.25,6030.25,0.0,13491.25,13491.25,0.0,2020_2021 11월.xlsx
2020,3,일본,출항환적,85970.0,83328.0,2642.0,242304.0,236928.0,5376.0,2020_2021 11월.xlsx
2020,3,자메이카,출항환적,656.0,656.0,0.0,2760.5,2760.5,0.0,2020_2021 11월.xlsx
2020,3,적도 기니,출항환적,,,,2.0,2.0,0.0,2020_2021 11월.xlsx
2020,3,조지아,출항환적,128.0,128.0,0.0,400.0,400.0,0.0,2020_2021 11월.xlsx
2020,3,중국,출항환적,116036.75,93166.75,22870.0,312462.25,242458.25,70004.0,2020_2021 11월.xlsx
2020,3,지부티,출항환적,68.0,68.0,0.0,111.0,111.0,0.0,2020_2021 11월.xlsx
2020,3,칠레,출항환적,14391.0,12585.0,1806.0,43625.0,39771.0,3854.0,2020_2021 11월.xlsx
2020,3,카메룬,출항환적,38.0,38.0,0.0,43.0,43.0,0.0,2020_2021 11월.xlsx
2020,3,카보 베르데,출항환적,,,,1.0,1.0,0.0,2020_2021 11월.xlsx
2020,3,카타르,출항환적,355.0,355.0,0.0,904.25,904.25,0.0,2020_2021 11월.xlsx
2020,3,캄보디아,출항환적,17.0,17.0,0.0,71.75,71.75,0.0,2020_2021 11월.xlsx
2020,3,캐나다,출항환적,23316.5,22891.5,425.0,64619.25,64166.25,453.0,2020_2021 11월.xlsx
2020,3,케냐,출항환적,50.0,50.0,0.0,153.0,153.0,0.0,2020_2021 11월.xlsx
2020,3,케이맨 제도,출항환적,5.0,5.0,0.0,14.0,14.0,0.0,2020_2021 11월.xlsx
2020,3,코스타리카,출항환적,511.25,511.25,0.0,1774.5,1774.5,0.0,2020_2021 11월.xlsx
2020,3,코트디부아르,출항환적,48.0,48.0,0.0,51.0,51.0,0.0,2020_2021 11월.xlsx
2020,3,콜롬비아,출항환적,5246.0,5174.0,72.0,16523.25,16451.25,72.0,2020_2021 11월.xlsx
2020,3,콩고,출항환적,,,,4.0,4.0,0.0,2020_2021 11월.xlsx
2020,3,콩고 민주 공화국,출항환적,9.0,9.0,0.0,9.0,9.0,0.0,2020_2021 11월.xlsx
2020,3,쿠바,출항환적,211.0,211.0,0.0,506.0,506.0,0.0,2020_2021 11월.xlsx
2020,3,쿠웨이트,출항환적,83.0,83.0,0.0,235.0,235.0,0.0,2020_2021 11월.xlsx
2020,3,퀴라소,출항환적,2.0,2.0,0.0,2.0,2.0,0.0,2020_2021 11월.xlsx
2020,3,크로아티아,출항환적,81.0,81.0,0.0,447.75,447.75,0.0,2020_2021 11월.xlsx
2020,3,키리바시,출항환적,117.0,117.0,0.0,386.0,386.0,0.0,2020_2021 11월.xlsx
2020,3,키프로스,출항환적,34.0,34.0,0.0,58.0,58.0,0.0,2020_2021 11월.xlsx
2020,3,탄자니아,출항환적,50.0,50.0,0.0,76.0,76.0,0.0,2020_2021 11월.xlsx
2020,3,태국,출항환적,8465.0,8464.0,1.0,22783.0,22781.0,2.0,2020_2021 11월.xlsx
2020,3,토고,출항환적,19.0,19.0,0.0,45.0,45.0,0.0,2020_2021 11월.xlsx
2020,3,통가,출항환적,54.0,54.0,0.0,173.0,173.0,0.0,2020_2021 11월.xlsx
2020,3,튀니지,출항환적,110.0,110.0,0.0,453.0,453.0,0.0,2020_2021 11월.xlsx
2020,3,튀르키예,출항환적,3212.0,3212.0,0.0,7977.0,7977.0,0.0,2020_2021 11월.xlsx
2020,3,트리니다드 토바고,출항환적,364.0,364.0,0.0,885.25,885.25,0.0,2020_2021 11월.xlsx
2020,3,파나마,출항환적,4231.0,3523.0,708.0,16346.5,11466.0,4880.5,2020_2021 11월.xlsx
2020,3,파라과이,출항환적,44.0,44.0,0.0,107.0,107.0,0.0,2020_2021 11월.xlsx
2020,3,파키스탄,출항환적,534.0,534.0,0.0,1656.25,1656.25,0.0,2020_2021 11월.xlsx
2020,3,파푸아 뉴기니,출항환적,386.0,385.0,1.0,1410.0,1409.0,1.0,2020_2021 11월.xlsx
2020,3,팔라우,출항환적,6.0,6.0,0.0,10.0,10.0,0.0,2020_2021 11월.xlsx
2020,3,페루,출항환적,4758.5,4338.5,420.0,14092.5,13524.5,568.0,2020_2021 11월.xlsx
2020,3,포르투갈,출항환적,55.0,55.0,0.0,127.0,127.0,0.0,2020_2021 11월.xlsx
2020,3,폴란드,출항환적,160.0,160.0,0.0,516.0,516.0,0.0,2020_2021 11월.xlsx
2020,3,푸에르토리코,출항환적,137.0,137.0,0.0,546.0,546.0,0.0,2020_2021 11월.xlsx
2020,3,프랑스,출항환적,926.0,926.0,0.0,2620.25,2618.25,2.0,2020_2021 11월.xlsx
2020,3,프랑스령 기아나,출항환적,,,,2.0,2.0,0.0,2020_2021 11월.xlsx
2020,3,프랑스령 폴리네시아,출항환적,64.0,60.0,4.0,190.0,186.0,4.0,2020_2021 11월.xlsx
2020,3,피지,출항환적,414.0,414.0,0.0,1036.0,1033.0,3.0,2020_2021 11월.xlsx
2020,3,핀란드,출항환적,49.0,49.0,0.0,200.0,200.0,0.0,2020_2021 11월.xlsx
2020,3,필리핀,출항환적,5290.5,5290.5,0.0,14458.5,14458.5,0.0,2020_2021 11월.xlsx
2020,3,호주,출항환적,2270.0,2240.0,30.0,6384.25,6119.25,265.0,2020_2021 11월.xlsx
2020,3,홍콩,출항환적,3801.5,3801.5,0.0,10859.0,10693.0,166.0,2020_2021 11월.xlsx
2020,4,가나,입항,72.0,72.0,0.0,245.0,245.0,0.0,2020_2021 10월.xlsx
2020,4,가이아나,입항,2.0,2.0,0.0,34.0,34.0,0.0,2020_2021 10월.xlsx
2020,4,감비아,입항,4.0,4.0,0.0,28.0,28.0,0.0,2020_2021 10월.xlsx
2020,4,과테말라,입항,635.0,142.0,493.0,2026.0,1020.0,1006.0,2020_2021 10월.xlsx
2020,4,괌,입항,1448.25,61.0,1387.25,3371.0,238.0,3133.0,2020_2021 10월.xlsx
2020,4,그리스,입항,677.0,397.0,280.0,4272.0,1395.0,2877.0,2020_2021 10월.xlsx
2020,4,기니,입항,81.0,81.0,0.0,454.0,454.0,0.0,2020_2021 10월.xlsx
2020,4,기니비사우,입항,4.0,4.0,0.0,16.0,16.0,0.0,2020_2021 10월.xlsx
2020,4,나미비아,입항,,,,164.0,164.0,0.0,2020_2021 10월.xlsx
2020,4,나이지리아,입항,68.0,68.0,0.0,363.0,362.0,1.0,2020_2021 10월.xlsx
2020,4,남아프리카,입항,1022.0,963.0,59.0,2917.0,2845.0,72.0,2020_2021 10월.xlsx
2020,4,네덜란드,입항,7920.5,7304.5,616.0,26884.75,25101.75,1783.0,2020_2021 10월.xlsx
2020,4,노르웨이,입항,380.0,380.0,0.0,1854.0,1840.0,14.0,2020_2021 10월.xlsx
2020,4,뉴질랜드,입항,2891.0,2556.0,335.0,12107.0,9065.0,3042.0,2020_2021 10월.xlsx
2020,4,뉴칼레도니아,입항,90.0,53.0,37.0,768.0,160.0,608.0,2020_2021 10월.xlsx
2020,4,니카라과,입항,47.0,47.0,0.0,320.0,317.0,3.0,2020_2021 10월.xlsx
2020,4,대만,입항,6931.25,4076.0,2855.25,25124.75,16059.25,9065.5,2020_2021 10월.xlsx
2020,4,대한민국,입항,3541.0,8.0,3533.0,18102.25,74.0,18028.25,2020_2021 10월.xlsx
2020,4,덴마크,입항,727.0,725.0,2.0,3215.0,3198.0,17.0,2020_2021 10월.xlsx
2020,4,도미니카 공화국,입항,207.0,207.0,0.0,582.0,578.0,4.0,2020_2021 10월.xlsx
2020,4,도미니카 연방,입항,,,,2.0,2.0,0.0,2020_2021 10월.xlsx
2020,4,독일,입항,11076.25,10056.25,1020.0,38913.5,32668.5,6245.0,2020_2021 10월.xlsx
2020,4,라이베리아,입항,1.0,1.0,0.0,11.0,11.0,0.0,2020_2021 10월.xlsx
2020,4,라트비아,입항,1049.0,1049.0,0.0,3418.0,3418.0,0.0,2020_2021 10월.xlsx
2020,4,러시아,입항,8746.0,3076.0,5670.0,32425.0,11563.0,20862.0,2020_2021 10월.xlsx
2020,4,레바논,입항,890.0,45.0,845.0,1090.0,168.0,922.0,2020_2021 10월.xlsx
2020,4,레위니옹,입항,1.0,1.0,0.0,9.0,9.0,0.0,2020_2021 10월.xlsx
2020,4,루마니아,입항,692.0,197.0,495.0,2553.0,933.0,1620.0,2020_2021 10월.xlsx
2020,4,리비아,입항,42.0,42.0,0.0,278.0,278.0,0.0,2020_2021 10월.xlsx
2020,4,리투아니아,입항,373.0,373.0,0.0,1362.0,1362.0,0.0,2020_2021 10월.xlsx
2020,4,마다가스카르,입항,5.0,5.0,0.0,144.0,144.0,0.0,2020_2021 10월.xlsx
2020,4,마샬 제도,입항,422.0,14.0,408.0,1362.0,41.0,1321.0,2020_2021 10월.xlsx
2020,4,말레이시아,입항,9870.0,3674.0,6196.0,35130.25,20418.25,14712.0,2020_2021 10월.xlsx
2020,4,말리,입항,2.0,2.0,0.0,2.0,2.0,0.0,2020_2021 10월.xlsx
2020,4,멕시코,입항,6359.0,2597.0,3762.0,25985.0,10571.0,15414.0,2020_2021 10월.xlsx
2020,4,모로코,입항,122.0,122.0,0.0,537.0,537.0,0.0,2020_2021 10월.xlsx
2020,4,모리셔스,입항,39.0,39.0,0.0,126.0,126.0,0.0,2020_2021 10월.xlsx
2020,4,모리타니,입항,5.0,5.0,0.0,53.0,53.0,0.0,2020_2021 10월.xlsx
2020,4,모잠비크,입항,77.0,77.0,0.0,457.0,457.0,0.0,2020_2021 10월.xlsx
2020,4,몬테네그로,입항,69.0,69.0,0.0,236.0,236.0,0.0,2020_2021 10월.xlsx
2020,4,몰타,입항,568.0,22.0,546.0,636.0,90.0,546.0,2020_2021 10월.xlsx
2020,4,미국,입항,67716.5,51287.25,16429.25,264985.0,181990.25,82994.75,2020_2021 10월.xlsx
2020,4,미얀마,입항,507.0,507.0,0.0,2700.0,2083.0,617.0,2020_2021 10월.xlsx
2020,4,미크로네시아,입항,7.0,0.0,7.0,83.0,7.0,76.0,2020_2021 10월.xlsx
2020,4,바누아투,입항,106.0,2.0,104.0,376.0,3.0,373.0,2020_2021 10월.xlsx
2020,4,바레인,입항,115.0,115.0,0.0,281.0,281.0,0.0,2020_2021 10월.xlsx
2020,4,바베이도스,입항,8.0,8.0,0.0,8.0,8.0,0.0,2020_2021 10월.xlsx
2020,4,바하마,입항,,,,2.0,2.0,0.0,2020_2021 10월.xlsx
2020,4,방글라데시,입항,548.0,498.0,50.0,2698.0,2330.0,368.0,2020_2021 10월.xlsx
2020,4,베네수엘라,입항,30.0,30.0,0.0,241.0,241.0,0.0,2020_2021 10월.xlsx
2020,4,베트남,입항,13435.75,12487.0,948.75,51970.5,46260.0,5710.5,2020_2021 10월.xlsx
2020,4,벨기에,입항,3469.5,3468.5,1.0,14861.75,14790.75,71.0,2020_2021 10월.xlsx
2020,4,북마리아나 제도,입항,52.0,17.0,35.0,2621.75,64.0,2557.75,2020_2021 10월.xlsx
2020,4,불가리아,입항,45.0,44.0,1.0,313.0,309.0,4.0,2020_2021 10월.xlsx
2020,4,브라질,입항,2564.0,2212.0,352.0,10832.0,9085.0,1747.0,2020_2021 10월.xlsx
2020,4,브루나이,입항,2.0,2.0,0.0,43.0,43.0,0.0,2020_2021 10월.xlsx
2020,4,사모아,입항,469.0,3.0,466.0,1551.0,11.0,1540.0,2020_2021 10월.xlsx
2020,4,사우디아라비아,입항,2463.0,719.0,1744.0,10906.75,2577.0,8329.75,2020_2021 10월.xlsx
2020,4,세네갈,입항,51.0,51.0,0.0,243.0,243.0,0.0,2020_2021 10월.xlsx
2020,4,세이셸,입항,6.0,6.0,0.0,16.0,16.0,0.0,2020_2021 10월.xlsx
2020,4,소말리아,입항,4.0,4.0,0.0,11.0,11.0,0.0,2020_2021 10월.xlsx
2020,4,솔로몬제도,입항,2.0,2.0,0.0,3.0,3.0,0.0,2020_2021 10월.xlsx
2020,4,수단,입항,19.0,19.0,0.0,96.0,96.0,0.0,2020_2021 10월.xlsx
2020,4,수리남,입항,131.0,131.0,0.0,427.0,427.0,0.0,2020_2021 10월.xlsx
2020,4,스리랑카,입항,184.0,184.0,0.0,1058.0,1027.0,31.0,2020_2021 10월.xlsx
2020,4,스웨덴,입항,1350.0,1350.0,0.0,4681.0,4674.0,7.0,2020_2021 10월.xlsx
2020,4,스페인,입항,3425.25,2509.25,916.0,13286.5,10688.5,2598.0,2020_2021 10월.xlsx
2020,4,슬로베니아,입항,973.25,926.25,47.0,4712.5,4653.5,59.0,2020_2021 10월.xlsx
2020,4,시에라 리온,입항,15.0,15.0,0.0,106.0,106.0,0.0,2020_2021 10월.xlsx
2020,4,싱가포르,입항,4754.5,3139.0,1615.5,16301.25,12233.0,4068.25,2020_2021 10월.xlsx
2020,4,아랍에미리트연합국,입항,6520.5,1268.0,5252.5,25493.75,5544.5,19949.25,2020_2021 10월.xlsx
2020,4,아르헨티나,입항,890.0,560.0,330.0,2217.0,1163.0,1054.0,2020_2021 10월.xlsx
2020,4,아메리칸사모아,입항,165.0,2.0,163.0,716.0,45.0,671.0,2020_2021 10월.xlsx
2020,4,아이슬란드,입항,,,,84.0,84.0,0.0,2020_2021 10월.xlsx
2020,4,아이티,입항,6.0,6.0,0.0,12.0,12.0,0.0,2020_2021 10월.xlsx
2020,4,아일랜드,입항,102.0,92.0,10.0,549.0,487.0,62.0,2020_2021 10월.xlsx
2020,4,알바니아,입항,1.0,1.0,0.0,3.0,3.0,0.0,2020_2021 10월.xlsx
2020,4,알제리,입항,18.0,1.0,17.0,60.0,1.0,59.0,2020_2021 10월.xlsx
2020,4,앙골라,입항,63.0,11.0,52.0,155.0,33.0,122.0,2020_2021 10월.xlsx
2020,4,앤틸리스제도,입항,2.0,2.0,0.0,5.0,5.0,0.0,2020_2021 10월.xlsx
2020,4,에스토니아,입항,544.0,544.0,0.0,2189.0,2189.0,0.0,2020_2021 10월.xlsx
2020,4,에콰도르,입항,2163.0,351.0,1812.0,4043.5,1227.0,2816.5,2020_2021 10월.xlsx
2020,4,엘살바도르,입항,35.0,34.0,1.0,246.0,242.0,4.0,2020_2021 10월.xlsx
2020,4,영국,입항,1485.0,1328.0,157.0,6642.0,5926.0,716.0,2020_2021 10월.xlsx
2020,4,예멘,입항,132.0,132.0,0.0,549.0,549.0,0.0,2020_2021 10월.xlsx
2020,4,오만,입항,870.0,209.0,661.0,3958.0,438.0,3520.0,2020_2021 10월.xlsx
2020,4,온두라스,입항,99.0,99.0,0.0,296.0,296.0,0.0,2020_2021 10월.xlsx
2020,4,요르단,입항,257.0,46.0,211.0,1087.0,432.0,655.0,2020_2021 10월.xlsx
2020,4,우루과이,입항,70.0,48.0,22.0,371.0,261.0,110.0,2020_2021 10월.xlsx
2020,4,우크라이나,입항,275.0,122.0,153.0,1720.0,932.0,788.0,2020_2021 10월.xlsx
2020,4,이라크,입항,,,,1474.0,10.0,1464.0,2020_2021 10월.xlsx
2020,4,이란,입항,5.0,5.0,0.0,94.0,24.0,70.0,2020_2021 10월.xlsx
2020,4,이스라엘,입항,479.0,300.0,179.0,2530.0,1400.0,1130.0,2020_2021 10월.xlsx
2020,4,이집트,입항,1221.0,525.0,696.0,7176.0,1680.0,5496.0,2020_2021 10월.xlsx
2020,4,이탈리아,입항,3818.5,3731.5,87.0,19529.0,16097.0,3432.0,2020_2021 10월.xlsx
2020,4,인도,입항,7682.0,4947.0,2735.0,41827.25,23936.0,17891.25,2020_2021 10월.xlsx
2020,4,인도네시아,입항,6962.5,5108.0,1854.5,28038.0,20096.25,7941.75,2020_2021 10월.xlsx
2020,4,일본,입항,75249.5,21611.5,53638.0,300977.25,83266.0,217711.25,2020_2021 10월.xlsx
2020,4,자메이카,입항,452.0,50.0,402.0,6703.0,141.0,6562.0,2020_2021 10월.xlsx
2020,4,조지아,입항,5.0,5.0,0.0,66.0,66.0,0.0,2020_2021 10월.xlsx
2020,4,중국,입항,101870.75,82409.75,19461.0,354431.0,273507.0,80924.0,2020_2021 10월.xlsx
2020,4,지부티,입항,67.0,67.0,0.0,220.0,220.0,0.0,2020_2021 10월.xlsx
2020,4,체코,입항,3.0,3.0,0.0,34.0,34.0,0.0,2020_2021 10월.xlsx
2020,4,칠레,입항,7582.0,7091.0,491.0,25896.0,23228.0,2668.0,2020_2021 10월.xlsx
2020,4,카메룬,입항,,,,7.0,7.0,0.0,2020_2021 10월.xlsx
2020,4,카타르,입항,754.0,641.0,113.0,1820.0,1606.0,214.0,2020_2021 10월.xlsx
2020,4,캄보디아,입항,119.0,119.0,0.0,638.0,636.0,2.0,2020_2021 10월.xlsx
2020,4,캐나다,입항,6387.75,4928.75,1459.0,24658.25,18516.5,6141.75,2020_2021 10월.xlsx
2020,4,케냐,입항,34.0,34.0,0.0,119.0,119.0,0.0,2020_2021 10월.xlsx
2020,4,코스타리카,입항,145.0,142.0,3.0,601.0,593.0,8.0,2020_2021 10월.xlsx
2020,4,코트디부아르,입항,5.0,5.0,0.0,15.0,15.0,0.0,2020_2021 10월.xlsx
2020,4,콜롬비아,입항,678.0,658.0,20.0,5159.0,1811.0,3348.0,2020_2021 10월.xlsx
2020,4,콩고,입항,5.0,5.0,0.0,107.0,11.0,96.0,2020_2021 10월.xlsx
2020,4,콩고 민주 공화국,입항,12.0,12.0,0.0,19.0,19.0,0.0,2020_2021 10월.xlsx
2020,4,쿠웨이트,입항,51.0,51.0,0.0,190.0,190.0,0.0,2020_2021 10월.xlsx
2020,4,크로아티아,입항,87.0,60.0,27.0,345.0,317.0,28.0,2020_2021 10월.xlsx
2020,4,키리바시,입항,,,,742.0,0.0,742.0,2020_2021 10월.xlsx
2020,4,키프로스,입항,13.0,13.0,0.0,61.0,61.0,0.0,2020_2021 10월.xlsx
2020,4,탄자니아,입항,351.0,351.0,0.0,988.0,988.0,0.0,2020_2021 10월.xlsx
2020,4,태국,입항,7332.5,7091.0,241.5,27532.5,25293.0,2239.5,2020_2021 10월.xlsx
2020,4,토고,입항,116.0,116.0,0.0,460.0,460.0,0.0,2020_2021 10월.xlsx
2020,4,통가,입항,1.0,1.0,0.0,538.0,13.0,525.0,2020_2021 10월.xlsx
2020,4,튀니지,입항,39.0,36.0,3.0,218.0,215.0,3.0,2020_2021 10월.xlsx
2020,4,튀르키예,입항,1151.75,955.75,196.0,9483.5,5947.5,3536.0,2020_2021 10월.xlsx
2020,4,트리니다드 토바고,입항,74.0,74.0,0.0,303.0,303.0,0.0,2020_2021 10월.xlsx
2020,4,파나마,입항,2159.0,35.0,2124.0,23029.25,453.0,22576.25,2020_2021 10월.xlsx
2020,4,파라과이,입항,29.0,29.0,0.0,93.0,93.0,0.0,2020_2021 10월.xlsx
2020,4,파키스탄,입항,849.75,562.0,287.75,5811.5,2129.0,3682.5,2020_2021 10월.xlsx
2020,4,파푸아 뉴기니,입항,18.0,18.0,0.0,114.0,114.0,0.0,2020_2021 10월.xlsx
2020,4,팔라우,입항,12.0,12.0,0.0,39.0,26.0,13.0,2020_2021 10월.xlsx
2020,4,페루,입항,1891.0,1815.0,76.0,9955.0,7559.0,2396.0,2020_2021 10월.xlsx
2020,4,포르투갈,입항,267.0,267.0,0.0,1040.0,1040.0,0.0,2020_2021 10월.xlsx
2020,4,폴란드,입항,1185.0,1185.0,0.0,3788.5,3734.5,54.0,2020_2021 10월.xlsx
2020,4,푸에르토리코,입항,150.0,150.0,0.0,648.0,648.0,0.0,2020_2021 10월.xlsx
2020,4,프랑스,입항,2327.0,2297.0,30.0,8619.25,8025.25,594.0,2020_2021 10월.xlsx
2020,4,프랑스령 기아나,입항,,,,2.0,2.0,0.0,2020_2021 10월.xlsx
2020,4,프랑스령 폴리네시아,입항,285.0,7.0,278.0,721.0,20.0,701.0,2020_2021 10월.xlsx
2020,4,피지,입항,19.0,19.0,0.0,435.0,117.0,318.0,2020_2021 10월.xlsx
2020,4,핀란드,입항,911.0,895.0,16.0,3519.0,3463.0,56.0,2020_2021 10월.xlsx
2020,4,필리핀,입항,4166.25,1139.0,3027.25,21791.25,7036.0,14755.25,2020_2021 10월.xlsx
2020,4,헝가리,입항,8.0,8.0,0.0,84.0,84.0,0.0,2020_2021 10월.xlsx
2020,4,호주,입항,14473.0,7720.0,6753.0,50881.0,24488.0,26393.0,2020_2021 10월.xlsx
2020,4,홍콩,입항,3224.0,2879.0,345.0,12069.0,9045.0,3024.0,2020_2021 10월.xlsx
2020,4,가나,입항환적,116.0,116.0,0.0,186.0,186.0,0.0,2020_2021 10월.xlsx
2020,4,가봉,입항환적,2.0,2.0,0.0,89.0,89.0,0.0,2020_2021 10월.xlsx
2020,4,가이아나,입항환적,22.0,22.0,0.0,654.0,654.0,0.0,2020_2021 10월.xlsx
2020,4,감비아,입항환적,,,,10.0,10.0,0.0,2020_2021 10월.xlsx
2020,4,과들루프,입항환적,,,,14.0,14.0,0.0,2020_2021 10월.xlsx
2020,4,과테말라,입항환적,561.0,561.0,0.0,1621.0,1621.0,0.0,2020_2021 10월.xlsx
2020,4,괌,입항환적,259.75,146.75,113.0,899.75,638.75,261.0,2020_2021 10월.xlsx
2020,4,그리스,입항환적,646.0,220.0,426.0,1560.0,872.0,688.0,2020_2021 10월.xlsx
2020,4,기니비사우,입항환적,,,,4.0,4.0,0.0,2020_2021 10월.xlsx
2020,4,나미비아,입항환적,6.0,6.0,0.0,15.0,15.0,0.0,2020_2021 10월.xlsx
2020,4,나이지리아,입항환적,170.0,170.0,0.0,363.0,331.0,32.0,2020_2021 10월.xlsx
2020,4,남아프리카,입항환적,827.0,797.0,30.0,2298.0,2268.0,30.0,2020_2021 10월.xlsx
2020,4,네덜란드,입항환적,2412.0,2412.0,0.0,8891.0,8876.0,15.0,2020_2021 10월.xlsx
2020,4,노르웨이,입항환적,124.0,124.0,0.0,674.0,674.0,0.0,2020_2021 10월.xlsx
2020,4,뉴질랜드,입항환적,2602.0,1947.0,655.0,10084.0,7585.0,2499.0,2020_2021 10월.xlsx
2020,4,뉴칼레도니아,입항환적,694.0,694.0,0.0,2386.0,2358.0,28.0,2020_2021 10월.xlsx
2020,4,니카라과,입항환적,316.0,316.0,0.0,1061.0,1061.0,0.0,2020_2021 10월.xlsx
2020,4,대만,입항환적,4600.0,4597.0,3.0,24734.5,24581.5,153.0,2020_2021 10월.xlsx
2020,4,대한민국,입항환적,8884.0,8803.0,81.0,34093.0,32196.0,1897.0,2020_2021 10월.xlsx
2020,4,덴마크,입항환적,201.0,201.0,0.0,1240.0,1240.0,0.0,2020_2021 10월.xlsx
2020,4,도미니카 공화국,입항환적,142.0,142.0,0.0,231.0,231.0,0.0,2020_2021 10월.xlsx
2020,4,독일,입항환적,2982.0,2139.0,843.0,11502.0,9430.0,2072.0,2020_2021 10월.xlsx
2020,4,동티모르,입항환적,1.0,1.0,0.0,1.0,1.0,0.0,2020_2021 10월.xlsx
2020,4,라트비아,입항환적,385.0,385.0,0.0,1202.0,1202.0,0.0,2020_2021 10월.xlsx
2020,4,러시아,입항환적,13400.5,12324.0,1076.5,57641.5,54664.0,2977.5,2020_2021 10월.xlsx
2020,4,레바논,입항환적,24.0,24.0,0.0,48.0,48.0,0.0,2020_2021 10월.xlsx
2020,4,레위니옹,입항환적,,,,6.0,6.0,0.0,2020_2021 10월.xlsx
2020,4,루마니아,입항환적,513.0,513.0,0.0,2583.0,2583.0,0.0,2020_2021 10월.xlsx
2020,4,리투아니아,입항환적,39.0,39.0,0.0,240.0,240.0,0.0,2020_2021 10월.xlsx
2020,4,마다가스카르,입항환적,3.0,3.0,0.0,30.0,30.0,0.0,2020_2021 10월.xlsx
2020,4,마르티니크,입항환적,,,,18.0,18.0,0.0,2020_2021 10월.xlsx
2020,4,마샬 제도,입항환적,24.0,24.0,0.0,189.0,173.0,16.0,2020_2021 10월.xlsx
2020,4,말레이시아,입항환적,5430.0,4975.0,455.0,30312.75,29703.75,609.0,2020_2021 10월.xlsx
2020,4,멕시코,입항환적,4687.75,4011.0,676.75,18151.75,15472.0,2679.75,2020_2021 10월.xlsx
2020,4,모로코,입항환적,36.0,36.0,0.0,340.0,340.0,0.0,2020_2021 10월.xlsx
2020,4,모리셔스,입항환적,16.0,16.0,0.0,217.0,217.0,0.0,2020_2021 10월.xlsx
2020,4,모리타니,입항환적,2.0,2.0,0.0,316.0,316.0,0.0,2020_2021 10월.xlsx
2020,4,모잠비크,입항환적,35.0,35.0,0.0,97.0,97.0,0.0,2020_2021 10월.xlsx
2020,4,몬테네그로,입항환적,,,,7.0,7.0,0.0,2020_2021 10월.xlsx
2020,4,몰디브,입항환적,,,,6.0,6.0,0.0,2020_2021 10월.xlsx
2020,4,몰타,입항환적,17.0,17.0,0.0,182.0,182.0,0.0,2020_2021 10월.xlsx
2020,4,미국,입항환적,67524.75,58215.0,9309.75,261284.0,208800.25,52483.75,2020_2021 10월.xlsx
2020,4,미얀마,입항환적,244.0,244.0,0.0,1392.0,998.0,394.0,2020_2021 10월.xlsx
2020,4,미크로네시아,입항환적,5.0,3.0,2.0,53.0,49.0,4.0,2020_2021 10월.xlsx
2020,4,바누아투,입항환적,6.0,6.0,0.0,270.0,20.0,250.0,2020_2021 10월.xlsx
2020,4,바레인,입항환적,85.0,85.0,0.0,234.0,234.0,0.0,2020_2021 10월.xlsx
2020,4,바베이도스,입항환적,,,,10.0,10.0,0.0,2020_2021 10월.xlsx
2020,4,바하마,입항환적,,,,1.0,0.0,1.0,2020_2021 10월.xlsx
2020,4,방글라데시,입항환적,442.5,442.5,0.0,2362.25,2362.25,0.0,2020_2021 10월.xlsx
2020,4,베네수엘라,입항환적,14.0,14.0,0.0,132.0,132.0,0.0,2020_2021 10월.xlsx
2020,4,베트남,입항환적,8752.25,8752.25,0.0,41106.25,40975.25,131.0,2020_2021 10월.xlsx
2020,4,벨기에,입항환적,1797.0,1797.0,0.0,5291.25,5290.25,1.0,2020_2021 10월.xlsx
2020,4,벨리즈,입항환적,,,,13.0,13.0,0.0,2020_2021 10월.xlsx
2020,4,북마리아나 제도,입항환적,7.0,7.0,0.0,269.25,13.25,256.0,2020_2021 10월.xlsx
2020,4,불가리아,입항환적,116.0,116.0,0.0,462.0,462.0,0.0,2020_2021 10월.xlsx
2020,4,브라질,입항환적,4183.0,4161.0,22.0,18584.0,17550.0,1034.0,2020_2021 10월.xlsx
2020,4,브루나이,입항환적,6.0,6.0,0.0,10.0,10.0,0.0,2020_2021 10월.xlsx
2020,4,사모아,입항환적,6.0,6.0,0.0,99.0,60.0,39.0,2020_2021 10월.xlsx
2020,4,사우디아라비아,입항환적,1381.0,1053.0,328.0,6376.0,5491.0,885.0,2020_2021 10월.xlsx
2020,4,세네갈,입항환적,449.0,449.0,0.0,1103.0,1103.0,0.0,2020_2021 10월.xlsx
2020,4,세이셸,입항환적,6.0,6.0,0.0,65.0,65.0,0.0,2020_2021 10월.xlsx
2020,4,세인트루시아,입항환적,,,,15.0,15.0,0.0,2020_2021 10월.xlsx
2020,4,소말리아,입항환적,,,,2.0,2.0,0.0,2020_2021 10월.xlsx
2020,4,솔로몬제도,입항환적,2.0,2.0,0.0,24.0,24.0,0.0,2020_2021 10월.xlsx
2020,4,수단,입항환적,316.0,316.0,0.0,2547.0,2547.0,0.0,2020_2021 10월.xlsx
2020,4,수리남,입항환적,292.0,292.0,0.0,800.0,800.0,0.0,2020_2021 10월.xlsx
2020,4,스리랑카,입항환적,192.0,190.0,2.0,1225.75,1223.75,2.0,2020_2021 10월.xlsx
2020,4,스웨덴,입항환적,998.0,998.0,0.0,3961.0,3961.0,0.0,2020_2021 10월.xlsx
2020,4,스페인,입항환적,2153.0,1878.0,275.0,8732.0,7789.0,943.0,2020_2021 10월.xlsx
2020,4,슬로베니아,입항환적,585.0,585.0,0.0,2431.0,2431.0,0.0,2020_2021 10월.xlsx
2020,4,시에라 리온,입항환적,,,,16.0,16.0,0.0,2020_2021 10월.xlsx
2020,4,싱가포르,입항환적,2533.5,2389.25,144.25,8285.0,7934.75,350.25,2020_2021 10월.xlsx
2020,4,아랍에미리트연합국,입항환적,4647.0,2314.0,2333.0,12083.75,8876.75,3207.0,2020_2021 10월.xlsx
2020,4,아르헨티나,입항환적,890.0,840.0,50.0,3046.0,2901.0,145.0,2020_2021 10월.xlsx
2020,4,아메리칸사모아,입항환적,,,,35.0,1.0,34.0,2020_2021 10월.xlsx
2020,4,아이슬란드,입항환적,,,,95.0,95.0,0.0,2020_2021 10월.xlsx
2020,4,아이티,입항환적,,,,71.0,71.0,0.0,2020_2021 10월.xlsx
2020,4,아일랜드,입항환적,35.0,35.0,0.0,278.0,278.0,0.0,2020_2021 10월.xlsx
2020,4,알바니아,입항환적,81.0,81.0,0.0,273.0,273.0,0.0,2020_2021 10월.xlsx
2020,4,에스토니아,입항환적,45.0,45.0,0.0,165.0,165.0,0.0,2020_2021 10월.xlsx
2020,4,에콰도르,입항환적,6019.25,5265.0,754.25,19816.25,19062.0,754.25,2020_2021 10월.xlsx
2020,4,엘살바도르,입항환적,112.0,112.0,0.0,279.0,279.0,0.0,2020_2021 10월.xlsx
2020,4,영국,입항환적,514.0,514.0,0.0,2121.5,2119.5,2.0,2020_2021 10월.xlsx
2020,4,오만,입항환적,311.0,293.0,18.0,3258.0,3240.0,18.0,2020_2021 10월.xlsx
2020,4,온두라스,입항환적,17.0,17.0,0.0,194.0,194.0,0.0,2020_2021 10월.xlsx
2020,4,요르단,입항환적,682.0,21.0,661.0,1437.0,44.0,1393.0,2020_2021 10월.xlsx
2020,4,우루과이,입항환적,357.0,357.0,0.0,1260.0,1242.0,18.0,2020_2021 10월.xlsx
2020,4,우크라이나,입항환적,397.25,397.25,0.0,2840.25,2840.25,0.0,2020_2021 10월.xlsx
2020,4,원양어획지역,입항환적,63.0,63.0,0.0,183.0,183.0,0.0,2020_2021 10월.xlsx
2020,4,이라크,입항환적,,,,10.0,10.0,0.0,2020_2021 10월.xlsx
2020,4,이스라엘,입항환적,96.0,96.0,0.0,1174.0,474.0,700.0,2020_2021 10월.xlsx
2020,4,이집트,입항환적,446.0,446.0,0.0,2410.0,1899.0,511.0,2020_2021 10월.xlsx
2020,4,이탈리아,입항환적,2732.0,1857.0,875.0,9967.5,8517.25,1450.25,2020_2021 10월.xlsx
2020,4,인도,입항환적,5780.25,5780.25,0.0,23376.75,23163.75,213.0,2020_2021 10월.xlsx
2020,4,인도네시아,입항환적,10006.5,10005.5,1.0,44428.0,44339.0,89.0,2020_2021 10월.xlsx
2020,4,일본,입항환적,69046.25,53737.0,15309.25,277512.25,223269.0,54243.25,2020_2021 10월.xlsx
2020,4,자메이카,입항환적,,,,1558.0,33.0,1525.0,2020_2021 10월.xlsx
2020,4,적도 기니,입항환적,,,,24.0,24.0,0.0,2020_2021 10월.xlsx
2020,4,조지아,입항환적,55.0,55.0,0.0,444.0,444.0,0.0,2020_2021 10월.xlsx
2020,4,중국,입항환적,192372.5,179649.5,12723.0,742102.75,698128.25,43974.5,2020_2021 10월.xlsx
2020,4,지부티,입항환적,20.0,20.0,0.0,104.0,104.0,0.0,2020_2021 10월.xlsx
2020,4,차드,입항환적,1.0,1.0,0.0,1.0,1.0,0.0,2020_2021 10월.xlsx
2020,4,체코,입항환적,,,,1.0,1.0,0.0,2020_2021 10월.xlsx
2020,4,칠레,입항환적,6231.0,6201.0,30.0,24692.0,24288.0,404.0,2020_2021 10월.xlsx
2020,4,카메룬,입항환적,,,,15.0,15.0,0.0,2020_2021 10월.xlsx
2020,4,카보 베르데,입항환적,,,,8.0,8.0,0.0,2020_2021 10월.xlsx
2020,4,카타르,입항환적,340.0,340.0,0.0,917.0,917.0,0.0,2020_2021 10월.xlsx
2020,4,캄보디아,입항환적,326.0,326.0,0.0,2266.0,2266.0,0.0,2020_2021 10월.xlsx
2020,4,캐나다,입항환적,9072.25,8990.25,82.0,49716.75,44615.75,5101.0,2020_2021 10월.xlsx
2020,4,케냐,입항환적,65.0,65.0,0.0,219.0,219.0,0.0,2020_2021 10월.xlsx
2020,4,코모로,입항환적,,,,2.0,2.0,0.0,2020_2021 10월.xlsx
2020,4,코스타리카,입항환적,278.0,278.0,0.0,1229.0,1229.0,0.0,2020_2021 10월.xlsx
2020,4,코트디부아르,입항환적,8.0,8.0,0.0,68.0,68.0,0.0,2020_2021 10월.xlsx
2020,4,콜롬비아,입항환적,610.0,433.0,177.0,3238.75,1538.0,1700.75,2020_2021 10월.xlsx
2020,4,쿠바,입항환적,68.0,68.0,0.0,206.0,206.0,0.0,2020_2021 10월.xlsx
2020,4,쿠웨이트,입항환적,24.0,24.0,0.0,253.0,253.0,0.0,2020_2021 10월.xlsx
2020,4,퀴라소,입항환적,2.0,2.0,0.0,2.0,2.0,0.0,2020_2021 10월.xlsx
2020,4,크로아티아,입항환적,99.0,99.0,0.0,364.0,364.0,0.0,2020_2021 10월.xlsx
2020,4,키리바시,입항환적,1.0,1.0,0.0,12.0,1.0,11.0,2020_2021 10월.xlsx
2020,4,키프로스,입항환적,4.0,4.0,0.0,49.0,49.0,0.0,2020_2021 10월.xlsx
2020,4,탄자니아,입항환적,3.0,3.0,0.0,14.0,14.0,0.0,2020_2021 10월.xlsx
2020,4,태국,입항환적,10004.0,10000.0,4.0,39885.25,39598.25,287.0,2020_2021 10월.xlsx
2020,4,토고,입항환적,,,,21.0,21.0,0.0,2020_2021 10월.xlsx
2020,4,통가,입항환적,2.0,2.0,0.0,25.0,13.0,12.0,2020_2021 10월.xlsx
2020,4,튀니지,입항환적,8.0,8.0,0.0,25.0,25.0,0.0,2020_2021 10월.xlsx
2020,4,튀르키예,입항환적,833.0,833.0,0.0,9994.0,8014.0,1980.0,2020_2021 10월.xlsx
2020,4,트리니다드 토바고,입항환적,6.0,6.0,0.0,72.0,72.0,0.0,2020_2021 10월.xlsx
2020,4,파나마,입항환적,916.75,620.0,296.75,11503.75,5821.0,5682.75,2020_2021 10월.xlsx
2020,4,파라과이,입항환적,26.0,26.0,0.0,162.0,162.0,0.0,2020_2021 10월.xlsx
2020,4,파키스탄,입항환적,913.5,913.5,0.0,5025.0,4850.0,175.0,2020_2021 10월.xlsx
2020,4,파푸아 뉴기니,입항환적,,,,26.0,24.0,2.0,2020_2021 10월.xlsx
2020,4,페루,입항환적,1643.0,1643.0,0.0,9867.0,9535.0,332.0,2020_2021 10월.xlsx
2020,4,포르투갈,입항환적,254.0,254.0,0.0,1230.0,1230.0,0.0,2020_2021 10월.xlsx
2020,4,폴란드,입항환적,131.0,131.0,0.0,613.0,613.0,0.0,2020_2021 10월.xlsx
2020,4,푸에르토리코,입항환적,133.0,133.0,0.0,806.0,806.0,0.0,2020_2021 10월.xlsx
2020,4,프랑스,입항환적,1146.0,903.0,243.0,4615.0,4372.0,243.0,2020_2021 10월.xlsx
2020,4,프랑스령 폴리네시아,입항환적,,,,52.0,4.0,48.0,2020_2021 10월.xlsx
2020,4,피지,입항환적,9.0,9.0,0.0,95.0,82.0,13.0,2020_2021 10월.xlsx
2020,4,핀란드,입항환적,1077.0,1077.0,0.0,4377.0,4377.0,0.0,2020_2021 10월.xlsx
2020,4,필리핀,입항환적,2616.0,1528.0,1088.0,24227.25,21776.25,2451.0,2020_2021 10월.xlsx
2020,4,헝가리,입항환적,,,,2.0,2.0,0.0,2020_2021 10월.xlsx
2020,4,호주,입항환적,9272.0,8191.0,1081.0,25855.0,24288.0,1567.0,2020_2021 10월.xlsx
2020,4,홍콩,입항환적,2505.0,2285.0,220.0,10537.5,9463.75,1073.75,2020_2021 10월.xlsx
2020,4,가나,출항,270.0,270.0,0.0,932.0,932.0,0.0,2020_2021 10월.xlsx
2020,4,가봉,출항,2.0,2.0,0.0,9.0,9.0,0.0,2020_2021 10월.xlsx
2020,4,가이아나,출항,8.0,8.0,0.0,19.0,19.0,0.0,2020_2021 10월.xlsx
2020,4,감비아,출항,1.0,1.0,0.0,3.0,3.0,0.0,2020_2021 10월.xlsx
2020,4,과들루프,출항,1.0,1.0,0.0,5.0,5.0,0.0,2020_2021 10월.xlsx
2020,4,과테말라,출항,163.0,163.0,0.0,1034.0,900.0,134.0,2020_2021 10월.xlsx
2020,4,괌,출항,257.0,257.0,0.0,991.5,991.5,0.0,2020_2021 10월.xlsx
2020,4,그레나다,출항,1.0,1.0,0.0,8.0,8.0,0.0,2020_2021 10월.xlsx
2020,4,그리스,출항,940.0,940.0,0.0,4164.0,4164.0,0.0,2020_2021 10월.xlsx
2020,4,기니,출항,24.0,24.0,0.0,101.0,101.0,0.0,2020_2021 10월.xlsx
2020,4,나미비아,출항,1.0,1.0,0.0,8.0,8.0,0.0,2020_2021 10월.xlsx
2020,4,나이지리아,출항,269.0,269.0,0.0,1170.0,1170.0,0.0,2020_2021 10월.xlsx
2020,4,남아프리카,출항,372.0,354.0,18.0,2003.0,1985.0,18.0,2020_2021 10월.xlsx
2020,4,네덜란드,출항,5263.0,5214.0,49.0,23366.25,23229.25,137.0,2020_2021 10월.xlsx
2020,4,노르웨이,출항,36.0,36.0,0.0,133.0,133.0,0.0,2020_2021 10월.xlsx
2020,4,뉴질랜드,출항,1638.0,1012.0,626.0,5832.0,4749.0,1083.0,2020_2021 10월.xlsx
2020,4,뉴칼레도니아,출항,18.0,18.0,0.0,66.0,66.0,0.0,2020_2021 10월.xlsx
2020,4,니카라과,출항,108.0,108.0,0.0,387.0,387.0,0.0,2020_2021 10월.xlsx
2020,4,대만,출항,10952.25,10153.0,799.25,43460.5,41371.25,2089.25,2020_2021 10월.xlsx
2020,4,대한민국,출항,6211.0,145.0,6066.0,27939.25,496.0,27443.25,2020_2021 10월.xlsx
2020,4,덴마크,출항,240.0,240.0,0.0,760.0,760.0,0.0,2020_2021 10월.xlsx
2020,4,도미니카 공화국,출항,197.0,129.0,68.0,904.0,796.0,108.0,2020_2021 10월.xlsx
2020,4,독일,출항,5969.0,5833.0,136.0,34047.0,33522.0,525.0,2020_2021 10월.xlsx
2020,4,동티모르,출항,10.0,10.0,0.0,10.0,10.0,0.0,2020_2021 10월.xlsx
2020,4,라이베리아,출항,26.0,26.0,0.0,37.0,37.0,0.0,2020_2021 10월.xlsx
2020,4,라트비아,출항,44.0,44.0,0.0,168.25,168.25,0.0,2020_2021 10월.xlsx
2020,4,러시아,출항,9401.5,9401.5,0.0,43241.75,42738.75,503.0,2020_2021 10월.xlsx
2020,4,레바논,출항,115.0,115.0,0.0,327.0,327.0,0.0,2020_2021 10월.xlsx
2020,4,레위니옹,출항,4.0,4.0,0.0,31.0,31.0,0.0,2020_2021 10월.xlsx
2020,4,루마니아,출항,310.0,304.0,6.0,1226.0,1220.0,6.0,2020_2021 10월.xlsx
2020,4,리비아,출항,102.0,102.0,0.0,650.0,650.0,0.0,2020_2021 10월.xlsx
2020,4,리투아니아,출항,242.0,242.0,0.0,953.0,953.0,0.0,2020_2021 10월.xlsx
2020,4,마다가스카르,출항,5.0,5.0,0.0,39.0,39.0,0.0,2020_2021 10월.xlsx
2020,4,마르티니크,출항,4.0,4.0,0.0,13.0,13.0,0.0,2020_2021 10월.xlsx
2020,4,마샬 제도,출항,34.0,24.0,10.0,311.0,58.0,253.0,2020_2021 10월.xlsx
2020,4,마요트,출항,6.0,6.0,0.0,33.0,33.0,0.0,2020_2021 10월.xlsx
2020,4,말레이시아,출항,7224.25,6471.25,753.0,33540.75,32717.75,823.0,2020_2021 10월.xlsx
2020,4,멕시코,출항,10334.0,9674.0,660.0,53451.75,51181.75,2270.0,2020_2021 10월.xlsx
2020,4,모로코,출항,244.0,244.0,0.0,994.0,994.0,0.0,2020_2021 10월.xlsx
2020,4,모리셔스,출항,5.0,5.0,0.0,33.0,33.0,0.0,2020_2021 10월.xlsx
2020,4,모리타니,출항,2.0,2.0,0.0,54.0,54.0,0.0,2020_2021 10월.xlsx
2020,4,모잠비크,출항,97.0,97.0,0.0,530.0,530.0,0.0,2020_2021 10월.xlsx
2020,4,몬테네그로,출항,,,,9.0,9.0,0.0,2020_2021 10월.xlsx
2020,4,몰디브,출항,6.0,6.0,0.0,14.0,14.0,0.0,2020_2021 10월.xlsx
2020,4,몰타,출항,73.0,43.0,30.0,155.0,115.0,40.0,2020_2021 10월.xlsx
2020,4,미국,출항,57213.0,55927.0,1286.0,263744.75,254751.75,8993.0,2020_2021 10월.xlsx
2020,4,미얀마,출항,148.0,148.0,0.0,621.25,621.25,0.0,2020_2021 10월.xlsx
2020,4,미크로네시아,출항,29.0,24.0,5.0,96.0,86.0,10.0,2020_2021 10월.xlsx
2020,4,바누아투,출항,100.0,6.0,94.0,155.0,53.0,102.0,2020_2021 10월.xlsx
2020,4,바레인,출항,38.0,38.0,0.0,193.0,193.0,0.0,2020_2021 10월.xlsx
2020,4,바베이도스,출항,,,,6.0,6.0,0.0,2020_2021 10월.xlsx
2020,4,바하마,출항,5203.0,15.0,5188.0,6505.0,45.0,6460.0,2020_2021 10월.xlsx
2020,4,방글라데시,출항,15.0,15.0,0.0,306.0,306.0,0.0,2020_2021 10월.xlsx
2020,4,베냉,출항,17.0,17.0,0.0,31.0,31.0,0.0,2020_2021 10월.xlsx
2020,4,베네수엘라,출항,13.0,13.0,0.0,60.0,60.0,0.0,2020_2021 10월.xlsx
2020,4,베트남,출항,17758.75,15525.75,2233.0,76985.0,69512.0,7473.0,2020_2021 10월.xlsx
2020,4,벨기에,출항,2299.25,2295.25,4.0,10514.0,10409.0,105.0,2020_2021 10월.xlsx
2020,4,벨리즈,출항,,,,4.0,4.0,0.0,2020_2021 10월.xlsx
2020,4,북마리아나 제도,출항,94.0,94.0,0.0,342.0,328.0,14.0,2020_2021 10월.xlsx
2020,4,불가리아,출항,60.0,60.0,0.0,255.0,255.0,0.0,2020_2021 10월.xlsx
2020,4,브라질,출항,5070.0,3722.0,1348.0,19130.0,17766.0,1364.0,2020_2021 10월.xlsx
2020,4,사모아,출항,5.0,5.0,0.0,20.0,20.0,0.0,2020_2021 10월.xlsx
2020,4,사우디아라비아,출항,4296.25,4296.25,0.0,16523.0,16517.0,6.0,2020_2021 10월.xlsx
2020,4,세네갈,출항,102.0,102.0,0.0,385.0,385.0,0.0,2020_2021 10월.xlsx
2020,4,세이셸,출항,19.0,19.0,0.0,71.0,71.0,0.0,2020_2021 10월.xlsx
2020,4,세인트루시아,출항,,,,2.0,2.0,0.0,2020_2021 10월.xlsx
2020,4,소말리아,출항,13.0,13.0,0.0,75.0,75.0,0.0,2020_2021 10월.xlsx
2020,4,솔로몬제도,출항,52.0,52.0,0.0,293.0,285.0,8.0,2020_2021 10월.xlsx
2020,4,수단,출항,179.0,179.0,0.0,397.0,397.0,0.0,2020_2021 10월.xlsx
2020,4,수리남,출항,,,,10.0,10.0,0.0,2020_2021 10월.xlsx
2020,4,스리랑카,출항,705.0,705.0,0.0,2879.0,2879.0,0.0,2020_2021 10월.xlsx
2020,4,스웨덴,출항,444.0,444.0,0.0,1927.0,1927.0,0.0,2020_2021 10월.xlsx
2020,4,스페인,출항,2567.0,2507.0,60.0,11651.5,11381.5,270.0,2020_2021 10월.xlsx
2020,4,슬로베니아,출항,7688.0,7682.0,6.0,35486.0,35460.0,26.0,2020_2021 10월.xlsx
2020,4,시리아,출항,206.0,206.0,0.0,561.0,561.0,0.0,2020_2021 10월.xlsx
2020,4,시에라 리온,출항,2.0,2.0,0.0,21.0,21.0,0.0,2020_2021 10월.xlsx
2020,4,싱가포르,출항,7368.25,6565.25,803.0,27110.5,26113.5,997.0,2020_2021 10월.xlsx
2020,4,아랍에미리트연합국,출항,7119.25,6869.25,250.0,27925.75,27633.75,292.0,2020_2021 10월.xlsx
2020,4,아루바,출항,1.0,1.0,0.0,1.0,1.0,0.0,2020_2021 10월.xlsx
2020,4,아르헨티나,출항,786.0,460.0,326.0,2448.0,2032.0,416.0,2020_2021 10월.xlsx
2020,4,아메리칸사모아,출항,88.0,88.0,0.0,234.0,234.0,0.0,2020_2021 10월.xlsx
2020,4,아이티,출항,9.0,9.0,0.0,60.0,60.0,0.0,2020_2021 10월.xlsx
2020,4,아일랜드,출항,23.0,23.0,0.0,190.0,190.0,0.0,2020_2021 10월.xlsx
2020,4,알바니아,출항,10.0,10.0,0.0,48.0,48.0,0.0,2020_2021 10월.xlsx
2020,4,알제리,출항,255.0,255.0,0.0,1344.25,1344.25,0.0,2020_2021 10월.xlsx
2020,4,앙골라,출항,107.0,107.0,0.0,376.0,376.0,0.0,2020_2021 10월.xlsx
2020,4,앤티가 바부다,출항,,,,2.0,2.0,0.0,2020_2021 10월.xlsx
2020,4,앤틸리스제도,출항,3.0,3.0,0.0,16.0,16.0,0.0,2020_2021 10월.xlsx
2020,4,에스토니아,출항,66.0,66.0,0.0,235.0,235.0,0.0,2020_2021 10월.xlsx
2020,4,에콰도르,출항,2537.0,459.0,2078.0,10953.0,2559.0,8394.0,2020_2021 10월.xlsx
2020,4,엘살바도르,출항,116.0,116.0,0.0,489.0,489.0,0.0,2020_2021 10월.xlsx
2020,4,영국,출항,1402.0,1353.0,49.0,8899.0,8521.0,378.0,2020_2021 10월.xlsx
2020,4,예멘,출항,88.0,88.0,0.0,166.0,166.0,0.0,2020_2021 10월.xlsx
2020,4,오만,출항,387.0,387.0,0.0,1456.0,1456.0,0.0,2020_2021 10월.xlsx
2020,4,온두라스,출항,14.0,14.0,0.0,163.0,163.0,0.0,2020_2021 10월.xlsx
2020,4,요르단,출항,216.0,216.0,0.0,1156.0,1156.0,0.0,2020_2021 10월.xlsx
2020,4,우루과이,출항,417.0,247.0,170.0,1277.0,1107.0,170.0,2020_2021 10월.xlsx
2020,4,우크라이나,출항,245.5,243.5,2.0,781.75,777.75,4.0,2020_2021 10월.xlsx
2020,4,이라크,출항,279.75,279.75,0.0,1486.25,1486.25,0.0,2020_2021 10월.xlsx
2020,4,이란,출항,,,,6.0,6.0,0.0,2020_2021 10월.xlsx
2020,4,이스라엘,출항,1062.0,901.0,161.0,4680.25,4512.25,168.0,2020_2021 10월.xlsx
2020,4,이집트,출항,4071.5,3817.5,254.0,15568.75,15114.75,454.0,2020_2021 10월.xlsx
2020,4,이탈리아,출항,4008.25,3932.25,76.0,16731.25,16619.25,112.0,2020_2021 10월.xlsx
2020,4,인도,출항,7102.75,6215.75,887.0,55508.0,54498.0,1010.0,2020_2021 10월.xlsx
2020,4,인도네시아,출항,6531.75,6431.75,100.0,31304.0,30522.0,782.0,2020_2021 10월.xlsx
2020,4,일본,출항,37310.0,27596.0,9714.0,160038.0,113283.0,46755.0,2020_2021 10월.xlsx
2020,4,자메이카,출항,290.0,290.0,0.0,1001.0,1001.0,0.0,2020_2021 10월.xlsx
2020,4,적도 기니,출항,2.0,2.0,0.0,3.0,3.0,0.0,2020_2021 10월.xlsx
2020,4,조지아,출항,67.0,67.0,0.0,163.0,163.0,0.0,2020_2021 10월.xlsx
2020,4,중국,출항,99957.75,45926.75,54031.0,362673.0,194887.0,167786.0,2020_2021 10월.xlsx
2020,4,지부티,출항,39.0,39.0,0.0,131.0,131.0,0.0,2020_2021 10월.xlsx
2020,4,칠레,출항,3221.0,1373.0,1848.0,13017.0,6269.0,6748.0,2020_2021 10월.xlsx
2020,4,카메룬,출항,47.0,47.0,0.0,201.0,201.0,0.0,2020_2021 10월.xlsx
2020,4,카타르,출항,197.0,189.0,8.0,1154.0,1098.0,56.0,2020_2021 10월.xlsx
2020,4,캄보디아,출항,439.0,439.0,0.0,1550.25,1550.25,0.0,2020_2021 10월.xlsx
2020,4,캐나다,출항,7378.75,7376.75,2.0,38183.75,38107.75,76.0,2020_2021 10월.xlsx
2020,4,케냐,출항,301.0,301.0,0.0,1262.0,1262.0,0.0,2020_2021 10월.xlsx
2020,4,코모로,출항,,,,6.0,6.0,0.0,2020_2021 10월.xlsx
2020,4,코스타리카,출항,67.0,67.0,0.0,427.0,227.0,200.0,2020_2021 10월.xlsx
2020,4,코트디부아르,출항,73.0,73.0,0.0,312.0,312.0,0.0,2020_2021 10월.xlsx
2020,4,콜롬비아,출항,1654.0,1110.0,544.0,5844.0,4772.0,1072.0,2020_2021 10월.xlsx
2020,4,콩고,출항,47.0,47.0,0.0,190.0,190.0,0.0,2020_2021 10월.xlsx
2020,4,콩고 민주 공화국,출항,75.0,75.0,0.0,142.0,142.0,0.0,2020_2021 10월.xlsx
2020,4,쿠바,출항,,,,8.0,8.0,0.0,2020_2021 10월.xlsx
2020,4,쿠웨이트,출항,125.0,125.0,0.0,417.0,417.0,0.0,2020_2021 10월.xlsx
2020,4,크로아티아,출항,444.0,444.0,0.0,2693.0,2693.0,0.0,2020_2021 10월.xlsx
2020,4,키리바시,출항,2.0,2.0,0.0,12.0,8.0,4.0,2020_2021 10월.xlsx
2020,4,키프로스,출항,17.0,17.0,0.0,40.0,40.0,0.0,2020_2021 10월.xlsx
2020,4,탄자니아,출항,258.0,258.0,0.0,987.0,987.0,0.0,2020_2021 10월.xlsx
2020,4,태국,출항,10299.5,8593.5,1706.0,36492.25,31662.25,4830.0,2020_2021 10월.xlsx
2020,4,토고,출항,269.0,269.0,0.0,694.0,694.0,0.0,2020_2021 10월.xlsx
2020,4,통가,출항,,,,9.0,9.0,0.0,2020_2021 10월.xlsx
2020,4,튀니지,출항,36.0,36.0,0.0,276.0,276.0,0.0,2020_2021 10월.xlsx
2020,4,튀르키예,출항,7380.0,7380.0,0.0,31513.0,31497.0,16.0,2020_2021 10월.xlsx
2020,4,트리니다드 토바고,출항,39.0,39.0,0.0,213.0,213.0,0.0,2020_2021 10월.xlsx
2020,4,파나마,출항,3941.0,1203.0,2738.0,13907.5,5594.0,8313.5,2020_2021 10월.xlsx
2020,4,파라과이,출항,18.0,18.0,0.0,30.0,30.0,0.0,2020_2021 10월.xlsx
2020,4,파키스탄,출항,934.0,934.0,0.0,4810.25,4803.25,7.0,2020_2021 10월.xlsx
2020,4,파푸아 뉴기니,출항,49.0,49.0,0.0,254.0,218.0,36.0,2020_2021 10월.xlsx
2020,4,팔라우,출항,14.0,9.0,5.0,29.0,24.0,5.0,2020_2021 10월.xlsx
2020,4,페루,출항,838.0,638.0,200.0,5162.0,4008.0,1154.0,2020_2021 10월.xlsx
2020,4,포르투갈,출항,202.0,202.0,0.0,1264.0,1264.0,0.0,2020_2021 10월.xlsx
2020,4,폴란드,출항,557.0,557.0,0.0,2660.0,2660.0,0.0,2020_2021 10월.xlsx
2020,4,푸에르토리코,출항,27.0,27.0,0.0,101.0,101.0,0.0,2020_2021 10월.xlsx
2020,4,프랑스,출항,878.0,866.0,12.0,5315.0,5242.0,73.0,2020_2021 10월.xlsx
2020,4,프랑스령 기아나,출항,1.0,1.0,0.0,4.0,4.0,0.0,2020_2021 10월.xlsx
2020,4,프랑스령 폴리네시아,출항,4.0,4.0,0.0,23.0,23.0,0.0,2020_2021 10월.xlsx
2020,4,피지,출항,22.0,22.0,0.0,138.0,131.0,7.0,2020_2021 10월.xlsx
2020,4,핀란드,출항,38.0,38.0,0.0,182.0,182.0,0.0,2020_2021 10월.xlsx
2020,4,필리핀,출항,1580.0,1366.0,214.0,13465.25,13161.25,304.0,2020_2021 10월.xlsx
2020,4,헝가리,출항,8.0,8.0,0.0,28.0,28.0,0.0,2020_2021 10월.xlsx
2020,4,호주,출항,5507.0,4906.0,601.0,22729.0,20824.0,1905.0,2020_2021 10월.xlsx
2020,4,홍콩,출항,6647.75,6372.75,275.0,25343.0,24215.0,1128.0,2020_2021 10월.xlsx
2020,4,가나,출항환적,89.0,89.0,0.0,301.25,301.25,0.0,2020_2021 10월.xlsx
2020,4,가봉,출항환적,6.0,6.0,0.0,10.0,10.0,0.0,2020_2021 10월.xlsx
2020,4,가이아나,출항환적,155.0,155.0,0.0,488.0,488.0,0.0,2020_2021 10월.xlsx
2020,4,감비아,출항환적,,,,13.0,13.0,0.0,2020_2021 10월.xlsx
2020,4,과들루프,출항환적,19.0,19.0,0.0,50.0,50.0,0.0,2020_2021 10월.xlsx
2020,4,과테말라,출항환적,1388.75,1388.75,0.0,5259.5,5259.5,0.0,2020_2021 10월.xlsx
2020,4,괌,출항환적,337.0,337.0,0.0,969.0,955.0,14.0,2020_2021 10월.xlsx
2020,4,그레나다,출항환적,31.0,31.0,0.0,123.0,123.0,0.0,2020_2021 10월.xlsx
2020,4,그리스,출항환적,850.0,560.0,290.0,4775.0,4485.0,290.0,2020_2021 10월.xlsx
2020,4,기니,출항환적,5.0,5.0,0.0,18.0,18.0,0.0,2020_2021 10월.xlsx
2020,4,나미비아,출항환적,42.0,42.0,0.0,154.0,154.0,0.0,2020_2021 10월.xlsx
2020,4,나우루,출항환적,3.0,3.0,0.0,7.0,7.0,0.0,2020_2021 10월.xlsx
2020,4,나이지리아,출항환적,82.0,82.0,0.0,613.25,613.25,0.0,2020_2021 10월.xlsx
2020,4,남아프리카,출항환적,229.0,229.0,0.0,1476.0,1476.0,0.0,2020_2021 10월.xlsx
2020,4,네덜란드,출항환적,1481.0,1456.0,25.0,8657.25,8627.25,30.0,2020_2021 10월.xlsx
2020,4,노르웨이,출항환적,30.0,30.0,0.0,180.0,180.0,0.0,2020_2021 10월.xlsx
2020,4,뉴질랜드,출항환적,1238.0,1194.0,44.0,4846.0,4132.0,714.0,2020_2021 10월.xlsx
2020,4,뉴칼레도니아,출항환적,541.0,441.0,100.0,1383.0,1139.0,244.0,2020_2021 10월.xlsx
2020,4,니카라과,출항환적,158.0,158.0,0.0,576.75,576.75,0.0,2020_2021 10월.xlsx
2020,4,대만,출항환적,9494.75,9492.75,2.0,32499.25,30072.25,2427.0,2020_2021 10월.xlsx
2020,4,대한민국,출항환적,18265.25,17680.25,585.0,74065.25,72164.25,1901.0,2020_2021 10월.xlsx
2020,4,덴마크,출항환적,99.0,99.0,0.0,835.0,835.0,0.0,2020_2021 10월.xlsx
2020,4,도미니카 공화국,출항환적,959.5,959.5,0.0,4389.25,4389.25,0.0,2020_2021 10월.xlsx
2020,4,도미니카 연방,출항환적,6.0,6.0,0.0,25.0,25.0,0.0,2020_2021 10월.xlsx
2020,4,독일,출항환적,2188.0,2188.0,0.0,10913.75,10905.75,8.0,2020_2021 10월.xlsx
2020,4,동티모르,출항환적,,,,4.0,4.0,0.0,2020_2021 10월.xlsx
2020,4,라이베리아,출항환적,1.0,1.0,0.0,2.0,2.0,0.0,2020_2021 10월.xlsx
2020,4,라트비아,출항환적,3.0,3.0,0.0,149.0,149.0,0.0,2020_2021 10월.xlsx
2020,4,러시아,출항환적,16821.25,16771.25,50.0,67047.5,66483.5,564.0,2020_2021 10월.xlsx
2020,4,레바논,출항환적,191.75,191.75,0.0,575.75,575.75,0.0,2020_2021 10월.xlsx
2020,4,레위니옹,출항환적,,,,1.0,1.0,0.0,2020_2021 10월.xlsx
2020,4,루마니아,출항환적,374.0,374.0,0.0,1399.0,1399.0,0.0,2020_2021 10월.xlsx
2020,4,리비아,출항환적,68.0,68.0,0.0,390.75,390.75,0.0,2020_2021 10월.xlsx
2020,4,리투아니아,출항환적,7.0,7.0,0.0,136.0,136.0,0.0,2020_2021 10월.xlsx
2020,4,마다가스카르,출항환적,,,,22.0,22.0,0.0,2020_2021 10월.xlsx
2020,4,마르티니크,출항환적,17.0,17.0,0.0,35.0,35.0,0.0,2020_2021 10월.xlsx
2020,4,마샬 제도,출항환적,148.0,147.0,1.0,473.0,472.0,1.0,2020_2021 10월.xlsx
2020,4,마카오,출항환적,6.0,6.0,0.0,6.0,6.0,0.0,2020_2021 10월.xlsx
2020,4,말레이시아,출항환적,5362.25,4790.25,572.0,19509.75,18888.75,621.0,2020_2021 10월.xlsx
2020,4,멕시코,출항환적,20246.5,20088.5,158.0,87922.5,87494.5,428.0,2020_2021 10월.xlsx
2020,4,모로코,출항환적,522.0,522.0,0.0,1061.0,1061.0,0.0,2020_2021 10월.xlsx
2020,4,모리셔스,출항환적,,,,46.0,46.0,0.0,2020_2021 10월.xlsx
2020,4,모리타니,출항환적,9.0,9.0,0.0,39.0,39.0,0.0,2020_2021 10월.xlsx
2020,4,모잠비크,출항환적,32.0,32.0,0.0,158.0,158.0,0.0,2020_2021 10월.xlsx
2020,4,몬테네그로,출항환적,12.0,12.0,0.0,39.0,39.0,0.0,2020_2021 10월.xlsx
2020,4,몰디브,출항환적,,,,18.0,18.0,0.0,2020_2021 10월.xlsx
2020,4,몰타,출항환적,11.0,11.0,0.0,81.0,81.0,0.0,2020_2021 10월.xlsx
2020,4,미국,출항환적,79054.5,78095.5,959.0,338896.5,331615.5,7281.0,2020_2021 10월.xlsx
2020,4,미국령 버진아일랜드,출항환적,,,,3.0,3.0,0.0,2020_2021 10월.xlsx
2020,4,미얀마,출항환적,97.0,97.0,0.0,535.0,535.0,0.0,2020_2021 10월.xlsx
2020,4,미크로네시아,출항환적,102.0,102.0,0.0,402.0,402.0,0.0,2020_2021 10월.xlsx
2020,4,바누아투,출항환적,482.0,381.0,101.0,1252.0,1151.0,101.0,2020_2021 10월.xlsx
2020,4,바레인,출항환적,,,,26.0,26.0,0.0,2020_2021 10월.xlsx
2020,4,바베이도스,출항환적,110.0,110.0,0.0,373.0,373.0,0.0,2020_2021 10월.xlsx
2020,4,바하마,출항환적,9881.0,66.0,9815.0,37769.0,251.0,37518.0,2020_2021 10월.xlsx
2020,4,방글라데시,출항환적,2.0,2.0,0.0,173.0,173.0,0.0,2020_2021 10월.xlsx
2020,4,베냉,출항환적,,,,6.0,6.0,0.0,2020_2021 10월.xlsx
2020,4,베네수엘라,출항환적,444.0,444.0,0.0,2618.25,2618.25,0.0,2020_2021 10월.xlsx
2020,4,베트남,출항환적,10294.5,9713.5,581.0,34119.25,32432.5,1686.75,2020_2021 10월.xlsx
2020,4,벨기에,출항환적,1486.75,1486.75,0.0,4069.75,4043.75,26.0,2020_2021 10월.xlsx
2020,4,벨리즈,출항환적,8.0,8.0,0.0,53.0,53.0,0.0,2020_2021 10월.xlsx
2020,4,북마리아나 제도,출항환적,101.25,99.25,2.0,312.25,310.25,2.0,2020_2021 10월.xlsx
2020,4,불가리아,출항환적,43.0,43.0,0.0,235.0,235.0,0.0,2020_2021 10월.xlsx
2020,4,브라질,출항환적,3899.0,3435.0,464.0,13378.0,12914.0,464.0,2020_2021 10월.xlsx
2020,4,브루나이,출항환적,,,,3.0,3.0,0.0,2020_2021 10월.xlsx
2020,4,사모아,출항환적,214.0,214.0,0.0,720.0,720.0,0.0,2020_2021 10월.xlsx
2020,4,사우디아라비아,출항환적,2259.25,2259.25,0.0,8237.5,8237.5,0.0,2020_2021 10월.xlsx
2020,4,세네갈,출항환적,11.0,11.0,0.0,68.0,68.0,0.0,2020_2021 10월.xlsx
2020,4,세이셸,출항환적,,,,6.0,6.0,0.0,2020_2021 10월.xlsx
2020,4,세인트 빈센트 그레나딘,출항환적,7.0,7.0,0.0,32.0,32.0,0.0,2020_2021 10월.xlsx
2020,4,세인트루시아,출항환적,7.0,7.0,0.0,73.0,73.0,0.0,2020_2021 10월.xlsx
2020,4,세인트키츠 네비스,출항환적,4.0,4.0,0.0,4.0,4.0,0.0,2020_2021 10월.xlsx
2020,4,소말리아,출항환적,9.0,9.0,0.0,13.0,13.0,0.0,2020_2021 10월.xlsx
2020,4,솔로몬제도,출항환적,284.0,284.0,0.0,732.0,732.0,0.0,2020_2021 10월.xlsx
2020,4,수단,출항환적,143.0,143.0,0.0,268.0,268.0,0.0,2020_2021 10월.xlsx
2020,4,수리남,출항환적,317.0,317.0,0.0,1290.0,1290.0,0.0,2020_2021 10월.xlsx
2020,4,스리랑카,출항환적,2.0,2.0,0.0,193.0,193.0,0.0,2020_2021 10월.xlsx
2020,4,스웨덴,출항환적,220.0,220.0,0.0,1051.0,1051.0,0.0,2020_2021 10월.xlsx
2020,4,스페인,출항환적,2323.25,1923.25,400.0,8872.5,8172.5,700.0,2020_2021 10월.xlsx
2020,4,슬로베니아,출항환적,407.25,407.25,0.0,2122.75,2122.75,0.0,2020_2021 10월.xlsx
2020,4,시리아,출항환적,482.0,482.0,0.0,1232.25,1232.25,0.0,2020_2021 10월.xlsx
2020,4,시에라 리온,출항환적,,,,133.0,133.0,0.0,2020_2021 10월.xlsx
2020,4,싱가포르,출항환적,6543.0,4600.5,1942.5,22947.25,17464.75,5482.5,2020_2021 10월.xlsx
2020,4,아랍에미리트연합국,출항환적,5325.0,5325.0,0.0,17546.0,17546.0,0.0,2020_2021 10월.xlsx
2020,4,아루바,출항환적,,,,4.0,4.0,0.0,2020_2021 10월.xlsx
2020,4,아르헨티나,출항환적,876.0,510.0,366.0,2493.0,2127.0,366.0,2020_2021 10월.xlsx
2020,4,아메리칸사모아,출항환적,148.0,148.0,0.0,362.0,362.0,0.0,2020_2021 10월.xlsx
2020,4,아이티,출항환적,173.0,173.0,0.0,529.0,529.0,0.0,2020_2021 10월.xlsx
2020,4,아일랜드,출항환적,15.0,15.0,0.0,237.25,237.25,0.0,2020_2021 10월.xlsx
2020,4,알바니아,출항환적,18.0,18.0,0.0,33.0,33.0,0.0,2020_2021 10월.xlsx
2020,4,알제리,출항환적,210.75,210.75,0.0,880.0,880.0,0.0,2020_2021 10월.xlsx
2020,4,앙골라,출항환적,8.0,8.0,0.0,12.0,12.0,0.0,2020_2021 10월.xlsx
2020,4,앤티가 바부다,출항환적,3.0,3.0,0.0,17.0,17.0,0.0,2020_2021 10월.xlsx
2020,4,앤틸리스제도,출항환적,15.0,15.0,0.0,68.0,68.0,0.0,2020_2021 10월.xlsx
2020,4,에리트레아,출항환적,2.0,2.0,0.0,2.0,2.0,0.0,2020_2021 10월.xlsx
2020,4,에스토니아,출항환적,9.0,9.0,0.0,66.0,66.0,0.0,2020_2021 10월.xlsx
2020,4,에콰도르,출항환적,4949.0,2395.0,2554.0,19645.0,9977.0,9668.0,2020_2021 10월.xlsx
2020,4,엘살바도르,출항환적,286.5,286.5,0.0,1489.75,1489.75,0.0,2020_2021 10월.xlsx
2020,4,영국,출항환적,810.0,810.0,0.0,4425.0,4417.0,8.0,2020_2021 10월.xlsx
2020,4,영국령 버진아일랜드,출항환적,5.0,5.0,0.0,13.0,13.0,0.0,2020_2021 10월.xlsx
2020,4,예멘,출항환적,3.0,3.0,0.0,14.0,14.0,0.0,2020_2021 10월.xlsx
2020,4,오만,출항환적,229.0,229.0,0.0,980.25,968.25,12.0,2020_2021 10월.xlsx
2020,4,온두라스,출항환적,294.0,294.0,0.0,1178.0,1178.0,0.0,2020_2021 10월.xlsx
2020,4,요르단,출항환적,326.0,326.0,0.0,1091.0,1091.0,0.0,2020_2021 10월.xlsx
2020,4,우루과이,출항환적,144.0,144.0,0.0,390.0,390.0,0.0,2020_2021 10월.xlsx
2020,4,우크라이나,출항환적,725.5,725.5,0.0,2489.5,2489.5,0.0,2020_2021 10월.xlsx
2020,4,이라크,출항환적,39.0,39.0,0.0,202.25,202.25,0.0,2020_2021 10월.xlsx
2020,4,이스라엘,출항환적,1427.0,1403.0,24.0,4689.25,4598.25,91.0,2020_2021 10월.xlsx
2020,4,이집트,출항환적,2456.5,2376.5,80.0,8472.5,8200.5,272.0,2020_2021 10월.xlsx
2020,4,이탈리아,출항환적,816.0,808.0,8.0,6443.0,6357.0,86.0,2020_2021 10월.xlsx
2020,4,인도,출항환적,2901.75,2893.75,8.0,14421.5,14410.5,11.0,2020_2021 10월.xlsx
2020,4,인도네시아,출항환적,5942.0,5942.0,0.0,19433.25,19433.25,0.0,2020_2021 10월.xlsx
2020,4,일본,출항환적,77765.0,76621.0,1144.0,320069.0,313549.0,6520.0,2020_2021 10월.xlsx
2020,4,자메이카,출항환적,746.25,746.25,0.0,3506.75,3506.75,0.0,2020_2021 10월.xlsx
2020,4,적도 기니,출항환적,,,,2.0,2.0,0.0,2020_2021 10월.xlsx
2020,4,조지아,출항환적,76.0,76.0,0.0,476.0,476.0,0.0,2020_2021 10월.xlsx
2020,4,중국,출항환적,111158.25,86823.0,24335.25,423620.5,329281.25,94339.25,2020_2021 10월.xlsx
2020,4,지부티,출항환적,61.0,61.0,0.0,172.0,172.0,0.0,2020_2021 10월.xlsx
2020,4,칠레,출항환적,13502.25,12090.25,1412.0,57127.25,51861.25,5266.0,2020_2021 10월.xlsx
2020,4,카메룬,출항환적,9.0,9.0,0.0,52.0,52.0,0.0,2020_2021 10월.xlsx
2020,4,카보 베르데,출항환적,,,,1.0,1.0,0.0,2020_2021 10월.xlsx
2020,4,카타르,출항환적,135.0,135.0,0.0,1039.25,1039.25,0.0,2020_2021 10월.xlsx
2020,4,캄보디아,출항환적,42.25,42.25,0.0,114.0,114.0,0.0,2020_2021 10월.xlsx
2020,4,캐나다,출항환적,22957.75,22865.75,92.0,87577.0,87032.0,545.0,2020_2021 10월.xlsx
2020,4,케냐,출항환적,84.0,84.0,0.0,237.0,237.0,0.0,2020_2021 10월.xlsx
2020,4,케이맨 제도,출항환적,2.0,2.0,0.0,16.0,16.0,0.0,2020_2021 10월.xlsx
2020,4,코스타리카,출항환적,682.5,682.5,0.0,2457.0,2457.0,0.0,2020_2021 10월.xlsx
2020,4,코트디부아르,출항환적,16.0,16.0,0.0,67.0,67.0,0.0,2020_2021 10월.xlsx
2020,4,콜롬비아,출항환적,5953.0,5883.0,70.0,22476.25,22334.25,142.0,2020_2021 10월.xlsx
2020,4,콩고,출항환적,1.0,1.0,0.0,5.0,5.0,0.0,2020_2021 10월.xlsx
2020,4,콩고 민주 공화국,출항환적,6.0,6.0,0.0,15.0,15.0,0.0,2020_2021 10월.xlsx
2020,4,쿠바,출항환적,154.0,154.0,0.0,660.0,660.0,0.0,2020_2021 10월.xlsx
2020,4,쿠웨이트,출항환적,53.0,53.0,0.0,288.0,288.0,0.0,2020_2021 10월.xlsx
2020,4,퀴라소,출항환적,4.0,4.0,0.0,6.0,6.0,0.0,2020_2021 10월.xlsx
2020,4,크로아티아,출항환적,133.0,133.0,0.0,580.75,580.75,0.0,2020_2021 10월.xlsx
2020,4,키리바시,출항환적,141.0,141.0,0.0,527.0,527.0,0.0,2020_2021 10월.xlsx
2020,4,키프로스,출항환적,11.0,11.0,0.0,69.0,69.0,0.0,2020_2021 10월.xlsx
2020,4,탄자니아,출항환적,29.0,29.0,0.0,105.0,105.0,0.0,2020_2021 10월.xlsx
2020,4,태국,출항환적,9337.0,9275.0,62.0,32120.0,32056.0,64.0,2020_2021 10월.xlsx
2020,4,토고,출항환적,14.0,14.0,0.0,59.0,59.0,0.0,2020_2021 10월.xlsx
2020,4,통가,출항환적,89.0,89.0,0.0,262.0,262.0,0.0,2020_2021 10월.xlsx
2020,4,튀니지,출항환적,129.0,129.0,0.0,582.0,582.0,0.0,2020_2021 10월.xlsx
2020,4,튀르키예,출항환적,3973.0,3973.0,0.0,11950.0,11950.0,0.0,2020_2021 10월.xlsx
2020,4,트리니다드 토바고,출항환적,435.0,435.0,0.0,1320.25,1320.25,0.0,2020_2021 10월.xlsx
2020,4,파나마,출항환적,8108.0,3530.0,4578.0,24454.5,14996.0,9458.5,2020_2021 10월.xlsx
2020,4,파라과이,출항환적,16.0,16.0,0.0,123.0,123.0,0.0,2020_2021 10월.xlsx
2020,4,파키스탄,출항환적,654.25,654.25,0.0,2310.5,2310.5,0.0,2020_2021 10월.xlsx
2020,4,파푸아 뉴기니,출항환적,438.0,438.0,0.0,1848.0,1847.0,1.0,2020_2021 10월.xlsx
2020,4,팔라우,출항환적,17.0,17.0,0.0,27.0,27.0,0.0,2020_2021 10월.xlsx
2020,4,페루,출항환적,3672.0,3362.0,310.0,17764.5,16886.5,878.0,2020_2021 10월.xlsx
2020,4,포르투갈,출항환적,71.0,71.0,0.0,198.0,198.0,0.0,2020_2021 10월.xlsx
2020,4,폴란드,출항환적,46.0,46.0,0.0,562.0,562.0,0.0,2020_2021 10월.xlsx
2020,4,푸에르토리코,출항환적,193.0,193.0,0.0,739.0,739.0,0.0,2020_2021 10월.xlsx
2020,4,프랑스,출항환적,574.0,574.0,0.0,3194.25,3192.25,2.0,2020_2021 10월.xlsx
2020,4,프랑스령 기아나,출항환적,2.0,2.0,0.0,4.0,4.0,0.0,2020_2021 10월.xlsx
2020,4,프랑스령 폴리네시아,출항환적,127.0,127.0,0.0,317.0,313.0,4.0,2020_2021 10월.xlsx
2020,4,피지,출항환적,536.0,532.0,4.0,1572.0,1565.0,7.0,2020_2021 10월.xlsx
2020,4,핀란드,출항환적,50.0,50.0,0.0,250.0,250.0,0.0,2020_2021 10월.xlsx
2020,4,필리핀,출항환적,5897.25,3509.25,2388.0,20355.75,17967.75,2388.0,2020_2021 10월.xlsx
2020,4,호주,출항환적,2204.0,1897.0,307.0,8588.25,8016.25,572.0,2020_2021 10월.xlsx
2020,4,홍콩,출항환적,5186.25,4552.5,633.75,16045.25,15245.5,799.75,2020_2021 10월.xlsx
2020,5,가나,입항,103.0,103.0,0.0,348.0,348.0,0.0,2020_2021 9월.xlsx
2020,5,가이아나,입항,12.0,12.0,0.0,46.0,46.0,0.0,2020_2021 9월.xlsx
2020,5,감비아,입항,12.0,12.0,0.0,40.0,40.0,0.0,2020_2021 9월.xlsx
2020,5,과테말라,입항,647.0,426.0,221.0,2673.0,1446.0,1227.0,2020_2021 9월.xlsx
2020,5,괌,입항,917.75,66.0,851.75,4288.75,304.0,3984.75,2020_2021 9월.xlsx
2020,5,그리스,입항,427.0,427.0,0.0,4699.0,1822.0,2877.0,2020_2021 9월.xlsx
2020,5,기니,입항,70.0,70.0,0.0,524.0,524.0,0.0,2020_2021 9월.xlsx
2020,5,기니비사우,입항,2.0,2.0,0.0,18.0,18.0,0.0,2020_2021 9월.xlsx
2020,5,나미비아,입항,2.0,2.0,0.0,166.0,166.0,0.0,2020_2021 9월.xlsx
2020,5,나이지리아,입항,236.0,236.0,0.0,599.0,598.0,1.0,2020_2021 9월.xlsx
2020,5,남아프리카,입항,569.0,479.0,90.0,3486.0,3324.0,162.0,2020_2021 9월.xlsx
2020,5,네덜란드,입항,6857.0,6831.0,26.0,33741.75,31932.75,1809.0,2020_2021 9월.xlsx
2020,5,노르웨이,입항,356.25,356.25,0.0,2210.25,2196.25,14.0,2020_2021 9월.xlsx
2020,5,뉴질랜드,입항,2474.0,1876.0,598.0,14581.0,10941.0,3640.0,2020_2021 9월.xlsx
2020,5,뉴칼레도니아,입항,25.0,11.0,14.0,793.0,171.0,622.0,2020_2021 9월.xlsx
2020,5,니카라과,입항,81.0,81.0,0.0,401.0,398.0,3.0,2020_2021 9월.xlsx
2020,5,대만,입항,4319.25,3181.0,1138.25,29444.0,19240.25,10203.75,2020_2021 9월.xlsx
2020,5,대한민국,입항,2405.0,0.0,2405.0,20507.25,74.0,20433.25,2020_2021 9월.xlsx
2020,5,덴마크,입항,1097.0,1084.0,13.0,4312.0,4282.0,30.0,2020_2021 9월.xlsx
2020,5,도미니카 공화국,입항,183.0,183.0,0.0,765.0,761.0,4.0,2020_2021 9월.xlsx
2020,5,도미니카 연방,입항,,,,2.0,2.0,0.0,2020_2021 9월.xlsx
2020,5,독일,입항,9378.75,9256.75,122.0,48292.25,41925.25,6367.0,2020_2021 9월.xlsx
2020,5,라이베리아,입항,5.0,5.0,0.0,16.0,16.0,0.0,2020_2021 9월.xlsx
2020,5,라트비아,입항,1084.0,1084.0,0.0,4502.0,4502.0,0.0,2020_2021 9월.xlsx
2020,5,러시아,입항,5864.0,3317.0,2547.0,38289.0,14880.0,23409.0,2020_2021 9월.xlsx
2020,5,레바논,입항,53.0,53.0,0.0,1143.0,221.0,922.0,2020_2021 9월.xlsx
2020,5,레위니옹,입항,4.0,4.0,0.0,13.0,13.0,0.0,2020_2021 9월.xlsx
2020,5,루마니아,입항,1243.0,384.0,859.0,3796.0,1317.0,2479.0,2020_2021 9월.xlsx
2020,5,리비아,입항,10.0,10.0,0.0,288.0,288.0,0.0,2020_2021 9월.xlsx
2020,5,리투아니아,입항,400.0,400.0,0.0,1762.0,1762.0,0.0,2020_2021 9월.xlsx
2020,5,마다가스카르,입항,22.0,22.0,0.0,166.0,166.0,0.0,2020_2021 9월.xlsx
2020,5,마샬 제도,입항,319.0,12.0,307.0,1681.0,53.0,1628.0,2020_2021 9월.xlsx
2020,5,말레이시아,입항,5416.0,4484.0,932.0,40546.25,24902.25,15644.0,2020_2021 9월.xlsx
2020,5,말리,입항,,,,2.0,2.0,0.0,2020_2021 9월.xlsx
2020,5,멕시코,입항,7779.0,2935.0,4844.0,33764.0,13506.0,20258.0,2020_2021 9월.xlsx
2020,5,모로코,입항,82.0,82.0,0.0,619.0,619.0,0.0,2020_2021 9월.xlsx
2020,5,모리셔스,입항,4.0,4.0,0.0,130.0,130.0,0.0,2020_2021 9월.xlsx
2020,5,모리타니,입항,17.0,17.0,0.0,70.0,70.0,0.0,2020_2021 9월.xlsx
2020,5,모잠비크,입항,304.0,304.0,0.0,761.0,761.0,0.0,2020_2021 9월.xlsx
2020,5,몬테네그로,입항,45.0,45.0,0.0,281.0,281.0,0.0,2020_2021 9월.xlsx
2020,5,몰타,입항,225.0,0.0,225.0,861.0,90.0,771.0,2020_2021 9월.xlsx
2020,5,미국,입항,48808.75,42730.0,6078.75,313793.75,224720.25,89073.5,2020_2021 9월.xlsx
2020,5,미얀마,입항,582.0,225.0,357.0,3282.0,2308.0,974.0,2020_2021 9월.xlsx
2020,5,미크로네시아,입항,19.0,8.0,11.0,102.0,15.0,87.0,2020_2021 9월.xlsx
2020,5,바누아투,입항,194.0,0.0,194.0,570.0,3.0,567.0,2020_2021 9월.xlsx
2020,5,바레인,입항,100.0,100.0,0.0,381.0,381.0,0.0,2020_2021 9월.xlsx
2020,5,바베이도스,입항,,,,8.0,8.0,0.0,2020_2021 9월.xlsx
2020,5,바하마,입항,1.0,1.0,0.0,3.0,3.0,0.0,2020_2021 9월.xlsx
2020,5,방글라데시,입항,221.0,169.0,52.0,2919.0,2499.0,420.0,2020_2021 9월.xlsx
2020,5,베네수엘라,입항,20.0,20.0,0.0,261.0,261.0,0.0,2020_2021 9월.xlsx
2020,5,베트남,입항,13087.75,12387.0,700.75,65058.25,58647.0,6411.25,2020_2021 9월.xlsx
2020,5,벨기에,입항,2931.0,2930.0,1.0,17792.75,17720.75,72.0,2020_2021 9월.xlsx
2020,5,북마리아나 제도,입항,940.25,2.0,938.25,3562.0,66.0,3496.0,2020_2021 9월.xlsx
2020,5,불가리아,입항,51.0,51.0,0.0,364.0,360.0,4.0,2020_2021 9월.xlsx
2020,5,브라질,입항,2378.0,1942.0,436.0,13210.0,11027.0,2183.0,2020_2021 9월.xlsx
2020,5,브루나이,입항,1.0,1.0,0.0,44.0,44.0,0.0,2020_2021 9월.xlsx
2020,5,사모아,입항,394.0,1.0,393.0,1945.0,12.0,1933.0,2020_2021 9월.xlsx
2020,5,사우디아라비아,입항,1627.5,686.0,941.5,12534.25,3263.0,9271.25,2020_2021 9월.xlsx
2020,5,세네갈,입항,78.0,78.0,0.0,321.0,321.0,0.0,2020_2021 9월.xlsx
2020,5,세이셸,입항,2.0,2.0,0.0,18.0,18.0,0.0,2020_2021 9월.xlsx
2020,5,소말리아,입항,8.0,8.0,0.0,19.0,19.0,0.0,2020_2021 9월.xlsx
2020,5,솔로몬제도,입항,,,,3.0,3.0,0.0,2020_2021 9월.xlsx
2020,5,수단,입항,23.0,23.0,0.0,119.0,119.0,0.0,2020_2021 9월.xlsx
2020,5,수리남,입항,106.0,106.0,0.0,533.0,533.0,0.0,2020_2021 9월.xlsx
2020,5,스리랑카,입항,239.0,239.0,0.0,1297.0,1266.0,31.0,2020_2021 9월.xlsx
2020,5,스웨덴,입항,1543.0,1543.0,0.0,6224.0,6217.0,7.0,2020_2021 9월.xlsx
2020,5,스페인,입항,2888.5,2843.5,45.0,16175.0,13532.0,2643.0,2020_2021 9월.xlsx
2020,5,슬로베니아,입항,1244.0,1190.0,54.0,5956.5,5843.5,113.0,2020_2021 9월.xlsx
2020,5,시에라 리온,입항,42.0,42.0,0.0,148.0,148.0,0.0,2020_2021 9월.xlsx
2020,5,싱가포르,입항,2972.5,2518.0,454.5,19273.75,14751.0,4522.75,2020_2021 9월.xlsx
2020,5,아랍에미리트연합국,입항,3910.5,1578.0,2332.5,29404.25,7122.5,22281.75,2020_2021 9월.xlsx
2020,5,아르헨티나,입항,818.0,269.0,549.0,3035.0,1432.0,1603.0,2020_2021 9월.xlsx
2020,5,아메리칸사모아,입항,25.0,15.0,10.0,741.0,60.0,681.0,2020_2021 9월.xlsx
2020,5,아이슬란드,입항,,,,84.0,84.0,0.0,2020_2021 9월.xlsx
2020,5,아이티,입항,2.0,2.0,0.0,14.0,14.0,0.0,2020_2021 9월.xlsx
2020,5,아일랜드,입항,157.0,157.0,0.0,706.0,644.0,62.0,2020_2021 9월.xlsx
2020,5,알바니아,입항,8.0,8.0,0.0,11.0,11.0,0.0,2020_2021 9월.xlsx
2020,5,알제리,입항,40.0,4.0,36.0,100.0,5.0,95.0,2020_2021 9월.xlsx
2020,5,앙골라,입항,865.0,0.0,865.0,1020.0,33.0,987.0,2020_2021 9월.xlsx
2020,5,앤틸리스제도,입항,,,,5.0,5.0,0.0,2020_2021 9월.xlsx
2020,5,에스토니아,입항,492.0,492.0,0.0,2681.0,2681.0,0.0,2020_2021 9월.xlsx
2020,5,에콰도르,입항,1343.0,360.0,983.0,5386.5,1587.0,3799.5,2020_2021 9월.xlsx
2020,5,엘살바도르,입항,150.0,147.0,3.0,396.0,389.0,7.0,2020_2021 9월.xlsx
2020,5,영국,입항,1794.0,1654.0,140.0,8436.0,7580.0,856.0,2020_2021 9월.xlsx
2020,5,예멘,입항,199.0,199.0,0.0,748.0,748.0,0.0,2020_2021 9월.xlsx
2020,5,오만,입항,624.0,212.0,412.0,4582.0,650.0,3932.0,2020_2021 9월.xlsx
2020,5,온두라스,입항,76.0,76.0,0.0,372.0,372.0,0.0,2020_2021 9월.xlsx
2020,5,요르단,입항,27.0,3.0,24.0,1114.0,435.0,679.0,2020_2021 9월.xlsx
2020,5,우루과이,입항,175.0,82.0,93.0,546.0,343.0,203.0,2020_2021 9월.xlsx
2020,5,우크라이나,입항,401.0,321.0,80.0,2121.0,1253.0,868.0,2020_2021 9월.xlsx
2020,5,이라크,입항,140.0,0.0,140.0,1614.0,10.0,1604.0,2020_2021 9월.xlsx
2020,5,이란,입항,2.0,2.0,0.0,96.0,26.0,70.0,2020_2021 9월.xlsx
2020,5,이스라엘,입항,318.0,318.0,0.0,2848.0,1718.0,1130.0,2020_2021 9월.xlsx
2020,5,이집트,입항,868.0,344.0,524.0,8044.0,2024.0,6020.0,2020_2021 9월.xlsx
2020,5,이탈리아,입항,3586.0,3379.0,207.0,23115.0,19476.0,3639.0,2020_2021 9월.xlsx
2020,5,인도,입항,5316.0,3856.0,1460.0,47143.25,27792.0,19351.25,2020_2021 9월.xlsx
2020,5,인도네시아,입항,6665.75,5320.0,1345.75,34703.75,25416.25,9287.5,2020_2021 9월.xlsx
2020,5,일본,입항,73692.25,17771.0,55921.25,374669.5,101037.0,273632.5,2020_2021 9월.xlsx
2020,5,자메이카,입항,1016.0,45.0,971.0,7719.0,186.0,7533.0,2020_2021 9월.xlsx
2020,5,조지아,입항,17.0,17.0,0.0,83.0,83.0,0.0,2020_2021 9월.xlsx
2020,5,중국,입항,87719.75,74057.75,13662.0,442150.75,347564.75,94586.0,2020_2021 9월.xlsx
2020,5,지부티,입항,146.0,146.0,0.0,366.0,366.0,0.0,2020_2021 9월.xlsx
2020,5,체코,입항,4.0,4.0,0.0,38.0,38.0,0.0,2020_2021 9월.xlsx
2020,5,칠레,입항,4857.0,4601.0,256.0,30753.0,27829.0,2924.0,2020_2021 9월.xlsx
2020,5,카메룬,입항,,,,7.0,7.0,0.0,2020_2021 9월.xlsx
2020,5,카타르,입항,671.0,566.0,105.0,2491.0,2172.0,319.0,2020_2021 9월.xlsx
2020,5,캄보디아,입항,80.0,80.0,0.0,718.0,716.0,2.0,2020_2021 9월.xlsx
2020,5,캐나다,입항,6219.5,5461.5,758.0,30877.75,23978.0,6899.75,2020_2021 9월.xlsx
2020,5,케냐,입항,24.0,24.0,0.0,143.0,143.0,0.0,2020_2021 9월.xlsx
2020,5,코스타리카,입항,104.0,104.0,0.0,705.0,697.0,8.0,2020_2021 9월.xlsx
2020,5,코트디부아르,입항,3.0,3.0,0.0,18.0,18.0,0.0,2020_2021 9월.xlsx
2020,5,콜롬비아,입항,1135.0,742.0,393.0,6294.0,2553.0,3741.0,2020_2021 9월.xlsx
2020,5,콩고,입항,5.0,5.0,0.0,112.0,16.0,96.0,2020_2021 9월.xlsx
2020,5,콩고 민주 공화국,입항,2.0,2.0,0.0,21.0,21.0,0.0,2020_2021 9월.xlsx
2020,5,쿠웨이트,입항,67.0,21.0,46.0,257.0,211.0,46.0,2020_2021 9월.xlsx
2020,5,크로아티아,입항,88.0,87.0,1.0,433.0,404.0,29.0,2020_2021 9월.xlsx
2020,5,키리바시,입항,18.0,0.0,18.0,760.0,0.0,760.0,2020_2021 9월.xlsx
2020,5,키프로스,입항,5.0,5.0,0.0,66.0,66.0,0.0,2020_2021 9월.xlsx
2020,5,탄자니아,입항,124.0,124.0,0.0,1112.0,1112.0,0.0,2020_2021 9월.xlsx
2020,5,태국,입항,6498.25,6171.0,327.25,34030.75,31464.0,2566.75,2020_2021 9월.xlsx
2020,5,토고,입항,170.0,170.0,0.0,630.0,630.0,0.0,2020_2021 9월.xlsx
2020,5,통가,입항,19.0,0.0,19.0,557.0,13.0,544.0,2020_2021 9월.xlsx
2020,5,튀니지,입항,63.0,63.0,0.0,281.0,278.0,3.0,2020_2021 9월.xlsx
2020,5,튀르키예,입항,2766.25,2145.25,621.0,12249.75,8092.75,4157.0,2020_2021 9월.xlsx
2020,5,트리니다드 토바고,입항,172.0,172.0,0.0,475.0,475.0,0.0,2020_2021 9월.xlsx
2020,5,파나마,입항,3342.5,116.0,3226.5,26371.75,569.0,25802.75,2020_2021 9월.xlsx
2020,5,파라과이,입항,2.0,2.0,0.0,95.0,95.0,0.0,2020_2021 9월.xlsx
2020,5,파키스탄,입항,1202.0,338.0,864.0,7013.5,2467.0,4546.5,2020_2021 9월.xlsx
2020,5,파푸아 뉴기니,입항,31.0,31.0,0.0,145.0,145.0,0.0,2020_2021 9월.xlsx
2020,5,팔라우,입항,2.0,2.0,0.0,41.0,28.0,13.0,2020_2021 9월.xlsx
2020,5,페루,입항,1898.0,1390.0,508.0,11853.0,8949.0,2904.0,2020_2021 9월.xlsx
2020,5,포르투갈,입항,251.0,251.0,0.0,1291.0,1291.0,0.0,2020_2021 9월.xlsx
2020,5,폴란드,입항,1301.5,1301.5,0.0,5090.0,5036.0,54.0,2020_2021 9월.xlsx
2020,5,푸에르토리코,입항,176.0,176.0,0.0,824.0,824.0,0.0,2020_2021 9월.xlsx
2020,5,프랑스,입항,2098.0,2020.0,78.0,10717.25,10045.25,672.0,2020_2021 9월.xlsx
2020,5,프랑스령 기아나,입항,,,,2.0,2.0,0.0,2020_2021 9월.xlsx
2020,5,프랑스령 폴리네시아,입항,135.0,0.0,135.0,856.0,20.0,836.0,2020_2021 9월.xlsx
2020,5,피지,입항,57.0,10.0,47.0,492.0,127.0,365.0,2020_2021 9월.xlsx
2020,5,핀란드,입항,960.0,910.0,50.0,4479.0,4373.0,106.0,2020_2021 9월.xlsx
2020,5,필리핀,입항,2798.0,1646.0,1152.0,24589.25,8682.0,15907.25,2020_2021 9월.xlsx
2020,5,헝가리,입항,4.0,4.0,0.0,88.0,88.0,0.0,2020_2021 9월.xlsx
2020,5,호주,입항,9744.0,6202.0,3542.0,60625.0,30690.0,29935.0,2020_2021 9월.xlsx
2020,5,홍콩,입항,2711.25,2201.0,510.25,14780.25,11246.0,3534.25,2020_2021 9월.xlsx
2020,5,가나,입항환적,112.0,112.0,0.0,298.0,298.0,0.0,2020_2021 9월.xlsx
2020,5,가봉,입항환적,18.0,18.0,0.0,107.0,107.0,0.0,2020_2021 9월.xlsx
2020,5,가이아나,입항환적,52.0,52.0,0.0,706.0,706.0,0.0,2020_2021 9월.xlsx
2020,5,감비아,입항환적,3.0,3.0,0.0,13.0,13.0,0.0,2020_2021 9월.xlsx
2020,5,과들루프,입항환적,,,,14.0,14.0,0.0,2020_2021 9월.xlsx
2020,5,과테말라,입항환적,468.0,468.0,0.0,2089.0,2089.0,0.0,2020_2021 9월.xlsx
2020,5,괌,입항환적,166.25,164.25,2.0,1066.0,803.0,263.0,2020_2021 9월.xlsx
2020,5,그리스,입항환적,223.0,221.0,2.0,1783.0,1093.0,690.0,2020_2021 9월.xlsx
2020,5,기니비사우,입항환적,,,,4.0,4.0,0.0,2020_2021 9월.xlsx
2020,5,나미비아,입항환적,3.0,3.0,0.0,18.0,18.0,0.0,2020_2021 9월.xlsx
2020,5,나이지리아,입항환적,109.0,109.0,0.0,472.0,440.0,32.0,2020_2021 9월.xlsx
2020,5,남아프리카,입항환적,1197.0,647.0,550.0,3495.0,2915.0,580.0,2020_2021 9월.xlsx
2020,5,네덜란드,입항환적,2666.25,2407.25,259.0,11557.25,11283.25,274.0,2020_2021 9월.xlsx
2020,5,노르웨이,입항환적,53.0,53.0,0.0,727.0,727.0,0.0,2020_2021 9월.xlsx
2020,5,뉴질랜드,입항환적,2985.0,2136.0,849.0,13069.0,9721.0,3348.0,2020_2021 9월.xlsx
2020,5,뉴칼레도니아,입항환적,610.0,610.0,0.0,2996.0,2968.0,28.0,2020_2021 9월.xlsx
2020,5,니카라과,입항환적,294.0,294.0,0.0,1355.0,1355.0,0.0,2020_2021 9월.xlsx
2020,5,대만,입항환적,4689.25,4603.25,86.0,29423.75,29184.75,239.0,2020_2021 9월.xlsx
2020,5,대한민국,입항환적,8184.25,8169.25,15.0,42277.25,40365.25,1912.0,2020_2021 9월.xlsx
2020,5,덴마크,입항환적,148.0,148.0,0.0,1388.0,1388.0,0.0,2020_2021 9월.xlsx
2020,5,도미니카 공화국,입항환적,160.0,160.0,0.0,391.0,391.0,0.0,2020_2021 9월.xlsx
2020,5,독일,입항환적,2545.25,1821.25,724.0,14047.25,11251.25,2796.0,2020_2021 9월.xlsx
2020,5,동티모르,입항환적,,,,1.0,1.0,0.0,2020_2021 9월.xlsx
2020,5,라트비아,입항환적,279.0,279.0,0.0,1481.0,1481.0,0.0,2020_2021 9월.xlsx
2020,5,러시아,입항환적,15529.0,14327.0,1202.0,73170.5,68991.0,4179.5,2020_2021 9월.xlsx
2020,5,레바논,입항환적,28.0,28.0,0.0,76.0,76.0,0.0,2020_2021 9월.xlsx
2020,5,레위니옹,입항환적,,,,6.0,6.0,0.0,2020_2021 9월.xlsx
2020,5,루마니아,입항환적,867.0,867.0,0.0,3450.0,3450.0,0.0,2020_2021 9월.xlsx
2020,5,리투아니아,입항환적,54.0,54.0,0.0,294.0,294.0,0.0,2020_2021 9월.xlsx
2020,5,마다가스카르,입항환적,13.0,13.0,0.0,43.0,43.0,0.0,2020_2021 9월.xlsx
2020,5,마르티니크,입항환적,,,,18.0,18.0,0.0,2020_2021 9월.xlsx
2020,5,마샬 제도,입항환적,138.0,138.0,0.0,327.0,311.0,16.0,2020_2021 9월.xlsx
2020,5,말레이시아,입항환적,5535.25,5391.25,144.0,35848.0,35095.0,753.0,2020_2021 9월.xlsx
2020,5,멕시코,입항환적,6527.0,6177.0,350.0,24678.75,21649.0,3029.75,2020_2021 9월.xlsx
2020,5,모로코,입항환적,111.0,111.0,0.0,451.0,451.0,0.0,2020_2021 9월.xlsx
2020,5,모리셔스,입항환적,6.0,6.0,0.0,223.0,223.0,0.0,2020_2021 9월.xlsx
2020,5,모리타니,입항환적,5.0,5.0,0.0,321.0,321.0,0.0,2020_2021 9월.xlsx
2020,5,모잠비크,입항환적,63.0,63.0,0.0,160.0,160.0,0.0,2020_2021 9월.xlsx
2020,5,몬테네그로,입항환적,2.0,2.0,0.0,9.0,9.0,0.0,2020_2021 9월.xlsx
2020,5,몰디브,입항환적,1.0,1.0,0.0,7.0,7.0,0.0,2020_2021 9월.xlsx
2020,5,몰타,입항환적,2.0,2.0,0.0,184.0,184.0,0.0,2020_2021 9월.xlsx
2020,5,미국,입항환적,54679.75,46731.75,7948.0,315963.75,255532.0,60431.75,2020_2021 9월.xlsx
2020,5,미얀마,입항환적,145.0,145.0,0.0,1537.0,1143.0,394.0,2020_2021 9월.xlsx
2020,5,미크로네시아,입항환적,19.0,19.0,0.0,72.0,68.0,4.0,2020_2021 9월.xlsx
2020,5,바누아투,입항환적,36.0,0.0,36.0,306.0,20.0,286.0,2020_2021 9월.xlsx
2020,5,바레인,입항환적,117.0,117.0,0.0,351.0,351.0,0.0,2020_2021 9월.xlsx
2020,5,바베이도스,입항환적,3.0,3.0,0.0,13.0,13.0,0.0,2020_2021 9월.xlsx
2020,5,바하마,입항환적,,,,1.0,0.0,1.0,2020_2021 9월.xlsx
2020,5,방글라데시,입항환적,150.0,141.0,9.0,2512.25,2503.25,9.0,2020_2021 9월.xlsx
2020,5,베네수엘라,입항환적,201.0,201.0,0.0,333.0,333.0,0.0,2020_2021 9월.xlsx
2020,5,베트남,입항환적,8914.5,8911.5,3.0,50020.75,49886.75,134.0,2020_2021 9월.xlsx
2020,5,벨기에,입항환적,539.0,539.0,0.0,5830.25,5829.25,1.0,2020_2021 9월.xlsx
2020,5,벨리즈,입항환적,11.0,11.0,0.0,24.0,24.0,0.0,2020_2021 9월.xlsx
2020,5,북마리아나 제도,입항환적,34.0,0.0,34.0,303.25,13.25,290.0,2020_2021 9월.xlsx
2020,5,불가리아,입항환적,165.0,165.0,0.0,627.0,627.0,0.0,2020_2021 9월.xlsx
2020,5,브라질,입항환적,3851.0,3851.0,0.0,22435.0,21401.0,1034.0,2020_2021 9월.xlsx
2020,5,브루나이,입항환적,10.0,10.0,0.0,20.0,20.0,0.0,2020_2021 9월.xlsx
2020,5,사모아,입항환적,32.0,29.0,3.0,131.0,89.0,42.0,2020_2021 9월.xlsx
2020,5,사우디아라비아,입항환적,1578.0,1050.0,528.0,7954.0,6541.0,1413.0,2020_2021 9월.xlsx
2020,5,세네갈,입항환적,203.0,203.0,0.0,1306.0,1306.0,0.0,2020_2021 9월.xlsx
2020,5,세이셸,입항환적,8.0,8.0,0.0,73.0,73.0,0.0,2020_2021 9월.xlsx
2020,5,세인트루시아,입항환적,5.0,5.0,0.0,20.0,20.0,0.0,2020_2021 9월.xlsx
2020,5,소말리아,입항환적,,,,2.0,2.0,0.0,2020_2021 9월.xlsx
2020,5,솔로몬제도,입항환적,3.0,3.0,0.0,27.0,27.0,0.0,2020_2021 9월.xlsx
2020,5,수단,입항환적,1033.0,1033.0,0.0,3580.0,3580.0,0.0,2020_2021 9월.xlsx
2020,5,수리남,입항환적,42.0,42.0,0.0,842.0,842.0,0.0,2020_2021 9월.xlsx
2020,5,스리랑카,입항환적,179.0,179.0,0.0,1404.75,1402.75,2.0,2020_2021 9월.xlsx
2020,5,스웨덴,입항환적,1254.0,1254.0,0.0,5215.0,5215.0,0.0,2020_2021 9월.xlsx
2020,5,스페인,입항환적,2190.0,1961.0,229.0,10922.0,9750.0,1172.0,2020_2021 9월.xlsx
2020,5,슬로베니아,입항환적,531.0,531.0,0.0,2962.0,2962.0,0.0,2020_2021 9월.xlsx
2020,5,시에라 리온,입항환적,13.0,13.0,0.0,29.0,29.0,0.0,2020_2021 9월.xlsx
2020,5,싱가포르,입항환적,2678.0,2642.0,36.0,10963.0,10576.75,386.25,2020_2021 9월.xlsx
2020,5,아랍에미리트연합국,입항환적,2936.25,1603.25,1333.0,15020.0,10480.0,4540.0,2020_2021 9월.xlsx
2020,5,아르헨티나,입항환적,1036.0,839.0,197.0,4082.0,3740.0,342.0,2020_2021 9월.xlsx
2020,5,아메리칸사모아,입항환적,10.0,8.0,2.0,45.0,9.0,36.0,2020_2021 9월.xlsx
2020,5,아이슬란드,입항환적,,,,95.0,95.0,0.0,2020_2021 9월.xlsx
2020,5,아이티,입항환적,2.0,2.0,0.0,73.0,73.0,0.0,2020_2021 9월.xlsx
2020,5,아일랜드,입항환적,7.0,7.0,0.0,285.0,285.0,0.0,2020_2021 9월.xlsx
2020,5,알바니아,입항환적,5.0,5.0,0.0,278.0,278.0,0.0,2020_2021 9월.xlsx
2020,5,앙골라,입항환적,262.0,0.0,262.0,262.0,0.0,262.0,2020_2021 9월.xlsx
2020,5,에스토니아,입항환적,32.0,32.0,0.0,197.0,197.0,0.0,2020_2021 9월.xlsx
2020,5,에콰도르,입항환적,8347.0,8347.0,0.0,28163.25,27409.0,754.25,2020_2021 9월.xlsx
2020,5,엘살바도르,입항환적,125.0,125.0,0.0,404.0,404.0,0.0,2020_2021 9월.xlsx
2020,5,영국,입항환적,611.0,565.0,46.0,2732.5,2684.5,48.0,2020_2021 9월.xlsx
2020,5,예멘,입항환적,8.0,8.0,0.0,8.0,8.0,0.0,2020_2021 9월.xlsx
2020,5,오만,입항환적,832.0,832.0,0.0,4090.0,4072.0,18.0,2020_2021 9월.xlsx
2020,5,온두라스,입항환적,74.0,74.0,0.0,268.0,268.0,0.0,2020_2021 9월.xlsx
2020,5,요르단,입항환적,211.0,25.0,186.0,1648.0,69.0,1579.0,2020_2021 9월.xlsx
2020,5,우루과이,입항환적,477.0,477.0,0.0,1737.0,1719.0,18.0,2020_2021 9월.xlsx
2020,5,우크라이나,입항환적,759.0,759.0,0.0,3599.25,3599.25,0.0,2020_2021 9월.xlsx
2020,5,원양어획지역,입항환적,72.0,72.0,0.0,255.0,255.0,0.0,2020_2021 9월.xlsx
2020,5,이라크,입항환적,,,,10.0,10.0,0.0,2020_2021 9월.xlsx
2020,5,이스라엘,입항환적,262.0,208.0,54.0,1436.0,682.0,754.0,2020_2021 9월.xlsx
2020,5,이집트,입항환적,1836.0,502.0,1334.0,4246.0,2401.0,1845.0,2020_2021 9월.xlsx
2020,5,이탈리아,입항환적,2044.0,1753.0,291.0,12011.5,10270.25,1741.25,2020_2021 9월.xlsx
2020,5,인도,입항환적,3618.0,3368.0,250.0,26994.75,26531.75,463.0,2020_2021 9월.xlsx
2020,5,인도네시아,입항환적,11654.75,11583.75,71.0,56082.75,55922.75,160.0,2020_2021 9월.xlsx
2020,5,일본,입항환적,71039.0,49609.0,21430.0,348551.25,272878.0,75673.25,2020_2021 9월.xlsx
2020,5,자메이카,입항환적,,,,1558.0,33.0,1525.0,2020_2021 9월.xlsx
2020,5,적도 기니,입항환적,4.0,4.0,0.0,28.0,28.0,0.0,2020_2021 9월.xlsx
2020,5,조지아,입항환적,7.0,7.0,0.0,451.0,451.0,0.0,2020_2021 9월.xlsx
2020,5,중국,입항환적,204271.75,192741.5,11530.25,946374.5,890869.75,55504.75,2020_2021 9월.xlsx
2020,5,지부티,입항환적,25.0,25.0,0.0,129.0,129.0,0.0,2020_2021 9월.xlsx
2020,5,차드,입항환적,,,,1.0,1.0,0.0,2020_2021 9월.xlsx
2020,5,체코,입항환적,,,,1.0,1.0,0.0,2020_2021 9월.xlsx
2020,5,칠레,입항환적,5456.0,5346.0,110.0,30148.0,29634.0,514.0,2020_2021 9월.xlsx
2020,5,카메룬,입항환적,36.0,36.0,0.0,51.0,51.0,0.0,2020_2021 9월.xlsx
2020,5,카보 베르데,입항환적,,,,8.0,8.0,0.0,2020_2021 9월.xlsx
2020,5,카타르,입항환적,213.0,213.0,0.0,1130.0,1130.0,0.0,2020_2021 9월.xlsx
2020,5,캄보디아,입항환적,239.25,239.25,0.0,2505.25,2505.25,0.0,2020_2021 9월.xlsx
2020,5,캐나다,입항환적,15175.5,15172.5,3.0,64892.25,59788.25,5104.0,2020_2021 9월.xlsx
2020,5,케냐,입항환적,32.0,32.0,0.0,251.0,251.0,0.0,2020_2021 9월.xlsx
2020,5,코모로,입항환적,,,,2.0,2.0,0.0,2020_2021 9월.xlsx
2020,5,코스타리카,입항환적,888.0,656.0,232.0,2117.0,1885.0,232.0,2020_2021 9월.xlsx
2020,5,코트디부아르,입항환적,20.0,20.0,0.0,88.0,88.0,0.0,2020_2021 9월.xlsx
2020,5,콜롬비아,입항환적,1405.0,364.0,1041.0,4643.75,1902.0,2741.75,2020_2021 9월.xlsx
2020,5,쿠바,입항환적,122.0,122.0,0.0,328.0,328.0,0.0,2020_2021 9월.xlsx
2020,5,쿠웨이트,입항환적,36.0,36.0,0.0,289.0,289.0,0.0,2020_2021 9월.xlsx
2020,5,퀴라소,입항환적,,,,2.0,2.0,0.0,2020_2021 9월.xlsx
2020,5,크로아티아,입항환적,26.0,26.0,0.0,390.0,390.0,0.0,2020_2021 9월.xlsx
2020,5,키리바시,입항환적,3.0,1.0,2.0,15.0,2.0,13.0,2020_2021 9월.xlsx
2020,5,키프로스,입항환적,5.0,5.0,0.0,54.0,54.0,0.0,2020_2021 9월.xlsx
2020,5,탄자니아,입항환적,43.0,43.0,0.0,57.0,57.0,0.0,2020_2021 9월.xlsx
2020,5,태국,입항환적,7969.0,7964.0,5.0,47854.25,47562.25,292.0,2020_2021 9월.xlsx
2020,5,토고,입항환적,,,,21.0,21.0,0.0,2020_2021 9월.xlsx
2020,5,통가,입항환적,,,,25.0,13.0,12.0,2020_2021 9월.xlsx
2020,5,튀니지,입항환적,2.0,2.0,0.0,27.0,27.0,0.0,2020_2021 9월.xlsx
2020,5,튀르키예,입항환적,2437.0,2437.0,0.0,12431.0,10451.0,1980.0,2020_2021 9월.xlsx
2020,5,트리니다드 토바고,입항환적,6.0,6.0,0.0,78.0,78.0,0.0,2020_2021 9월.xlsx
2020,5,파나마,입항환적,1893.25,1276.0,617.25,13397.0,7097.0,6300.0,2020_2021 9월.xlsx
2020,5,파라과이,입항환적,16.0,16.0,0.0,178.0,178.0,0.0,2020_2021 9월.xlsx
2020,5,파키스탄,입항환적,789.0,699.0,90.0,5814.0,5549.0,265.0,2020_2021 9월.xlsx
2020,5,파푸아 뉴기니,입항환적,6.0,6.0,0.0,32.0,30.0,2.0,2020_2021 9월.xlsx
2020,5,페루,입항환적,1199.0,1141.0,58.0,11066.0,10676.0,390.0,2020_2021 9월.xlsx
2020,5,포르투갈,입항환적,257.0,257.0,0.0,1487.0,1487.0,0.0,2020_2021 9월.xlsx
2020,5,폴란드,입항환적,214.0,214.0,0.0,827.0,827.0,0.0,2020_2021 9월.xlsx
2020,5,푸에르토리코,입항환적,194.0,194.0,0.0,1000.0,1000.0,0.0,2020_2021 9월.xlsx
2020,5,프랑스,입항환적,2460.0,974.0,1486.0,7075.0,5346.0,1729.0,2020_2021 9월.xlsx
2020,5,프랑스령 폴리네시아,입항환적,,,,52.0,4.0,48.0,2020_2021 9월.xlsx
2020,5,피지,입항환적,13.0,2.0,11.0,108.0,84.0,24.0,2020_2021 9월.xlsx
2020,5,핀란드,입항환적,808.0,808.0,0.0,5185.0,5185.0,0.0,2020_2021 9월.xlsx
2020,5,필리핀,입항환적,6542.0,3476.25,3065.75,30769.25,25252.5,5516.75,2020_2021 9월.xlsx
2020,5,헝가리,입항환적,4.0,4.0,0.0,6.0,6.0,0.0,2020_2021 9월.xlsx
2020,5,호주,입항환적,8183.0,7682.0,501.0,34038.0,31970.0,2068.0,2020_2021 9월.xlsx
2020,5,홍콩,입항환적,3208.0,3204.0,4.0,13745.5,12667.75,1077.75,2020_2021 9월.xlsx
2020,5,가나,출항,189.25,186.25,3.0,1121.25,1118.25,3.0,2020_2021 9월.xlsx
2020,5,가봉,출항,,,,9.0,9.0,0.0,2020_2021 9월.xlsx
2020,5,가이아나,출항,6.0,6.0,0.0,25.0,25.0,0.0,2020_2021 9월.xlsx
2020,5,감비아,출항,,,,3.0,3.0,0.0,2020_2021 9월.xlsx
2020,5,과들루프,출항,1.0,1.0,0.0,6.0,6.0,0.0,2020_2021 9월.xlsx
2020,5,과테말라,출항,216.0,216.0,0.0,1250.0,1116.0,134.0,2020_2021 9월.xlsx
2020,5,괌,출항,207.5,207.5,0.0,1199.0,1199.0,0.0,2020_2021 9월.xlsx
2020,5,그레나다,출항,11.0,11.0,0.0,19.0,19.0,0.0,2020_2021 9월.xlsx
2020,5,그리스,출항,2068.0,2068.0,0.0,6232.0,6232.0,0.0,2020_2021 9월.xlsx
2020,5,기니,출항,10.0,10.0,0.0,111.0,111.0,0.0,2020_2021 9월.xlsx
2020,5,나미비아,출항,,,,8.0,8.0,0.0,2020_2021 9월.xlsx
2020,5,나이지리아,출항,209.0,209.0,0.0,1379.0,1379.0,0.0,2020_2021 9월.xlsx
2020,5,남아프리카,출항,182.0,182.0,0.0,2185.0,2167.0,18.0,2020_2021 9월.xlsx
2020,5,네덜란드,출항,4993.0,4971.0,22.0,28359.25,28200.25,159.0,2020_2021 9월.xlsx
2020,5,노르웨이,출항,39.0,39.0,0.0,172.0,172.0,0.0,2020_2021 9월.xlsx
2020,5,뉴질랜드,출항,1184.0,884.0,300.0,7016.0,5633.0,1383.0,2020_2021 9월.xlsx
2020,5,뉴칼레도니아,출항,22.0,22.0,0.0,88.0,88.0,0.0,2020_2021 9월.xlsx
2020,5,니카라과,출항,39.0,39.0,0.0,426.0,426.0,0.0,2020_2021 9월.xlsx
2020,5,대만,출항,10641.75,10177.75,464.0,54102.25,51549.0,2553.25,2020_2021 9월.xlsx
2020,5,대한민국,출항,10243.0,35.0,10208.0,38182.25,531.0,37651.25,2020_2021 9월.xlsx
2020,5,덴마크,출항,250.0,250.0,0.0,1010.0,1010.0,0.0,2020_2021 9월.xlsx
2020,5,도미니카 공화국,출항,182.0,166.0,16.0,1086.0,962.0,124.0,2020_2021 9월.xlsx
2020,5,독일,출항,6597.0,6397.0,200.0,40644.0,39919.0,725.0,2020_2021 9월.xlsx
2020,5,동티모르,출항,,,,10.0,10.0,0.0,2020_2021 9월.xlsx
2020,5,라이베리아,출항,1.0,1.0,0.0,38.0,38.0,0.0,2020_2021 9월.xlsx
2020,5,라트비아,출항,35.0,35.0,0.0,203.25,203.25,0.0,2020_2021 9월.xlsx
2020,5,러시아,출항,11930.0,7136.0,4794.0,55171.75,49874.75,5297.0,2020_2021 9월.xlsx
2020,5,레바논,출항,84.0,84.0,0.0,411.0,411.0,0.0,2020_2021 9월.xlsx
2020,5,레위니옹,출항,9.0,9.0,0.0,40.0,40.0,0.0,2020_2021 9월.xlsx
2020,5,루마니아,출항,212.0,212.0,0.0,1438.0,1432.0,6.0,2020_2021 9월.xlsx
2020,5,리비아,출항,75.0,75.0,0.0,725.0,725.0,0.0,2020_2021 9월.xlsx
2020,5,리투아니아,출항,138.0,138.0,0.0,1091.0,1091.0,0.0,2020_2021 9월.xlsx
2020,5,마다가스카르,출항,5.0,5.0,0.0,44.0,44.0,0.0,2020_2021 9월.xlsx
2020,5,마르티니크,출항,4.0,4.0,0.0,17.0,17.0,0.0,2020_2021 9월.xlsx
2020,5,마샬 제도,출항,98.0,24.0,74.0,409.0,82.0,327.0,2020_2021 9월.xlsx
2020,5,마요트,출항,10.0,10.0,0.0,43.0,43.0,0.0,2020_2021 9월.xlsx
2020,5,말레이시아,출항,6008.0,5544.0,464.0,39548.75,38261.75,1287.0,2020_2021 9월.xlsx
2020,5,멕시코,출항,6812.0,6122.0,690.0,60263.75,57303.75,2960.0,2020_2021 9월.xlsx
2020,5,모로코,출항,151.0,151.0,0.0,1145.0,1145.0,0.0,2020_2021 9월.xlsx
2020,5,모리셔스,출항,5.0,5.0,0.0,38.0,38.0,0.0,2020_2021 9월.xlsx
2020,5,모리타니,출항,8.0,8.0,0.0,62.0,62.0,0.0,2020_2021 9월.xlsx
2020,5,모잠비크,출항,134.0,134.0,0.0,664.0,664.0,0.0,2020_2021 9월.xlsx
2020,5,몬테네그로,출항,16.0,16.0,0.0,25.0,25.0,0.0,2020_2021 9월.xlsx
2020,5,몰디브,출항,1.0,1.0,0.0,15.0,15.0,0.0,2020_2021 9월.xlsx
2020,5,몰타,출항,55.0,55.0,0.0,210.0,170.0,40.0,2020_2021 9월.xlsx
2020,5,미국,출항,50911.75,49428.75,1483.0,314656.5,304180.5,10476.0,2020_2021 9월.xlsx
2020,5,미얀마,출항,130.0,130.0,0.0,751.25,751.25,0.0,2020_2021 9월.xlsx
2020,5,미크로네시아,출항,24.0,18.0,6.0,120.0,104.0,16.0,2020_2021 9월.xlsx
2020,5,바누아투,출항,150.0,8.0,142.0,305.0,61.0,244.0,2020_2021 9월.xlsx
2020,5,바레인,출항,25.0,25.0,0.0,218.0,218.0,0.0,2020_2021 9월.xlsx
2020,5,바베이도스,출항,4.0,4.0,0.0,10.0,10.0,0.0,2020_2021 9월.xlsx
2020,5,바하마,출항,4157.5,14.0,4143.5,10662.5,59.0,10603.5,2020_2021 9월.xlsx
2020,5,방글라데시,출항,44.0,44.0,0.0,350.0,350.0,0.0,2020_2021 9월.xlsx
2020,5,베냉,출항,5.0,5.0,0.0,36.0,36.0,0.0,2020_2021 9월.xlsx
2020,5,베네수엘라,출항,51.0,51.0,0.0,111.0,111.0,0.0,2020_2021 9월.xlsx
2020,5,베트남,출항,16054.5,14919.5,1135.0,93039.5,84431.5,8608.0,2020_2021 9월.xlsx
2020,5,벨기에,출항,1043.0,1036.0,7.0,11557.0,11445.0,112.0,2020_2021 9월.xlsx
2020,5,벨리즈,출항,2.0,2.0,0.0,6.0,6.0,0.0,2020_2021 9월.xlsx
2020,5,북마리아나 제도,출항,54.0,54.0,0.0,396.0,382.0,14.0,2020_2021 9월.xlsx
2020,5,불가리아,출항,16.0,16.0,0.0,271.0,271.0,0.0,2020_2021 9월.xlsx
2020,5,브라질,출항,2057.0,1937.0,120.0,21187.0,19703.0,1484.0,2020_2021 9월.xlsx
2020,5,사모아,출항,6.0,6.0,0.0,26.0,26.0,0.0,2020_2021 9월.xlsx
2020,5,사우디아라비아,출항,3737.5,3737.5,0.0,20260.5,20254.5,6.0,2020_2021 9월.xlsx
2020,5,세네갈,출항,112.0,112.0,0.0,497.0,497.0,0.0,2020_2021 9월.xlsx
2020,5,세이셸,출항,7.0,7.0,0.0,78.0,78.0,0.0,2020_2021 9월.xlsx
2020,5,세인트루시아,출항,2.0,2.0,0.0,4.0,4.0,0.0,2020_2021 9월.xlsx
2020,5,소말리아,출항,30.0,30.0,0.0,105.0,105.0,0.0,2020_2021 9월.xlsx
2020,5,솔로몬제도,출항,16.0,8.0,8.0,309.0,293.0,16.0,2020_2021 9월.xlsx
2020,5,수단,출항,64.0,64.0,0.0,461.0,461.0,0.0,2020_2021 9월.xlsx
2020,5,수리남,출항,5.0,5.0,0.0,15.0,15.0,0.0,2020_2021 9월.xlsx
2020,5,스리랑카,출항,224.0,224.0,0.0,3103.0,3103.0,0.0,2020_2021 9월.xlsx
2020,5,스웨덴,출항,388.0,388.0,0.0,2315.0,2315.0,0.0,2020_2021 9월.xlsx
2020,5,스페인,출항,2566.0,2315.0,251.0,14217.5,13696.5,521.0,2020_2021 9월.xlsx
2020,5,슬로베니아,출항,4643.75,4643.75,0.0,40129.75,40103.75,26.0,2020_2021 9월.xlsx
2020,5,시리아,출항,157.0,157.0,0.0,718.0,718.0,0.0,2020_2021 9월.xlsx
2020,5,시에라 리온,출항,1.0,1.0,0.0,22.0,22.0,0.0,2020_2021 9월.xlsx
2020,5,싱가포르,출항,6372.0,5428.0,944.0,33482.5,31541.5,1941.0,2020_2021 9월.xlsx
2020,5,아랍에미리트연합국,출항,5318.25,5088.25,230.0,33244.0,32722.0,522.0,2020_2021 9월.xlsx
2020,5,아루바,출항,,,,1.0,1.0,0.0,2020_2021 9월.xlsx
2020,5,아르헨티나,출항,251.0,251.0,0.0,2699.0,2283.0,416.0,2020_2021 9월.xlsx
2020,5,아메리칸사모아,출항,24.0,24.0,0.0,258.0,258.0,0.0,2020_2021 9월.xlsx
2020,5,아이티,출항,8.0,8.0,0.0,68.0,68.0,0.0,2020_2021 9월.xlsx
2020,5,아일랜드,출항,23.0,23.0,0.0,213.0,213.0,0.0,2020_2021 9월.xlsx
2020,5,알바니아,출항,16.0,16.0,0.0,64.0,64.0,0.0,2020_2021 9월.xlsx
2020,5,알제리,출항,204.25,204.25,0.0,1548.5,1548.5,0.0,2020_2021 9월.xlsx
2020,5,앙골라,출항,43.0,43.0,0.0,419.0,419.0,0.0,2020_2021 9월.xlsx
2020,5,앤티가 바부다,출항,,,,2.0,2.0,0.0,2020_2021 9월.xlsx
2020,5,앤틸리스제도,출항,3.0,3.0,0.0,19.0,19.0,0.0,2020_2021 9월.xlsx
2020,5,에스토니아,출항,176.0,176.0,0.0,411.0,411.0,0.0,2020_2021 9월.xlsx
2020,5,에콰도르,출항,1207.0,273.0,934.0,12160.0,2832.0,9328.0,2020_2021 9월.xlsx
2020,5,엘살바도르,출항,21.0,21.0,0.0,510.0,510.0,0.0,2020_2021 9월.xlsx
2020,5,영국,출항,1626.0,1578.0,48.0,10525.0,10099.0,426.0,2020_2021 9월.xlsx
2020,5,예멘,출항,16.0,16.0,0.0,182.0,182.0,0.0,2020_2021 9월.xlsx
2020,5,오만,출항,431.0,431.0,0.0,1887.0,1887.0,0.0,2020_2021 9월.xlsx
2020,5,온두라스,출항,30.0,30.0,0.0,193.0,193.0,0.0,2020_2021 9월.xlsx
2020,5,요르단,출항,178.0,178.0,0.0,1334.0,1334.0,0.0,2020_2021 9월.xlsx
2020,5,우루과이,출항,143.0,143.0,0.0,1420.0,1250.0,170.0,2020_2021 9월.xlsx
2020,5,우크라이나,출항,131.0,129.0,2.0,912.75,906.75,6.0,2020_2021 9월.xlsx
2020,5,이라크,출항,228.25,228.25,0.0,1714.5,1714.5,0.0,2020_2021 9월.xlsx
2020,5,이란,출항,,,,6.0,6.0,0.0,2020_2021 9월.xlsx
2020,5,이스라엘,출항,992.0,973.0,19.0,5672.25,5485.25,187.0,2020_2021 9월.xlsx
2020,5,이집트,출항,2918.0,2918.0,0.0,18486.75,18032.75,454.0,2020_2021 9월.xlsx
2020,5,이탈리아,출항,3581.0,3467.0,114.0,20312.25,20086.25,226.0,2020_2021 9월.xlsx
2020,5,인도,출항,4370.25,4230.25,140.0,59878.25,58728.25,1150.0,2020_2021 9월.xlsx
2020,5,인도네시아,출항,4399.25,4376.75,22.5,35703.25,34898.75,804.5,2020_2021 9월.xlsx
2020,5,일본,출항,37230.0,29828.5,7401.5,197268.0,143111.5,54156.5,2020_2021 9월.xlsx
2020,5,자메이카,출항,759.0,623.0,136.0,1760.0,1624.0,136.0,2020_2021 9월.xlsx
2020,5,적도 기니,출항,,,,3.0,3.0,0.0,2020_2021 9월.xlsx
2020,5,조지아,출항,30.0,30.0,0.0,193.0,193.0,0.0,2020_2021 9월.xlsx
2020,5,중국,출항,107669.0,48217.0,59452.0,470342.0,243104.0,227238.0,2020_2021 9월.xlsx
2020,5,지부티,출항,26.0,26.0,0.0,157.0,157.0,0.0,2020_2021 9월.xlsx
2020,5,칠레,출항,2122.0,862.0,1260.0,15139.0,7131.0,8008.0,2020_2021 9월.xlsx
2020,5,카메룬,출항,21.0,21.0,0.0,222.0,222.0,0.0,2020_2021 9월.xlsx
2020,5,카타르,출항,421.75,405.75,16.0,1575.75,1503.75,72.0,2020_2021 9월.xlsx
2020,5,캄보디아,출항,288.0,288.0,0.0,1838.25,1838.25,0.0,2020_2021 9월.xlsx
2020,5,캐나다,출항,6784.75,6457.75,327.0,44968.5,44565.5,403.0,2020_2021 9월.xlsx
2020,5,케냐,출항,116.0,116.0,0.0,1378.0,1378.0,0.0,2020_2021 9월.xlsx
2020,5,케이맨 제도,출항,1.0,1.0,0.0,1.0,1.0,0.0,2020_2021 9월.xlsx
2020,5,코모로,출항,,,,6.0,6.0,0.0,2020_2021 9월.xlsx
2020,5,코스타리카,출항,47.0,47.0,0.0,474.0,274.0,200.0,2020_2021 9월.xlsx
2020,5,코트디부아르,출항,71.0,71.0,0.0,383.0,383.0,0.0,2020_2021 9월.xlsx
2020,5,콜롬비아,출항,1629.0,1023.0,606.0,7473.0,5795.0,1678.0,2020_2021 9월.xlsx
2020,5,콩고,출항,8.0,8.0,0.0,198.0,198.0,0.0,2020_2021 9월.xlsx
2020,5,콩고 민주 공화국,출항,78.0,78.0,0.0,220.0,220.0,0.0,2020_2021 9월.xlsx
2020,5,쿠바,출항,4.0,4.0,0.0,12.0,12.0,0.0,2020_2021 9월.xlsx
2020,5,쿠웨이트,출항,125.0,125.0,0.0,542.0,542.0,0.0,2020_2021 9월.xlsx
2020,5,크로아티아,출항,567.25,567.25,0.0,3260.25,3260.25,0.0,2020_2021 9월.xlsx
2020,5,키리바시,출항,5.0,5.0,0.0,17.0,13.0,4.0,2020_2021 9월.xlsx
2020,5,키프로스,출항,9.0,9.0,0.0,49.0,49.0,0.0,2020_2021 9월.xlsx
2020,5,탄자니아,출항,258.0,258.0,0.0,1245.0,1245.0,0.0,2020_2021 9월.xlsx
2020,5,태국,출항,8929.25,5825.25,3104.0,45421.5,37487.5,7934.0,2020_2021 9월.xlsx
2020,5,토고,출항,90.0,90.0,0.0,784.0,784.0,0.0,2020_2021 9월.xlsx
2020,5,통가,출항,,,,9.0,9.0,0.0,2020_2021 9월.xlsx
2020,5,튀니지,출항,18.0,18.0,0.0,294.0,294.0,0.0,2020_2021 9월.xlsx
2020,5,튀르키예,출항,5273.0,5248.0,25.0,36786.0,36745.0,41.0,2020_2021 9월.xlsx
2020,5,트리니다드 토바고,출항,86.0,86.0,0.0,299.0,299.0,0.0,2020_2021 9월.xlsx
2020,5,파나마,출항,1719.0,825.0,894.0,15626.5,6419.0,9207.5,2020_2021 9월.xlsx
2020,5,파라과이,출항,21.0,21.0,0.0,51.0,51.0,0.0,2020_2021 9월.xlsx
2020,5,파키스탄,출항,818.0,818.0,0.0,5628.25,5621.25,7.0,2020_2021 9월.xlsx
2020,5,파푸아 뉴기니,출항,51.0,51.0,0.0,305.0,269.0,36.0,2020_2021 9월.xlsx
2020,5,팔라우,출항,8.0,5.0,3.0,37.0,29.0,8.0,2020_2021 9월.xlsx
2020,5,페루,출항,1015.0,589.0,426.0,6177.0,4597.0,1580.0,2020_2021 9월.xlsx
2020,5,포르투갈,출항,208.0,208.0,0.0,1472.0,1472.0,0.0,2020_2021 9월.xlsx
2020,5,폴란드,출항,890.0,890.0,0.0,3550.0,3550.0,0.0,2020_2021 9월.xlsx
2020,5,푸에르토리코,출항,5.0,5.0,0.0,106.0,106.0,0.0,2020_2021 9월.xlsx
2020,5,프랑스,출항,1312.0,1056.0,256.0,6627.0,6298.0,329.0,2020_2021 9월.xlsx
2020,5,프랑스령 기아나,출항,2.0,2.0,0.0,6.0,6.0,0.0,2020_2021 9월.xlsx
2020,5,프랑스령 폴리네시아,출항,3.0,3.0,0.0,26.0,26.0,0.0,2020_2021 9월.xlsx
2020,5,피지,출항,21.0,21.0,0.0,159.0,152.0,7.0,2020_2021 9월.xlsx
2020,5,핀란드,출항,38.0,38.0,0.0,220.0,220.0,0.0,2020_2021 9월.xlsx
2020,5,필리핀,출항,2587.75,2587.75,0.0,16053.0,15749.0,304.0,2020_2021 9월.xlsx
2020,5,헝가리,출항,,,,28.0,28.0,0.0,2020_2021 9월.xlsx
2020,5,호주,출항,5720.0,5414.0,306.0,28449.0,26238.0,2211.0,2020_2021 9월.xlsx
2020,5,홍콩,출항,6103.0,5898.0,205.0,31446.0,30113.0,1333.0,2020_2021 9월.xlsx
2020,5,가나,출항환적,123.0,123.0,0.0,424.25,424.25,0.0,2020_2021 9월.xlsx
2020,5,가봉,출항환적,,,,10.0,10.0,0.0,2020_2021 9월.xlsx
2020,5,가이아나,출항환적,171.0,171.0,0.0,659.0,659.0,0.0,2020_2021 9월.xlsx
2020,5,감비아,출항환적,107.0,107.0,0.0,120.0,120.0,0.0,2020_2021 9월.xlsx
2020,5,과들루프,출항환적,35.0,35.0,0.0,85.0,85.0,0.0,2020_2021 9월.xlsx
2020,5,과테말라,출항환적,1047.0,1047.0,0.0,6306.5,6306.5,0.0,2020_2021 9월.xlsx
2020,5,괌,출항환적,305.0,305.0,0.0,1274.0,1260.0,14.0,2020_2021 9월.xlsx
2020,5,그레나다,출항환적,74.0,74.0,0.0,197.0,197.0,0.0,2020_2021 9월.xlsx
2020,5,그리스,출항환적,916.25,916.25,0.0,5691.25,5401.25,290.0,2020_2021 9월.xlsx
2020,5,기니,출항환적,24.0,24.0,0.0,42.0,42.0,0.0,2020_2021 9월.xlsx
2020,5,나미비아,출항환적,18.0,18.0,0.0,172.0,172.0,0.0,2020_2021 9월.xlsx
2020,5,나우루,출항환적,1.0,1.0,0.0,8.0,8.0,0.0,2020_2021 9월.xlsx
2020,5,나이지리아,출항환적,170.0,170.0,0.0,783.25,783.25,0.0,2020_2021 9월.xlsx
2020,5,남아프리카,출항환적,125.0,125.0,0.0,1601.0,1601.0,0.0,2020_2021 9월.xlsx
2020,5,네덜란드,출항환적,3156.25,3137.25,19.0,11813.5,11764.5,49.0,2020_2021 9월.xlsx
2020,5,노르웨이,출항환적,4.0,4.0,0.0,184.0,184.0,0.0,2020_2021 9월.xlsx
2020,5,뉴질랜드,출항환적,1028.0,928.0,100.0,5874.0,5060.0,814.0,2020_2021 9월.xlsx
2020,5,뉴칼레도니아,출항환적,381.0,328.0,53.0,1764.0,1467.0,297.0,2020_2021 9월.xlsx
2020,5,니카라과,출항환적,204.0,204.0,0.0,780.75,780.75,0.0,2020_2021 9월.xlsx
2020,5,대만,출항환적,8594.0,8594.0,0.0,41093.25,38666.25,2427.0,2020_2021 9월.xlsx
2020,5,대한민국,출항환적,16398.25,14884.25,1514.0,90463.5,87048.5,3415.0,2020_2021 9월.xlsx
2020,5,덴마크,출항환적,129.0,129.0,0.0,964.0,964.0,0.0,2020_2021 9월.xlsx
2020,5,도미니카 공화국,출항환적,1175.5,1175.5,0.0,5564.75,5564.75,0.0,2020_2021 9월.xlsx
2020,5,도미니카 연방,출항환적,8.0,8.0,0.0,33.0,33.0,0.0,2020_2021 9월.xlsx
2020,5,독일,출항환적,3156.0,3156.0,0.0,14069.75,14061.75,8.0,2020_2021 9월.xlsx
2020,5,동티모르,출항환적,,,,4.0,4.0,0.0,2020_2021 9월.xlsx
2020,5,라이베리아,출항환적,10.0,10.0,0.0,12.0,12.0,0.0,2020_2021 9월.xlsx
2020,5,라트비아,출항환적,34.0,34.0,0.0,183.0,183.0,0.0,2020_2021 9월.xlsx
2020,5,러시아,출항환적,19303.5,16865.5,2438.0,86351.0,83349.0,3002.0,2020_2021 9월.xlsx
2020,5,레바논,출항환적,195.0,195.0,0.0,770.75,770.75,0.0,2020_2021 9월.xlsx
2020,5,레위니옹,출항환적,,,,1.0,1.0,0.0,2020_2021 9월.xlsx
2020,5,루마니아,출항환적,425.25,425.25,0.0,1824.25,1824.25,0.0,2020_2021 9월.xlsx
2020,5,리비아,출항환적,46.0,46.0,0.0,436.75,436.75,0.0,2020_2021 9월.xlsx
2020,5,리투아니아,출항환적,8.0,8.0,0.0,144.0,144.0,0.0,2020_2021 9월.xlsx
2020,5,마다가스카르,출항환적,9.0,9.0,0.0,31.0,31.0,0.0,2020_2021 9월.xlsx
2020,5,마르티니크,출항환적,22.0,22.0,0.0,57.0,57.0,0.0,2020_2021 9월.xlsx
2020,5,마샬 제도,출항환적,205.0,205.0,0.0,678.0,677.0,1.0,2020_2021 9월.xlsx
2020,5,마카오,출항환적,,,,6.0,6.0,0.0,2020_2021 9월.xlsx
2020,5,말레이시아,출항환적,2844.0,2833.0,11.0,22353.75,21721.75,632.0,2020_2021 9월.xlsx
2020,5,멕시코,출항환적,15297.75,15103.75,194.0,103220.25,102598.25,622.0,2020_2021 9월.xlsx
2020,5,모로코,출항환적,157.0,157.0,0.0,1218.0,1218.0,0.0,2020_2021 9월.xlsx
2020,5,모리셔스,출항환적,6.0,6.0,0.0,52.0,52.0,0.0,2020_2021 9월.xlsx
2020,5,모리타니,출항환적,10.0,10.0,0.0,49.0,49.0,0.0,2020_2021 9월.xlsx
2020,5,모잠비크,출항환적,47.0,47.0,0.0,205.0,205.0,0.0,2020_2021 9월.xlsx
2020,5,몬테네그로,출항환적,16.0,16.0,0.0,55.0,55.0,0.0,2020_2021 9월.xlsx
2020,5,몰디브,출항환적,9.0,9.0,0.0,27.0,27.0,0.0,2020_2021 9월.xlsx
2020,5,몰타,출항환적,65.0,65.0,0.0,146.0,146.0,0.0,2020_2021 9월.xlsx
2020,5,미국,출항환적,76621.75,75471.75,1150.0,415518.25,407087.25,8431.0,2020_2021 9월.xlsx
2020,5,미국령 버진아일랜드,출항환적,,,,3.0,3.0,0.0,2020_2021 9월.xlsx
2020,5,미얀마,출항환적,309.0,309.0,0.0,844.0,844.0,0.0,2020_2021 9월.xlsx
2020,5,미크로네시아,출항환적,122.0,122.0,0.0,524.0,524.0,0.0,2020_2021 9월.xlsx
2020,5,바누아투,출항환적,322.0,321.0,1.0,1574.0,1472.0,102.0,2020_2021 9월.xlsx
2020,5,바레인,출항환적,1.0,1.0,0.0,27.0,27.0,0.0,2020_2021 9월.xlsx
2020,5,바베이도스,출항환적,112.0,112.0,0.0,485.0,485.0,0.0,2020_2021 9월.xlsx
2020,5,바하마,출항환적,7210.25,70.0,7140.25,44979.25,321.0,44658.25,2020_2021 9월.xlsx
2020,5,방글라데시,출항환적,18.0,18.0,0.0,191.0,191.0,0.0,2020_2021 9월.xlsx
2020,5,베냉,출항환적,9.0,9.0,0.0,15.0,15.0,0.0,2020_2021 9월.xlsx
2020,5,베네수엘라,출항환적,708.0,698.0,10.0,3326.25,3316.25,10.0,2020_2021 9월.xlsx
2020,5,베트남,출항환적,9243.5,8913.25,330.25,43362.75,41345.75,2017.0,2020_2021 9월.xlsx
2020,5,벨기에,출항환적,639.25,639.25,0.0,4709.0,4683.0,26.0,2020_2021 9월.xlsx
2020,5,벨리즈,출항환적,6.0,6.0,0.0,59.0,59.0,0.0,2020_2021 9월.xlsx
2020,5,북마리아나 제도,출항환적,56.25,56.25,0.0,368.5,366.5,2.0,2020_2021 9월.xlsx
2020,5,불가리아,출항환적,90.0,90.0,0.0,325.0,325.0,0.0,2020_2021 9월.xlsx
2020,5,브라질,출항환적,4032.0,3894.0,138.0,17410.0,16808.0,602.0,2020_2021 9월.xlsx
2020,5,브루나이,출항환적,2.0,2.0,0.0,5.0,5.0,0.0,2020_2021 9월.xlsx
2020,5,사모아,출항환적,177.0,177.0,0.0,897.0,897.0,0.0,2020_2021 9월.xlsx
2020,5,사우디아라비아,출항환적,2102.75,2102.75,0.0,10340.25,10340.25,0.0,2020_2021 9월.xlsx
2020,5,세네갈,출항환적,42.0,42.0,0.0,110.0,110.0,0.0,2020_2021 9월.xlsx
2020,5,세이셸,출항환적,,,,6.0,6.0,0.0,2020_2021 9월.xlsx
2020,5,세인트 빈센트 그레나딘,출항환적,13.0,13.0,0.0,45.0,45.0,0.0,2020_2021 9월.xlsx
2020,5,세인트루시아,출항환적,16.0,16.0,0.0,89.0,89.0,0.0,2020_2021 9월.xlsx
2020,5,세인트키츠 네비스,출항환적,4.0,4.0,0.0,8.0,8.0,0.0,2020_2021 9월.xlsx
2020,5,소말리아,출항환적,4.0,4.0,0.0,17.0,17.0,0.0,2020_2021 9월.xlsx
2020,5,솔로몬제도,출항환적,39.0,39.0,0.0,771.0,771.0,0.0,2020_2021 9월.xlsx
2020,5,수단,출항환적,123.0,123.0,0.0,391.0,391.0,0.0,2020_2021 9월.xlsx
2020,5,수리남,출항환적,306.0,306.0,0.0,1596.0,1596.0,0.0,2020_2021 9월.xlsx
2020,5,스리랑카,출항환적,19.0,19.0,0.0,212.0,212.0,0.0,2020_2021 9월.xlsx
2020,5,스웨덴,출항환적,228.0,228.0,0.0,1279.0,1279.0,0.0,2020_2021 9월.xlsx
2020,5,스페인,출항환적,2132.0,2082.0,50.0,11004.5,10254.5,750.0,2020_2021 9월.xlsx
2020,5,슬로베니아,출항환적,413.0,413.0,0.0,2535.75,2535.75,0.0,2020_2021 9월.xlsx
2020,5,시리아,출항환적,737.5,737.5,0.0,1969.75,1969.75,0.0,2020_2021 9월.xlsx
2020,5,시에라 리온,출항환적,,,,133.0,133.0,0.0,2020_2021 9월.xlsx
2020,5,싱가포르,출항환적,5805.0,5711.0,94.0,28752.25,23175.75,5576.5,2020_2021 9월.xlsx
2020,5,아랍에미리트연합국,출항환적,4076.75,4076.75,0.0,21622.75,21622.75,0.0,2020_2021 9월.xlsx
2020,5,아루바,출항환적,,,,4.0,4.0,0.0,2020_2021 9월.xlsx
2020,5,아르헨티나,출항환적,712.0,712.0,0.0,3205.0,2839.0,366.0,2020_2021 9월.xlsx
2020,5,아메리칸사모아,출항환적,158.0,158.0,0.0,520.0,520.0,0.0,2020_2021 9월.xlsx
2020,5,아이티,출항환적,296.0,296.0,0.0,825.0,825.0,0.0,2020_2021 9월.xlsx
2020,5,아일랜드,출항환적,30.0,30.0,0.0,267.25,267.25,0.0,2020_2021 9월.xlsx
2020,5,알바니아,출항환적,4.0,4.0,0.0,37.0,37.0,0.0,2020_2021 9월.xlsx
2020,5,알제리,출항환적,278.75,278.75,0.0,1158.75,1158.75,0.0,2020_2021 9월.xlsx
2020,5,앙골라,출항환적,1.0,1.0,0.0,13.0,13.0,0.0,2020_2021 9월.xlsx
2020,5,앤티가 바부다,출항환적,10.0,10.0,0.0,27.0,27.0,0.0,2020_2021 9월.xlsx
2020,5,앤틸리스제도,출항환적,28.0,28.0,0.0,96.0,96.0,0.0,2020_2021 9월.xlsx
2020,5,에리트레아,출항환적,,,,2.0,2.0,0.0,2020_2021 9월.xlsx
2020,5,에스토니아,출항환적,11.0,11.0,0.0,77.0,77.0,0.0,2020_2021 9월.xlsx
2020,5,에콰도르,출항환적,2959.0,1493.0,1466.0,22604.0,11470.0,11134.0,2020_2021 9월.xlsx
2020,5,엘살바도르,출항환적,200.0,200.0,0.0,1689.75,1689.75,0.0,2020_2021 9월.xlsx
2020,5,영국,출항환적,2006.25,2005.25,1.0,6431.25,6422.25,9.0,2020_2021 9월.xlsx
2020,5,영국령 버진아일랜드,출항환적,3.0,3.0,0.0,16.0,16.0,0.0,2020_2021 9월.xlsx
2020,5,예멘,출항환적,6.0,6.0,0.0,20.0,20.0,0.0,2020_2021 9월.xlsx
2020,5,오만,출항환적,420.0,420.0,0.0,1400.25,1388.25,12.0,2020_2021 9월.xlsx
2020,5,온두라스,출항환적,463.25,463.25,0.0,1641.25,1641.25,0.0,2020_2021 9월.xlsx
2020,5,요르단,출항환적,385.0,385.0,0.0,1476.0,1476.0,0.0,2020_2021 9월.xlsx
2020,5,우루과이,출항환적,155.0,155.0,0.0,545.0,545.0,0.0,2020_2021 9월.xlsx
2020,5,우크라이나,출항환적,631.5,631.5,0.0,3121.0,3121.0,0.0,2020_2021 9월.xlsx
2020,5,이라크,출항환적,46.0,46.0,0.0,248.25,248.25,0.0,2020_2021 9월.xlsx
2020,5,이스라엘,출항환적,1353.0,1336.0,17.0,6042.25,5934.25,108.0,2020_2021 9월.xlsx
2020,5,이집트,출항환적,1945.0,1932.0,13.0,10417.5,10132.5,285.0,2020_2021 9월.xlsx
2020,5,이탈리아,출항환적,1495.0,1445.0,50.0,7938.0,7802.0,136.0,2020_2021 9월.xlsx
2020,5,인도,출항환적,1717.0,1717.0,0.0,16138.5,16127.5,11.0,2020_2021 9월.xlsx
2020,5,인도네시아,출항환적,5310.25,5308.25,2.0,24743.5,24741.5,2.0,2020_2021 9월.xlsx
2020,5,일본,출항환적,77449.0,77143.0,306.0,397518.0,390692.0,6826.0,2020_2021 9월.xlsx
2020,5,자메이카,출항환적,1147.25,1143.25,4.0,4654.0,4650.0,4.0,2020_2021 9월.xlsx
2020,5,적도 기니,출항환적,,,,2.0,2.0,0.0,2020_2021 9월.xlsx
2020,5,조지아,출항환적,80.0,80.0,0.0,556.0,556.0,0.0,2020_2021 9월.xlsx
2020,5,중국,출항환적,127846.75,93708.75,34138.0,551467.25,422990.0,128477.25,2020_2021 9월.xlsx
2020,5,지부티,출항환적,2.0,2.0,0.0,174.0,174.0,0.0,2020_2021 9월.xlsx
2020,5,칠레,출항환적,12685.0,11813.0,872.0,69812.25,63674.25,6138.0,2020_2021 9월.xlsx
2020,5,카메룬,출항환적,12.0,12.0,0.0,64.0,64.0,0.0,2020_2021 9월.xlsx
2020,5,카보 베르데,출항환적,,,,1.0,1.0,0.0,2020_2021 9월.xlsx
2020,5,카타르,출항환적,297.0,297.0,0.0,1336.25,1336.25,0.0,2020_2021 9월.xlsx
2020,5,캄보디아,출항환적,24.5,24.5,0.0,138.5,138.5,0.0,2020_2021 9월.xlsx
2020,5,캐나다,출항환적,22156.0,22126.0,30.0,109733.0,109158.0,575.0,2020_2021 9월.xlsx
2020,5,케냐,출항환적,94.0,94.0,0.0,331.0,331.0,0.0,2020_2021 9월.xlsx
2020,5,케이맨 제도,출항환적,2.0,2.0,0.0,18.0,18.0,0.0,2020_2021 9월.xlsx
2020,5,코스타리카,출항환적,916.75,916.75,0.0,3373.75,3373.75,0.0,2020_2021 9월.xlsx
2020,5,코트디부아르,출항환적,8.0,8.0,0.0,75.0,75.0,0.0,2020_2021 9월.xlsx
2020,5,콜롬비아,출항환적,5133.0,4846.0,287.0,27609.25,27180.25,429.0,2020_2021 9월.xlsx
2020,5,콩고,출항환적,,,,5.0,5.0,0.0,2020_2021 9월.xlsx
2020,5,콩고 민주 공화국,출항환적,3.0,3.0,0.0,18.0,18.0,0.0,2020_2021 9월.xlsx
2020,5,쿠바,출항환적,470.0,470.0,0.0,1130.0,1130.0,0.0,2020_2021 9월.xlsx
2020,5,쿠웨이트,출항환적,26.0,26.0,0.0,314.0,314.0,0.0,2020_2021 9월.xlsx
2020,5,퀴라소,출항환적,2.0,2.0,0.0,8.0,8.0,0.0,2020_2021 9월.xlsx
2020,5,크로아티아,출항환적,184.25,184.25,0.0,765.0,765.0,0.0,2020_2021 9월.xlsx
2020,5,키리바시,출항환적,179.0,179.0,0.0,706.0,706.0,0.0,2020_2021 9월.xlsx
2020,5,키프로스,출항환적,2.0,2.0,0.0,71.0,71.0,0.0,2020_2021 9월.xlsx
2020,5,탄자니아,출항환적,34.0,34.0,0.0,139.0,139.0,0.0,2020_2021 9월.xlsx
2020,5,태국,출항환적,10423.25,10418.25,5.0,42543.25,42474.25,69.0,2020_2021 9월.xlsx
2020,5,토고,출항환적,5.25,5.25,0.0,64.25,64.25,0.0,2020_2021 9월.xlsx
2020,5,통가,출항환적,49.0,49.0,0.0,311.0,311.0,0.0,2020_2021 9월.xlsx
2020,5,튀니지,출항환적,215.0,215.0,0.0,797.0,797.0,0.0,2020_2021 9월.xlsx
2020,5,튀르키예,출항환적,3448.0,3440.0,8.0,15398.0,15390.0,8.0,2020_2021 9월.xlsx
2020,5,트리니다드 토바고,출항환적,473.0,473.0,0.0,1793.25,1793.25,0.0,2020_2021 9월.xlsx
2020,5,파나마,출항환적,2714.25,2302.25,412.0,27168.75,17298.25,9870.5,2020_2021 9월.xlsx
2020,5,파라과이,출항환적,6.0,6.0,0.0,129.0,129.0,0.0,2020_2021 9월.xlsx
2020,5,파키스탄,출항환적,636.0,636.0,0.0,2946.5,2946.5,0.0,2020_2021 9월.xlsx
2020,5,파푸아 뉴기니,출항환적,56.0,56.0,0.0,1904.0,1903.0,1.0,2020_2021 9월.xlsx
2020,5,팔라우,출항환적,15.0,15.0,0.0,42.0,42.0,0.0,2020_2021 9월.xlsx
2020,5,페루,출항환적,2669.0,2647.0,22.0,20433.5,19533.5,900.0,2020_2021 9월.xlsx
2020,5,포르투갈,출항환적,51.0,51.0,0.0,249.0,249.0,0.0,2020_2021 9월.xlsx
2020,5,폴란드,출항환적,94.0,94.0,0.0,656.0,656.0,0.0,2020_2021 9월.xlsx
2020,5,푸에르토리코,출항환적,274.0,274.0,0.0,1013.0,1013.0,0.0,2020_2021 9월.xlsx
2020,5,프랑스,출항환적,1285.0,1279.0,6.0,4479.25,4471.25,8.0,2020_2021 9월.xlsx
2020,5,프랑스령 기아나,출항환적,,,,4.0,4.0,0.0,2020_2021 9월.xlsx
2020,5,프랑스령 폴리네시아,출항환적,52.0,52.0,0.0,369.0,365.0,4.0,2020_2021 9월.xlsx
2020,5,피지,출항환적,564.0,560.0,4.0,2136.0,2125.0,11.0,2020_2021 9월.xlsx
2020,5,핀란드,출항환적,23.0,23.0,0.0,273.0,273.0,0.0,2020_2021 9월.xlsx
2020,5,필리핀,출항환적,3545.0,3545.0,0.0,23900.75,21512.75,2388.0,2020_2021 9월.xlsx
2020,5,호주,출항환적,2222.0,2055.0,167.0,10810.25,10071.25,739.0,2020_2021 9월.xlsx
2020,5,홍콩,출항환적,3668.0,3668.0,0.0,19713.25,18913.5,799.75,2020_2021 9월.xlsx
2020,6,가나,입항,186.0,186.0,0.0,534.0,534.0,0.0,2020_2021 8월.xlsx
2020,6,가이아나,입항,5.0,5.0,0.0,51.0,51.0,0.0,2020_2021 8월.xlsx
2020,6,감비아,입항,8.0,8.0,0.0,48.0,48.0,0.0,2020_2021 8월.xlsx
2020,6,과테말라,입항,347.0,317.0,30.0,3020.0,1763.0,1257.0,2020_2021 8월.xlsx
2020,6,괌,입항,929.25,65.0,864.25,5218.0,369.0,4849.0,2020_2021 8월.xlsx
2020,6,그리스,입항,869.0,351.0,518.0,5568.0,2173.0,3395.0,2020_2021 8월.xlsx
2020,6,기니,입항,44.0,44.0,0.0,568.0,568.0,0.0,2020_2021 8월.xlsx
2020,6,기니비사우,입항,2.0,2.0,0.0,20.0,20.0,0.0,2020_2021 8월.xlsx
2020,6,나미비아,입항,5.0,5.0,0.0,171.0,171.0,0.0,2020_2021 8월.xlsx
2020,6,나이지리아,입항,98.0,98.0,0.0,697.0,696.0,1.0,2020_2021 8월.xlsx
2020,6,남아프리카,입항,634.0,634.0,0.0,4120.0,3958.0,162.0,2020_2021 8월.xlsx
2020,6,네덜란드,입항,10553.25,10312.25,241.0,44295.0,42245.0,2050.0,2020_2021 8월.xlsx
2020,6,노르웨이,입항,503.25,503.25,0.0,2713.5,2699.5,14.0,2020_2021 8월.xlsx
2020,6,뉴질랜드,입항,1733.0,1719.0,14.0,16314.0,12660.0,3654.0,2020_2021 8월.xlsx
2020,6,뉴칼레도니아,입항,208.0,45.0,163.0,1001.0,216.0,785.0,2020_2021 8월.xlsx
2020,6,니카라과,입항,34.0,34.0,0.0,435.0,432.0,3.0,2020_2021 8월.xlsx
2020,6,대만,입항,4523.25,3351.0,1172.25,33967.25,22591.25,11376.0,2020_2021 8월.xlsx
2020,6,대한민국,입항,2513.0,0.0,2513.0,23020.25,74.0,22946.25,2020_2021 8월.xlsx
2020,6,덴마크,입항,1040.0,1010.0,30.0,5352.0,5292.0,60.0,2020_2021 8월.xlsx
2020,6,도미니카 공화국,입항,156.0,156.0,0.0,921.0,917.0,4.0,2020_2021 8월.xlsx
2020,6,도미니카 연방,입항,,,,2.0,2.0,0.0,2020_2021 8월.xlsx
2020,6,독일,입항,11765.75,11314.25,451.5,60058.0,53239.5,6818.5,2020_2021 8월.xlsx
2020,6,라이베리아,입항,14.0,14.0,0.0,30.0,30.0,0.0,2020_2021 8월.xlsx
2020,6,라트비아,입항,1033.0,1031.0,2.0,5535.0,5533.0,2.0,2020_2021 8월.xlsx
2020,6,러시아,입항,5245.0,3425.0,1820.0,43534.0,18305.0,25229.0,2020_2021 8월.xlsx
2020,6,레바논,입항,137.0,57.0,80.0,1280.0,278.0,1002.0,2020_2021 8월.xlsx
2020,6,레위니옹,입항,1.0,1.0,0.0,14.0,14.0,0.0,2020_2021 8월.xlsx
2020,6,루마니아,입항,649.0,291.0,358.0,4445.0,1608.0,2837.0,2020_2021 8월.xlsx
2020,6,리비아,입항,27.0,27.0,0.0,315.0,315.0,0.0,2020_2021 8월.xlsx
2020,6,리투아니아,입항,187.0,187.0,0.0,1949.0,1949.0,0.0,2020_2021 8월.xlsx
2020,6,마다가스카르,입항,21.0,21.0,0.0,187.0,187.0,0.0,2020_2021 8월.xlsx
2020,6,마샬 제도,입항,443.0,1.0,442.0,2124.0,54.0,2070.0,2020_2021 8월.xlsx
2020,6,말레이시아,입항,5038.25,4234.0,804.25,45584.5,29136.25,16448.25,2020_2021 8월.xlsx
2020,6,말리,입항,,,,2.0,2.0,0.0,2020_2021 8월.xlsx
2020,6,멕시코,입항,3124.0,2893.0,231.0,36888.0,16399.0,20489.0,2020_2021 8월.xlsx
2020,6,모로코,입항,391.0,383.0,8.0,1010.0,1002.0,8.0,2020_2021 8월.xlsx
2020,6,모리셔스,입항,6.0,6.0,0.0,136.0,136.0,0.0,2020_2021 8월.xlsx
2020,6,모리타니,입항,20.0,20.0,0.0,90.0,90.0,0.0,2020_2021 8월.xlsx
2020,6,모잠비크,입항,99.0,99.0,0.0,860.0,860.0,0.0,2020_2021 8월.xlsx
2020,6,몬테네그로,입항,97.0,97.0,0.0,378.0,378.0,0.0,2020_2021 8월.xlsx
2020,6,몰타,입항,64.0,0.0,64.0,925.0,90.0,835.0,2020_2021 8월.xlsx
2020,6,미국,입항,46330.25,39943.0,6387.25,360124.0,264663.25,95460.75,2020_2021 8월.xlsx
2020,6,미얀마,입항,432.0,432.0,0.0,3714.0,2740.0,974.0,2020_2021 8월.xlsx
2020,6,미크로네시아,입항,4.0,0.0,4.0,106.0,15.0,91.0,2020_2021 8월.xlsx
2020,6,바누아투,입항,20.0,0.0,20.0,590.0,3.0,587.0,2020_2021 8월.xlsx
2020,6,바레인,입항,139.0,139.0,0.0,520.0,520.0,0.0,2020_2021 8월.xlsx
2020,6,바베이도스,입항,,,,8.0,8.0,0.0,2020_2021 8월.xlsx
2020,6,바하마,입항,,,,3.0,3.0,0.0,2020_2021 8월.xlsx
2020,6,방글라데시,입항,605.0,268.0,337.0,3524.0,2767.0,757.0,2020_2021 8월.xlsx
2020,6,베네수엘라,입항,14.0,14.0,0.0,275.0,275.0,0.0,2020_2021 8월.xlsx
2020,6,베트남,입항,11654.75,10837.25,817.5,76713.0,69484.25,7228.75,2020_2021 8월.xlsx
2020,6,벨기에,입항,3953.0,3942.0,11.0,21745.75,21662.75,83.0,2020_2021 8월.xlsx
2020,6,북마리아나 제도,입항,9.0,0.0,9.0,3571.0,66.0,3505.0,2020_2021 8월.xlsx
2020,6,불가리아,입항,118.0,116.0,2.0,482.0,476.0,6.0,2020_2021 8월.xlsx
2020,6,브라질,입항,3632.0,2897.0,735.0,16842.0,13924.0,2918.0,2020_2021 8월.xlsx
2020,6,브루나이,입항,1.0,1.0,0.0,45.0,45.0,0.0,2020_2021 8월.xlsx
2020,6,사모아,입항,446.0,0.0,446.0,2391.0,12.0,2379.0,2020_2021 8월.xlsx
2020,6,사우디아라비아,입항,672.0,370.0,302.0,13206.25,3633.0,9573.25,2020_2021 8월.xlsx
2020,6,세네갈,입항,154.0,154.0,0.0,475.0,475.0,0.0,2020_2021 8월.xlsx
2020,6,세이셸,입항,4.0,4.0,0.0,22.0,22.0,0.0,2020_2021 8월.xlsx
2020,6,세인트 빈센트 그레나딘,입항,6.0,6.0,0.0,6.0,6.0,0.0,2020_2021 8월.xlsx
2020,6,소말리아,입항,,,,19.0,19.0,0.0,2020_2021 8월.xlsx
2020,6,솔로몬제도,입항,,,,3.0,3.0,0.0,2020_2021 8월.xlsx
2020,6,수단,입항,,,,119.0,119.0,0.0,2020_2021 8월.xlsx
2020,6,수리남,입항,75.0,75.0,0.0,608.0,608.0,0.0,2020_2021 8월.xlsx
2020,6,스리랑카,입항,391.0,391.0,0.0,1688.0,1657.0,31.0,2020_2021 8월.xlsx
2020,6,스웨덴,입항,1280.0,1280.0,0.0,7504.0,7497.0,7.0,2020_2021 8월.xlsx
2020,6,스페인,입항,2756.0,2651.0,105.0,18931.0,16183.0,2748.0,2020_2021 8월.xlsx
2020,6,슬로베니아,입항,1614.75,1598.75,16.0,7571.25,7442.25,129.0,2020_2021 8월.xlsx
2020,6,시리아,입항,1.0,1.0,0.0,1.0,1.0,0.0,2020_2021 8월.xlsx
2020,6,시에라 리온,입항,26.0,26.0,0.0,174.0,174.0,0.0,2020_2021 8월.xlsx
2020,6,싱가포르,입항,3103.5,2734.0,369.5,22377.25,17485.0,4892.25,2020_2021 8월.xlsx
2020,6,아랍에미리트연합국,입항,4019.0,2289.0,1730.0,33423.25,9411.5,24011.75,2020_2021 8월.xlsx
2020,6,아르헨티나,입항,808.0,247.0,561.0,3843.0,1679.0,2164.0,2020_2021 8월.xlsx
2020,6,아메리칸사모아,입항,27.0,9.0,18.0,768.0,69.0,699.0,2020_2021 8월.xlsx
2020,6,아이슬란드,입항,,,,84.0,84.0,0.0,2020_2021 8월.xlsx
2020,6,아이티,입항,2.0,2.0,0.0,16.0,16.0,0.0,2020_2021 8월.xlsx
2020,6,아일랜드,입항,206.0,206.0,0.0,912.0,850.0,62.0,2020_2021 8월.xlsx
2020,6,알바니아,입항,,,,11.0,11.0,0.0,2020_2021 8월.xlsx
2020,6,알제리,입항,64.0,0.0,64.0,164.0,5.0,159.0,2020_2021 8월.xlsx
2020,6,앙골라,입항,2.0,2.0,0.0,1022.0,35.0,987.0,2020_2021 8월.xlsx
2020,6,앤틸리스제도,입항,,,,5.0,5.0,0.0,2020_2021 8월.xlsx
2020,6,에스토니아,입항,470.0,470.0,0.0,3151.0,3151.0,0.0,2020_2021 8월.xlsx
2020,6,에콰도르,입항,957.0,399.0,558.0,6343.5,1986.0,4357.5,2020_2021 8월.xlsx
2020,6,엘살바도르,입항,12.0,12.0,0.0,408.0,401.0,7.0,2020_2021 8월.xlsx
2020,6,영국,입항,2075.0,1982.25,92.75,10511.0,9562.25,948.75,2020_2021 8월.xlsx
2020,6,예멘,입항,162.0,162.0,0.0,910.0,910.0,0.0,2020_2021 8월.xlsx
2020,6,오만,입항,513.0,88.0,425.0,5095.0,738.0,4357.0,2020_2021 8월.xlsx
2020,6,온두라스,입항,86.0,84.0,2.0,458.0,456.0,2.0,2020_2021 8월.xlsx
2020,6,요르단,입항,290.0,108.0,182.0,1404.0,543.0,861.0,2020_2021 8월.xlsx
2020,6,우루과이,입항,384.0,86.0,298.0,930.0,429.0,501.0,2020_2021 8월.xlsx
2020,6,우크라이나,입항,415.0,415.0,0.0,2536.0,1668.0,868.0,2020_2021 8월.xlsx
2020,6,이라크,입항,10.0,0.0,10.0,1624.0,10.0,1614.0,2020_2021 8월.xlsx
2020,6,이란,입항,,,,96.0,26.0,70.0,2020_2021 8월.xlsx
2020,6,이스라엘,입항,1463.0,338.0,1125.0,4311.0,2056.0,2255.0,2020_2021 8월.xlsx
2020,6,이집트,입항,1020.0,559.0,461.0,9064.0,2583.0,6481.0,2020_2021 8월.xlsx
2020,6,이탈리아,입항,4387.0,4200.0,187.0,27502.0,23676.0,3826.0,2020_2021 8월.xlsx
2020,6,인도,입항,5941.5,5589.0,352.5,53084.75,33381.0,19703.75,2020_2021 8월.xlsx
2020,6,인도네시아,입항,5395.75,4008.0,1387.75,40099.5,29424.25,10675.25,2020_2021 8월.xlsx
2020,6,일본,입항,75570.75,18729.5,56841.25,450240.25,119766.5,330473.75,2020_2021 8월.xlsx
2020,6,자메이카,입항,167.0,14.0,153.0,7886.0,200.0,7686.0,2020_2021 8월.xlsx
2020,6,적도 기니,입항,12.0,12.0,0.0,12.0,12.0,0.0,2020_2021 8월.xlsx
2020,6,조지아,입항,10.0,10.0,0.0,93.0,93.0,0.0,2020_2021 8월.xlsx
2020,6,중국,입항,87121.75,74813.0,12308.75,529272.5,422377.75,106894.75,2020_2021 8월.xlsx
2020,6,지부티,입항,62.0,62.0,0.0,428.0,428.0,0.0,2020_2021 8월.xlsx
2020,6,체코,입항,,,,38.0,38.0,0.0,2020_2021 8월.xlsx
2020,6,칠레,입항,4293.0,4214.0,79.0,35046.0,32043.0,3003.0,2020_2021 8월.xlsx
2020,6,카메룬,입항,,,,7.0,7.0,0.0,2020_2021 8월.xlsx
2020,6,카타르,입항,259.0,259.0,0.0,2750.0,2431.0,319.0,2020_2021 8월.xlsx
2020,6,캄보디아,입항,92.0,92.0,0.0,810.0,808.0,2.0,2020_2021 8월.xlsx
2020,6,캐나다,입항,5836.0,4749.0,1087.0,36713.75,28727.0,7986.75,2020_2021 8월.xlsx
2020,6,케냐,입항,62.0,62.0,0.0,205.0,205.0,0.0,2020_2021 8월.xlsx
2020,6,코스타리카,입항,132.0,126.0,6.0,837.0,823.0,14.0,2020_2021 8월.xlsx
2020,6,코트디부아르,입항,8.0,8.0,0.0,26.0,26.0,0.0,2020_2021 8월.xlsx
2020,6,콜롬비아,입항,927.0,697.0,230.0,7221.0,3250.0,3971.0,2020_2021 8월.xlsx
2020,6,콩고,입항,,,,112.0,16.0,96.0,2020_2021 8월.xlsx
2020,6,콩고 민주 공화국,입항,,,,21.0,21.0,0.0,2020_2021 8월.xlsx
2020,6,쿠바,입항,4.0,4.0,0.0,4.0,4.0,0.0,2020_2021 8월.xlsx
2020,6,쿠웨이트,입항,27.0,7.0,20.0,284.0,218.0,66.0,2020_2021 8월.xlsx
2020,6,크로아티아,입항,133.0,133.0,0.0,566.0,537.0,29.0,2020_2021 8월.xlsx
2020,6,키리바시,입항,,,,760.0,0.0,760.0,2020_2021 8월.xlsx
2020,6,키프로스,입항,11.0,11.0,0.0,77.0,77.0,0.0,2020_2021 8월.xlsx
2020,6,탄자니아,입항,319.0,319.0,0.0,1431.0,1431.0,0.0,2020_2021 8월.xlsx
2020,6,태국,입항,6407.0,6041.0,366.0,40437.75,37505.0,2932.75,2020_2021 8월.xlsx
2020,6,토고,입항,124.0,124.0,0.0,754.0,754.0,0.0,2020_2021 8월.xlsx
2020,6,통가,입항,66.0,2.0,64.0,623.0,15.0,608.0,2020_2021 8월.xlsx
2020,6,튀니지,입항,18.0,18.0,0.0,299.0,296.0,3.0,2020_2021 8월.xlsx
2020,6,튀르키예,입항,1373.25,1298.25,75.0,13623.0,9391.0,4232.0,2020_2021 8월.xlsx
2020,6,트리니다드 토바고,입항,21.0,21.0,0.0,496.0,496.0,0.0,2020_2021 8월.xlsx
2020,6,파나마,입항,2274.0,18.0,2256.0,28645.75,587.0,28058.75,2020_2021 8월.xlsx
2020,6,파라과이,입항,13.0,13.0,0.0,108.0,108.0,0.0,2020_2021 8월.xlsx
2020,6,파키스탄,입항,726.25,540.0,186.25,7739.75,3007.0,4732.75,2020_2021 8월.xlsx
2020,6,파푸아 뉴기니,입항,18.0,18.0,0.0,163.0,163.0,0.0,2020_2021 8월.xlsx
2020,6,팔라우,입항,4.0,4.0,0.0,45.0,32.0,13.0,2020_2021 8월.xlsx
2020,6,페루,입항,1443.0,1331.0,112.0,13296.0,10280.0,3016.0,2020_2021 8월.xlsx
2020,6,포르투갈,입항,191.0,191.0,0.0,1482.0,1482.0,0.0,2020_2021 8월.xlsx
2020,6,폴란드,입항,1159.25,1159.25,0.0,6249.25,6195.25,54.0,2020_2021 8월.xlsx
2020,6,푸에르토리코,입항,66.0,66.0,0.0,890.0,890.0,0.0,2020_2021 8월.xlsx
2020,6,프랑스,입항,2484.0,2418.0,66.0,13201.25,12463.25,738.0,2020_2021 8월.xlsx
2020,6,프랑스령 기아나,입항,7.0,7.0,0.0,9.0,9.0,0.0,2020_2021 8월.xlsx
2020,6,프랑스령 폴리네시아,입항,492.0,0.0,492.0,1348.0,20.0,1328.0,2020_2021 8월.xlsx
2020,6,피지,입항,87.0,13.0,74.0,579.0,140.0,439.0,2020_2021 8월.xlsx
2020,6,핀란드,입항,1574.0,1574.0,0.0,6053.0,5947.0,106.0,2020_2021 8월.xlsx
2020,6,필리핀,입항,4324.25,1781.0,2543.25,28913.5,10463.0,18450.5,2020_2021 8월.xlsx
2020,6,헝가리,입항,11.0,11.0,0.0,99.0,99.0,0.0,2020_2021 8월.xlsx
2020,6,호주,입항,12543.5,6430.0,6113.5,73168.5,37120.0,36048.5,2020_2021 8월.xlsx
2020,6,홍콩,입항,2963.0,2366.0,597.0,17743.25,13612.0,4131.25,2020_2021 8월.xlsx
2020,6,가나,입항환적,98.0,98.0,0.0,396.0,396.0,0.0,2020_2021 8월.xlsx
2020,6,가봉,입항환적,479.0,479.0,0.0,586.0,586.0,0.0,2020_2021 8월.xlsx
2020,6,가이아나,입항환적,88.0,88.0,0.0,794.0,794.0,0.0,2020_2021 8월.xlsx
2020,6,감비아,입항환적,,,,13.0,13.0,0.0,2020_2021 8월.xlsx
2020,6,과들루프,입항환적,,,,14.0,14.0,0.0,2020_2021 8월.xlsx
2020,6,과테말라,입항환적,426.0,426.0,0.0,2515.0,2515.0,0.0,2020_2021 8월.xlsx
2020,6,괌,입항환적,263.5,175.5,88.0,1329.5,978.5,351.0,2020_2021 8월.xlsx
2020,6,그리스,입항환적,532.0,428.0,104.0,2315.0,1521.0,794.0,2020_2021 8월.xlsx
2020,6,기니비사우,입항환적,,,,4.0,4.0,0.0,2020_2021 8월.xlsx
2020,6,기타국가,입항환적,15.0,15.0,0.0,15.0,15.0,0.0,2020_2021 8월.xlsx
2020,6,나미비아,입항환적,6.0,6.0,0.0,24.0,24.0,0.0,2020_2021 8월.xlsx
2020,6,나이지리아,입항환적,82.0,82.0,0.0,554.0,522.0,32.0,2020_2021 8월.xlsx
2020,6,남아프리카,입항환적,593.0,593.0,0.0,4088.0,3508.0,580.0,2020_2021 8월.xlsx
2020,6,네덜란드,입항환적,4842.0,4152.0,690.0,16399.25,15435.25,964.0,2020_2021 8월.xlsx
2020,6,노르웨이,입항환적,201.0,201.0,0.0,928.0,928.0,0.0,2020_2021 8월.xlsx
2020,6,뉴질랜드,입항환적,1737.0,1737.0,0.0,14806.0,11458.0,3348.0,2020_2021 8월.xlsx
2020,6,뉴칼레도니아,입항환적,430.0,429.0,1.0,3426.0,3397.0,29.0,2020_2021 8월.xlsx
2020,6,니카라과,입항환적,351.0,351.0,0.0,1706.0,1706.0,0.0,2020_2021 8월.xlsx
2020,6,대만,입항환적,4182.25,4070.25,112.0,33606.0,33255.0,351.0,2020_2021 8월.xlsx
2020,6,대한민국,입항환적,8767.75,8639.75,128.0,51045.0,49005.0,2040.0,2020_2021 8월.xlsx
2020,6,덴마크,입항환적,128.0,128.0,0.0,1516.0,1516.0,0.0,2020_2021 8월.xlsx
2020,6,도미니카 공화국,입항환적,12.0,12.0,0.0,403.0,403.0,0.0,2020_2021 8월.xlsx
2020,6,독일,입항환적,3219.25,3208.25,11.0,17266.5,14459.5,2807.0,2020_2021 8월.xlsx
2020,6,동티모르,입항환적,,,,1.0,1.0,0.0,2020_2021 8월.xlsx
2020,6,라트비아,입항환적,215.0,215.0,0.0,1696.0,1696.0,0.0,2020_2021 8월.xlsx
2020,6,러시아,입항환적,16423.0,14860.0,1563.0,89593.5,83851.0,5742.5,2020_2021 8월.xlsx
2020,6,레바논,입항환적,13.0,13.0,0.0,89.0,89.0,0.0,2020_2021 8월.xlsx
2020,6,레위니옹,입항환적,,,,6.0,6.0,0.0,2020_2021 8월.xlsx
2020,6,루마니아,입항환적,966.0,966.0,0.0,4416.0,4416.0,0.0,2020_2021 8월.xlsx
2020,6,리투아니아,입항환적,125.0,125.0,0.0,419.0,419.0,0.0,2020_2021 8월.xlsx
2020,6,마다가스카르,입항환적,22.0,22.0,0.0,65.0,65.0,0.0,2020_2021 8월.xlsx
2020,6,마르티니크,입항환적,,,,18.0,18.0,0.0,2020_2021 8월.xlsx
2020,6,마샬 제도,입항환적,32.0,29.0,3.0,359.0,340.0,19.0,2020_2021 8월.xlsx
2020,6,말레이시아,입항환적,7638.0,7623.0,15.0,43486.0,42718.0,768.0,2020_2021 8월.xlsx
2020,6,멕시코,입항환적,5523.0,5232.0,291.0,30201.75,26881.0,3320.75,2020_2021 8월.xlsx
2020,6,모로코,입항환적,112.0,112.0,0.0,563.0,563.0,0.0,2020_2021 8월.xlsx
2020,6,모리셔스,입항환적,9.0,9.0,0.0,232.0,232.0,0.0,2020_2021 8월.xlsx
2020,6,모리타니,입항환적,12.0,12.0,0.0,333.0,333.0,0.0,2020_2021 8월.xlsx
2020,6,모잠비크,입항환적,99.0,99.0,0.0,259.0,259.0,0.0,2020_2021 8월.xlsx
2020,6,몬테네그로,입항환적,2.0,2.0,0.0,11.0,11.0,0.0,2020_2021 8월.xlsx
2020,6,몰디브,입항환적,,,,7.0,7.0,0.0,2020_2021 8월.xlsx
2020,6,몰타,입항환적,2.0,2.0,0.0,186.0,186.0,0.0,2020_2021 8월.xlsx
2020,6,미국,입항환적,56277.0,52973.75,3303.25,372240.75,308505.75,63735.0,2020_2021 8월.xlsx
2020,6,미얀마,입항환적,198.0,198.0,0.0,1735.0,1341.0,394.0,2020_2021 8월.xlsx
2020,6,미크로네시아,입항환적,24.0,24.0,0.0,96.0,92.0,4.0,2020_2021 8월.xlsx
2020,6,바누아투,입항환적,21.0,1.0,20.0,327.0,21.0,306.0,2020_2021 8월.xlsx
2020,6,바레인,입항환적,117.0,117.0,0.0,468.0,468.0,0.0,2020_2021 8월.xlsx
2020,6,바베이도스,입항환적,,,,13.0,13.0,0.0,2020_2021 8월.xlsx
2020,6,바하마,입항환적,,,,1.0,0.0,1.0,2020_2021 8월.xlsx
2020,6,방글라데시,입항환적,286.0,286.0,0.0,2798.25,2789.25,9.0,2020_2021 8월.xlsx
2020,6,베네수엘라,입항환적,94.0,94.0,0.0,427.0,427.0,0.0,2020_2021 8월.xlsx
2020,6,베트남,입항환적,8811.25,8811.25,0.0,58832.0,58698.0,134.0,2020_2021 8월.xlsx
2020,6,벨기에,입항환적,711.0,711.0,0.0,6541.25,6540.25,1.0,2020_2021 8월.xlsx
2020,6,벨리즈,입항환적,6.0,6.0,0.0,30.0,30.0,0.0,2020_2021 8월.xlsx
2020,6,북마리아나 제도,입항환적,,,,303.25,13.25,290.0,2020_2021 8월.xlsx
2020,6,불가리아,입항환적,144.0,144.0,0.0,771.0,771.0,0.0,2020_2021 8월.xlsx
2020,6,브라질,입항환적,6738.0,6615.0,123.0,29173.0,28016.0,1157.0,2020_2021 8월.xlsx
2020,6,브루나이,입항환적,8.0,8.0,0.0,28.0,28.0,0.0,2020_2021 8월.xlsx
2020,6,사모아,입항환적,28.0,11.0,17.0,159.0,100.0,59.0,2020_2021 8월.xlsx
2020,6,사우디아라비아,입항환적,991.0,777.0,214.0,8945.0,7318.0,1627.0,2020_2021 8월.xlsx
2020,6,세네갈,입항환적,19.0,19.0,0.0,1325.0,1325.0,0.0,2020_2021 8월.xlsx
2020,6,세이셸,입항환적,4.0,4.0,0.0,77.0,77.0,0.0,2020_2021 8월.xlsx
2020,6,세인트루시아,입항환적,5.0,5.0,0.0,25.0,25.0,0.0,2020_2021 8월.xlsx
2020,6,소말리아,입항환적,,,,2.0,2.0,0.0,2020_2021 8월.xlsx
2020,6,솔로몬제도,입항환적,2.0,2.0,0.0,29.0,29.0,0.0,2020_2021 8월.xlsx
2020,6,수단,입항환적,51.0,51.0,0.0,3631.0,3631.0,0.0,2020_2021 8월.xlsx
2020,6,수리남,입항환적,256.0,256.0,0.0,1098.0,1098.0,0.0,2020_2021 8월.xlsx
2020,6,스리랑카,입항환적,358.0,358.0,0.0,1762.75,1760.75,2.0,2020_2021 8월.xlsx
2020,6,스웨덴,입항환적,948.0,948.0,0.0,6163.0,6163.0,0.0,2020_2021 8월.xlsx
2020,6,스페인,입항환적,2104.0,2104.0,0.0,13026.0,11854.0,1172.0,2020_2021 8월.xlsx
2020,6,슬로베니아,입항환적,996.0,996.0,0.0,3958.0,3958.0,0.0,2020_2021 8월.xlsx
2020,6,시리아,입항환적,2.0,2.0,0.0,2.0,2.0,0.0,2020_2021 8월.xlsx
2020,6,시에라 리온,입항환적,39.0,39.0,0.0,68.0,68.0,0.0,2020_2021 8월.xlsx
2020,6,싱가포르,입항환적,2060.25,2055.25,5.0,13023.25,12632.0,391.25,2020_2021 8월.xlsx
2020,6,아랍에미리트연합국,입항환적,1382.5,1317.5,65.0,16402.5,11797.5,4605.0,2020_2021 8월.xlsx
2020,6,아르헨티나,입항환적,1068.0,978.0,90.0,5150.0,4718.0,432.0,2020_2021 8월.xlsx
2020,6,아메리칸사모아,입항환적,20.0,2.0,18.0,65.0,11.0,54.0,2020_2021 8월.xlsx
2020,6,아이슬란드,입항환적,2.0,2.0,0.0,97.0,97.0,0.0,2020_2021 8월.xlsx
2020,6,아이티,입항환적,,,,73.0,73.0,0.0,2020_2021 8월.xlsx
2020,6,아일랜드,입항환적,66.0,66.0,0.0,351.0,351.0,0.0,2020_2021 8월.xlsx
2020,6,알바니아,입항환적,92.0,92.0,0.0,370.0,370.0,0.0,2020_2021 8월.xlsx
2020,6,알제리,입항환적,10.0,10.0,0.0,10.0,10.0,0.0,2020_2021 8월.xlsx
2020,6,앙골라,입항환적,,,,262.0,0.0,262.0,2020_2021 8월.xlsx
2020,6,에스토니아,입항환적,61.0,61.0,0.0,258.0,258.0,0.0,2020_2021 8월.xlsx
2020,6,에콰도르,입항환적,7916.0,7498.0,418.0,36079.25,34907.0,1172.25,2020_2021 8월.xlsx
2020,6,엘살바도르,입항환적,95.0,95.0,0.0,499.0,499.0,0.0,2020_2021 8월.xlsx
2020,6,영국,입항환적,597.0,597.0,0.0,3329.5,3281.5,48.0,2020_2021 8월.xlsx
2020,6,예멘,입항환적,,,,8.0,8.0,0.0,2020_2021 8월.xlsx
2020,6,오만,입항환적,1062.0,1062.0,0.0,5152.0,5134.0,18.0,2020_2021 8월.xlsx
2020,6,온두라스,입항환적,51.0,51.0,0.0,319.0,319.0,0.0,2020_2021 8월.xlsx
2020,6,요르단,입항환적,4.0,4.0,0.0,1652.0,73.0,1579.0,2020_2021 8월.xlsx
2020,6,우루과이,입항환적,663.0,655.0,8.0,2400.0,2374.0,26.0,2020_2021 8월.xlsx
2020,6,우크라이나,입항환적,969.0,969.0,0.0,4568.25,4568.25,0.0,2020_2021 8월.xlsx
2020,6,원양어획지역,입항환적,82.0,82.0,0.0,337.0,337.0,0.0,2020_2021 8월.xlsx
2020,6,이라크,입항환적,,,,10.0,10.0,0.0,2020_2021 8월.xlsx
2020,6,이스라엘,입항환적,395.0,163.0,232.0,1831.0,845.0,986.0,2020_2021 8월.xlsx
2020,6,이집트,입항환적,575.0,439.0,136.0,4821.0,2840.0,1981.0,2020_2021 8월.xlsx
2020,6,이탈리아,입항환적,2875.0,2863.0,12.0,14886.5,13133.25,1753.25,2020_2021 8월.xlsx
2020,6,인도,입항환적,3257.25,3257.25,0.0,30252.0,29789.0,463.0,2020_2021 8월.xlsx
2020,6,인도네시아,입항환적,7841.75,7837.75,4.0,63924.5,63760.5,164.0,2020_2021 8월.xlsx
2020,6,일본,입항환적,67415.0,48175.0,19240.0,415966.25,321053.0,94913.25,2020_2021 8월.xlsx
2020,6,자메이카,입항환적,3.0,3.0,0.0,1561.0,36.0,1525.0,2020_2021 8월.xlsx
2020,6,적도 기니,입항환적,,,,28.0,28.0,0.0,2020_2021 8월.xlsx
2020,6,조지아,입항환적,1.0,1.0,0.0,452.0,452.0,0.0,2020_2021 8월.xlsx
2020,6,중국,입항환적,203506.25,193043.5,10462.75,1149880.75,1083913.25,65967.5,2020_2021 8월.xlsx
2020,6,지부티,입항환적,33.0,33.0,0.0,162.0,162.0,0.0,2020_2021 8월.xlsx
2020,6,차드,입항환적,,,,1.0,1.0,0.0,2020_2021 8월.xlsx
2020,6,체코,입항환적,,,,1.0,1.0,0.0,2020_2021 8월.xlsx
2020,6,칠레,입항환적,6943.0,6943.0,0.0,37091.0,36577.0,514.0,2020_2021 8월.xlsx
2020,6,카메룬,입항환적,12.0,12.0,0.0,63.0,63.0,0.0,2020_2021 8월.xlsx
2020,6,카보 베르데,입항환적,,,,8.0,8.0,0.0,2020_2021 8월.xlsx
2020,6,카타르,입항환적,324.0,324.0,0.0,1454.0,1454.0,0.0,2020_2021 8월.xlsx
2020,6,캄보디아,입항환적,244.0,244.0,0.0,2749.25,2749.25,0.0,2020_2021 8월.xlsx
2020,6,캐나다,입항환적,10966.0,10966.0,0.0,75858.25,70754.25,5104.0,2020_2021 8월.xlsx
2020,6,케냐,입항환적,67.0,67.0,0.0,318.0,318.0,0.0,2020_2021 8월.xlsx
2020,6,코모로,입항환적,,,,2.0,2.0,0.0,2020_2021 8월.xlsx
2020,6,코스타리카,입항환적,487.0,487.0,0.0,2604.0,2372.0,232.0,2020_2021 8월.xlsx
2020,6,코트디부아르,입항환적,6.0,6.0,0.0,94.0,94.0,0.0,2020_2021 8월.xlsx
2020,6,콜롬비아,입항환적,831.0,404.0,427.0,5474.75,2306.0,3168.75,2020_2021 8월.xlsx
2020,6,콩고 민주 공화국,입항환적,6.0,6.0,0.0,6.0,6.0,0.0,2020_2021 8월.xlsx
2020,6,쿠바,입항환적,60.0,60.0,0.0,388.0,388.0,0.0,2020_2021 8월.xlsx
2020,6,쿠웨이트,입항환적,113.0,113.0,0.0,402.0,402.0,0.0,2020_2021 8월.xlsx
2020,6,퀴라소,입항환적,2.0,2.0,0.0,4.0,4.0,0.0,2020_2021 8월.xlsx
2020,6,크로아티아,입항환적,75.0,75.0,0.0,465.0,465.0,0.0,2020_2021 8월.xlsx
2020,6,키리바시,입항환적,,,,15.0,2.0,13.0,2020_2021 8월.xlsx
2020,6,키프로스,입항환적,15.0,15.0,0.0,69.0,69.0,0.0,2020_2021 8월.xlsx
2020,6,탄자니아,입항환적,5.0,5.0,0.0,62.0,62.0,0.0,2020_2021 8월.xlsx
2020,6,태국,입항환적,6600.0,6590.0,10.0,54454.25,54152.25,302.0,2020_2021 8월.xlsx
2020,6,토고,입항환적,20.0,20.0,0.0,41.0,41.0,0.0,2020_2021 8월.xlsx
2020,6,통가,입항환적,6.0,0.0,6.0,31.0,13.0,18.0,2020_2021 8월.xlsx
2020,6,튀니지,입항환적,19.0,19.0,0.0,46.0,46.0,0.0,2020_2021 8월.xlsx
2020,6,튀르키예,입항환적,2125.0,2020.0,105.0,14556.0,12471.0,2085.0,2020_2021 8월.xlsx
2020,6,트리니다드 토바고,입항환적,10.0,10.0,0.0,88.0,88.0,0.0,2020_2021 8월.xlsx
2020,6,파나마,입항환적,3038.0,908.0,2130.0,16435.0,8005.0,8430.0,2020_2021 8월.xlsx
2020,6,파라과이,입항환적,53.0,53.0,0.0,231.0,231.0,0.0,2020_2021 8월.xlsx
2020,6,파키스탄,입항환적,1321.5,1321.5,0.0,7135.5,6870.5,265.0,2020_2021 8월.xlsx
2020,6,파푸아 뉴기니,입항환적,3.0,3.0,0.0,35.0,33.0,2.0,2020_2021 8월.xlsx
2020,6,페루,입항환적,1055.0,1055.0,0.0,12121.0,11731.0,390.0,2020_2021 8월.xlsx
2020,6,포르투갈,입항환적,321.0,321.0,0.0,1808.0,1808.0,0.0,2020_2021 8월.xlsx
2020,6,폴란드,입항환적,165.0,165.0,0.0,992.0,992.0,0.0,2020_2021 8월.xlsx
2020,6,푸에르토리코,입항환적,122.0,122.0,0.0,1122.0,1122.0,0.0,2020_2021 8월.xlsx
2020,6,프랑스,입항환적,2006.0,1992.0,14.0,9081.0,7338.0,1743.0,2020_2021 8월.xlsx
2020,6,프랑스령 폴리네시아,입항환적,,,,52.0,4.0,48.0,2020_2021 8월.xlsx
2020,6,피지,입항환적,37.0,9.0,28.0,145.0,93.0,52.0,2020_2021 8월.xlsx
2020,6,핀란드,입항환적,1877.0,1877.0,0.0,7062.0,7062.0,0.0,2020_2021 8월.xlsx
2020,6,필리핀,입항환적,8213.25,7545.25,668.0,38982.5,32797.75,6184.75,2020_2021 8월.xlsx
2020,6,헝가리,입항환적,1.0,1.0,0.0,7.0,7.0,0.0,2020_2021 8월.xlsx
2020,6,호주,입항환적,11225.0,8680.0,2545.0,45263.0,40650.0,4613.0,2020_2021 8월.xlsx
2020,6,홍콩,입항환적,3446.5,3438.5,8.0,17192.0,16106.25,1085.75,2020_2021 8월.xlsx
2020,6,가나,출항,360.0,360.0,0.0,1481.25,1478.25,3.0,2020_2021 8월.xlsx
2020,6,가봉,출항,,,,9.0,9.0,0.0,2020_2021 8월.xlsx
2020,6,가이아나,출항,15.0,15.0,0.0,40.0,40.0,0.0,2020_2021 8월.xlsx
2020,6,감비아,출항,1.0,1.0,0.0,4.0,4.0,0.0,2020_2021 8월.xlsx
2020,6,과들루프,출항,3.0,3.0,0.0,9.0,9.0,0.0,2020_2021 8월.xlsx
2020,6,과테말라,출항,100.0,100.0,0.0,1350.0,1216.0,134.0,2020_2021 8월.xlsx
2020,6,괌,출항,173.5,139.5,34.0,1372.5,1338.5,34.0,2020_2021 8월.xlsx
2020,6,그레나다,출항,,,,19.0,19.0,0.0,2020_2021 8월.xlsx
2020,6,그리스,출항,1821.0,1819.0,2.0,8053.0,8051.0,2.0,2020_2021 8월.xlsx
2020,6,기니,출항,13.0,13.0,0.0,124.0,124.0,0.0,2020_2021 8월.xlsx
2020,6,나미비아,출항,2.0,2.0,0.0,10.0,10.0,0.0,2020_2021 8월.xlsx
2020,6,나이지리아,출항,267.0,267.0,0.0,1646.0,1646.0,0.0,2020_2021 8월.xlsx
2020,6,남아프리카,출항,338.0,338.0,0.0,2523.0,2505.0,18.0,2020_2021 8월.xlsx
2020,6,네덜란드,출항,4825.25,4792.25,33.0,33184.5,32992.5,192.0,2020_2021 8월.xlsx
2020,6,노르웨이,출항,22.0,22.0,0.0,194.0,194.0,0.0,2020_2021 8월.xlsx
2020,6,뉴질랜드,출항,1241.0,1223.0,18.0,8257.0,6856.0,1401.0,2020_2021 8월.xlsx
2020,6,뉴칼레도니아,출항,15.0,15.0,0.0,103.0,103.0,0.0,2020_2021 8월.xlsx
2020,6,니카라과,출항,31.0,31.0,0.0,457.0,457.0,0.0,2020_2021 8월.xlsx
2020,6,대만,출항,10199.0,9858.0,341.0,64301.25,61407.0,2894.25,2020_2021 8월.xlsx
2020,6,대한민국,출항,9091.0,106.0,8985.0,47273.25,637.0,46636.25,2020_2021 8월.xlsx
2020,6,덴마크,출항,270.0,270.0,0.0,1280.0,1280.0,0.0,2020_2021 8월.xlsx
2020,6,도미니카 공화국,출항,159.0,143.0,16.0,1245.0,1105.0,140.0,2020_2021 8월.xlsx
2020,6,독일,출항,5943.0,5916.0,27.0,46587.0,45835.0,752.0,2020_2021 8월.xlsx
2020,6,동티모르,출항,,,,10.0,10.0,0.0,2020_2021 8월.xlsx
2020,6,라이베리아,출항,6.0,6.0,0.0,44.0,44.0,0.0,2020_2021 8월.xlsx
2020,6,라트비아,출항,41.0,41.0,0.0,244.25,244.25,0.0,2020_2021 8월.xlsx
2020,6,러시아,출항,7916.25,7854.25,62.0,63088.0,57729.0,5359.0,2020_2021 8월.xlsx
2020,6,레바논,출항,75.0,75.0,0.0,486.0,486.0,0.0,2020_2021 8월.xlsx
2020,6,레위니옹,출항,2.0,2.0,0.0,42.0,42.0,0.0,2020_2021 8월.xlsx
2020,6,루마니아,출항,247.0,247.0,0.0,1685.0,1679.0,6.0,2020_2021 8월.xlsx
2020,6,리비아,출항,43.0,43.0,0.0,768.0,768.0,0.0,2020_2021 8월.xlsx
2020,6,리투아니아,출항,180.0,180.0,0.0,1271.0,1271.0,0.0,2020_2021 8월.xlsx
2020,6,마다가스카르,출항,10.0,10.0,0.0,54.0,54.0,0.0,2020_2021 8월.xlsx
2020,6,마르티니크,출항,4.0,4.0,0.0,21.0,21.0,0.0,2020_2021 8월.xlsx
2020,6,마샬 제도,출항,48.0,12.0,36.0,457.0,94.0,363.0,2020_2021 8월.xlsx
2020,6,마요트,출항,,,,43.0,43.0,0.0,2020_2021 8월.xlsx
2020,6,말레이시아,출항,7659.25,7639.25,20.0,47208.0,45901.0,1307.0,2020_2021 8월.xlsx
2020,6,멕시코,출항,9000.0,8566.0,434.0,69263.75,65869.75,3394.0,2020_2021 8월.xlsx
2020,6,모로코,출항,200.0,200.0,0.0,1345.0,1345.0,0.0,2020_2021 8월.xlsx
2020,6,모리셔스,출항,7.0,7.0,0.0,45.0,45.0,0.0,2020_2021 8월.xlsx
2020,6,모리타니,출항,7.0,7.0,0.0,69.0,69.0,0.0,2020_2021 8월.xlsx
2020,6,모잠비크,출항,137.0,137.0,0.0,801.0,801.0,0.0,2020_2021 8월.xlsx
2020,6,몬테네그로,출항,3.0,3.0,0.0,28.0,28.0,0.0,2020_2021 8월.xlsx
2020,6,몰디브,출항,,,,15.0,15.0,0.0,2020_2021 8월.xlsx
2020,6,몰타,출항,79.0,27.0,52.0,289.0,197.0,92.0,2020_2021 8월.xlsx
2020,6,미국,출항,62348.0,59223.0,3125.0,377004.5,363403.5,13601.0,2020_2021 8월.xlsx
2020,6,미얀마,출항,136.0,136.0,0.0,887.25,887.25,0.0,2020_2021 8월.xlsx
2020,6,미크로네시아,출항,29.0,20.0,9.0,149.0,124.0,25.0,2020_2021 8월.xlsx
2020,6,바누아투,출항,113.0,6.0,107.0,418.0,67.0,351.0,2020_2021 8월.xlsx
2020,6,바레인,출항,7.0,7.0,0.0,225.0,225.0,0.0,2020_2021 8월.xlsx
2020,6,바베이도스,출항,3.0,3.0,0.0,13.0,13.0,0.0,2020_2021 8월.xlsx
2020,6,바하마,출항,2269.0,14.0,2255.0,12931.5,73.0,12858.5,2020_2021 8월.xlsx
2020,6,방글라데시,출항,8.0,8.0,0.0,358.0,358.0,0.0,2020_2021 8월.xlsx
2020,6,베냉,출항,3.0,3.0,0.0,39.0,39.0,0.0,2020_2021 8월.xlsx
2020,6,베네수엘라,출항,62.0,62.0,0.0,173.0,173.0,0.0,2020_2021 8월.xlsx
2020,6,베트남,출항,17737.5,17096.5,641.0,110777.0,101528.0,9249.0,2020_2021 8월.xlsx
2020,6,벨기에,출항,1791.25,1550.25,241.0,13348.25,12995.25,353.0,2020_2021 8월.xlsx
2020,6,벨리즈,출항,9.0,9.0,0.0,15.0,15.0,0.0,2020_2021 8월.xlsx
2020,6,북마리아나 제도,출항,60.0,60.0,0.0,456.0,442.0,14.0,2020_2021 8월.xlsx
2020,6,불가리아,출항,48.0,48.0,0.0,319.0,319.0,0.0,2020_2021 8월.xlsx
2020,6,브라질,출항,2076.0,2076.0,0.0,23263.0,21779.0,1484.0,2020_2021 8월.xlsx
2020,6,사모아,출항,6.0,6.0,0.0,32.0,32.0,0.0,2020_2021 8월.xlsx
2020,6,사우디아라비아,출항,3129.25,3125.25,4.0,23389.75,23379.75,10.0,2020_2021 8월.xlsx
2020,6,세네갈,출항,66.0,66.0,0.0,563.0,563.0,0.0,2020_2021 8월.xlsx
2020,6,세이셸,출항,8.0,8.0,0.0,86.0,86.0,0.0,2020_2021 8월.xlsx
2020,6,세인트루시아,출항,1.0,1.0,0.0,5.0,5.0,0.0,2020_2021 8월.xlsx
2020,6,소말리아,출항,9.0,9.0,0.0,114.0,114.0,0.0,2020_2021 8월.xlsx
2020,6,솔로몬제도,출항,30.0,30.0,0.0,339.0,323.0,16.0,2020_2021 8월.xlsx
2020,6,수단,출항,438.0,438.0,0.0,899.0,899.0,0.0,2020_2021 8월.xlsx
2020,6,수리남,출항,2.0,2.0,0.0,17.0,17.0,0.0,2020_2021 8월.xlsx
2020,6,스리랑카,출항,2154.0,2154.0,0.0,5257.0,5257.0,0.0,2020_2021 8월.xlsx
2020,6,스웨덴,출항,293.0,293.0,0.0,2608.0,2608.0,0.0,2020_2021 8월.xlsx
2020,6,스페인,출항,2186.0,2106.0,80.0,16403.5,15802.5,601.0,2020_2021 8월.xlsx
2020,6,슬로베니아,출항,5354.0,5354.0,0.0,45483.75,45457.75,26.0,2020_2021 8월.xlsx
2020,6,시리아,출항,215.0,215.0,0.0,933.0,933.0,0.0,2020_2021 8월.xlsx
2020,6,시에라 리온,출항,5.0,5.0,0.0,27.0,27.0,0.0,2020_2021 8월.xlsx
2020,6,싱가포르,출항,5996.75,5269.75,727.0,39479.25,36811.25,2668.0,2020_2021 8월.xlsx
2020,6,아랍에미리트연합국,출항,4268.25,4254.25,14.0,37512.25,36976.25,536.0,2020_2021 8월.xlsx
2020,6,아루바,출항,,,,1.0,1.0,0.0,2020_2021 8월.xlsx
2020,6,아르헨티나,출항,461.0,261.0,200.0,3160.0,2544.0,616.0,2020_2021 8월.xlsx
2020,6,아메리칸사모아,출항,114.0,114.0,0.0,372.0,372.0,0.0,2020_2021 8월.xlsx
2020,6,아이티,출항,19.0,19.0,0.0,87.0,87.0,0.0,2020_2021 8월.xlsx
2020,6,아일랜드,출항,23.0,23.0,0.0,236.0,236.0,0.0,2020_2021 8월.xlsx
2020,6,알바니아,출항,17.0,17.0,0.0,81.0,81.0,0.0,2020_2021 8월.xlsx
2020,6,알제리,출항,146.0,146.0,0.0,1694.5,1694.5,0.0,2020_2021 8월.xlsx
2020,6,앙골라,출항,20.0,20.0,0.0,439.0,439.0,0.0,2020_2021 8월.xlsx
2020,6,앤티가 바부다,출항,,,,2.0,2.0,0.0,2020_2021 8월.xlsx
2020,6,앤틸리스제도,출항,2.0,2.0,0.0,21.0,21.0,0.0,2020_2021 8월.xlsx
2020,6,에스토니아,출항,48.0,48.0,0.0,459.0,459.0,0.0,2020_2021 8월.xlsx
2020,6,에콰도르,출항,570.0,256.0,314.0,12730.0,3088.0,9642.0,2020_2021 8월.xlsx
2020,6,엘살바도르,출항,38.0,38.0,0.0,548.0,548.0,0.0,2020_2021 8월.xlsx
2020,6,영국,출항,1654.0,1558.0,96.0,12179.0,11657.0,522.0,2020_2021 8월.xlsx
2020,6,예멘,출항,14.0,14.0,0.0,196.0,196.0,0.0,2020_2021 8월.xlsx
2020,6,오만,출항,382.0,382.0,0.0,2269.0,2269.0,0.0,2020_2021 8월.xlsx
2020,6,온두라스,출항,30.0,30.0,0.0,223.0,223.0,0.0,2020_2021 8월.xlsx
2020,6,요르단,출항,118.0,118.0,0.0,1452.0,1452.0,0.0,2020_2021 8월.xlsx
2020,6,우루과이,출항,286.0,136.0,150.0,1706.0,1386.0,320.0,2020_2021 8월.xlsx
2020,6,우크라이나,출항,297.0,297.0,0.0,1209.75,1203.75,6.0,2020_2021 8월.xlsx
2020,6,이라크,출항,285.25,285.25,0.0,1999.75,1999.75,0.0,2020_2021 8월.xlsx
2020,6,이란,출항,,,,6.0,6.0,0.0,2020_2021 8월.xlsx
2020,6,이스라엘,출항,988.0,969.0,19.0,6660.25,6454.25,206.0,2020_2021 8월.xlsx
2020,6,이집트,출항,2922.5,2894.5,28.0,21409.25,20927.25,482.0,2020_2021 8월.xlsx
2020,6,이탈리아,출항,3184.0,3140.0,44.0,23496.25,23226.25,270.0,2020_2021 8월.xlsx
2020,6,인도,출항,5856.25,5848.25,8.0,65734.5,64576.5,1158.0,2020_2021 8월.xlsx
2020,6,인도네시아,출항,6606.0,6496.0,110.0,42309.25,41394.75,914.5,2020_2021 8월.xlsx
2020,6,일본,출항,32647.0,25518.5,7128.5,229915.0,168630.0,61285.0,2020_2021 8월.xlsx
2020,6,자메이카,출항,466.0,466.0,0.0,2226.0,2090.0,136.0,2020_2021 8월.xlsx
2020,6,적도 기니,출항,1.0,1.0,0.0,4.0,4.0,0.0,2020_2021 8월.xlsx
2020,6,조지아,출항,29.0,29.0,0.0,222.0,222.0,0.0,2020_2021 8월.xlsx
2020,6,중국,출항,115345.5,48142.75,67202.75,585687.5,291246.75,294440.75,2020_2021 8월.xlsx
2020,6,지부티,출항,38.0,38.0,0.0,195.0,195.0,0.0,2020_2021 8월.xlsx
2020,6,칠레,출항,1310.0,994.0,316.0,16449.0,8125.0,8324.0,2020_2021 8월.xlsx
2020,6,카메룬,출항,20.0,20.0,0.0,242.0,242.0,0.0,2020_2021 8월.xlsx
2020,6,카타르,출항,257.5,241.5,16.0,1833.25,1745.25,88.0,2020_2021 8월.xlsx
2020,6,캄보디아,출항,397.0,397.0,0.0,2235.25,2235.25,0.0,2020_2021 8월.xlsx
2020,6,캐나다,출항,7946.75,7780.75,166.0,52915.25,52346.25,569.0,2020_2021 8월.xlsx
2020,6,케냐,출항,166.0,166.0,0.0,1544.0,1544.0,0.0,2020_2021 8월.xlsx
2020,6,케이맨 제도,출항,,,,1.0,1.0,0.0,2020_2021 8월.xlsx
2020,6,코모로,출항,,,,6.0,6.0,0.0,2020_2021 8월.xlsx
2020,6,코스타리카,출항,79.0,79.0,0.0,553.0,353.0,200.0,2020_2021 8월.xlsx
2020,6,코트디부아르,출항,58.0,58.0,0.0,441.0,441.0,0.0,2020_2021 8월.xlsx
2020,6,콜롬비아,출항,809.0,679.0,130.0,8282.0,6474.0,1808.0,2020_2021 8월.xlsx
2020,6,콩고,출항,5.0,5.0,0.0,203.0,203.0,0.0,2020_2021 8월.xlsx
2020,6,콩고 민주 공화국,출항,114.0,114.0,0.0,334.0,334.0,0.0,2020_2021 8월.xlsx
2020,6,쿠바,출항,1.0,1.0,0.0,13.0,13.0,0.0,2020_2021 8월.xlsx
2020,6,쿠웨이트,출항,56.0,56.0,0.0,598.0,598.0,0.0,2020_2021 8월.xlsx
2020,6,크로아티아,출항,450.0,450.0,0.0,3710.25,3710.25,0.0,2020_2021 8월.xlsx
2020,6,키리바시,출항,5.0,5.0,0.0,22.0,18.0,4.0,2020_2021 8월.xlsx
2020,6,키프로스,출항,23.0,23.0,0.0,72.0,72.0,0.0,2020_2021 8월.xlsx
2020,6,탄자니아,출항,252.0,252.0,0.0,1497.0,1497.0,0.0,2020_2021 8월.xlsx
2020,6,태국,출항,8295.25,6242.25,2053.0,53716.75,43729.75,9987.0,2020_2021 8월.xlsx
2020,6,토고,출항,127.0,127.0,0.0,911.0,911.0,0.0,2020_2021 8월.xlsx
2020,6,통가,출항,,,,9.0,9.0,0.0,2020_2021 8월.xlsx
2020,6,튀니지,출항,28.0,28.0,0.0,322.0,322.0,0.0,2020_2021 8월.xlsx
2020,6,튀르키예,출항,6962.25,6962.25,0.0,43748.25,43707.25,41.0,2020_2021 8월.xlsx
2020,6,트리니다드 토바고,출항,32.0,32.0,0.0,331.0,331.0,0.0,2020_2021 8월.xlsx
2020,6,파나마,출항,1764.0,982.0,782.0,17390.5,7401.0,9989.5,2020_2021 8월.xlsx
2020,6,파라과이,출항,4.0,4.0,0.0,55.0,55.0,0.0,2020_2021 8월.xlsx
2020,6,파키스탄,출항,1018.25,1018.25,0.0,6646.5,6639.5,7.0,2020_2021 8월.xlsx
2020,6,파푸아 뉴기니,출항,64.0,58.0,6.0,369.0,327.0,42.0,2020_2021 8월.xlsx
2020,6,팔라우,출항,5.0,1.0,4.0,42.0,30.0,12.0,2020_2021 8월.xlsx
2020,6,페루,출항,541.0,341.0,200.0,6718.0,4938.0,1780.0,2020_2021 8월.xlsx
2020,6,포르투갈,출항,249.0,249.0,0.0,1721.0,1721.0,0.0,2020_2021 8월.xlsx
2020,6,폴란드,출항,826.0,826.0,0.0,4376.0,4376.0,0.0,2020_2021 8월.xlsx
2020,6,푸에르토리코,출항,24.0,24.0,0.0,130.0,130.0,0.0,2020_2021 8월.xlsx
2020,6,프랑스,출항,1066.0,926.0,140.0,7693.0,7224.0,469.0,2020_2021 8월.xlsx
2020,6,프랑스령 기아나,출항,1.0,1.0,0.0,7.0,7.0,0.0,2020_2021 8월.xlsx
2020,6,프랑스령 폴리네시아,출항,6.0,6.0,0.0,32.0,32.0,0.0,2020_2021 8월.xlsx
2020,6,피지,출항,42.0,39.0,3.0,201.0,191.0,10.0,2020_2021 8월.xlsx
2020,6,핀란드,출항,57.0,57.0,0.0,277.0,277.0,0.0,2020_2021 8월.xlsx
2020,6,필리핀,출항,2784.5,2780.5,4.0,18837.5,18529.5,308.0,2020_2021 8월.xlsx
2020,6,헝가리,출항,,,,28.0,28.0,0.0,2020_2021 8월.xlsx
2020,6,호주,출항,5546.0,5060.0,486.0,33995.0,31298.0,2697.0,2020_2021 8월.xlsx
2020,6,홍콩,출항,6702.25,6228.25,474.0,38148.25,36341.25,1807.0,2020_2021 8월.xlsx
2020,6,가나,출항환적,151.0,151.0,0.0,575.25,575.25,0.0,2020_2021 8월.xlsx
2020,6,가봉,출항환적,,,,10.0,10.0,0.0,2020_2021 8월.xlsx
2020,6,가이아나,출항환적,208.0,208.0,0.0,867.0,867.0,0.0,2020_2021 8월.xlsx
2020,6,감비아,출항환적,,,,120.0,120.0,0.0,2020_2021 8월.xlsx
2020,6,과들루프,출항환적,3.0,3.0,0.0,88.0,88.0,0.0,2020_2021 8월.xlsx
2020,6,과테말라,출항환적,953.25,953.25,0.0,7259.75,7259.75,0.0,2020_2021 8월.xlsx
2020,6,괌,출항환적,368.25,368.25,0.0,1642.25,1628.25,14.0,2020_2021 8월.xlsx
2020,6,그레나다,출항환적,49.0,49.0,0.0,246.0,246.0,0.0,2020_2021 8월.xlsx
2020,6,그리스,출항환적,1298.0,1298.0,0.0,6989.25,6699.25,290.0,2020_2021 8월.xlsx
2020,6,기니,출항환적,2.0,2.0,0.0,44.0,44.0,0.0,2020_2021 8월.xlsx
2020,6,나미비아,출항환적,32.0,32.0,0.0,204.0,204.0,0.0,2020_2021 8월.xlsx
2020,6,나우루,출항환적,4.0,4.0,0.0,12.0,12.0,0.0,2020_2021 8월.xlsx
2020,6,나이지리아,출항환적,115.0,115.0,0.0,898.25,898.25,0.0,2020_2021 8월.xlsx
2020,6,남아프리카,출항환적,60.0,60.0,0.0,1661.0,1661.0,0.0,2020_2021 8월.xlsx
2020,6,네덜란드,출항환적,2672.75,2672.75,0.0,14486.25,14437.25,49.0,2020_2021 8월.xlsx
2020,6,노르웨이,출항환적,13.0,13.0,0.0,197.0,197.0,0.0,2020_2021 8월.xlsx
2020,6,뉴질랜드,출항환적,1316.0,1284.0,32.0,7190.0,6344.0,846.0,2020_2021 8월.xlsx
2020,6,뉴칼레도니아,출항환적,422.0,270.0,152.0,2186.0,1737.0,449.0,2020_2021 8월.xlsx
2020,6,니카라과,출항환적,253.5,253.5,0.0,1034.25,1034.25,0.0,2020_2021 8월.xlsx
2020,6,대만,출항환적,10523.75,10519.75,4.0,51617.0,49186.0,2431.0,2020_2021 8월.xlsx
2020,6,대한민국,출항환적,15673.5,13735.5,1938.0,106137.0,100784.0,5353.0,2020_2021 8월.xlsx
2020,6,덴마크,출항환적,30.0,30.0,0.0,994.0,994.0,0.0,2020_2021 8월.xlsx
2020,6,도미니카 공화국,출항환적,1225.25,1225.25,0.0,6790.0,6790.0,0.0,2020_2021 8월.xlsx
2020,6,도미니카 연방,출항환적,7.0,7.0,0.0,40.0,40.0,0.0,2020_2021 8월.xlsx
2020,6,독일,출항환적,2490.0,2490.0,0.0,16559.75,16551.75,8.0,2020_2021 8월.xlsx
2020,6,동티모르,출항환적,,,,4.0,4.0,0.0,2020_2021 8월.xlsx
2020,6,라이베리아,출항환적,,,,12.0,12.0,0.0,2020_2021 8월.xlsx
2020,6,라트비아,출항환적,9.0,9.0,0.0,192.0,192.0,0.0,2020_2021 8월.xlsx
2020,6,러시아,출항환적,17412.5,17404.5,8.0,103763.5,100753.5,3010.0,2020_2021 8월.xlsx
2020,6,레바논,출항환적,306.25,306.25,0.0,1077.0,1077.0,0.0,2020_2021 8월.xlsx
2020,6,레위니옹,출항환적,,,,1.0,1.0,0.0,2020_2021 8월.xlsx
2020,6,루마니아,출항환적,381.25,381.25,0.0,2205.5,2205.5,0.0,2020_2021 8월.xlsx
2020,6,리비아,출항환적,20.0,20.0,0.0,456.75,456.75,0.0,2020_2021 8월.xlsx
2020,6,리투아니아,출항환적,21.0,21.0,0.0,165.0,165.0,0.0,2020_2021 8월.xlsx
2020,6,마다가스카르,출항환적,2.0,2.0,0.0,33.0,33.0,0.0,2020_2021 8월.xlsx
2020,6,마르티니크,출항환적,2.0,2.0,0.0,59.0,59.0,0.0,2020_2021 8월.xlsx
2020,6,마샬 제도,출항환적,162.0,162.0,0.0,840.0,839.0,1.0,2020_2021 8월.xlsx
2020,6,마카오,출항환적,,,,6.0,6.0,0.0,2020_2021 8월.xlsx
2020,6,말레이시아,출항환적,4126.0,4116.0,10.0,26479.75,25837.75,642.0,2020_2021 8월.xlsx
2020,6,멕시코,출항환적,16219.25,15749.25,470.0,119439.5,118347.5,1092.0,2020_2021 8월.xlsx
2020,6,모로코,출항환적,80.25,80.25,0.0,1298.25,1298.25,0.0,2020_2021 8월.xlsx
2020,6,모리셔스,출항환적,,,,52.0,52.0,0.0,2020_2021 8월.xlsx
2020,6,모리타니,출항환적,16.0,16.0,0.0,65.0,65.0,0.0,2020_2021 8월.xlsx
2020,6,모잠비크,출항환적,35.0,35.0,0.0,240.0,240.0,0.0,2020_2021 8월.xlsx
2020,6,몬테네그로,출항환적,7.0,7.0,0.0,62.0,62.0,0.0,2020_2021 8월.xlsx
2020,6,몰디브,출항환적,,,,27.0,27.0,0.0,2020_2021 8월.xlsx
2020,6,몰타,출항환적,64.25,18.25,46.0,210.25,164.25,46.0,2020_2021 8월.xlsx
2020,6,미국,출항환적,86954.0,86226.0,728.0,502472.25,493313.25,9159.0,2020_2021 8월.xlsx
2020,6,미국령 버진아일랜드,출항환적,3.0,3.0,0.0,6.0,6.0,0.0,2020_2021 8월.xlsx
2020,6,미얀마,출항환적,61.0,61.0,0.0,905.0,905.0,0.0,2020_2021 8월.xlsx
2020,6,미크로네시아,출항환적,155.0,155.0,0.0,679.0,679.0,0.0,2020_2021 8월.xlsx
2020,6,바누아투,출항환적,355.0,355.0,0.0,1929.0,1827.0,102.0,2020_2021 8월.xlsx
2020,6,바레인,출항환적,2.0,2.0,0.0,29.0,29.0,0.0,2020_2021 8월.xlsx
2020,6,바베이도스,출항환적,126.0,126.0,0.0,611.0,611.0,0.0,2020_2021 8월.xlsx
2020,6,바하마,출항환적,5784.0,60.0,5724.0,50763.25,381.0,50382.25,2020_2021 8월.xlsx
2020,6,방글라데시,출항환적,61.0,61.0,0.0,252.0,252.0,0.0,2020_2021 8월.xlsx
2020,6,베냉,출항환적,3.0,3.0,0.0,18.0,18.0,0.0,2020_2021 8월.xlsx
2020,6,베네수엘라,출항환적,473.0,473.0,0.0,3799.25,3789.25,10.0,2020_2021 8월.xlsx
2020,6,베트남,출항환적,8423.0,8283.0,140.0,51785.75,49628.75,2157.0,2020_2021 8월.xlsx
2020,6,벨기에,출항환적,798.0,796.0,2.0,5507.0,5479.0,28.0,2020_2021 8월.xlsx
2020,6,벨리즈,출항환적,10.0,10.0,0.0,69.0,69.0,0.0,2020_2021 8월.xlsx
2020,6,북마리아나 제도,출항환적,101.25,101.25,0.0,469.75,467.75,2.0,2020_2021 8월.xlsx
2020,6,불가리아,출항환적,29.0,29.0,0.0,354.0,354.0,0.0,2020_2021 8월.xlsx
2020,6,브라질,출항환적,2473.0,2373.0,100.0,19883.0,19181.0,702.0,2020_2021 8월.xlsx
2020,6,브루나이,출항환적,,,,5.0,5.0,0.0,2020_2021 8월.xlsx
2020,6,사모아,출항환적,239.0,239.0,0.0,1136.0,1136.0,0.0,2020_2021 8월.xlsx
2020,6,사우디아라비아,출항환적,2000.75,2000.75,0.0,12341.0,12341.0,0.0,2020_2021 8월.xlsx
2020,6,세네갈,출항환적,31.0,31.0,0.0,141.0,141.0,0.0,2020_2021 8월.xlsx
2020,6,세이셸,출항환적,,,,6.0,6.0,0.0,2020_2021 8월.xlsx
2020,6,세인트 빈센트 그레나딘,출항환적,9.0,9.0,0.0,54.0,54.0,0.0,2020_2021 8월.xlsx
2020,6,세인트루시아,출항환적,13.0,13.0,0.0,102.0,102.0,0.0,2020_2021 8월.xlsx
2020,6,세인트키츠 네비스,출항환적,1.0,1.0,0.0,9.0,9.0,0.0,2020_2021 8월.xlsx
2020,6,소말리아,출항환적,1.0,1.0,0.0,18.0,18.0,0.0,2020_2021 8월.xlsx
2020,6,솔로몬제도,출항환적,285.0,285.0,0.0,1056.0,1056.0,0.0,2020_2021 8월.xlsx
2020,6,수단,출항환적,44.0,44.0,0.0,435.0,435.0,0.0,2020_2021 8월.xlsx
2020,6,수리남,출항환적,250.0,250.0,0.0,1846.0,1846.0,0.0,2020_2021 8월.xlsx
2020,6,스리랑카,출항환적,25.0,25.0,0.0,237.0,237.0,0.0,2020_2021 8월.xlsx
2020,6,스웨덴,출항환적,68.0,68.0,0.0,1347.0,1347.0,0.0,2020_2021 8월.xlsx
2020,6,스페인,출항환적,1525.0,1525.0,0.0,12529.5,11779.5,750.0,2020_2021 8월.xlsx
2020,6,슬로베니아,출항환적,904.0,904.0,0.0,3439.75,3439.75,0.0,2020_2021 8월.xlsx
2020,6,시리아,출항환적,729.0,729.0,0.0,2698.75,2698.75,0.0,2020_2021 8월.xlsx
2020,6,시에라 리온,출항환적,1.0,1.0,0.0,134.0,134.0,0.0,2020_2021 8월.xlsx
2020,6,싱가포르,출항환적,4931.5,2741.0,2190.5,33683.75,25916.75,7767.0,2020_2021 8월.xlsx
2020,6,아랍에미리트연합국,출항환적,3825.5,3825.5,0.0,25448.25,25448.25,0.0,2020_2021 8월.xlsx
2020,6,아루바,출항환적,8.0,8.0,0.0,12.0,12.0,0.0,2020_2021 8월.xlsx
2020,6,아르헨티나,출항환적,615.0,615.0,0.0,3820.0,3454.0,366.0,2020_2021 8월.xlsx
2020,6,아메리칸사모아,출항환적,181.0,181.0,0.0,701.0,701.0,0.0,2020_2021 8월.xlsx
2020,6,아이티,출항환적,258.0,258.0,0.0,1083.0,1083.0,0.0,2020_2021 8월.xlsx
2020,6,아일랜드,출항환적,12.0,12.0,0.0,279.25,279.25,0.0,2020_2021 8월.xlsx
2020,6,알바니아,출항환적,2.0,2.0,0.0,39.0,39.0,0.0,2020_2021 8월.xlsx
2020,6,알제리,출항환적,89.0,89.0,0.0,1247.75,1247.75,0.0,2020_2021 8월.xlsx
2020,6,앙골라,출항환적,4.0,4.0,0.0,17.0,17.0,0.0,2020_2021 8월.xlsx
2020,6,앤티가 바부다,출항환적,20.0,20.0,0.0,47.0,47.0,0.0,2020_2021 8월.xlsx
2020,6,앤틸리스제도,출항환적,12.0,12.0,0.0,108.0,108.0,0.0,2020_2021 8월.xlsx
2020,6,에리트레아,출항환적,,,,2.0,2.0,0.0,2020_2021 8월.xlsx
2020,6,에스토니아,출항환적,7.0,7.0,0.0,84.0,84.0,0.0,2020_2021 8월.xlsx
2020,6,에콰도르,출항환적,3418.0,1712.0,1706.0,26022.0,13182.0,12840.0,2020_2021 8월.xlsx
2020,6,엘살바도르,출항환적,394.0,394.0,0.0,2083.75,2083.75,0.0,2020_2021 8월.xlsx
2020,6,영국,출항환적,978.0,976.0,2.0,7409.25,7398.25,11.0,2020_2021 8월.xlsx
2020,6,영국령 버진아일랜드,출항환적,1.0,1.0,0.0,17.0,17.0,0.0,2020_2021 8월.xlsx
2020,6,예멘,출항환적,,,,20.0,20.0,0.0,2020_2021 8월.xlsx
2020,6,오만,출항환적,183.0,183.0,0.0,1583.25,1571.25,12.0,2020_2021 8월.xlsx
2020,6,온두라스,출항환적,512.0,512.0,0.0,2153.25,2153.25,0.0,2020_2021 8월.xlsx
2020,6,요르단,출항환적,292.0,292.0,0.0,1768.0,1768.0,0.0,2020_2021 8월.xlsx
2020,6,우루과이,출항환적,90.0,90.0,0.0,635.0,635.0,0.0,2020_2021 8월.xlsx
2020,6,우크라이나,출항환적,665.5,665.5,0.0,3786.5,3786.5,0.0,2020_2021 8월.xlsx
2020,6,이라크,출항환적,93.0,93.0,0.0,341.25,341.25,0.0,2020_2021 8월.xlsx
2020,6,이스라엘,출항환적,1029.0,1016.0,13.0,7071.25,6950.25,121.0,2020_2021 8월.xlsx
2020,6,이집트,출항환적,1649.25,1614.25,35.0,12066.75,11746.75,320.0,2020_2021 8월.xlsx
2020,6,이탈리아,출항환적,1449.0,1249.0,200.0,9387.0,9051.0,336.0,2020_2021 8월.xlsx
2020,6,인도,출항환적,1511.25,1504.25,7.0,17649.75,17631.75,18.0,2020_2021 8월.xlsx
2020,6,인도네시아,출항환적,6002.0,6002.0,0.0,30745.5,30743.5,2.0,2020_2021 8월.xlsx
2020,6,일본,출항환적,77317.0,76667.0,650.0,474835.0,467359.0,7476.0,2020_2021 8월.xlsx
2020,6,자메이카,출항환적,822.25,816.25,6.0,5476.25,5466.25,10.0,2020_2021 8월.xlsx
2020,6,적도 기니,출항환적,,,,2.0,2.0,0.0,2020_2021 8월.xlsx
2020,6,조지아,출항환적,45.0,45.0,0.0,601.0,601.0,0.0,2020_2021 8월.xlsx
2020,6,중국,출항환적,120997.5,95063.75,25933.75,672464.75,518053.75,154411.0,2020_2021 8월.xlsx
2020,6,지부티,출항환적,4.0,4.0,0.0,178.0,178.0,0.0,2020_2021 8월.xlsx
2020,6,칠레,출항환적,15413.25,13463.25,1950.0,85225.5,77137.5,8088.0,2020_2021 8월.xlsx
2020,6,카메룬,출항환적,12.0,12.0,0.0,76.0,76.0,0.0,2020_2021 8월.xlsx
2020,6,카보 베르데,출항환적,,,,1.0,1.0,0.0,2020_2021 8월.xlsx
2020,6,카타르,출항환적,281.0,281.0,0.0,1617.25,1617.25,0.0,2020_2021 8월.xlsx
2020,6,캄보디아,출항환적,33.25,33.25,0.0,171.75,171.75,0.0,2020_2021 8월.xlsx
2020,6,캐나다,출항환적,24063.75,24019.75,44.0,133796.75,133177.75,619.0,2020_2021 8월.xlsx
2020,6,케냐,출항환적,83.0,83.0,0.0,414.0,414.0,0.0,2020_2021 8월.xlsx
2020,6,케이맨 제도,출항환적,1.0,1.0,0.0,19.0,19.0,0.0,2020_2021 8월.xlsx
2020,6,코스타리카,출항환적,958.5,958.5,0.0,4332.25,4332.25,0.0,2020_2021 8월.xlsx
2020,6,코트디부아르,출항환적,10.0,10.0,0.0,85.0,85.0,0.0,2020_2021 8월.xlsx
2020,6,콜롬비아,출항환적,6348.0,6194.0,154.0,33957.25,33374.25,583.0,2020_2021 8월.xlsx
2020,6,콩고,출항환적,,,,5.0,5.0,0.0,2020_2021 8월.xlsx
2020,6,콩고 민주 공화국,출항환적,2.0,2.0,0.0,20.0,20.0,0.0,2020_2021 8월.xlsx
2020,6,쿠바,출항환적,75.0,75.0,0.0,1205.0,1205.0,0.0,2020_2021 8월.xlsx
2020,6,쿠웨이트,출항환적,22.0,22.0,0.0,336.0,336.0,0.0,2020_2021 8월.xlsx
2020,6,쿡 제도,출항환적,1.0,1.0,0.0,1.0,1.0,0.0,2020_2021 8월.xlsx
2020,6,퀴라소,출항환적,1.0,1.0,0.0,9.0,9.0,0.0,2020_2021 8월.xlsx
2020,6,크로아티아,출항환적,164.0,164.0,0.0,929.0,929.0,0.0,2020_2021 8월.xlsx
2020,6,키리바시,출항환적,240.0,240.0,0.0,946.0,946.0,0.0,2020_2021 8월.xlsx
2020,6,키프로스,출항환적,,,,71.0,71.0,0.0,2020_2021 8월.xlsx
2020,6,탄자니아,출항환적,23.0,23.0,0.0,162.0,162.0,0.0,2020_2021 8월.xlsx
2020,6,태국,출항환적,6355.75,5771.75,584.0,48899.0,48246.0,653.0,2020_2021 8월.xlsx
2020,6,토고,출항환적,5.0,5.0,0.0,69.25,69.25,0.0,2020_2021 8월.xlsx
2020,6,통가,출항환적,65.0,65.0,0.0,376.0,376.0,0.0,2020_2021 8월.xlsx
2020,6,튀니지,출항환적,91.25,91.25,0.0,888.25,888.25,0.0,2020_2021 8월.xlsx
2020,6,튀르키예,출항환적,2846.0,2804.0,42.0,18244.0,18194.0,50.0,2020_2021 8월.xlsx
2020,6,트리니다드 토바고,출항환적,566.0,366.0,200.0,2359.25,2159.25,200.0,2020_2021 8월.xlsx
2020,6,파나마,출항환적,3058.0,2258.0,800.0,30226.75,19556.25,10670.5,2020_2021 8월.xlsx
2020,6,파라과이,출항환적,9.0,9.0,0.0,138.0,138.0,0.0,2020_2021 8월.xlsx
2020,6,파키스탄,출항환적,376.0,376.0,0.0,3322.5,3322.5,0.0,2020_2021 8월.xlsx
2020,6,파푸아 뉴기니,출항환적,554.0,554.0,0.0,2458.0,2457.0,1.0,2020_2021 8월.xlsx
2020,6,팔라우,출항환적,16.0,16.0,0.0,58.0,58.0,0.0,2020_2021 8월.xlsx
2020,6,페루,출항환적,3969.0,3579.0,390.0,24402.5,23112.5,1290.0,2020_2021 8월.xlsx
2020,6,포르투갈,출항환적,15.0,15.0,0.0,264.0,264.0,0.0,2020_2021 8월.xlsx
2020,6,폴란드,출항환적,153.0,153.0,0.0,809.0,809.0,0.0,2020_2021 8월.xlsx
2020,6,푸에르토리코,출항환적,418.0,418.0,0.0,1431.0,1431.0,0.0,2020_2021 8월.xlsx
2020,6,프랑스,출항환적,1165.25,1160.25,5.0,5644.5,5631.5,13.0,2020_2021 8월.xlsx
2020,6,프랑스령 기아나,출항환적,2.0,2.0,0.0,6.0,6.0,0.0,2020_2021 8월.xlsx
2020,6,프랑스령 폴리네시아,출항환적,49.0,49.0,0.0,418.0,414.0,4.0,2020_2021 8월.xlsx
2020,6,피지,출항환적,167.0,167.0,0.0,2303.0,2292.0,11.0,2020_2021 8월.xlsx
2020,6,핀란드,출항환적,44.0,44.0,0.0,317.0,317.0,0.0,2020_2021 8월.xlsx
2020,6,필리핀,출항환적,3848.0,3848.0,0.0,27748.75,25360.75,2388.0,2020_2021 8월.xlsx
2020,6,호주,출항환적,2292.0,1963.0,329.0,13102.25,12034.25,1068.0,2020_2021 8월.xlsx
2020,6,홍콩,출항환적,3143.0,3143.0,0.0,22856.25,22056.5,799.75,2020_2021 8월.xlsx
2020,7,가나,입항,47.0,47.0,0.0,581.0,581.0,0.0,2020_2021 7월.xlsx
2020,7,가봉,입항,1.0,1.0,0.0,1.0,1.0,0.0,2020_2021 7월.xlsx
2020,7,가이아나,입항,4.0,4.0,0.0,55.0,55.0,0.0,2020_2021 7월.xlsx
2020,7,감비아,입항,16.0,16.0,0.0,64.0,64.0,0.0,2020_2021 7월.xlsx
2020,7,과테말라,입항,366.0,334.0,32.0,3386.0,2097.0,1289.0,2020_2021 7월.xlsx
2020,7,괌,입항,1184.25,42.0,1142.25,6402.25,411.0,5991.25,2020_2021 7월.xlsx
2020,7,그리스,입항,680.0,602.0,78.0,6248.0,2775.0,3473.0,2020_2021 7월.xlsx
2020,7,기니,입항,86.0,86.0,0.0,654.0,654.0,0.0,2020_2021 7월.xlsx
2020,7,기니비사우,입항,6.0,6.0,0.0,26.0,26.0,0.0,2020_2021 7월.xlsx
2020,7,나미비아,입항,,,,171.0,171.0,0.0,2020_2021 7월.xlsx
2020,7,나이지리아,입항,87.0,82.0,5.0,784.0,778.0,6.0,2020_2021 7월.xlsx
2020,7,남아프리카,입항,778.0,778.0,0.0,4898.0,4736.0,162.0,2020_2021 7월.xlsx
2020,7,네덜란드,입항,6789.25,6700.25,89.0,51084.25,48945.25,2139.0,2020_2021 7월.xlsx
2020,7,노르웨이,입항,451.0,451.0,0.0,3164.5,3150.5,14.0,2020_2021 7월.xlsx
2020,7,뉴질랜드,입항,3355.0,3212.0,143.0,19669.0,15872.0,3797.0,2020_2021 7월.xlsx
2020,7,뉴칼레도니아,입항,58.0,54.0,4.0,1059.0,270.0,789.0,2020_2021 7월.xlsx
2020,7,니카라과,입항,60.0,60.0,0.0,495.0,492.0,3.0,2020_2021 7월.xlsx
2020,7,대만,입항,5018.5,3754.0,1264.5,38985.75,26345.25,12640.5,2020_2021 7월.xlsx
2020,7,대한민국,입항,3338.0,0.0,3338.0,26358.25,74.0,26284.25,2020_2021 7월.xlsx
2020,7,덴마크,입항,1222.0,1198.0,24.0,6574.0,6490.0,84.0,2020_2021 7월.xlsx
2020,7,도미니카 공화국,입항,87.0,86.0,1.0,1008.0,1003.0,5.0,2020_2021 7월.xlsx
2020,7,도미니카 연방,입항,,,,2.0,2.0,0.0,2020_2021 7월.xlsx
2020,7,독일,입항,8646.0,8610.0,36.0,68704.0,61849.5,6854.5,2020_2021 7월.xlsx
2020,7,라이베리아,입항,2.0,2.0,0.0,32.0,32.0,0.0,2020_2021 7월.xlsx
2020,7,라트비아,입항,1363.0,1361.0,2.0,6898.0,6894.0,4.0,2020_2021 7월.xlsx
2020,7,러시아,입항,4417.25,2110.0,2307.25,47951.25,20415.0,27536.25,2020_2021 7월.xlsx
2020,7,레바논,입항,97.0,97.0,0.0,1377.0,375.0,1002.0,2020_2021 7월.xlsx
2020,7,레위니옹,입항,9.0,9.0,0.0,23.0,23.0,0.0,2020_2021 7월.xlsx
2020,7,루마니아,입항,686.0,234.0,452.0,5131.0,1842.0,3289.0,2020_2021 7월.xlsx
2020,7,리비아,입항,28.0,28.0,0.0,343.0,343.0,0.0,2020_2021 7월.xlsx
2020,7,리투아니아,입항,183.0,183.0,0.0,2132.0,2132.0,0.0,2020_2021 7월.xlsx
2020,7,마다가스카르,입항,2.0,2.0,0.0,189.0,189.0,0.0,2020_2021 7월.xlsx
2020,7,마르티니크,입항,2.0,2.0,0.0,2.0,2.0,0.0,2020_2021 7월.xlsx
2020,7,마샬 제도,입항,402.0,11.0,391.0,2526.0,65.0,2461.0,2020_2021 7월.xlsx
2020,7,말레이시아,입항,5997.0,5348.0,649.0,51581.5,34484.25,17097.25,2020_2021 7월.xlsx
2020,7,말리,입항,,,,2.0,2.0,0.0,2020_2021 7월.xlsx
2020,7,멕시코,입항,3873.0,2910.0,963.0,40761.0,19309.0,21452.0,2020_2021 7월.xlsx
2020,7,모로코,입항,100.0,100.0,0.0,1110.0,1102.0,8.0,2020_2021 7월.xlsx
2020,7,모리셔스,입항,14.0,14.0,0.0,150.0,150.0,0.0,2020_2021 7월.xlsx
2020,7,모리타니,입항,38.0,38.0,0.0,128.0,128.0,0.0,2020_2021 7월.xlsx
2020,7,모잠비크,입항,38.0,38.0,0.0,898.0,898.0,0.0,2020_2021 7월.xlsx
2020,7,몬테네그로,입항,46.0,46.0,0.0,424.0,424.0,0.0,2020_2021 7월.xlsx
2020,7,몰타,입항,3.0,3.0,0.0,928.0,93.0,835.0,2020_2021 7월.xlsx
2020,7,미국,입항,52155.5,40601.25,11554.25,412279.5,305264.5,107015.0,2020_2021 7월.xlsx
2020,7,미얀마,입항,711.0,702.0,9.0,4425.0,3442.0,983.0,2020_2021 7월.xlsx
2020,7,미크로네시아,입항,9.0,0.0,9.0,115.0,15.0,100.0,2020_2021 7월.xlsx
2020,7,바누아투,입항,87.0,1.0,86.0,677.0,4.0,673.0,2020_2021 7월.xlsx
2020,7,바레인,입항,157.0,157.0,0.0,677.0,677.0,0.0,2020_2021 7월.xlsx
2020,7,바베이도스,입항,4.0,4.0,0.0,12.0,12.0,0.0,2020_2021 7월.xlsx
2020,7,바하마,입항,,,,3.0,3.0,0.0,2020_2021 7월.xlsx
2020,7,방글라데시,입항,771.0,539.0,232.0,4295.0,3306.0,989.0,2020_2021 7월.xlsx
2020,7,베네수엘라,입항,4.0,4.0,0.0,279.0,279.0,0.0,2020_2021 7월.xlsx
2020,7,베트남,입항,11400.75,10726.0,674.75,88113.75,80210.25,7903.5,2020_2021 7월.xlsx
2020,7,벨기에,입항,3542.0,3491.0,51.0,25287.75,25153.75,134.0,2020_2021 7월.xlsx
2020,7,북마리아나 제도,입항,329.0,12.0,317.0,3900.0,78.0,3822.0,2020_2021 7월.xlsx
2020,7,불가리아,입항,84.0,78.0,6.0,566.0,554.0,12.0,2020_2021 7월.xlsx
2020,7,브라질,입항,2536.0,2444.0,92.0,19378.0,16368.0,3010.0,2020_2021 7월.xlsx
2020,7,브루나이,입항,,,,45.0,45.0,0.0,2020_2021 7월.xlsx
2020,7,사모아,입항,427.0,1.0,426.0,2818.0,13.0,2805.0,2020_2021 7월.xlsx
2020,7,사우디아라비아,입항,1028.0,817.0,211.0,14234.25,4450.0,9784.25,2020_2021 7월.xlsx
2020,7,세네갈,입항,197.0,197.0,0.0,672.0,672.0,0.0,2020_2021 7월.xlsx
2020,7,세르비아,입항,4.0,4.0,0.0,4.0,4.0,0.0,2020_2021 7월.xlsx
2020,7,세이셸,입항,5.0,5.0,0.0,27.0,27.0,0.0,2020_2021 7월.xlsx
2020,7,세인트 빈센트 그레나딘,입항,,,,6.0,6.0,0.0,2020_2021 7월.xlsx
2020,7,소말리아,입항,11.0,11.0,0.0,30.0,30.0,0.0,2020_2021 7월.xlsx
2020,7,솔로몬제도,입항,1.0,1.0,0.0,4.0,4.0,0.0,2020_2021 7월.xlsx
2020,7,수단,입항,4.0,4.0,0.0,123.0,123.0,0.0,2020_2021 7월.xlsx
2020,7,수리남,입항,72.0,72.0,0.0,680.0,680.0,0.0,2020_2021 7월.xlsx
2020,7,스리랑카,입항,629.0,629.0,0.0,2317.0,2286.0,31.0,2020_2021 7월.xlsx
2020,7,스웨덴,입항,1615.0,1615.0,0.0,9119.0,9112.0,7.0,2020_2021 7월.xlsx
2020,7,스위스,입항,3.0,3.0,0.0,3.0,3.0,0.0,2020_2021 7월.xlsx
2020,7,스페인,입항,3746.0,3577.0,169.0,22677.0,19760.0,2917.0,2020_2021 7월.xlsx
2020,7,슬로베니아,입항,1271.0,1271.0,0.0,8842.25,8713.25,129.0,2020_2021 7월.xlsx
2020,7,시리아,입항,,,,1.0,1.0,0.0,2020_2021 7월.xlsx
2020,7,시에라 리온,입항,30.0,30.0,0.0,204.0,204.0,0.0,2020_2021 7월.xlsx
2020,7,싱가포르,입항,4241.5,2667.0,1574.5,26618.75,20152.0,6466.75,2020_2021 7월.xlsx
2020,7,아랍에미리트연합국,입항,3735.25,1742.0,1993.25,37158.5,11153.5,26005.0,2020_2021 7월.xlsx
2020,7,아르헨티나,입항,974.0,402.0,572.0,4817.0,2081.0,2736.0,2020_2021 7월.xlsx
2020,7,아메리칸사모아,입항,250.0,24.0,226.0,1018.0,93.0,925.0,2020_2021 7월.xlsx
2020,7,아이슬란드,입항,,,,84.0,84.0,0.0,2020_2021 7월.xlsx
2020,7,아이티,입항,5.0,5.0,0.0,21.0,21.0,0.0,2020_2021 7월.xlsx
2020,7,아일랜드,입항,203.0,203.0,0.0,1115.0,1053.0,62.0,2020_2021 7월.xlsx
2020,7,알바니아,입항,,,,11.0,11.0,0.0,2020_2021 7월.xlsx
2020,7,알제리,입항,11.0,9.0,2.0,175.0,14.0,161.0,2020_2021 7월.xlsx
2020,7,앙골라,입항,14.0,14.0,0.0,1036.0,49.0,987.0,2020_2021 7월.xlsx
2020,7,앤틸리스제도,입항,26.0,2.0,24.0,31.0,7.0,24.0,2020_2021 7월.xlsx
2020,7,에스토니아,입항,354.0,354.0,0.0,3505.0,3505.0,0.0,2020_2021 7월.xlsx
2020,7,에콰도르,입항,419.0,329.0,90.0,6762.5,2315.0,4447.5,2020_2021 7월.xlsx
2020,7,엘살바도르,입항,18.0,17.0,1.0,426.0,418.0,8.0,2020_2021 7월.xlsx
2020,7,영국,입항,1453.5,1394.5,59.0,11964.5,10956.75,1007.75,2020_2021 7월.xlsx
2020,7,예멘,입항,150.0,150.0,0.0,1060.0,1060.0,0.0,2020_2021 7월.xlsx
2020,7,오만,입항,839.0,132.0,707.0,5934.0,870.0,5064.0,2020_2021 7월.xlsx
2020,7,온두라스,입항,138.0,138.0,0.0,596.0,594.0,2.0,2020_2021 7월.xlsx
2020,7,요르단,입항,495.0,148.0,347.0,1899.0,691.0,1208.0,2020_2021 7월.xlsx
2020,7,우루과이,입항,410.0,202.0,208.0,1340.0,631.0,709.0,2020_2021 7월.xlsx
2020,7,우크라이나,입항,466.0,300.0,166.0,3002.0,1968.0,1034.0,2020_2021 7월.xlsx
2020,7,이라크,입항,,,,1624.0,10.0,1614.0,2020_2021 7월.xlsx
2020,7,이란,입항,,,,96.0,26.0,70.0,2020_2021 7월.xlsx
2020,7,이스라엘,입항,1049.0,309.0,740.0,5360.0,2365.0,2995.0,2020_2021 7월.xlsx
2020,7,이집트,입항,671.0,204.0,467.0,9735.0,2787.0,6948.0,2020_2021 7월.xlsx
2020,7,이탈리아,입항,5507.0,4826.0,681.0,33009.0,28502.0,4507.0,2020_2021 7월.xlsx
2020,7,인도,입항,8178.25,6839.0,1339.25,61263.0,40220.0,21043.0,2020_2021 7월.xlsx
2020,7,인도네시아,입항,7266.0,5698.0,1568.0,47365.5,35122.25,12243.25,2020_2021 7월.xlsx
2020,7,일본,입항,69490.5,18547.5,50943.0,519730.75,138314.0,381416.75,2020_2021 7월.xlsx
2020,7,자메이카,입항,65.0,5.0,60.0,7951.0,205.0,7746.0,2020_2021 7월.xlsx
2020,7,적도 기니,입항,1.0,1.0,0.0,13.0,13.0,0.0,2020_2021 7월.xlsx
2020,7,조지아,입항,28.0,28.0,0.0,121.0,121.0,0.0,2020_2021 7월.xlsx
2020,7,중국,입항,93255.25,75341.5,17913.75,622527.75,497719.25,124808.5,2020_2021 7월.xlsx
2020,7,지부티,입항,178.0,178.0,0.0,606.0,606.0,0.0,2020_2021 7월.xlsx
2020,7,체코,입항,2.0,2.0,0.0,40.0,40.0,0.0,2020_2021 7월.xlsx
2020,7,칠레,입항,4820.0,4295.0,525.0,39866.0,36338.0,3528.0,2020_2021 7월.xlsx
2020,7,카메룬,입항,1.0,1.0,0.0,8.0,8.0,0.0,2020_2021 7월.xlsx
2020,7,카타르,입항,450.0,448.0,2.0,3200.0,2879.0,321.0,2020_2021 7월.xlsx
2020,7,캄보디아,입항,142.0,142.0,0.0,952.0,950.0,2.0,2020_2021 7월.xlsx
2020,7,캐나다,입항,7726.75,5438.75,2288.0,44440.5,34165.75,10274.75,2020_2021 7월.xlsx
2020,7,케냐,입항,42.0,42.0,0.0,247.0,247.0,0.0,2020_2021 7월.xlsx
2020,7,코스타리카,입항,57.0,56.0,1.0,894.0,879.0,15.0,2020_2021 7월.xlsx
2020,7,코트디부아르,입항,22.0,22.0,0.0,48.0,48.0,0.0,2020_2021 7월.xlsx
2020,7,콜롬비아,입항,819.0,690.0,129.0,8040.0,3940.0,4100.0,2020_2021 7월.xlsx
2020,7,콩고,입항,,,,112.0,16.0,96.0,2020_2021 7월.xlsx
2020,7,콩고 민주 공화국,입항,5.0,5.0,0.0,26.0,26.0,0.0,2020_2021 7월.xlsx
2020,7,쿠바,입항,,,,4.0,4.0,0.0,2020_2021 7월.xlsx
2020,7,쿠웨이트,입항,12.0,10.0,2.0,296.0,228.0,68.0,2020_2021 7월.xlsx
2020,7,크로아티아,입항,75.0,75.0,0.0,641.0,612.0,29.0,2020_2021 7월.xlsx
2020,7,키리바시,입항,22.0,1.0,21.0,782.0,1.0,781.0,2020_2021 7월.xlsx
2020,7,키프로스,입항,9.0,9.0,0.0,86.0,86.0,0.0,2020_2021 7월.xlsx
2020,7,탄자니아,입항,230.0,230.0,0.0,1661.0,1661.0,0.0,2020_2021 7월.xlsx
2020,7,태국,입항,6997.75,6759.0,238.75,47435.5,44264.0,3171.5,2020_2021 7월.xlsx
2020,7,토고,입항,62.0,62.0,0.0,816.0,816.0,0.0,2020_2021 7월.xlsx
2020,7,통가,입항,76.0,0.0,76.0,699.0,15.0,684.0,2020_2021 7월.xlsx
2020,7,튀니지,입항,42.0,42.0,0.0,341.0,338.0,3.0,2020_2021 7월.xlsx
2020,7,튀르키예,입항,2282.5,1598.5,684.0,15905.5,10989.5,4916.0,2020_2021 7월.xlsx
2020,7,트리니다드 토바고,입항,2.0,2.0,0.0,498.0,498.0,0.0,2020_2021 7월.xlsx
2020,7,파나마,입항,3933.0,105.0,3828.0,32578.75,692.0,31886.75,2020_2021 7월.xlsx
2020,7,파라과이,입항,45.0,45.0,0.0,153.0,153.0,0.0,2020_2021 7월.xlsx
2020,7,파키스탄,입항,845.25,566.0,279.25,8585.0,3573.0,5012.0,2020_2021 7월.xlsx
2020,7,파푸아 뉴기니,입항,22.0,22.0,0.0,185.0,185.0,0.0,2020_2021 7월.xlsx
2020,7,팔라우,입항,1.0,1.0,0.0,46.0,33.0,13.0,2020_2021 7월.xlsx
2020,7,페루,입항,1540.0,1299.0,241.0,14836.0,11579.0,3257.0,2020_2021 7월.xlsx
2020,7,포르투갈,입항,214.0,214.0,0.0,1696.0,1696.0,0.0,2020_2021 7월.xlsx
2020,7,폴란드,입항,1387.0,1387.0,0.0,7636.25,7582.25,54.0,2020_2021 7월.xlsx
2020,7,푸에르토리코,입항,239.0,239.0,0.0,1129.0,1129.0,0.0,2020_2021 7월.xlsx
2020,7,프랑스,입항,3125.0,2860.0,265.0,16326.25,15323.25,1003.0,2020_2021 7월.xlsx
2020,7,프랑스령 기아나,입항,,,,9.0,9.0,0.0,2020_2021 7월.xlsx
2020,7,프랑스령 폴리네시아,입항,413.0,3.0,410.0,1761.0,23.0,1738.0,2020_2021 7월.xlsx
2020,7,피지,입항,121.0,51.0,70.0,700.0,191.0,509.0,2020_2021 7월.xlsx
2020,7,핀란드,입항,1149.0,1125.0,24.0,7202.0,7072.0,130.0,2020_2021 7월.xlsx
2020,7,필리핀,입항,4431.0,2005.0,2426.0,33344.5,12468.0,20876.5,2020_2021 7월.xlsx
2020,7,헝가리,입항,2.0,2.0,0.0,101.0,101.0,0.0,2020_2021 7월.xlsx
2020,7,호주,입항,9122.0,5999.0,3123.0,82290.5,43119.0,39171.5,2020_2021 7월.xlsx
2020,7,홍콩,입항,2828.0,2327.0,501.0,20571.25,15939.0,4632.25,2020_2021 7월.xlsx
2020,7,가나,입항환적,66.0,66.0,0.0,462.0,462.0,0.0,2020_2021 7월.xlsx
2020,7,가봉,입항환적,12.0,12.0,0.0,598.0,598.0,0.0,2020_2021 7월.xlsx
2020,7,가이아나,입항환적,138.0,138.0,0.0,932.0,932.0,0.0,2020_2021 7월.xlsx
2020,7,감비아,입항환적,,,,13.0,13.0,0.0,2020_2021 7월.xlsx
2020,7,과들루프,입항환적,,,,14.0,14.0,0.0,2020_2021 7월.xlsx
2020,7,과테말라,입항환적,379.0,379.0,0.0,2894.0,2894.0,0.0,2020_2021 7월.xlsx
2020,7,괌,입항환적,365.25,365.25,0.0,1694.75,1343.75,351.0,2020_2021 7월.xlsx
2020,7,그리스,입항환적,808.0,548.0,260.0,3123.0,2069.0,1054.0,2020_2021 7월.xlsx
2020,7,기니비사우,입항환적,,,,4.0,4.0,0.0,2020_2021 7월.xlsx
2020,7,기타국가,입항환적,,,,15.0,15.0,0.0,2020_2021 7월.xlsx
2020,7,나미비아,입항환적,3.0,3.0,0.0,27.0,27.0,0.0,2020_2021 7월.xlsx
2020,7,나이지리아,입항환적,147.0,147.0,0.0,701.0,669.0,32.0,2020_2021 7월.xlsx
2020,7,남아프리카,입항환적,697.0,697.0,0.0,4785.0,4205.0,580.0,2020_2021 7월.xlsx
2020,7,네덜란드,입항환적,1712.0,1688.0,24.0,18111.25,17123.25,988.0,2020_2021 7월.xlsx
2020,7,노르웨이,입항환적,119.0,119.0,0.0,1047.0,1047.0,0.0,2020_2021 7월.xlsx
2020,7,뉴질랜드,입항환적,2351.0,2351.0,0.0,17157.0,13809.0,3348.0,2020_2021 7월.xlsx
2020,7,뉴칼레도니아,입항환적,519.0,519.0,0.0,3945.0,3916.0,29.0,2020_2021 7월.xlsx
2020,7,니카라과,입항환적,371.0,371.0,0.0,2077.0,2077.0,0.0,2020_2021 7월.xlsx
2020,7,대만,입항환적,5987.25,5693.25,294.0,39593.25,38948.25,645.0,2020_2021 7월.xlsx
2020,7,대한민국,입항환적,8101.0,8060.0,41.0,59146.0,57065.0,2081.0,2020_2021 7월.xlsx
2020,7,덴마크,입항환적,111.0,111.0,0.0,1627.0,1627.0,0.0,2020_2021 7월.xlsx
2020,7,도미니카 공화국,입항환적,53.0,53.0,0.0,456.0,456.0,0.0,2020_2021 7월.xlsx
2020,7,독일,입항환적,2602.0,2446.0,156.0,19868.5,16905.5,2963.0,2020_2021 7월.xlsx
2020,7,동티모르,입항환적,,,,1.0,1.0,0.0,2020_2021 7월.xlsx
2020,7,라트비아,입항환적,258.0,258.0,0.0,1954.0,1954.0,0.0,2020_2021 7월.xlsx
2020,7,러시아,입항환적,10781.0,9876.0,905.0,100374.5,93727.0,6647.5,2020_2021 7월.xlsx
2020,7,레바논,입항환적,7.0,7.0,0.0,96.0,96.0,0.0,2020_2021 7월.xlsx
2020,7,레위니옹,입항환적,,,,6.0,6.0,0.0,2020_2021 7월.xlsx
2020,7,루마니아,입항환적,1086.0,1086.0,0.0,5502.0,5502.0,0.0,2020_2021 7월.xlsx
2020,7,리투아니아,입항환적,72.0,72.0,0.0,491.0,491.0,0.0,2020_2021 7월.xlsx
2020,7,마다가스카르,입항환적,4.0,4.0,0.0,69.0,69.0,0.0,2020_2021 7월.xlsx
2020,7,마르티니크,입항환적,4.0,4.0,0.0,22.0,22.0,0.0,2020_2021 7월.xlsx
2020,7,마샬 제도,입항환적,102.0,102.0,0.0,461.0,442.0,19.0,2020_2021 7월.xlsx
2020,7,말레이시아,입항환적,7427.75,7424.75,3.0,50913.75,50142.75,771.0,2020_2021 7월.xlsx
2020,7,멕시코,입항환적,5037.75,4618.0,419.75,35239.5,31499.0,3740.5,2020_2021 7월.xlsx
2020,7,모로코,입항환적,75.0,75.0,0.0,638.0,638.0,0.0,2020_2021 7월.xlsx
2020,7,모리셔스,입항환적,9.0,9.0,0.0,241.0,241.0,0.0,2020_2021 7월.xlsx
2020,7,모리타니,입항환적,,,,333.0,333.0,0.0,2020_2021 7월.xlsx
2020,7,모잠비크,입항환적,19.0,19.0,0.0,278.0,278.0,0.0,2020_2021 7월.xlsx
2020,7,몬테네그로,입항환적,2.0,2.0,0.0,13.0,13.0,0.0,2020_2021 7월.xlsx
2020,7,몰디브,입항환적,,,,7.0,7.0,0.0,2020_2021 7월.xlsx
2020,7,몰타,입항환적,1.0,1.0,0.0,187.0,187.0,0.0,2020_2021 7월.xlsx
2020,7,미국,입항환적,44487.75,41964.0,2523.75,416728.5,350469.75,66258.75,2020_2021 7월.xlsx
2020,7,미얀마,입항환적,232.0,232.0,0.0,1967.0,1573.0,394.0,2020_2021 7월.xlsx
2020,7,미크로네시아,입항환적,3.0,3.0,0.0,99.0,95.0,4.0,2020_2021 7월.xlsx
2020,7,바누아투,입항환적,44.0,0.0,44.0,371.0,21.0,350.0,2020_2021 7월.xlsx
2020,7,바레인,입항환적,57.0,57.0,0.0,525.0,525.0,0.0,2020_2021 7월.xlsx
2020,7,바베이도스,입항환적,,,,13.0,13.0,0.0,2020_2021 7월.xlsx
2020,7,바하마,입항환적,1.0,1.0,0.0,2.0,1.0,1.0,2020_2021 7월.xlsx
2020,7,방글라데시,입항환적,632.25,632.25,0.0,3430.5,3421.5,9.0,2020_2021 7월.xlsx
2020,7,베네수엘라,입항환적,55.0,55.0,0.0,482.0,482.0,0.0,2020_2021 7월.xlsx
2020,7,베트남,입항환적,8633.0,8627.0,6.0,67465.0,67325.0,140.0,2020_2021 7월.xlsx
2020,7,벨기에,입항환적,1052.0,1052.0,0.0,7593.25,7592.25,1.0,2020_2021 7월.xlsx
2020,7,벨리즈,입항환적,4.0,4.0,0.0,34.0,34.0,0.0,2020_2021 7월.xlsx
2020,7,북마리아나 제도,입항환적,49.0,3.0,46.0,352.25,16.25,336.0,2020_2021 7월.xlsx
2020,7,불가리아,입항환적,123.0,123.0,0.0,894.0,894.0,0.0,2020_2021 7월.xlsx
2020,7,브라질,입항환적,4681.0,4670.0,11.0,33854.0,32686.0,1168.0,2020_2021 7월.xlsx
2020,7,브루나이,입항환적,4.0,4.0,0.0,32.0,32.0,0.0,2020_2021 7월.xlsx
2020,7,사모아,입항환적,20.0,20.0,0.0,179.0,120.0,59.0,2020_2021 7월.xlsx
2020,7,사우디아라비아,입항환적,1384.0,1384.0,0.0,10329.0,8702.0,1627.0,2020_2021 7월.xlsx
2020,7,세네갈,입항환적,34.0,34.0,0.0,1359.0,1359.0,0.0,2020_2021 7월.xlsx
2020,7,세이셸,입항환적,29.0,29.0,0.0,106.0,106.0,0.0,2020_2021 7월.xlsx
2020,7,세인트루시아,입항환적,,,,25.0,25.0,0.0,2020_2021 7월.xlsx
2020,7,소말리아,입항환적,,,,2.0,2.0,0.0,2020_2021 7월.xlsx
2020,7,솔로몬제도,입항환적,,,,29.0,29.0,0.0,2020_2021 7월.xlsx
2020,7,수단,입항환적,635.0,635.0,0.0,4266.0,4266.0,0.0,2020_2021 7월.xlsx
2020,7,수리남,입항환적,312.0,312.0,0.0,1410.0,1410.0,0.0,2020_2021 7월.xlsx
2020,7,스리랑카,입항환적,511.0,511.0,0.0,2273.75,2271.75,2.0,2020_2021 7월.xlsx
2020,7,스웨덴,입항환적,1242.0,1242.0,0.0,7405.0,7405.0,0.0,2020_2021 7월.xlsx
2020,7,스페인,입항환적,1900.0,1900.0,0.0,14926.0,13754.0,1172.0,2020_2021 7월.xlsx
2020,7,슬로베니아,입항환적,641.0,641.0,0.0,4599.0,4599.0,0.0,2020_2021 7월.xlsx
2020,7,시리아,입항환적,1.0,1.0,0.0,3.0,3.0,0.0,2020_2021 7월.xlsx
2020,7,시에라 리온,입항환적,,,,68.0,68.0,0.0,2020_2021 7월.xlsx
2020,7,싱가포르,입항환적,2586.5,2394.5,192.0,15609.75,15026.5,583.25,2020_2021 7월.xlsx
2020,7,아랍에미리트연합국,입항환적,1948.25,1412.25,536.0,18350.75,13209.75,5141.0,2020_2021 7월.xlsx
2020,7,아르헨티나,입항환적,943.0,943.0,0.0,6093.0,5661.0,432.0,2020_2021 7월.xlsx
2020,7,아메리칸사모아,입항환적,2.0,0.0,2.0,67.0,11.0,56.0,2020_2021 7월.xlsx
2020,7,아이슬란드,입항환적,,,,97.0,97.0,0.0,2020_2021 7월.xlsx
2020,7,아이티,입항환적,24.0,24.0,0.0,97.0,97.0,0.0,2020_2021 7월.xlsx
2020,7,아일랜드,입항환적,42.0,40.0,2.0,393.0,391.0,2.0,2020_2021 7월.xlsx
2020,7,알바니아,입항환적,76.0,76.0,0.0,446.0,446.0,0.0,2020_2021 7월.xlsx
2020,7,알제리,입항환적,12.0,12.0,0.0,22.0,22.0,0.0,2020_2021 7월.xlsx
2020,7,앙골라,입항환적,,,,262.0,0.0,262.0,2020_2021 7월.xlsx
2020,7,에스토니아,입항환적,128.0,128.0,0.0,386.0,386.0,0.0,2020_2021 7월.xlsx
2020,7,에콰도르,입항환적,4667.0,4667.0,0.0,40746.25,39574.0,1172.25,2020_2021 7월.xlsx
2020,7,엘살바도르,입항환적,26.0,26.0,0.0,525.0,525.0,0.0,2020_2021 7월.xlsx
2020,7,영국,입항환적,438.0,438.0,0.0,3767.5,3719.5,48.0,2020_2021 7월.xlsx
2020,7,예멘,입항환적,,,,8.0,8.0,0.0,2020_2021 7월.xlsx
2020,7,오만,입항환적,825.0,825.0,0.0,5977.0,5959.0,18.0,2020_2021 7월.xlsx
2020,7,온두라스,입항환적,28.0,28.0,0.0,347.0,347.0,0.0,2020_2021 7월.xlsx
2020,7,요르단,입항환적,602.0,88.0,514.0,2254.0,161.0,2093.0,2020_2021 7월.xlsx
2020,7,우루과이,입항환적,338.0,338.0,0.0,2738.0,2712.0,26.0,2020_2021 7월.xlsx
2020,7,우크라이나,입항환적,817.25,817.25,0.0,5385.5,5385.5,0.0,2020_2021 7월.xlsx
2020,7,원양어획지역,입항환적,184.0,184.0,0.0,521.0,521.0,0.0,2020_2021 7월.xlsx
2020,7,이라크,입항환적,,,,10.0,10.0,0.0,2020_2021 7월.xlsx
2020,7,이스라엘,입항환적,206.0,206.0,0.0,2037.0,1051.0,986.0,2020_2021 7월.xlsx
2020,7,이집트,입항환적,699.0,549.0,150.0,5520.0,3389.0,2131.0,2020_2021 7월.xlsx
2020,7,이탈리아,입항환적,3579.0,3315.0,264.0,18465.5,16448.25,2017.25,2020_2021 7월.xlsx
2020,7,인도,입항환적,4993.25,4973.25,20.0,35245.25,34762.25,483.0,2020_2021 7월.xlsx
2020,7,인도네시아,입항환적,11299.0,11295.0,4.0,75223.5,75055.5,168.0,2020_2021 7월.xlsx
2020,7,일본,입항환적,60781.0,48068.0,12713.0,476747.25,369121.0,107626.25,2020_2021 7월.xlsx
2020,7,자메이카,입항환적,2.0,2.0,0.0,1563.0,38.0,1525.0,2020_2021 7월.xlsx
2020,7,적도 기니,입항환적,,,,28.0,28.0,0.0,2020_2021 7월.xlsx
2020,7,조지아,입항환적,7.0,7.0,0.0,459.0,459.0,0.0,2020_2021 7월.xlsx
2020,7,중국,입항환적,215974.25,206193.25,9781.0,1365855.0,1290106.5,75748.5,2020_2021 7월.xlsx
2020,7,지부티,입항환적,41.0,41.0,0.0,203.0,203.0,0.0,2020_2021 7월.xlsx
2020,7,차드,입항환적,,,,1.0,1.0,0.0,2020_2021 7월.xlsx
2020,7,체코,입항환적,,,,1.0,1.0,0.0,2020_2021 7월.xlsx
2020,7,칠레,입항환적,4682.0,4682.0,0.0,41773.0,41259.0,514.0,2020_2021 7월.xlsx
2020,7,카메룬,입항환적,,,,63.0,63.0,0.0,2020_2021 7월.xlsx
2020,7,카보 베르데,입항환적,4.0,4.0,0.0,12.0,12.0,0.0,2020_2021 7월.xlsx
2020,7,카타르,입항환적,262.0,262.0,0.0,1716.0,1716.0,0.0,2020_2021 7월.xlsx
2020,7,캄보디아,입항환적,292.0,292.0,0.0,3041.25,3041.25,0.0,2020_2021 7월.xlsx
2020,7,캐나다,입항환적,12046.25,12046.25,0.0,87904.5,82800.5,5104.0,2020_2021 7월.xlsx
2020,7,케냐,입항환적,46.0,46.0,0.0,364.0,364.0,0.0,2020_2021 7월.xlsx
2020,7,코모로,입항환적,,,,2.0,2.0,0.0,2020_2021 7월.xlsx
2020,7,코스타리카,입항환적,309.0,309.0,0.0,2913.0,2681.0,232.0,2020_2021 7월.xlsx
2020,7,코트디부아르,입항환적,5.0,5.0,0.0,99.0,99.0,0.0,2020_2021 7월.xlsx
2020,7,콜롬비아,입항환적,731.0,731.0,0.0,6205.75,3037.0,3168.75,2020_2021 7월.xlsx
2020,7,콩고 민주 공화국,입항환적,,,,6.0,6.0,0.0,2020_2021 7월.xlsx
2020,7,쿠바,입항환적,123.0,123.0,0.0,511.0,511.0,0.0,2020_2021 7월.xlsx
2020,7,쿠웨이트,입항환적,24.0,24.0,0.0,426.0,426.0,0.0,2020_2021 7월.xlsx
2020,7,퀴라소,입항환적,,,,4.0,4.0,0.0,2020_2021 7월.xlsx
2020,7,크로아티아,입항환적,43.0,43.0,0.0,508.0,508.0,0.0,2020_2021 7월.xlsx
2020,7,키리바시,입항환적,,,,15.0,2.0,13.0,2020_2021 7월.xlsx
2020,7,키프로스,입항환적,78.0,78.0,0.0,147.0,147.0,0.0,2020_2021 7월.xlsx
2020,7,탄자니아,입항환적,,,,62.0,62.0,0.0,2020_2021 7월.xlsx
2020,7,태국,입항환적,8192.0,8190.0,2.0,62646.25,62342.25,304.0,2020_2021 7월.xlsx
2020,7,토고,입항환적,1.0,1.0,0.0,42.0,42.0,0.0,2020_2021 7월.xlsx
2020,7,통가,입항환적,2.0,0.0,2.0,33.0,13.0,20.0,2020_2021 7월.xlsx
2020,7,튀니지,입항환적,1.0,1.0,0.0,47.0,47.0,0.0,2020_2021 7월.xlsx
2020,7,튀르키예,입항환적,2388.0,2368.0,20.0,16944.0,14839.0,2105.0,2020_2021 7월.xlsx
2020,7,트리니다드 토바고,입항환적,23.0,23.0,0.0,111.0,111.0,0.0,2020_2021 7월.xlsx
2020,7,파나마,입항환적,843.0,815.0,28.0,17278.0,8820.0,8458.0,2020_2021 7월.xlsx
2020,7,파라과이,입항환적,18.0,18.0,0.0,249.0,249.0,0.0,2020_2021 7월.xlsx
2020,7,파키스탄,입항환적,1165.25,1039.25,126.0,8300.75,7909.75,391.0,2020_2021 7월.xlsx
2020,7,파푸아 뉴기니,입항환적,62.0,62.0,0.0,97.0,95.0,2.0,2020_2021 7월.xlsx
2020,7,페루,입항환적,1252.0,1250.0,2.0,13373.0,12981.0,392.0,2020_2021 7월.xlsx
2020,7,포르투갈,입항환적,91.0,91.0,0.0,1899.0,1899.0,0.0,2020_2021 7월.xlsx
2020,7,폴란드,입항환적,169.0,169.0,0.0,1161.0,1161.0,0.0,2020_2021 7월.xlsx
2020,7,푸에르토리코,입항환적,24.0,24.0,0.0,1146.0,1146.0,0.0,2020_2021 7월.xlsx
2020,7,프랑스,입항환적,1867.0,1837.0,30.0,10948.0,9175.0,1773.0,2020_2021 7월.xlsx
2020,7,프랑스령 폴리네시아,입항환적,2.0,2.0,0.0,54.0,6.0,48.0,2020_2021 7월.xlsx
2020,7,피지,입항환적,86.0,61.0,25.0,231.0,154.0,77.0,2020_2021 7월.xlsx
2020,7,핀란드,입항환적,1253.0,1253.0,0.0,8315.0,8315.0,0.0,2020_2021 7월.xlsx
2020,7,필리핀,입항환적,7987.25,7206.25,781.0,46969.75,40004.0,6965.75,2020_2021 7월.xlsx
2020,7,헝가리,입항환적,1.0,1.0,0.0,8.0,8.0,0.0,2020_2021 7월.xlsx
2020,7,호주,입항환적,5711.0,5473.0,238.0,50974.0,46123.0,4851.0,2020_2021 7월.xlsx
2020,7,홍콩,입항환적,2896.0,2666.0,230.0,20088.0,18772.25,1315.75,2020_2021 7월.xlsx
2020,7,가나,출항,238.25,238.25,0.0,1719.5,1716.5,3.0,2020_2021 7월.xlsx
2020,7,가봉,출항,,,,9.0,9.0,0.0,2020_2021 7월.xlsx
2020,7,가이아나,출항,,,,40.0,40.0,0.0,2020_2021 7월.xlsx
2020,7,감비아,출항,2.0,2.0,0.0,6.0,6.0,0.0,2020_2021 7월.xlsx
2020,7,과들루프,출항,1.0,1.0,0.0,10.0,10.0,0.0,2020_2021 7월.xlsx
2020,7,과테말라,출항,261.0,261.0,0.0,1611.0,1477.0,134.0,2020_2021 7월.xlsx
2020,7,괌,출항,272.25,261.25,11.0,1644.75,1599.75,45.0,2020_2021 7월.xlsx
2020,7,그레나다,출항,1.0,1.0,0.0,20.0,20.0,0.0,2020_2021 7월.xlsx
2020,7,그리스,출항,1478.0,1474.0,4.0,9531.0,9525.0,6.0,2020_2021 7월.xlsx
2020,7,기니,출항,13.0,13.0,0.0,137.0,137.0,0.0,2020_2021 7월.xlsx
2020,7,나미비아,출항,2.0,2.0,0.0,12.0,12.0,0.0,2020_2021 7월.xlsx
2020,7,나이지리아,출항,360.0,360.0,0.0,2006.0,2006.0,0.0,2020_2021 7월.xlsx
2020,7,남아프리카,출항,432.0,424.0,8.0,2955.0,2929.0,26.0,2020_2021 7월.xlsx
2020,7,네덜란드,출항,5794.0,5789.0,5.0,38978.5,38781.5,197.0,2020_2021 7월.xlsx
2020,7,노르웨이,출항,26.0,26.0,0.0,220.0,220.0,0.0,2020_2021 7월.xlsx
2020,7,뉴질랜드,출항,1467.0,1453.0,14.0,9724.0,8309.0,1415.0,2020_2021 7월.xlsx
2020,7,뉴칼레도니아,출항,18.0,18.0,0.0,121.0,121.0,0.0,2020_2021 7월.xlsx
2020,7,니카라과,출항,38.0,38.0,0.0,495.0,495.0,0.0,2020_2021 7월.xlsx
2020,7,대만,출항,10847.0,10175.0,672.0,75148.25,71582.0,3566.25,2020_2021 7월.xlsx
2020,7,대한민국,출항,10362.0,86.0,10276.0,57635.25,723.0,56912.25,2020_2021 7월.xlsx
2020,7,덴마크,출항,219.0,219.0,0.0,1499.0,1499.0,0.0,2020_2021 7월.xlsx
2020,7,도미니카 공화국,출항,137.0,136.0,1.0,1382.0,1241.0,141.0,2020_2021 7월.xlsx
2020,7,독일,출항,6849.0,6838.0,11.0,53436.0,52673.0,763.0,2020_2021 7월.xlsx
2020,7,동티모르,출항,,,,10.0,10.0,0.0,2020_2021 7월.xlsx
2020,7,라이베리아,출항,,,,44.0,44.0,0.0,2020_2021 7월.xlsx
2020,7,라트비아,출항,42.0,42.0,0.0,286.25,286.25,0.0,2020_2021 7월.xlsx
2020,7,러시아,출항,10989.25,9968.25,1021.0,74077.25,67697.25,6380.0,2020_2021 7월.xlsx
2020,7,레바논,출항,60.0,60.0,0.0,546.0,546.0,0.0,2020_2021 7월.xlsx
2020,7,레위니옹,출항,3.0,3.0,0.0,45.0,45.0,0.0,2020_2021 7월.xlsx
2020,7,루마니아,출항,134.0,134.0,0.0,1819.0,1813.0,6.0,2020_2021 7월.xlsx
2020,7,리비아,출항,75.0,75.0,0.0,843.0,843.0,0.0,2020_2021 7월.xlsx
2020,7,리투아니아,출항,218.0,218.0,0.0,1489.0,1489.0,0.0,2020_2021 7월.xlsx
2020,7,마다가스카르,출항,20.0,20.0,0.0,74.0,74.0,0.0,2020_2021 7월.xlsx
2020,7,마르티니크,출항,3.0,3.0,0.0,24.0,24.0,0.0,2020_2021 7월.xlsx
2020,7,마샬 제도,출항,82.0,20.0,62.0,539.0,114.0,425.0,2020_2021 7월.xlsx
2020,7,마요트,출항,11.0,11.0,0.0,54.0,54.0,0.0,2020_2021 7월.xlsx
2020,7,말레이시아,출항,7876.0,7835.0,41.0,55084.0,53736.0,1348.0,2020_2021 7월.xlsx
2020,7,멕시코,출항,12230.0,11948.0,282.0,81493.75,77817.75,3676.0,2020_2021 7월.xlsx
2020,7,모로코,출항,219.0,219.0,0.0,1564.0,1564.0,0.0,2020_2021 7월.xlsx
2020,7,모리셔스,출항,7.0,7.0,0.0,52.0,52.0,0.0,2020_2021 7월.xlsx
2020,7,모리타니,출항,6.0,6.0,0.0,75.0,75.0,0.0,2020_2021 7월.xlsx
2020,7,모잠비크,출항,165.0,165.0,0.0,966.0,966.0,0.0,2020_2021 7월.xlsx
2020,7,몬테네그로,출항,1.0,1.0,0.0,29.0,29.0,0.0,2020_2021 7월.xlsx
2020,7,몰디브,출항,1.0,1.0,0.0,16.0,16.0,0.0,2020_2021 7월.xlsx
2020,7,몰타,출항,21.0,21.0,0.0,310.0,218.0,92.0,2020_2021 7월.xlsx
2020,7,미국,출항,62685.5,62189.5,496.0,439690.0,425593.0,14097.0,2020_2021 7월.xlsx
2020,7,미얀마,출항,95.0,95.0,0.0,982.25,982.25,0.0,2020_2021 7월.xlsx
2020,7,미크로네시아,출항,27.0,25.0,2.0,176.0,149.0,27.0,2020_2021 7월.xlsx
2020,7,바누아투,출항,10.0,10.0,0.0,428.0,77.0,351.0,2020_2021 7월.xlsx
2020,7,바레인,출항,27.0,27.0,0.0,252.0,252.0,0.0,2020_2021 7월.xlsx
2020,7,바베이도스,출항,,,,13.0,13.0,0.0,2020_2021 7월.xlsx
2020,7,바하마,출항,2680.0,32.0,2648.0,15611.5,105.0,15506.5,2020_2021 7월.xlsx
2020,7,방글라데시,출항,21.0,21.0,0.0,379.0,379.0,0.0,2020_2021 7월.xlsx
2020,7,베냉,출항,2.0,2.0,0.0,41.0,41.0,0.0,2020_2021 7월.xlsx
2020,7,베네수엘라,출항,56.0,56.0,0.0,229.0,229.0,0.0,2020_2021 7월.xlsx
2020,7,베트남,출항,17914.25,16470.75,1443.5,128691.25,117998.75,10692.5,2020_2021 7월.xlsx
2020,7,벨기에,출항,1667.25,1659.25,8.0,15015.5,14654.5,361.0,2020_2021 7월.xlsx
2020,7,벨리즈,출항,4.0,4.0,0.0,19.0,19.0,0.0,2020_2021 7월.xlsx
2020,7,북마리아나 제도,출항,90.0,90.0,0.0,546.0,532.0,14.0,2020_2021 7월.xlsx
2020,7,불가리아,출항,34.0,34.0,0.0,353.0,353.0,0.0,2020_2021 7월.xlsx
2020,7,브라질,출항,4275.0,3865.0,410.0,27538.0,25644.0,1894.0,2020_2021 7월.xlsx
2020,7,사모아,출항,7.0,7.0,0.0,39.0,39.0,0.0,2020_2021 7월.xlsx
2020,7,사우디아라비아,출항,3050.75,3050.75,0.0,26440.5,26430.5,10.0,2020_2021 7월.xlsx
2020,7,세네갈,출항,44.0,44.0,0.0,607.0,607.0,0.0,2020_2021 7월.xlsx
2020,7,세이셸,출항,18.0,18.0,0.0,104.0,104.0,0.0,2020_2021 7월.xlsx
2020,7,세인트루시아,출항,,,,5.0,5.0,0.0,2020_2021 7월.xlsx
2020,7,소말리아,출항,5.0,5.0,0.0,119.0,119.0,0.0,2020_2021 7월.xlsx
2020,7,솔로몬제도,출항,6.0,6.0,0.0,345.0,329.0,16.0,2020_2021 7월.xlsx
2020,7,수단,출항,50.0,50.0,0.0,949.0,949.0,0.0,2020_2021 7월.xlsx
2020,7,수리남,출항,5.0,5.0,0.0,22.0,22.0,0.0,2020_2021 7월.xlsx
2020,7,스리랑카,출항,2433.0,2433.0,0.0,7690.0,7690.0,0.0,2020_2021 7월.xlsx
2020,7,스웨덴,출항,381.0,381.0,0.0,2989.0,2989.0,0.0,2020_2021 7월.xlsx
2020,7,스페인,출항,2597.0,2587.0,10.0,19000.5,18389.5,611.0,2020_2021 7월.xlsx
2020,7,슬로베니아,출항,5988.0,5982.0,6.0,51471.75,51439.75,32.0,2020_2021 7월.xlsx
2020,7,시리아,출항,61.0,61.0,0.0,994.0,994.0,0.0,2020_2021 7월.xlsx
2020,7,시에라 리온,출항,3.0,3.0,0.0,30.0,30.0,0.0,2020_2021 7월.xlsx
2020,7,싱가포르,출항,5810.25,5711.25,99.0,45289.5,42522.5,2767.0,2020_2021 7월.xlsx
2020,7,아랍에미리트연합국,출항,4808.0,4806.0,2.0,42320.25,41782.25,538.0,2020_2021 7월.xlsx
2020,7,아루바,출항,,,,1.0,1.0,0.0,2020_2021 7월.xlsx
2020,7,아르헨티나,출항,535.0,473.0,62.0,3695.0,3017.0,678.0,2020_2021 7월.xlsx
2020,7,아메리칸사모아,출항,53.0,53.0,0.0,425.0,425.0,0.0,2020_2021 7월.xlsx
2020,7,아이티,출항,6.0,6.0,0.0,93.0,93.0,0.0,2020_2021 7월.xlsx
2020,7,아일랜드,출항,35.0,35.0,0.0,271.0,271.0,0.0,2020_2021 7월.xlsx
2020,7,알바니아,출항,5.0,5.0,0.0,86.0,86.0,0.0,2020_2021 7월.xlsx
2020,7,알제리,출항,235.25,235.25,0.0,1929.75,1929.75,0.0,2020_2021 7월.xlsx
2020,7,앙골라,출항,7.0,7.0,0.0,446.0,446.0,0.0,2020_2021 7월.xlsx
2020,7,앤티가 바부다,출항,,,,2.0,2.0,0.0,2020_2021 7월.xlsx
2020,7,앤틸리스제도,출항,5.0,5.0,0.0,26.0,26.0,0.0,2020_2021 7월.xlsx
2020,7,에스토니아,출항,115.0,115.0,0.0,574.0,574.0,0.0,2020_2021 7월.xlsx
2020,7,에콰도르,출항,1180.0,364.0,816.0,13910.0,3452.0,10458.0,2020_2021 7월.xlsx
2020,7,엘살바도르,출항,25.0,25.0,0.0,573.0,573.0,0.0,2020_2021 7월.xlsx
2020,7,영국,출항,2417.0,2263.0,154.0,14596.0,13920.0,676.0,2020_2021 7월.xlsx
2020,7,영국령 버진아일랜드,출항,1.0,1.0,0.0,1.0,1.0,0.0,2020_2021 7월.xlsx
2020,7,예멘,출항,107.0,107.0,0.0,303.0,303.0,0.0,2020_2021 7월.xlsx
2020,7,오만,출항,268.0,268.0,0.0,2537.0,2537.0,0.0,2020_2021 7월.xlsx
2020,7,온두라스,출항,38.0,38.0,0.0,261.0,261.0,0.0,2020_2021 7월.xlsx
2020,7,요르단,출항,216.0,216.0,0.0,1668.0,1668.0,0.0,2020_2021 7월.xlsx
2020,7,우루과이,출항,228.0,222.0,6.0,1934.0,1608.0,326.0,2020_2021 7월.xlsx
2020,7,우크라이나,출항,142.0,142.0,0.0,1351.75,1345.75,6.0,2020_2021 7월.xlsx
2020,7,이라크,출항,119.0,119.0,0.0,2118.75,2118.75,0.0,2020_2021 7월.xlsx
2020,7,이란,출항,,,,6.0,6.0,0.0,2020_2021 7월.xlsx
2020,7,이스라엘,출항,1121.0,1062.0,59.0,7781.25,7516.25,265.0,2020_2021 7월.xlsx
2020,7,이집트,출항,3620.25,3596.25,24.0,25029.5,24523.5,506.0,2020_2021 7월.xlsx
2020,7,이탈리아,출항,3602.0,3522.0,80.0,27098.25,26748.25,350.0,2020_2021 7월.xlsx
2020,7,인도,출항,7387.0,7374.0,13.0,73121.5,71950.5,1171.0,2020_2021 7월.xlsx
2020,7,인도네시아,출항,6829.25,6469.25,360.0,49138.5,47864.0,1274.5,2020_2021 7월.xlsx
2020,7,일본,출항,35096.0,25877.5,9218.5,265011.0,194507.5,70503.5,2020_2021 7월.xlsx
2020,7,자메이카,출항,295.0,295.0,0.0,2521.0,2385.0,136.0,2020_2021 7월.xlsx
2020,7,적도 기니,출항,,,,4.0,4.0,0.0,2020_2021 7월.xlsx
2020,7,조지아,출항,21.0,21.0,0.0,243.0,243.0,0.0,2020_2021 7월.xlsx
2020,7,중국,출항,112907.0,54137.75,58769.25,698594.5,345384.5,353210.0,2020_2021 7월.xlsx
2020,7,지부티,출항,45.0,45.0,0.0,240.0,240.0,0.0,2020_2021 7월.xlsx
2020,7,칠레,출항,1516.0,1250.0,266.0,17965.0,9375.0,8590.0,2020_2021 7월.xlsx
2020,7,카메룬,출항,18.0,18.0,0.0,260.0,260.0,0.0,2020_2021 7월.xlsx
2020,7,카타르,출항,350.0,332.0,18.0,2183.25,2077.25,106.0,2020_2021 7월.xlsx
2020,7,캄보디아,출항,517.0,517.0,0.0,2752.25,2752.25,0.0,2020_2021 7월.xlsx
2020,7,캐나다,출항,11751.5,11631.5,120.0,64666.75,63977.75,689.0,2020_2021 7월.xlsx
2020,7,케냐,출항,119.0,119.0,0.0,1663.0,1663.0,0.0,2020_2021 7월.xlsx
2020,7,케이맨 제도,출항,,,,1.0,1.0,0.0,2020_2021 7월.xlsx
2020,7,코모로,출항,,,,6.0,6.0,0.0,2020_2021 7월.xlsx
2020,7,코스타리카,출항,46.0,46.0,0.0,599.0,399.0,200.0,2020_2021 7월.xlsx
2020,7,코트디부아르,출항,58.0,58.0,0.0,499.0,499.0,0.0,2020_2021 7월.xlsx
2020,7,콜롬비아,출항,1114.0,984.0,130.0,9396.0,7458.0,1938.0,2020_2021 7월.xlsx
2020,7,콩고,출항,17.0,17.0,0.0,220.0,220.0,0.0,2020_2021 7월.xlsx
2020,7,콩고 민주 공화국,출항,4.0,4.0,0.0,338.0,338.0,0.0,2020_2021 7월.xlsx
2020,7,쿠바,출항,189.0,189.0,0.0,202.0,202.0,0.0,2020_2021 7월.xlsx
2020,7,쿠웨이트,출항,64.0,64.0,0.0,662.0,662.0,0.0,2020_2021 7월.xlsx
2020,7,크로아티아,출항,318.0,318.0,0.0,4028.25,4028.25,0.0,2020_2021 7월.xlsx
2020,7,키리바시,출항,8.0,8.0,0.0,30.0,26.0,4.0,2020_2021 7월.xlsx
2020,7,키프로스,출항,10.0,10.0,0.0,82.0,82.0,0.0,2020_2021 7월.xlsx
2020,7,탄자니아,출항,184.0,184.0,0.0,1681.0,1681.0,0.0,2020_2021 7월.xlsx
2020,7,태국,출항,6728.25,6007.25,721.0,60445.0,49737.0,10708.0,2020_2021 7월.xlsx
2020,7,토고,출항,154.0,154.0,0.0,1065.0,1065.0,0.0,2020_2021 7월.xlsx
2020,7,통가,출항,36.0,0.0,36.0,45.0,9.0,36.0,2020_2021 7월.xlsx
2020,7,튀니지,출항,92.0,92.0,0.0,414.0,414.0,0.0,2020_2021 7월.xlsx
2020,7,튀르키예,출항,7038.0,6945.0,93.0,50786.25,50652.25,134.0,2020_2021 7월.xlsx
2020,7,트리니다드 토바고,출항,25.0,25.0,0.0,356.0,356.0,0.0,2020_2021 7월.xlsx
2020,7,파나마,출항,1719.0,1449.0,270.0,19109.5,8850.0,10259.5,2020_2021 7월.xlsx
2020,7,파라과이,출항,3.0,3.0,0.0,58.0,58.0,0.0,2020_2021 7월.xlsx
2020,7,파키스탄,출항,1111.75,1111.75,0.0,7758.25,7751.25,7.0,2020_2021 7월.xlsx
2020,7,파푸아 뉴기니,출항,84.0,54.0,30.0,453.0,381.0,72.0,2020_2021 7월.xlsx
2020,7,팔라우,출항,13.0,7.0,6.0,55.0,37.0,18.0,2020_2021 7월.xlsx
2020,7,페루,출항,1007.0,653.0,354.0,7725.0,5591.0,2134.0,2020_2021 7월.xlsx
2020,7,포르투갈,출항,244.0,244.0,0.0,1965.0,1965.0,0.0,2020_2021 7월.xlsx
2020,7,폴란드,출항,718.0,718.0,0.0,5094.0,5094.0,0.0,2020_2021 7월.xlsx
2020,7,푸에르토리코,출항,34.0,34.0,0.0,164.0,164.0,0.0,2020_2021 7월.xlsx
2020,7,프랑스,출항,1677.0,1634.0,43.0,9370.0,8858.0,512.0,2020_2021 7월.xlsx
2020,7,프랑스령 기아나,출항,3.0,3.0,0.0,10.0,10.0,0.0,2020_2021 7월.xlsx
2020,7,프랑스령 폴리네시아,출항,9.0,9.0,0.0,41.0,41.0,0.0,2020_2021 7월.xlsx
2020,7,피지,출항,81.0,47.0,34.0,282.0,238.0,44.0,2020_2021 7월.xlsx
2020,7,핀란드,출항,37.0,37.0,0.0,314.0,314.0,0.0,2020_2021 7월.xlsx
2020,7,필리핀,출항,4782.5,3692.5,1090.0,23620.0,22222.0,1398.0,2020_2021 7월.xlsx
2020,7,헝가리,출항,,,,28.0,28.0,0.0,2020_2021 7월.xlsx
2020,7,호주,출항,5869.0,5328.0,541.0,39864.0,36626.0,3238.0,2020_2021 7월.xlsx
2020,7,홍콩,출항,6217.5,5921.5,296.0,44365.75,42262.75,2103.0,2020_2021 7월.xlsx
2020,7,가나,출항환적,86.0,86.0,0.0,661.25,661.25,0.0,2020_2021 7월.xlsx
2020,7,가봉,출항환적,8.0,8.0,0.0,18.0,18.0,0.0,2020_2021 7월.xlsx
2020,7,가이아나,출항환적,215.0,215.0,0.0,1082.0,1082.0,0.0,2020_2021 7월.xlsx
2020,7,감비아,출항환적,,,,120.0,120.0,0.0,2020_2021 7월.xlsx
2020,7,과들루프,출항환적,2.0,2.0,0.0,90.0,90.0,0.0,2020_2021 7월.xlsx
2020,7,과테말라,출항환적,1669.0,1669.0,0.0,8928.75,8928.75,0.0,2020_2021 7월.xlsx
2020,7,괌,출항환적,296.0,296.0,0.0,1938.25,1924.25,14.0,2020_2021 7월.xlsx
2020,7,그레나다,출항환적,53.0,53.0,0.0,299.0,299.0,0.0,2020_2021 7월.xlsx
2020,7,그리스,출항환적,1014.0,1014.0,0.0,8003.25,7713.25,290.0,2020_2021 7월.xlsx
2020,7,기니,출항환적,112.0,112.0,0.0,156.0,156.0,0.0,2020_2021 7월.xlsx
2020,7,나미비아,출항환적,28.0,28.0,0.0,232.0,232.0,0.0,2020_2021 7월.xlsx
2020,7,나우루,출항환적,4.0,4.0,0.0,16.0,16.0,0.0,2020_2021 7월.xlsx
2020,7,나이지리아,출항환적,115.0,115.0,0.0,1013.25,1013.25,0.0,2020_2021 7월.xlsx
2020,7,남아프리카,출항환적,88.0,88.0,0.0,1749.0,1749.0,0.0,2020_2021 7월.xlsx
2020,7,네덜란드,출항환적,3009.0,3002.0,7.0,17495.25,17439.25,56.0,2020_2021 7월.xlsx
2020,7,노르웨이,출항환적,4.0,4.0,0.0,201.0,201.0,0.0,2020_2021 7월.xlsx
2020,7,뉴질랜드,출항환적,1660.0,1532.0,128.0,8850.0,7876.0,974.0,2020_2021 7월.xlsx
2020,7,뉴칼레도니아,출항환적,353.0,295.0,58.0,2539.0,2032.0,507.0,2020_2021 7월.xlsx
2020,7,니카라과,출항환적,200.0,200.0,0.0,1234.25,1234.25,0.0,2020_2021 7월.xlsx
2020,7,대만,출항환적,9363.0,9163.0,200.0,60980.0,58349.0,2631.0,2020_2021 7월.xlsx
2020,7,대한민국,출항환적,14528.0,13455.0,1073.0,120665.0,114239.0,6426.0,2020_2021 7월.xlsx
2020,7,덴마크,출항환적,150.0,150.0,0.0,1144.0,1144.0,0.0,2020_2021 7월.xlsx
2020,7,도미니카 공화국,출항환적,1633.75,1633.75,0.0,8423.75,8423.75,0.0,2020_2021 7월.xlsx
2020,7,도미니카 연방,출항환적,5.0,5.0,0.0,45.0,45.0,0.0,2020_2021 7월.xlsx
2020,7,독일,출항환적,1841.0,1839.0,2.0,18400.75,18390.75,10.0,2020_2021 7월.xlsx
2020,7,동티모르,출항환적,,,,4.0,4.0,0.0,2020_2021 7월.xlsx
2020,7,라이베리아,출항환적,8.0,8.0,0.0,20.0,20.0,0.0,2020_2021 7월.xlsx
2020,7,라트비아,출항환적,25.0,25.0,0.0,217.0,217.0,0.0,2020_2021 7월.xlsx
2020,7,러시아,출항환적,18725.75,18625.75,100.0,122489.25,119379.25,3110.0,2020_2021 7월.xlsx
2020,7,레바논,출항환적,203.0,203.0,0.0,1280.0,1280.0,0.0,2020_2021 7월.xlsx
2020,7,레위니옹,출항환적,,,,1.0,1.0,0.0,2020_2021 7월.xlsx
2020,7,루마니아,출항환적,434.25,434.25,0.0,2639.75,2639.75,0.0,2020_2021 7월.xlsx
2020,7,리비아,출항환적,24.0,24.0,0.0,480.75,480.75,0.0,2020_2021 7월.xlsx
2020,7,리투아니아,출항환적,8.0,8.0,0.0,173.0,173.0,0.0,2020_2021 7월.xlsx
2020,7,마다가스카르,출항환적,1.0,1.0,0.0,34.0,34.0,0.0,2020_2021 7월.xlsx
2020,7,마르티니크,출항환적,8.0,8.0,0.0,67.0,67.0,0.0,2020_2021 7월.xlsx
2020,7,마샬 제도,출항환적,103.0,103.0,0.0,943.0,942.0,1.0,2020_2021 7월.xlsx
2020,7,마카오,출항환적,1.0,1.0,0.0,7.0,7.0,0.0,2020_2021 7월.xlsx
2020,7,말레이시아,출항환적,4097.0,4092.0,5.0,30576.75,29929.75,647.0,2020_2021 7월.xlsx
2020,7,멕시코,출항환적,16984.25,16788.25,196.0,136423.75,135135.75,1288.0,2020_2021 7월.xlsx
2020,7,모로코,출항환적,50.0,50.0,0.0,1348.25,1348.25,0.0,2020_2021 7월.xlsx
2020,7,모리셔스,출항환적,1.0,1.0,0.0,53.0,53.0,0.0,2020_2021 7월.xlsx
2020,7,모리타니,출항환적,10.0,10.0,0.0,75.0,75.0,0.0,2020_2021 7월.xlsx
2020,7,모잠비크,출항환적,28.0,28.0,0.0,268.0,268.0,0.0,2020_2021 7월.xlsx
2020,7,몬테네그로,출항환적,5.0,5.0,0.0,67.0,67.0,0.0,2020_2021 7월.xlsx
2020,7,몰디브,출항환적,1.0,1.0,0.0,28.0,28.0,0.0,2020_2021 7월.xlsx
2020,7,몰타,출항환적,24.0,24.0,0.0,234.25,188.25,46.0,2020_2021 7월.xlsx
2020,7,미국,출항환적,90304.25,89317.25,987.0,592776.5,582630.5,10146.0,2020_2021 7월.xlsx
2020,7,미국령 버진아일랜드,출항환적,,,,6.0,6.0,0.0,2020_2021 7월.xlsx
2020,7,미얀마,출항환적,40.0,40.0,0.0,945.0,945.0,0.0,2020_2021 7월.xlsx
2020,7,미크로네시아,출항환적,175.0,175.0,0.0,854.0,854.0,0.0,2020_2021 7월.xlsx
2020,7,바누아투,출항환적,492.0,492.0,0.0,2421.0,2319.0,102.0,2020_2021 7월.xlsx
2020,7,바레인,출항환적,,,,29.0,29.0,0.0,2020_2021 7월.xlsx
2020,7,바베이도스,출항환적,90.0,90.0,0.0,701.0,701.0,0.0,2020_2021 7월.xlsx
2020,7,바하마,출항환적,7529.0,83.0,7446.0,58292.25,464.0,57828.25,2020_2021 7월.xlsx
2020,7,방글라데시,출항환적,16.0,16.0,0.0,268.0,268.0,0.0,2020_2021 7월.xlsx
2020,7,베냉,출항환적,1.0,1.0,0.0,19.0,19.0,0.0,2020_2021 7월.xlsx
2020,7,베네수엘라,출항환적,455.0,455.0,0.0,4254.25,4244.25,10.0,2020_2021 7월.xlsx
2020,7,베트남,출항환적,7859.0,7341.0,518.0,59644.75,56969.75,2675.0,2020_2021 7월.xlsx
2020,7,벨기에,출항환적,560.0,560.0,0.0,6067.0,6039.0,28.0,2020_2021 7월.xlsx
2020,7,벨리즈,출항환적,20.0,20.0,0.0,89.0,89.0,0.0,2020_2021 7월.xlsx
2020,7,북마리아나 제도,출항환적,129.0,129.0,0.0,598.75,596.75,2.0,2020_2021 7월.xlsx
2020,7,불가리아,출항환적,38.0,38.0,0.0,392.0,392.0,0.0,2020_2021 7월.xlsx
2020,7,브라질,출항환적,3898.0,3898.0,0.0,23781.0,23079.0,702.0,2020_2021 7월.xlsx
2020,7,브루나이,출항환적,4.0,4.0,0.0,9.0,9.0,0.0,2020_2021 7월.xlsx
2020,7,사모아,출항환적,211.0,211.0,0.0,1347.0,1347.0,0.0,2020_2021 7월.xlsx
2020,7,사우디아라비아,출항환적,1632.75,1632.75,0.0,13973.75,13973.75,0.0,2020_2021 7월.xlsx
2020,7,세네갈,출항환적,34.0,34.0,0.0,175.0,175.0,0.0,2020_2021 7월.xlsx
2020,7,세이셸,출항환적,,,,6.0,6.0,0.0,2020_2021 7월.xlsx
2020,7,세인트 빈센트 그레나딘,출항환적,19.0,19.0,0.0,73.0,73.0,0.0,2020_2021 7월.xlsx
2020,7,세인트루시아,출항환적,18.0,18.0,0.0,120.0,120.0,0.0,2020_2021 7월.xlsx
2020,7,세인트키츠 네비스,출항환적,4.0,4.0,0.0,13.0,13.0,0.0,2020_2021 7월.xlsx
2020,7,소말리아,출항환적,2.0,2.0,0.0,20.0,20.0,0.0,2020_2021 7월.xlsx
2020,7,솔로몬제도,출항환적,319.0,319.0,0.0,1375.0,1375.0,0.0,2020_2021 7월.xlsx
2020,7,수단,출항환적,107.0,107.0,0.0,542.0,542.0,0.0,2020_2021 7월.xlsx
2020,7,수리남,출항환적,221.0,221.0,0.0,2067.0,2067.0,0.0,2020_2021 7월.xlsx
2020,7,스리랑카,출항환적,24.0,24.0,0.0,261.0,261.0,0.0,2020_2021 7월.xlsx
2020,7,스웨덴,출항환적,164.0,164.0,0.0,1511.0,1511.0,0.0,2020_2021 7월.xlsx
2020,7,스페인,출항환적,1609.0,1609.0,0.0,14138.5,13388.5,750.0,2020_2021 7월.xlsx
2020,7,슬로베니아,출항환적,406.25,406.25,0.0,3846.0,3846.0,0.0,2020_2021 7월.xlsx
2020,7,시리아,출항환적,444.0,444.0,0.0,3142.75,3142.75,0.0,2020_2021 7월.xlsx
2020,7,시에라 리온,출항환적,4.0,4.0,0.0,138.0,138.0,0.0,2020_2021 7월.xlsx
2020,7,싱가포르,출항환적,3869.0,3178.0,691.0,37552.75,29094.75,8458.0,2020_2021 7월.xlsx
2020,7,아랍에미리트연합국,출항환적,3592.25,3592.25,0.0,29040.5,29040.5,0.0,2020_2021 7월.xlsx
2020,7,아루바,출항환적,,,,12.0,12.0,0.0,2020_2021 7월.xlsx
2020,7,아르헨티나,출항환적,684.0,684.0,0.0,4504.0,4138.0,366.0,2020_2021 7월.xlsx
2020,7,아메리칸사모아,출항환적,223.0,223.0,0.0,924.0,924.0,0.0,2020_2021 7월.xlsx
2020,7,아이티,출항환적,367.0,367.0,0.0,1450.0,1450.0,0.0,2020_2021 7월.xlsx
2020,7,아일랜드,출항환적,12.0,12.0,0.0,291.25,291.25,0.0,2020_2021 7월.xlsx
2020,7,알바니아,출항환적,13.0,13.0,0.0,52.0,52.0,0.0,2020_2021 7월.xlsx
2020,7,알제리,출항환적,120.0,120.0,0.0,1367.75,1367.75,0.0,2020_2021 7월.xlsx
2020,7,앙골라,출항환적,3.0,3.0,0.0,20.0,20.0,0.0,2020_2021 7월.xlsx
2020,7,앤티가 바부다,출항환적,42.0,42.0,0.0,89.0,89.0,0.0,2020_2021 7월.xlsx
2020,7,앤틸리스제도,출항환적,27.0,27.0,0.0,135.0,135.0,0.0,2020_2021 7월.xlsx
2020,7,에리트레아,출항환적,,,,2.0,2.0,0.0,2020_2021 7월.xlsx
2020,7,에스토니아,출항환적,12.0,12.0,0.0,96.0,96.0,0.0,2020_2021 7월.xlsx
2020,7,에콰도르,출항환적,3421.0,2721.0,700.0,29443.0,15903.0,13540.0,2020_2021 7월.xlsx
2020,7,엘살바도르,출항환적,369.5,369.5,0.0,2453.25,2453.25,0.0,2020_2021 7월.xlsx
2020,7,영국,출항환적,1102.25,1102.25,0.0,8511.5,8500.5,11.0,2020_2021 7월.xlsx
2020,7,영국령 버진아일랜드,출항환적,,,,17.0,17.0,0.0,2020_2021 7월.xlsx
2020,7,예멘,출항환적,,,,20.0,20.0,0.0,2020_2021 7월.xlsx
2020,7,오만,출항환적,219.0,219.0,0.0,1802.25,1790.25,12.0,2020_2021 7월.xlsx
2020,7,온두라스,출항환적,484.75,484.75,0.0,2638.0,2638.0,0.0,2020_2021 7월.xlsx
2020,7,요르단,출항환적,522.0,522.0,0.0,2290.0,2290.0,0.0,2020_2021 7월.xlsx
2020,7,우루과이,출항환적,191.0,191.0,0.0,826.0,826.0,0.0,2020_2021 7월.xlsx
2020,7,우크라이나,출항환적,418.75,418.75,0.0,4205.25,4205.25,0.0,2020_2021 7월.xlsx
2020,7,원양어획지역,출항환적,6.0,6.0,0.0,6.0,6.0,0.0,2020_2021 7월.xlsx
2020,7,이라크,출항환적,106.0,106.0,0.0,447.25,447.25,0.0,2020_2021 7월.xlsx
2020,7,이스라엘,출항환적,1251.0,1043.0,208.0,8322.25,7993.25,329.0,2020_2021 7월.xlsx
2020,7,이집트,출항환적,1471.0,1405.0,66.0,13537.75,13151.75,386.0,2020_2021 7월.xlsx
2020,7,이탈리아,출항환적,1377.0,1361.0,16.0,10764.0,10412.0,352.0,2020_2021 7월.xlsx
2020,7,인도,출항환적,1765.0,1761.0,4.0,19414.75,19392.75,22.0,2020_2021 7월.xlsx
2020,7,인도네시아,출항환적,4762.0,4762.0,0.0,35507.5,35505.5,2.0,2020_2021 7월.xlsx
2020,7,일본,출항환적,73075.0,72676.0,399.0,547910.0,540035.0,7875.0,2020_2021 7월.xlsx
2020,7,자메이카,출항환적,938.0,933.0,5.0,6414.25,6399.25,15.0,2020_2021 7월.xlsx
2020,7,적도 기니,출항환적,,,,2.0,2.0,0.0,2020_2021 7월.xlsx
2020,7,조지아,출항환적,61.0,61.0,0.0,662.0,662.0,0.0,2020_2021 7월.xlsx
2020,7,중국,출항환적,108257.0,86944.5,21312.5,780721.75,604998.25,175723.5,2020_2021 7월.xlsx
2020,7,지부티,출항환적,10.0,10.0,0.0,188.0,188.0,0.0,2020_2021 7월.xlsx
2020,7,칠레,출항환적,13082.0,12102.0,980.0,98307.5,89239.5,9068.0,2020_2021 7월.xlsx
2020,7,카메룬,출항환적,13.0,13.0,0.0,89.0,89.0,0.0,2020_2021 7월.xlsx
2020,7,카보 베르데,출항환적,,,,1.0,1.0,0.0,2020_2021 7월.xlsx
2020,7,카타르,출항환적,255.0,255.0,0.0,1872.25,1872.25,0.0,2020_2021 7월.xlsx
2020,7,캄보디아,출항환적,114.25,114.25,0.0,286.0,286.0,0.0,2020_2021 7월.xlsx
2020,7,캐나다,출항환적,29166.75,28966.75,200.0,162963.5,162144.5,819.0,2020_2021 7월.xlsx
2020,7,케냐,출항환적,24.0,24.0,0.0,438.0,438.0,0.0,2020_2021 7월.xlsx
2020,7,케이맨 제도,출항환적,13.0,13.0,0.0,32.0,32.0,0.0,2020_2021 7월.xlsx
2020,7,코스타리카,출항환적,798.0,798.0,0.0,5130.25,5130.25,0.0,2020_2021 7월.xlsx
2020,7,코트디부아르,출항환적,6.0,6.0,0.0,91.0,91.0,0.0,2020_2021 7월.xlsx
2020,7,콜롬비아,출항환적,7006.75,6992.75,14.0,40964.0,40367.0,597.0,2020_2021 7월.xlsx
2020,7,콩고,출항환적,4.0,4.0,0.0,9.0,9.0,0.0,2020_2021 7월.xlsx
2020,7,콩고 민주 공화국,출항환적,,,,20.0,20.0,0.0,2020_2021 7월.xlsx
2020,7,쿠바,출항환적,198.0,198.0,0.0,1403.0,1403.0,0.0,2020_2021 7월.xlsx
2020,7,쿠웨이트,출항환적,15.0,15.0,0.0,351.0,351.0,0.0,2020_2021 7월.xlsx
2020,7,쿡 제도,출항환적,,,,1.0,1.0,0.0,2020_2021 7월.xlsx
2020,7,퀴라소,출항환적,,,,9.0,9.0,0.0,2020_2021 7월.xlsx
2020,7,크로아티아,출항환적,95.0,95.0,0.0,1024.0,1024.0,0.0,2020_2021 7월.xlsx
2020,7,키리바시,출항환적,263.0,263.0,0.0,1209.0,1209.0,0.0,2020_2021 7월.xlsx
2020,7,키프로스,출항환적,2.0,2.0,0.0,73.0,73.0,0.0,2020_2021 7월.xlsx
2020,7,탄자니아,출항환적,39.0,39.0,0.0,201.0,201.0,0.0,2020_2021 7월.xlsx
2020,7,태국,출항환적,5828.0,5388.0,440.0,54727.0,53634.0,1093.0,2020_2021 7월.xlsx
2020,7,토고,출항환적,22.0,22.0,0.0,91.25,91.25,0.0,2020_2021 7월.xlsx
2020,7,통가,출항환적,149.0,149.0,0.0,525.0,525.0,0.0,2020_2021 7월.xlsx
2020,7,튀니지,출항환적,102.75,102.75,0.0,991.0,991.0,0.0,2020_2021 7월.xlsx
2020,7,튀르키예,출항환적,2995.0,2895.0,100.0,21239.0,21089.0,150.0,2020_2021 7월.xlsx
2020,7,트리니다드 토바고,출항환적,473.25,473.25,0.0,2832.5,2632.5,200.0,2020_2021 7월.xlsx
2020,7,파나마,출항환적,3525.25,3525.25,0.0,33752.0,23081.5,10670.5,2020_2021 7월.xlsx
2020,7,파라과이,출항환적,25.0,25.0,0.0,163.0,163.0,0.0,2020_2021 7월.xlsx
2020,7,파키스탄,출항환적,403.0,403.0,0.0,3725.5,3725.5,0.0,2020_2021 7월.xlsx
2020,7,파푸아 뉴기니,출항환적,420.0,420.0,0.0,2878.0,2877.0,1.0,2020_2021 7월.xlsx
2020,7,팔라우,출항환적,19.0,19.0,0.0,77.0,77.0,0.0,2020_2021 7월.xlsx
2020,7,페루,출항환적,4629.5,4607.5,22.0,29032.0,27720.0,1312.0,2020_2021 7월.xlsx
2020,7,포르투갈,출항환적,13.0,13.0,0.0,277.0,277.0,0.0,2020_2021 7월.xlsx
2020,7,폴란드,출항환적,166.0,166.0,0.0,975.0,975.0,0.0,2020_2021 7월.xlsx
2020,7,푸에르토리코,출항환적,652.0,652.0,0.0,2083.0,2083.0,0.0,2020_2021 7월.xlsx
2020,7,프랑스,출항환적,1005.5,998.5,7.0,6650.0,6630.0,20.0,2020_2021 7월.xlsx
2020,7,프랑스령 기아나,출항환적,3.0,3.0,0.0,9.0,9.0,0.0,2020_2021 7월.xlsx
2020,7,프랑스령 폴리네시아,출항환적,81.0,81.0,0.0,499.0,495.0,4.0,2020_2021 7월.xlsx
2020,7,피지,출항환적,314.0,314.0,0.0,2617.0,2606.0,11.0,2020_2021 7월.xlsx
2020,7,핀란드,출항환적,13.0,13.0,0.0,330.0,330.0,0.0,2020_2021 7월.xlsx
2020,7,필리핀,출항환적,4770.0,4770.0,0.0,32518.75,30130.75,2388.0,2020_2021 7월.xlsx
2020,7,호주,출항환적,1334.0,1319.0,15.0,14436.25,13353.25,1083.0,2020_2021 7월.xlsx
2020,7,홍콩,출항환적,3974.25,3974.25,0.0,26830.5,26030.75,799.75,2020_2021 7월.xlsx
2020,8,가나,입항,58.0,58.0,0.0,639.0,639.0,0.0,2020_2021 6월.xlsx
2020,8,가봉,입항,8.0,8.0,0.0,9.0,9.0,0.0,2020_2021 6월.xlsx
2020,8,가이아나,입항,10.0,10.0,0.0,65.0,65.0,0.0,2020_2021 6월.xlsx
2020,8,감비아,입항,15.0,15.0,0.0,79.0,79.0,0.0,2020_2021 6월.xlsx
2020,8,과테말라,입항,717.0,341.0,376.0,4103.0,2438.0,1665.0,2020_2021 6월.xlsx
2020,8,괌,입항,1215.25,88.0,1127.25,7617.5,499.0,7118.5,2020_2021 6월.xlsx
2020,8,그리스,입항,1602.0,325.0,1277.0,7850.0,3100.0,4750.0,2020_2021 6월.xlsx
2020,8,기니,입항,66.0,66.0,0.0,720.0,720.0,0.0,2020_2021 6월.xlsx
2020,8,기니비사우,입항,,,,26.0,26.0,0.0,2020_2021 6월.xlsx
2020,8,나미비아,입항,6.0,6.0,0.0,177.0,177.0,0.0,2020_2021 6월.xlsx
2020,8,나이지리아,입항,133.0,132.0,1.0,917.0,910.0,7.0,2020_2021 6월.xlsx
2020,8,남아프리카,입항,487.0,487.0,0.0,5385.0,5223.0,162.0,2020_2021 6월.xlsx
2020,8,네덜란드,입항,7450.0,6678.0,772.0,58534.25,55623.25,2911.0,2020_2021 6월.xlsx
2020,8,노르웨이,입항,371.0,371.0,0.0,3535.5,3521.5,14.0,2020_2021 6월.xlsx
2020,8,뉴질랜드,입항,3063.0,2074.0,989.0,22732.0,17946.0,4786.0,2020_2021 6월.xlsx
2020,8,뉴칼레도니아,입항,143.0,14.0,129.0,1202.0,284.0,918.0,2020_2021 6월.xlsx
2020,8,니카라과,입항,47.0,47.0,0.0,542.0,539.0,3.0,2020_2021 6월.xlsx
2020,8,대만,입항,4584.5,3669.0,915.5,43570.25,30014.25,13556.0,2020_2021 6월.xlsx
2020,8,대한민국,입항,3335.0,0.0,3335.0,29693.25,74.0,29619.25,2020_2021 6월.xlsx
2020,8,덴마크,입항,973.0,970.0,3.0,7547.0,7460.0,87.0,2020_2021 6월.xlsx
2020,8,도미니카 공화국,입항,244.0,239.0,5.0,1252.0,1242.0,10.0,2020_2021 6월.xlsx
2020,8,도미니카 연방,입항,,,,2.0,2.0,0.0,2020_2021 6월.xlsx
2020,8,독일,입항,8002.5,7909.5,93.0,76706.5,69759.0,6947.5,2020_2021 6월.xlsx
2020,8,라이베리아,입항,16.0,16.0,0.0,48.0,48.0,0.0,2020_2021 6월.xlsx
2020,8,라트비아,입항,1066.0,1066.0,0.0,7964.0,7960.0,4.0,2020_2021 6월.xlsx
2020,8,러시아,입항,4821.0,2141.0,2680.0,52772.25,22556.0,30216.25,2020_2021 6월.xlsx
2020,8,레바논,입항,114.0,92.0,22.0,1491.0,467.0,1024.0,2020_2021 6월.xlsx
2020,8,레위니옹,입항,2.0,2.0,0.0,25.0,25.0,0.0,2020_2021 6월.xlsx
2020,8,루마니아,입항,726.25,303.25,423.0,5857.25,2145.25,3712.0,2020_2021 6월.xlsx
2020,8,리비아,입항,116.0,116.0,0.0,459.0,459.0,0.0,2020_2021 6월.xlsx
2020,8,리투아니아,입항,474.0,474.0,0.0,2606.0,2606.0,0.0,2020_2021 6월.xlsx
2020,8,마다가스카르,입항,13.0,13.0,0.0,202.0,202.0,0.0,2020_2021 6월.xlsx
2020,8,마르티니크,입항,,,,2.0,2.0,0.0,2020_2021 6월.xlsx
2020,8,마샬 제도,입항,494.0,2.0,492.0,3020.0,67.0,2953.0,2020_2021 6월.xlsx
2020,8,말레이시아,입항,6815.5,4963.0,1852.5,58397.0,39447.25,18949.75,2020_2021 6월.xlsx
2020,8,말리,입항,,,,2.0,2.0,0.0,2020_2021 6월.xlsx
2020,8,멕시코,입항,6089.5,2553.0,3536.5,46850.5,21862.0,24988.5,2020_2021 6월.xlsx
2020,8,모로코,입항,90.0,90.0,0.0,1200.0,1192.0,8.0,2020_2021 6월.xlsx
2020,8,모리셔스,입항,,,,150.0,150.0,0.0,2020_2021 6월.xlsx
2020,8,모리타니,입항,58.0,58.0,0.0,186.0,186.0,0.0,2020_2021 6월.xlsx
2020,8,모잠비크,입항,14.0,14.0,0.0,912.0,912.0,0.0,2020_2021 6월.xlsx
2020,8,몬테네그로,입항,2.0,2.0,0.0,426.0,426.0,0.0,2020_2021 6월.xlsx
2020,8,몰타,입항,121.0,14.0,107.0,1049.0,107.0,942.0,2020_2021 6월.xlsx
2020,8,미국,입항,49015.75,37197.5,11818.25,461295.25,342462.0,118833.25,2020_2021 6월.xlsx
2020,8,미얀마,입항,884.0,884.0,0.0,5309.0,4326.0,983.0,2020_2021 6월.xlsx
2020,8,미크로네시아,입항,10.0,0.0,10.0,125.0,15.0,110.0,2020_2021 6월.xlsx
2020,8,바누아투,입항,2.0,0.0,2.0,679.0,4.0,675.0,2020_2021 6월.xlsx
2020,8,바레인,입항,100.0,100.0,0.0,777.0,777.0,0.0,2020_2021 6월.xlsx
2020,8,바베이도스,입항,,,,12.0,12.0,0.0,2020_2021 6월.xlsx
2020,8,바하마,입항,,,,3.0,3.0,0.0,2020_2021 6월.xlsx
2020,8,방글라데시,입항,592.0,524.0,68.0,4887.0,3830.0,1057.0,2020_2021 6월.xlsx
2020,8,베네수엘라,입항,30.0,30.0,0.0,309.0,309.0,0.0,2020_2021 6월.xlsx
2020,8,베트남,입항,12843.5,11245.0,1598.5,100957.25,91455.25,9502.0,2020_2021 6월.xlsx
2020,8,벨기에,입항,2957.5,2939.5,18.0,28245.25,28093.25,152.0,2020_2021 6월.xlsx
2020,8,벨리즈,입항,1.0,1.0,0.0,1.0,1.0,0.0,2020_2021 6월.xlsx
2020,8,북마리아나 제도,입항,30.0,7.0,23.0,3930.0,85.0,3845.0,2020_2021 6월.xlsx
2020,8,불가리아,입항,127.0,124.0,3.0,693.0,678.0,15.0,2020_2021 6월.xlsx
2020,8,브라질,입항,2290.0,2218.0,72.0,21668.0,18586.0,3082.0,2020_2021 6월.xlsx
2020,8,브루나이,입항,1.0,1.0,0.0,46.0,46.0,0.0,2020_2021 6월.xlsx
2020,8,사모아,입항,226.0,3.0,223.0,3044.0,16.0,3028.0,2020_2021 6월.xlsx
2020,8,사우디아라비아,입항,2757.0,512.0,2245.0,16991.25,4962.0,12029.25,2020_2021 6월.xlsx
2020,8,세네갈,입항,199.0,199.0,0.0,871.0,871.0,0.0,2020_2021 6월.xlsx
2020,8,세르비아,입항,,,,4.0,4.0,0.0,2020_2021 6월.xlsx
2020,8,세이셸,입항,1.0,1.0,0.0,28.0,28.0,0.0,2020_2021 6월.xlsx
2020,8,세인트 빈센트 그레나딘,입항,4.0,4.0,0.0,10.0,10.0,0.0,2020_2021 6월.xlsx
2020,8,소말리아,입항,8.0,8.0,0.0,38.0,38.0,0.0,2020_2021 6월.xlsx
2020,8,솔로몬제도,입항,3.0,3.0,0.0,7.0,7.0,0.0,2020_2021 6월.xlsx
2020,8,수단,입항,1.0,1.0,0.0,124.0,124.0,0.0,2020_2021 6월.xlsx
2020,8,수리남,입항,78.0,78.0,0.0,758.0,758.0,0.0,2020_2021 6월.xlsx
2020,8,스리랑카,입항,391.0,391.0,0.0,2708.0,2677.0,31.0,2020_2021 6월.xlsx
2020,8,스웨덴,입항,1251.0,1206.0,45.0,10370.0,10318.0,52.0,2020_2021 6월.xlsx
2020,8,스위스,입항,,,,3.0,3.0,0.0,2020_2021 6월.xlsx
2020,8,스페인,입항,2320.25,2284.25,36.0,24997.25,22044.25,2953.0,2020_2021 6월.xlsx
2020,8,슬로베니아,입항,1331.0,1261.0,70.0,10173.25,9974.25,199.0,2020_2021 6월.xlsx
2020,8,시리아,입항,,,,1.0,1.0,0.0,2020_2021 6월.xlsx
2020,8,시에라 리온,입항,14.0,14.0,0.0,218.0,218.0,0.0,2020_2021 6월.xlsx
2020,8,싱가포르,입항,3063.5,2540.0,523.5,29682.25,22692.0,6990.25,2020_2021 6월.xlsx
2020,8,아랍에미리트연합국,입항,2638.0,1242.0,1396.0,39796.5,12395.5,27401.0,2020_2021 6월.xlsx
2020,8,아르헨티나,입항,363.0,213.0,150.0,5180.0,2294.0,2886.0,2020_2021 6월.xlsx
2020,8,아메리칸사모아,입항,108.0,27.0,81.0,1126.0,120.0,1006.0,2020_2021 6월.xlsx
2020,8,아이슬란드,입항,,,,84.0,84.0,0.0,2020_2021 6월.xlsx
2020,8,아이티,입항,6.0,6.0,0.0,27.0,27.0,0.0,2020_2021 6월.xlsx
2020,8,아일랜드,입항,142.0,142.0,0.0,1257.0,1195.0,62.0,2020_2021 6월.xlsx
2020,8,알바니아,입항,,,,11.0,11.0,0.0,2020_2021 6월.xlsx
2020,8,알제리,입항,40.0,2.0,38.0,215.0,16.0,199.0,2020_2021 6월.xlsx
2020,8,앙골라,입항,6.0,6.0,0.0,1042.0,55.0,987.0,2020_2021 6월.xlsx
2020,8,앤틸리스제도,입항,,,,31.0,7.0,24.0,2020_2021 6월.xlsx
2020,8,에스토니아,입항,423.0,423.0,0.0,3928.0,3928.0,0.0,2020_2021 6월.xlsx
2020,8,에콰도르,입항,625.0,333.0,292.0,7387.5,2648.0,4739.5,2020_2021 6월.xlsx
2020,8,엘살바도르,입항,27.0,26.0,1.0,453.0,444.0,9.0,2020_2021 6월.xlsx
2020,8,영국,입항,1651.0,1533.0,118.0,13615.5,12489.75,1125.75,2020_2021 6월.xlsx
2020,8,예멘,입항,166.0,166.0,0.0,1226.0,1226.0,0.0,2020_2021 6월.xlsx
2020,8,오만,입항,453.0,116.0,337.0,6387.0,986.0,5401.0,2020_2021 6월.xlsx
2020,8,온두라스,입항,36.0,36.0,0.0,632.0,630.0,2.0,2020_2021 6월.xlsx
2020,8,요르단,입항,102.0,102.0,0.0,2001.0,793.0,1208.0,2020_2021 6월.xlsx
2020,8,우루과이,입항,123.0,99.0,24.0,1463.0,730.0,733.0,2020_2021 6월.xlsx
2020,8,우크라이나,입항,381.0,230.0,151.0,3383.0,2198.0,1185.0,2020_2021 6월.xlsx
2020,8,이라크,입항,,,,1624.0,10.0,1614.0,2020_2021 6월.xlsx
2020,8,이란,입항,2.0,2.0,0.0,98.0,28.0,70.0,2020_2021 6월.xlsx
2020,8,이스라엘,입항,675.0,372.0,303.0,6035.0,2737.0,3298.0,2020_2021 6월.xlsx
2020,8,이집트,입항,734.0,134.0,600.0,10469.0,2921.0,7548.0,2020_2021 6월.xlsx
2020,8,이탈리아,입항,4271.25,4060.25,211.0,37280.25,32562.25,4718.0,2020_2021 6월.xlsx
2020,8,인도,입항,6924.25,6660.0,264.25,68187.25,46880.0,21307.25,2020_2021 6월.xlsx
2020,8,인도네시아,입항,6312.75,4924.0,1388.75,53678.25,40046.25,13632.0,2020_2021 6월.xlsx
2020,8,일본,입항,66440.5,18624.5,47816.0,586171.25,156938.5,429232.75,2020_2021 6월.xlsx
2020,8,자메이카,입항,61.0,10.0,51.0,8012.0,215.0,7797.0,2020_2021 6월.xlsx
2020,8,적도 기니,입항,,,,13.0,13.0,0.0,2020_2021 6월.xlsx
2020,8,조지아,입항,29.0,29.0,0.0,150.0,150.0,0.0,2020_2021 6월.xlsx
2020,8,중국,입항,85185.5,67885.25,17300.25,707713.25,565604.5,142108.75,2020_2021 6월.xlsx
2020,8,지부티,입항,94.0,94.0,0.0,700.0,700.0,0.0,2020_2021 6월.xlsx
2020,8,지브롤터,입항,29.0,29.0,0.0,29.0,29.0,0.0,2020_2021 6월.xlsx
2020,8,체코,입항,,,,40.0,40.0,0.0,2020_2021 6월.xlsx
2020,8,칠레,입항,5720.0,5680.0,40.0,45586.0,42018.0,3568.0,2020_2021 6월.xlsx
2020,8,카메룬,입항,4.0,4.0,0.0,12.0,12.0,0.0,2020_2021 6월.xlsx
2020,8,카타르,입항,686.0,686.0,0.0,3886.0,3565.0,321.0,2020_2021 6월.xlsx
2020,8,캄보디아,입항,193.0,193.0,0.0,1145.0,1143.0,2.0,2020_2021 6월.xlsx
2020,8,캐나다,입항,7343.5,4177.5,3166.0,51784.0,38343.25,13440.75,2020_2021 6월.xlsx
2020,8,케냐,입항,35.0,35.0,0.0,282.0,282.0,0.0,2020_2021 6월.xlsx
2020,8,코스타리카,입항,47.0,47.0,0.0,941.0,926.0,15.0,2020_2021 6월.xlsx
2020,8,코트디부아르,입항,3.0,3.0,0.0,51.0,51.0,0.0,2020_2021 6월.xlsx
2020,8,콜롬비아,입항,835.0,519.0,316.0,8875.0,4459.0,4416.0,2020_2021 6월.xlsx
2020,8,콩고,입항,5.0,5.0,0.0,117.0,21.0,96.0,2020_2021 6월.xlsx
2020,8,콩고 민주 공화국,입항,,,,26.0,26.0,0.0,2020_2021 6월.xlsx
2020,8,쿠바,입항,,,,4.0,4.0,0.0,2020_2021 6월.xlsx
2020,8,쿠웨이트,입항,106.0,106.0,0.0,402.0,334.0,68.0,2020_2021 6월.xlsx
2020,8,크로아티아,입항,75.0,75.0,0.0,716.0,687.0,29.0,2020_2021 6월.xlsx
2020,8,키리바시,입항,30.0,0.0,30.0,812.0,1.0,811.0,2020_2021 6월.xlsx
2020,8,키프로스,입항,20.0,20.0,0.0,106.0,106.0,0.0,2020_2021 6월.xlsx
2020,8,탄자니아,입항,223.0,223.0,0.0,1884.0,1884.0,0.0,2020_2021 6월.xlsx
2020,8,태국,입항,5675.5,5509.0,166.5,53111.0,49773.0,3338.0,2020_2021 6월.xlsx
2020,8,토고,입항,147.0,147.0,0.0,963.0,963.0,0.0,2020_2021 6월.xlsx
2020,8,통가,입항,1.0,1.0,0.0,700.0,16.0,684.0,2020_2021 6월.xlsx
2020,8,튀니지,입항,65.0,65.0,0.0,406.0,403.0,3.0,2020_2021 6월.xlsx
2020,8,튀르키예,입항,2155.25,1398.25,757.0,18060.75,12387.75,5673.0,2020_2021 6월.xlsx
2020,8,트리니다드 토바고,입항,28.0,28.0,0.0,526.0,526.0,0.0,2020_2021 6월.xlsx
2020,8,파나마,입항,3504.75,196.0,3308.75,36083.5,888.0,35195.5,2020_2021 6월.xlsx
2020,8,파라과이,입항,15.0,15.0,0.0,168.0,168.0,0.0,2020_2021 6월.xlsx
2020,8,파키스탄,입항,662.5,466.0,196.5,9247.5,4039.0,5208.5,2020_2021 6월.xlsx
2020,8,파푸아 뉴기니,입항,37.0,37.0,0.0,222.0,222.0,0.0,2020_2021 6월.xlsx
2020,8,팔라우,입항,4.0,4.0,0.0,50.0,37.0,13.0,2020_2021 6월.xlsx
2020,8,페루,입항,1955.0,1611.0,344.0,16791.0,13190.0,3601.0,2020_2021 6월.xlsx
2020,8,포르투갈,입항,312.0,312.0,0.0,2008.0,2008.0,0.0,2020_2021 6월.xlsx
2020,8,폴란드,입항,916.25,916.25,0.0,8552.5,8498.5,54.0,2020_2021 6월.xlsx
2020,8,푸에르토리코,입항,244.0,244.0,0.0,1373.0,1373.0,0.0,2020_2021 6월.xlsx
2020,8,프랑스,입항,3056.0,2470.0,586.0,19382.25,17793.25,1589.0,2020_2021 6월.xlsx
2020,8,프랑스령 기아나,입항,,,,9.0,9.0,0.0,2020_2021 6월.xlsx
2020,8,프랑스령 폴리네시아,입항,164.0,6.0,158.0,1925.0,29.0,1896.0,2020_2021 6월.xlsx
2020,8,피지,입항,122.0,23.0,99.0,822.0,214.0,608.0,2020_2021 6월.xlsx
2020,8,핀란드,입항,1310.0,1310.0,0.0,8512.0,8382.0,130.0,2020_2021 6월.xlsx
2020,8,필리핀,입항,5003.0,2039.0,2964.0,38347.5,14507.0,23840.5,2020_2021 6월.xlsx
2020,8,헝가리,입항,1.0,1.0,0.0,102.0,102.0,0.0,2020_2021 6월.xlsx
2020,8,호주,입항,10802.0,5568.0,5234.0,93092.5,48687.0,44405.5,2020_2021 6월.xlsx
2020,8,홍콩,입항,2725.5,1924.0,801.5,23296.75,17863.0,5433.75,2020_2021 6월.xlsx
2020,8,가나,입항환적,33.0,33.0,0.0,495.0,495.0,0.0,2020_2021 6월.xlsx
2020,8,가봉,입항환적,292.0,292.0,0.0,890.0,890.0,0.0,2020_2021 6월.xlsx
2020,8,가이아나,입항환적,449.0,449.0,0.0,1381.0,1381.0,0.0,2020_2021 6월.xlsx
2020,8,감비아,입항환적,1.0,1.0,0.0,14.0,14.0,0.0,2020_2021 6월.xlsx
2020,8,과들루프,입항환적,,,,14.0,14.0,0.0,2020_2021 6월.xlsx
2020,8,과테말라,입항환적,431.0,431.0,0.0,3325.0,3325.0,0.0,2020_2021 6월.xlsx
2020,8,괌,입항환적,762.0,364.0,398.0,2456.75,1707.75,749.0,2020_2021 6월.xlsx
2020,8,그리스,입항환적,603.0,603.0,0.0,3726.0,2672.0,1054.0,2020_2021 6월.xlsx
2020,8,기니,입항환적,1.0,1.0,0.0,1.0,1.0,0.0,2020_2021 6월.xlsx
2020,8,기니비사우,입항환적,,,,4.0,4.0,0.0,2020_2021 6월.xlsx
2020,8,기타국가,입항환적,,,,15.0,15.0,0.0,2020_2021 6월.xlsx
2020,8,나미비아,입항환적,,,,27.0,27.0,0.0,2020_2021 6월.xlsx
2020,8,나이지리아,입항환적,109.0,109.0,0.0,810.0,778.0,32.0,2020_2021 6월.xlsx
2020,8,남아프리카,입항환적,419.0,419.0,0.0,5204.0,4624.0,580.0,2020_2021 6월.xlsx
2020,8,네덜란드,입항환적,2798.0,2746.0,52.0,20909.25,19869.25,1040.0,2020_2021 6월.xlsx
2020,8,노르웨이,입항환적,170.0,170.0,0.0,1217.0,1217.0,0.0,2020_2021 6월.xlsx
2020,8,뉴질랜드,입항환적,3842.0,3830.0,12.0,20999.0,17639.0,3360.0,2020_2021 6월.xlsx
2020,8,뉴칼레도니아,입항환적,319.0,319.0,0.0,4264.0,4235.0,29.0,2020_2021 6월.xlsx
2020,8,니카라과,입항환적,321.0,321.0,0.0,2398.0,2398.0,0.0,2020_2021 6월.xlsx
2020,8,대만,입항환적,5393.25,5389.25,4.0,44986.5,44337.5,649.0,2020_2021 6월.xlsx
2020,8,대한민국,입항환적,6538.25,6450.25,88.0,65684.25,63515.25,2169.0,2020_2021 6월.xlsx
2020,8,덴마크,입항환적,138.0,138.0,0.0,1765.0,1765.0,0.0,2020_2021 6월.xlsx
2020,8,도미니카 공화국,입항환적,58.0,58.0,0.0,514.0,514.0,0.0,2020_2021 6월.xlsx
2020,8,독일,입항환적,2746.0,2728.0,18.0,22614.5,19633.5,2981.0,2020_2021 6월.xlsx
2020,8,동티모르,입항환적,,,,1.0,1.0,0.0,2020_2021 6월.xlsx
2020,8,라트비아,입항환적,390.0,390.0,0.0,2344.0,2344.0,0.0,2020_2021 6월.xlsx
2020,8,러시아,입항환적,14165.0,13642.0,523.0,114539.5,107369.0,7170.5,2020_2021 6월.xlsx
2020,8,레바논,입항환적,22.0,22.0,0.0,118.0,118.0,0.0,2020_2021 6월.xlsx
2020,8,레위니옹,입항환적,,,,6.0,6.0,0.0,2020_2021 6월.xlsx
2020,8,루마니아,입항환적,1130.25,1130.25,0.0,6632.25,6632.25,0.0,2020_2021 6월.xlsx
2020,8,리투아니아,입항환적,27.0,27.0,0.0,518.0,518.0,0.0,2020_2021 6월.xlsx
2020,8,마다가스카르,입항환적,,,,69.0,69.0,0.0,2020_2021 6월.xlsx
2020,8,마르티니크,입항환적,,,,22.0,22.0,0.0,2020_2021 6월.xlsx
2020,8,마샬 제도,입항환적,35.0,32.0,3.0,496.0,474.0,22.0,2020_2021 6월.xlsx
2020,8,말레이시아,입항환적,6531.25,6528.25,3.0,57445.0,56671.0,774.0,2020_2021 6월.xlsx
2020,8,멕시코,입항환적,5685.0,5118.0,567.0,40924.5,36617.0,4307.5,2020_2021 6월.xlsx
2020,8,모로코,입항환적,69.0,69.0,0.0,707.0,707.0,0.0,2020_2021 6월.xlsx
2020,8,모리셔스,입항환적,8.0,8.0,0.0,249.0,249.0,0.0,2020_2021 6월.xlsx
2020,8,모리타니,입항환적,12.0,12.0,0.0,345.0,345.0,0.0,2020_2021 6월.xlsx
2020,8,모잠비크,입항환적,42.0,42.0,0.0,320.0,320.0,0.0,2020_2021 6월.xlsx
2020,8,몬테네그로,입항환적,4.0,4.0,0.0,17.0,17.0,0.0,2020_2021 6월.xlsx
2020,8,몰디브,입항환적,,,,7.0,7.0,0.0,2020_2021 6월.xlsx
2020,8,몰타,입항환적,1.0,1.0,0.0,188.0,188.0,0.0,2020_2021 6월.xlsx
2020,8,미국,입항환적,45407.75,44051.75,1356.0,462136.25,394521.5,67614.75,2020_2021 6월.xlsx
2020,8,미얀마,입항환적,261.0,261.0,0.0,2228.0,1834.0,394.0,2020_2021 6월.xlsx
2020,8,미크로네시아,입항환적,5.0,3.0,2.0,104.0,98.0,6.0,2020_2021 6월.xlsx
2020,8,바누아투,입항환적,55.0,0.0,55.0,426.0,21.0,405.0,2020_2021 6월.xlsx
2020,8,바레인,입항환적,32.0,32.0,0.0,557.0,557.0,0.0,2020_2021 6월.xlsx
2020,8,바베이도스,입항환적,52.0,52.0,0.0,65.0,65.0,0.0,2020_2021 6월.xlsx
2020,8,바하마,입항환적,,,,2.0,1.0,1.0,2020_2021 6월.xlsx
2020,8,방글라데시,입항환적,464.0,464.0,0.0,3894.5,3885.5,9.0,2020_2021 6월.xlsx
2020,8,베네수엘라,입항환적,169.0,169.0,0.0,651.0,651.0,0.0,2020_2021 6월.xlsx
2020,8,베트남,입항환적,8171.75,8171.75,0.0,75636.75,75496.75,140.0,2020_2021 6월.xlsx
2020,8,벨기에,입항환적,545.25,545.25,0.0,8138.5,8137.5,1.0,2020_2021 6월.xlsx
2020,8,벨리즈,입항환적,4.0,4.0,0.0,38.0,38.0,0.0,2020_2021 6월.xlsx
2020,8,북마리아나 제도,입항환적,38.0,0.0,38.0,390.25,16.25,374.0,2020_2021 6월.xlsx
2020,8,불가리아,입항환적,124.0,124.0,0.0,1018.0,1018.0,0.0,2020_2021 6월.xlsx
2020,8,브라질,입항환적,5563.0,5529.0,34.0,39417.0,38215.0,1202.0,2020_2021 6월.xlsx
2020,8,브루나이,입항환적,4.0,4.0,0.0,36.0,36.0,0.0,2020_2021 6월.xlsx
2020,8,사모아,입항환적,21.0,19.0,2.0,200.0,139.0,61.0,2020_2021 6월.xlsx
2020,8,사우디아라비아,입항환적,855.0,841.0,14.0,11184.0,9543.0,1641.0,2020_2021 6월.xlsx
2020,8,세네갈,입항환적,72.0,72.0,0.0,1431.0,1431.0,0.0,2020_2021 6월.xlsx
2020,8,세이셸,입항환적,27.0,27.0,0.0,133.0,133.0,0.0,2020_2021 6월.xlsx
2020,8,세인트루시아,입항환적,14.0,14.0,0.0,39.0,39.0,0.0,2020_2021 6월.xlsx
2020,8,소말리아,입항환적,,,,2.0,2.0,0.0,2020_2021 6월.xlsx
2020,8,솔로몬제도,입항환적,,,,29.0,29.0,0.0,2020_2021 6월.xlsx
2020,8,수단,입항환적,262.0,262.0,0.0,4528.0,4528.0,0.0,2020_2021 6월.xlsx
2020,8,수리남,입항환적,188.0,188.0,0.0,1598.0,1598.0,0.0,2020_2021 6월.xlsx
2020,8,스리랑카,입항환적,426.0,426.0,0.0,2699.75,2697.75,2.0,2020_2021 6월.xlsx
2020,8,스웨덴,입항환적,734.0,734.0,0.0,8139.0,8139.0,0.0,2020_2021 6월.xlsx
2020,8,스페인,입항환적,1004.0,1004.0,0.0,15930.0,14758.0,1172.0,2020_2021 6월.xlsx
2020,8,슬로베니아,입항환적,1172.0,1172.0,0.0,5771.0,5771.0,0.0,2020_2021 6월.xlsx
2020,8,시리아,입항환적,5.0,5.0,0.0,8.0,8.0,0.0,2020_2021 6월.xlsx
2020,8,시에라 리온,입항환적,1.0,1.0,0.0,69.0,69.0,0.0,2020_2021 6월.xlsx
2020,8,싱가포르,입항환적,2379.25,2285.25,94.0,17989.0,17311.75,677.25,2020_2021 6월.xlsx
2020,8,아랍에미리트연합국,입항환적,3047.25,2021.0,1026.25,21398.0,15230.75,6167.25,2020_2021 6월.xlsx
2020,8,아르헨티나,입항환적,761.0,745.0,16.0,6854.0,6406.0,448.0,2020_2021 6월.xlsx
2020,8,아메리칸사모아,입항환적,19.0,11.0,8.0,86.0,22.0,64.0,2020_2021 6월.xlsx
2020,8,아이슬란드,입항환적,,,,97.0,97.0,0.0,2020_2021 6월.xlsx
2020,8,아이티,입항환적,18.0,18.0,0.0,115.0,115.0,0.0,2020_2021 6월.xlsx
2020,8,아일랜드,입항환적,123.0,123.0,0.0,516.0,514.0,2.0,2020_2021 6월.xlsx
2020,8,알바니아,입항환적,51.0,51.0,0.0,497.0,497.0,0.0,2020_2021 6월.xlsx
2020,8,알제리,입항환적,,,,22.0,22.0,0.0,2020_2021 6월.xlsx
2020,8,앙골라,입항환적,,,,262.0,0.0,262.0,2020_2021 6월.xlsx
2020,8,앤틸리스제도,입항환적,1.0,1.0,0.0,1.0,1.0,0.0,2020_2021 6월.xlsx
2020,8,에스토니아,입항환적,167.0,167.0,0.0,553.0,553.0,0.0,2020_2021 6월.xlsx
2020,8,에콰도르,입항환적,4006.0,4006.0,0.0,44752.25,43580.0,1172.25,2020_2021 6월.xlsx
2020,8,엘살바도르,입항환적,38.0,38.0,0.0,563.0,563.0,0.0,2020_2021 6월.xlsx
2020,8,영국,입항환적,556.25,556.25,0.0,4323.75,4275.75,48.0,2020_2021 6월.xlsx
2020,8,예멘,입항환적,,,,8.0,8.0,0.0,2020_2021 6월.xlsx
2020,8,오만,입항환적,408.0,408.0,0.0,6385.0,6367.0,18.0,2020_2021 6월.xlsx
2020,8,온두라스,입항환적,28.0,28.0,0.0,375.0,375.0,0.0,2020_2021 6월.xlsx
2020,8,요르단,입항환적,31.0,31.0,0.0,2285.0,192.0,2093.0,2020_2021 6월.xlsx
2020,8,우루과이,입항환적,259.0,259.0,0.0,2997.0,2971.0,26.0,2020_2021 6월.xlsx
2020,8,우크라이나,입항환적,817.0,817.0,0.0,6202.5,6202.5,0.0,2020_2021 6월.xlsx
2020,8,원양어획지역,입항환적,22.0,22.0,0.0,543.0,543.0,0.0,2020_2021 6월.xlsx
2020,8,이라크,입항환적,,,,10.0,10.0,0.0,2020_2021 6월.xlsx
2020,8,이스라엘,입항환적,183.0,183.0,0.0,2220.0,1234.0,986.0,2020_2021 6월.xlsx
2020,8,이집트,입항환적,874.0,698.0,176.0,6394.0,4087.0,2307.0,2020_2021 6월.xlsx
2020,8,이탈리아,입항환적,3635.25,3620.25,15.0,22100.75,20068.5,2032.25,2020_2021 6월.xlsx
2020,8,인도,입항환적,4334.0,4334.0,0.0,39579.25,39096.25,483.0,2020_2021 6월.xlsx
2020,8,인도네시아,입항환적,10470.75,10464.75,6.0,85694.25,85520.25,174.0,2020_2021 6월.xlsx
2020,8,일본,입항환적,62432.0,53197.0,9235.0,539179.25,422318.0,116861.25,2020_2021 6월.xlsx
2020,8,자메이카,입항환적,4.0,4.0,0.0,1567.0,42.0,1525.0,2020_2021 6월.xlsx
2020,8,적도 기니,입항환적,,,,28.0,28.0,0.0,2020_2021 6월.xlsx
2020,8,조지아,입항환적,52.0,52.0,0.0,511.0,511.0,0.0,2020_2021 6월.xlsx
2020,8,중국,입항환적,222539.75,209643.25,12896.5,1588394.75,1499749.75,88645.0,2020_2021 6월.xlsx
2020,8,지부티,입항환적,36.0,36.0,0.0,239.0,239.0,0.0,2020_2021 6월.xlsx
2020,8,차드,입항환적,,,,1.0,1.0,0.0,2020_2021 6월.xlsx
2020,8,체코,입항환적,,,,1.0,1.0,0.0,2020_2021 6월.xlsx
2020,8,칠레,입항환적,7638.0,7638.0,0.0,49411.0,48897.0,514.0,2020_2021 6월.xlsx
2020,8,카메룬,입항환적,14.0,14.0,0.0,77.0,77.0,0.0,2020_2021 6월.xlsx
2020,8,카보 베르데,입항환적,4.0,4.0,0.0,16.0,16.0,0.0,2020_2021 6월.xlsx
2020,8,카타르,입항환적,193.0,193.0,0.0,1909.0,1909.0,0.0,2020_2021 6월.xlsx
2020,8,캄보디아,입항환적,396.5,396.5,0.0,3437.75,3437.75,0.0,2020_2021 6월.xlsx
2020,8,캐나다,입항환적,14615.75,14453.75,162.0,102520.25,97254.25,5266.0,2020_2021 6월.xlsx
2020,8,케냐,입항환적,47.0,47.0,0.0,411.0,411.0,0.0,2020_2021 6월.xlsx
2020,8,코모로,입항환적,,,,2.0,2.0,0.0,2020_2021 6월.xlsx
2020,8,코스타리카,입항환적,397.0,397.0,0.0,3310.0,3078.0,232.0,2020_2021 6월.xlsx
2020,8,코트디부아르,입항환적,,,,99.0,99.0,0.0,2020_2021 6월.xlsx
2020,8,콜롬비아,입항환적,513.0,461.0,52.0,6718.75,3498.0,3220.75,2020_2021 6월.xlsx
2020,8,콩고,입항환적,1.0,1.0,0.0,1.0,1.0,0.0,2020_2021 6월.xlsx
2020,8,콩고 민주 공화국,입항환적,,,,6.0,6.0,0.0,2020_2021 6월.xlsx
2020,8,쿠바,입항환적,122.0,122.0,0.0,633.0,633.0,0.0,2020_2021 6월.xlsx
2020,8,쿠웨이트,입항환적,10.0,10.0,0.0,436.0,436.0,0.0,2020_2021 6월.xlsx
2020,8,퀴라소,입항환적,,,,4.0,4.0,0.0,2020_2021 6월.xlsx
2020,8,크로아티아,입항환적,115.0,115.0,0.0,623.0,623.0,0.0,2020_2021 6월.xlsx
2020,8,키리바시,입항환적,1.0,0.0,1.0,16.0,2.0,14.0,2020_2021 6월.xlsx
2020,8,키프로스,입항환적,6.0,6.0,0.0,153.0,153.0,0.0,2020_2021 6월.xlsx
2020,8,탄자니아,입항환적,,,,62.0,62.0,0.0,2020_2021 6월.xlsx
2020,8,태국,입항환적,5577.0,5577.0,0.0,68223.25,67919.25,304.0,2020_2021 6월.xlsx
2020,8,토고,입항환적,,,,42.0,42.0,0.0,2020_2021 6월.xlsx
2020,8,통가,입항환적,4.0,4.0,0.0,37.0,17.0,20.0,2020_2021 6월.xlsx
2020,8,튀니지,입항환적,8.0,8.0,0.0,55.0,55.0,0.0,2020_2021 6월.xlsx
2020,8,튀르키예,입항환적,2908.0,2704.0,204.0,19852.0,17543.0,2309.0,2020_2021 6월.xlsx
2020,8,트리니다드 토바고,입항환적,9.0,9.0,0.0,120.0,120.0,0.0,2020_2021 6월.xlsx
2020,8,파나마,입항환적,2203.0,1523.0,680.0,19481.0,10343.0,9138.0,2020_2021 6월.xlsx
2020,8,파라과이,입항환적,28.0,28.0,0.0,277.0,277.0,0.0,2020_2021 6월.xlsx
2020,8,파키스탄,입항환적,765.0,765.0,0.0,9065.75,8674.75,391.0,2020_2021 6월.xlsx
2020,8,파푸아 뉴기니,입항환적,16.0,16.0,0.0,113.0,111.0,2.0,2020_2021 6월.xlsx
2020,8,페루,입항환적,2789.0,2789.0,0.0,16162.0,15770.0,392.0,2020_2021 6월.xlsx
2020,8,포르투갈,입항환적,339.25,339.25,0.0,2238.25,2238.25,0.0,2020_2021 6월.xlsx
2020,8,폴란드,입항환적,155.0,155.0,0.0,1316.0,1316.0,0.0,2020_2021 6월.xlsx
2020,8,푸에르토리코,입항환적,306.0,306.0,0.0,1452.0,1452.0,0.0,2020_2021 6월.xlsx
2020,8,프랑스,입항환적,1656.0,1598.0,58.0,12604.0,10773.0,1831.0,2020_2021 6월.xlsx
2020,8,프랑스령 폴리네시아,입항환적,,,,54.0,6.0,48.0,2020_2021 6월.xlsx
2020,8,피지,입항환적,21.0,18.0,3.0,252.0,172.0,80.0,2020_2021 6월.xlsx
2020,8,핀란드,입항환적,1485.0,1485.0,0.0,9800.0,9800.0,0.0,2020_2021 6월.xlsx
2020,8,필리핀,입항환적,9252.75,9252.75,0.0,56222.5,49256.75,6965.75,2020_2021 6월.xlsx
2020,8,헝가리,입항환적,,,,8.0,8.0,0.0,2020_2021 6월.xlsx
2020,8,호주,입항환적,15960.0,12661.0,3299.0,66934.0,58784.0,8150.0,2020_2021 6월.xlsx
2020,8,홍콩,입항환적,3310.75,3254.75,56.0,23398.75,22027.0,1371.75,2020_2021 6월.xlsx
2020,8,가나,출항,322.5,322.5,0.0,2042.0,2039.0,3.0,2020_2021 6월.xlsx
2020,8,가봉,출항,3.0,3.0,0.0,12.0,12.0,0.0,2020_2021 6월.xlsx
2020,8,가이아나,출항,5.0,5.0,0.0,45.0,45.0,0.0,2020_2021 6월.xlsx
2020,8,감비아,출항,,,,6.0,6.0,0.0,2020_2021 6월.xlsx
2020,8,과들루프,출항,3.0,3.0,0.0,13.0,13.0,0.0,2020_2021 6월.xlsx
2020,8,과테말라,출항,179.0,179.0,0.0,1790.0,1656.0,134.0,2020_2021 6월.xlsx
2020,8,괌,출항,190.0,190.0,0.0,1834.75,1789.75,45.0,2020_2021 6월.xlsx
2020,8,그레나다,출항,,,,20.0,20.0,0.0,2020_2021 6월.xlsx
2020,8,그리스,출항,1476.0,1456.0,20.0,11007.0,10981.0,26.0,2020_2021 6월.xlsx
2020,8,기니,출항,14.0,14.0,0.0,151.0,151.0,0.0,2020_2021 6월.xlsx
2020,8,나미비아,출항,10.0,10.0,0.0,22.0,22.0,0.0,2020_2021 6월.xlsx
2020,8,나이지리아,출항,192.0,192.0,0.0,2198.0,2198.0,0.0,2020_2021 6월.xlsx
2020,8,남아프리카,출항,474.0,466.0,8.0,3429.0,3395.0,34.0,2020_2021 6월.xlsx
2020,8,네덜란드,출항,5766.25,5759.25,7.0,44744.75,44540.75,204.0,2020_2021 6월.xlsx
2020,8,노르웨이,출항,15.0,15.0,0.0,235.0,235.0,0.0,2020_2021 6월.xlsx
2020,8,뉴질랜드,출항,1248.0,1178.0,70.0,10972.0,9487.0,1485.0,2020_2021 6월.xlsx
2020,8,뉴칼레도니아,출항,27.0,21.0,6.0,148.0,142.0,6.0,2020_2021 6월.xlsx
2020,8,니카라과,출항,31.0,31.0,0.0,526.0,526.0,0.0,2020_2021 6월.xlsx
2020,8,대만,출항,7937.25,7139.25,798.0,83085.5,78721.25,4364.25,2020_2021 6월.xlsx
2020,8,대한민국,출항,8543.0,65.0,8478.0,66178.25,788.0,65390.25,2020_2021 6월.xlsx
2020,8,덴마크,출항,187.0,187.0,0.0,1686.0,1686.0,0.0,2020_2021 6월.xlsx
2020,8,도미니카 공화국,출항,142.0,140.0,2.0,1524.0,1381.0,143.0,2020_2021 6월.xlsx
2020,8,독일,출항,6374.0,6371.0,3.0,59810.0,59044.0,766.0,2020_2021 6월.xlsx
2020,8,동티모르,출항,,,,10.0,10.0,0.0,2020_2021 6월.xlsx
2020,8,라이베리아,출항,7.0,7.0,0.0,51.0,51.0,0.0,2020_2021 6월.xlsx
2020,8,라트비아,출항,42.0,42.0,0.0,328.25,328.25,0.0,2020_2021 6월.xlsx
2020,8,러시아,출항,9118.0,8038.0,1080.0,83195.25,75735.25,7460.0,2020_2021 6월.xlsx
2020,8,레바논,출항,60.0,60.0,0.0,606.0,606.0,0.0,2020_2021 6월.xlsx
2020,8,레위니옹,출항,3.0,3.0,0.0,48.0,48.0,0.0,2020_2021 6월.xlsx
2020,8,루마니아,출항,368.0,368.0,0.0,2187.0,2181.0,6.0,2020_2021 6월.xlsx
2020,8,리비아,출항,158.0,158.0,0.0,1001.0,1001.0,0.0,2020_2021 6월.xlsx
2020,8,리투아니아,출항,185.0,185.0,0.0,1674.0,1674.0,0.0,2020_2021 6월.xlsx
2020,8,마다가스카르,출항,4.0,4.0,0.0,78.0,78.0,0.0,2020_2021 6월.xlsx
2020,8,마르티니크,출항,2.0,2.0,0.0,26.0,26.0,0.0,2020_2021 6월.xlsx
2020,8,마샬 제도,출항,129.0,25.0,104.0,668.0,139.0,529.0,2020_2021 6월.xlsx
2020,8,마요트,출항,,,,54.0,54.0,0.0,2020_2021 6월.xlsx
2020,8,말레이시아,출항,6097.25,6072.25,25.0,61181.25,59808.25,1373.0,2020_2021 6월.xlsx
2020,8,멕시코,출항,10748.0,10228.0,520.0,92241.75,88045.75,4196.0,2020_2021 6월.xlsx
2020,8,모로코,출항,226.0,226.0,0.0,1790.0,1790.0,0.0,2020_2021 6월.xlsx
2020,8,모리셔스,출항,31.0,31.0,0.0,83.0,83.0,0.0,2020_2021 6월.xlsx
2020,8,모리타니,출항,3.0,3.0,0.0,78.0,78.0,0.0,2020_2021 6월.xlsx
2020,8,모잠비크,출항,79.0,79.0,0.0,1045.0,1045.0,0.0,2020_2021 6월.xlsx
2020,8,몬테네그로,출항,5.0,5.0,0.0,34.0,34.0,0.0,2020_2021 6월.xlsx
2020,8,몰디브,출항,1.0,1.0,0.0,17.0,17.0,0.0,2020_2021 6월.xlsx
2020,8,몰타,출항,61.0,27.0,34.0,371.0,245.0,126.0,2020_2021 6월.xlsx
2020,8,미국,출항,59450.5,59014.75,435.75,499140.5,484607.75,14532.75,2020_2021 6월.xlsx
2020,8,미얀마,출항,147.0,147.0,0.0,1129.25,1129.25,0.0,2020_2021 6월.xlsx
2020,8,미크로네시아,출항,27.0,13.0,14.0,203.0,162.0,41.0,2020_2021 6월.xlsx
2020,8,바누아투,출항,9.0,8.0,1.0,437.0,85.0,352.0,2020_2021 6월.xlsx
2020,8,바레인,출항,47.0,47.0,0.0,299.0,299.0,0.0,2020_2021 6월.xlsx
2020,8,바베이도스,출항,3.0,3.0,0.0,16.0,16.0,0.0,2020_2021 6월.xlsx
2020,8,바하마,출항,3035.0,12.0,3023.0,18646.5,117.0,18529.5,2020_2021 6월.xlsx
2020,8,방글라데시,출항,46.0,46.0,0.0,425.0,425.0,0.0,2020_2021 6월.xlsx
2020,8,베냉,출항,,,,41.0,41.0,0.0,2020_2021 6월.xlsx
2020,8,베네수엘라,출항,35.0,35.0,0.0,264.0,264.0,0.0,2020_2021 6월.xlsx
2020,8,베트남,출항,19609.5,17767.5,1842.0,148300.75,135766.25,12534.5,2020_2021 6월.xlsx
2020,8,벨기에,출항,1250.25,1247.25,3.0,16265.75,15901.75,364.0,2020_2021 6월.xlsx
2020,8,벨리즈,출항,,,,19.0,19.0,0.0,2020_2021 6월.xlsx
2020,8,북마리아나 제도,출항,75.0,75.0,0.0,621.0,607.0,14.0,2020_2021 6월.xlsx
2020,8,불가리아,출항,45.0,45.0,0.0,398.0,398.0,0.0,2020_2021 6월.xlsx
2020,8,브라질,출항,2720.0,2720.0,0.0,30258.0,28364.0,1894.0,2020_2021 6월.xlsx
2020,8,사모아,출항,5.0,5.0,0.0,44.0,44.0,0.0,2020_2021 6월.xlsx
2020,8,사우디아라비아,출항,4112.25,4112.25,0.0,30552.75,30542.75,10.0,2020_2021 6월.xlsx
2020,8,세네갈,출항,61.0,61.0,0.0,668.0,668.0,0.0,2020_2021 6월.xlsx
2020,8,세이셸,출항,6.0,6.0,0.0,110.0,110.0,0.0,2020_2021 6월.xlsx
2020,8,세인트루시아,출항,3.0,3.0,0.0,8.0,8.0,0.0,2020_2021 6월.xlsx
2020,8,세인트키츠 네비스,출항,6.0,6.0,0.0,6.0,6.0,0.0,2020_2021 6월.xlsx
2020,8,소말리아,출항,1.0,1.0,0.0,120.0,120.0,0.0,2020_2021 6월.xlsx
2020,8,솔로몬제도,출항,17.0,17.0,0.0,362.0,346.0,16.0,2020_2021 6월.xlsx
2020,8,수단,출항,60.0,60.0,0.0,1009.0,1009.0,0.0,2020_2021 6월.xlsx
2020,8,수리남,출항,4.0,4.0,0.0,26.0,26.0,0.0,2020_2021 6월.xlsx
2020,8,스리랑카,출항,2110.0,2110.0,0.0,9800.0,9800.0,0.0,2020_2021 6월.xlsx
2020,8,스웨덴,출항,334.0,334.0,0.0,3323.0,3323.0,0.0,2020_2021 6월.xlsx
2020,8,스페인,출항,3102.0,3060.0,42.0,22102.5,21449.5,653.0,2020_2021 6월.xlsx
2020,8,슬로베니아,출항,8337.0,8337.0,0.0,59808.75,59776.75,32.0,2020_2021 6월.xlsx
2020,8,시리아,출항,162.0,162.0,0.0,1156.0,1156.0,0.0,2020_2021 6월.xlsx
2020,8,시에라 리온,출항,4.0,4.0,0.0,34.0,34.0,0.0,2020_2021 6월.xlsx
2020,8,싱가포르,출항,6963.5,6774.5,189.0,52253.0,49297.0,2956.0,2020_2021 6월.xlsx
2020,8,아랍에미리트연합국,출항,5731.0,5727.0,4.0,48051.25,47509.25,542.0,2020_2021 6월.xlsx
2020,8,아루바,출항,,,,1.0,1.0,0.0,2020_2021 6월.xlsx
2020,8,아르헨티나,출항,416.0,416.0,0.0,4111.0,3433.0,678.0,2020_2021 6월.xlsx
2020,8,아메리칸사모아,출항,160.0,76.0,84.0,585.0,501.0,84.0,2020_2021 6월.xlsx
2020,8,아이티,출항,13.0,13.0,0.0,106.0,106.0,0.0,2020_2021 6월.xlsx
2020,8,아일랜드,출항,55.0,55.0,0.0,326.0,326.0,0.0,2020_2021 6월.xlsx
2020,8,알바니아,출항,13.0,13.0,0.0,99.0,99.0,0.0,2020_2021 6월.xlsx
2020,8,알제리,출항,177.0,177.0,0.0,2106.75,2106.75,0.0,2020_2021 6월.xlsx
2020,8,앙골라,출항,60.0,60.0,0.0,506.0,506.0,0.0,2020_2021 6월.xlsx
2020,8,앤티가 바부다,출항,,,,2.0,2.0,0.0,2020_2021 6월.xlsx
2020,8,앤틸리스제도,출항,6.0,6.0,0.0,32.0,32.0,0.0,2020_2021 6월.xlsx
2020,8,에스토니아,출항,31.0,31.0,0.0,605.0,605.0,0.0,2020_2021 6월.xlsx
2020,8,에콰도르,출항,1283.0,399.0,884.0,15193.0,3851.0,11342.0,2020_2021 6월.xlsx
2020,8,엘살바도르,출항,25.0,25.0,0.0,598.0,598.0,0.0,2020_2021 6월.xlsx
2020,8,영국,출항,2079.25,1991.25,88.0,16675.25,15911.25,764.0,2020_2021 6월.xlsx
2020,8,영국령 버진아일랜드,출항,,,,1.0,1.0,0.0,2020_2021 6월.xlsx
2020,8,예멘,출항,17.0,17.0,0.0,320.0,320.0,0.0,2020_2021 6월.xlsx
2020,8,오만,출항,504.0,504.0,0.0,3041.0,3041.0,0.0,2020_2021 6월.xlsx
2020,8,온두라스,출항,27.0,27.0,0.0,288.0,288.0,0.0,2020_2021 6월.xlsx
2020,8,요르단,출항,211.25,211.25,0.0,1879.25,1879.25,0.0,2020_2021 6월.xlsx
2020,8,우루과이,출항,93.0,93.0,0.0,2027.0,1701.0,326.0,2020_2021 6월.xlsx
2020,8,우크라이나,출항,256.0,254.0,2.0,1607.75,1599.75,8.0,2020_2021 6월.xlsx
2020,8,이라크,출항,148.0,148.0,0.0,2266.75,2266.75,0.0,2020_2021 6월.xlsx
2020,8,이란,출항,4.0,4.0,0.0,10.0,10.0,0.0,2020_2021 6월.xlsx
2020,8,이스라엘,출항,1116.0,1100.0,16.0,8897.25,8616.25,281.0,2020_2021 6월.xlsx
2020,8,이집트,출항,2656.5,2651.5,5.0,27686.0,27175.0,511.0,2020_2021 6월.xlsx
2020,8,이탈리아,출항,4481.0,4347.0,134.0,31579.25,31095.25,484.0,2020_2021 6월.xlsx
2020,8,인도,출항,8380.0,8362.0,18.0,81501.5,80312.5,1189.0,2020_2021 6월.xlsx
2020,8,인도네시아,출항,8099.0,7171.0,928.0,57237.5,55035.0,2202.5,2020_2021 6월.xlsx
2020,8,일본,출항,33307.5,23699.5,9608.0,298318.5,218207.0,80111.5,2020_2021 6월.xlsx
2020,8,자메이카,출항,158.0,158.0,0.0,2679.0,2543.0,136.0,2020_2021 6월.xlsx
2020,8,적도 기니,출항,,,,4.0,4.0,0.0,2020_2021 6월.xlsx
2020,8,조지아,출항,30.0,30.0,0.0,273.0,273.0,0.0,2020_2021 6월.xlsx
2020,8,중국,출항,100323.0,47470.25,52852.75,798917.5,392854.75,406062.75,2020_2021 6월.xlsx
2020,8,지부티,출항,40.0,40.0,0.0,280.0,280.0,0.0,2020_2021 6월.xlsx
2020,8,칠레,출항,1184.0,1018.0,166.0,19149.0,10393.0,8756.0,2020_2021 6월.xlsx
2020,8,카메룬,출항,12.0,12.0,0.0,272.0,272.0,0.0,2020_2021 6월.xlsx
2020,8,카타르,출항,415.0,395.0,20.0,2598.25,2472.25,126.0,2020_2021 6월.xlsx
2020,8,캄보디아,출항,422.0,422.0,0.0,3174.25,3174.25,0.0,2020_2021 6월.xlsx
2020,8,캐나다,출항,9993.75,9993.75,0.0,74660.5,73971.5,689.0,2020_2021 6월.xlsx
2020,8,케냐,출항,130.0,130.0,0.0,1793.0,1793.0,0.0,2020_2021 6월.xlsx
2020,8,케이맨 제도,출항,,,,1.0,1.0,0.0,2020_2021 6월.xlsx
2020,8,코모로,출항,,,,6.0,6.0,0.0,2020_2021 6월.xlsx
2020,8,코스타리카,출항,13.0,13.0,0.0,612.0,412.0,200.0,2020_2021 6월.xlsx
2020,8,코트디부아르,출항,17.0,17.0,0.0,516.0,516.0,0.0,2020_2021 6월.xlsx
2020,8,콜롬비아,출항,961.0,961.0,0.0,10357.0,8419.0,1938.0,2020_2021 6월.xlsx
2020,8,콩고,출항,8.0,8.0,0.0,228.0,228.0,0.0,2020_2021 6월.xlsx
2020,8,콩고 민주 공화국,출항,20.0,20.0,0.0,358.0,358.0,0.0,2020_2021 6월.xlsx
2020,8,쿠바,출항,56.0,56.0,0.0,258.0,258.0,0.0,2020_2021 6월.xlsx
2020,8,쿠웨이트,출항,107.0,107.0,0.0,769.0,769.0,0.0,2020_2021 6월.xlsx
2020,8,크로아티아,출항,904.0,894.0,10.0,4932.25,4922.25,10.0,2020_2021 6월.xlsx
2020,8,키리바시,출항,4.0,4.0,0.0,34.0,30.0,4.0,2020_2021 6월.xlsx
2020,8,키프로스,출항,17.0,17.0,0.0,99.0,99.0,0.0,2020_2021 6월.xlsx
2020,8,탄자니아,출항,156.0,156.0,0.0,1837.0,1837.0,0.0,2020_2021 6월.xlsx
2020,8,태국,출항,7723.0,6355.0,1368.0,68168.0,56092.0,12076.0,2020_2021 6월.xlsx
2020,8,토고,출항,211.0,211.0,0.0,1276.0,1276.0,0.0,2020_2021 6월.xlsx
2020,8,통가,출항,10.0,0.0,10.0,55.0,9.0,46.0,2020_2021 6월.xlsx
2020,8,튀니지,출항,151.0,151.0,0.0,565.0,565.0,0.0,2020_2021 6월.xlsx
2020,8,튀르키예,출항,8102.0,8066.0,36.0,58888.25,58718.25,170.0,2020_2021 6월.xlsx
2020,8,트리니다드 토바고,출항,21.0,21.0,0.0,377.0,377.0,0.0,2020_2021 6월.xlsx
2020,8,파나마,출항,1162.0,1016.0,146.0,20271.5,9866.0,10405.5,2020_2021 6월.xlsx
2020,8,파라과이,출항,4.0,4.0,0.0,62.0,62.0,0.0,2020_2021 6월.xlsx
2020,8,파키스탄,출항,1107.25,1107.25,0.0,8865.5,8858.5,7.0,2020_2021 6월.xlsx
2020,8,파푸아 뉴기니,출항,120.0,120.0,0.0,573.0,501.0,72.0,2020_2021 6월.xlsx
2020,8,팔라우,출항,7.0,4.0,3.0,62.0,41.0,21.0,2020_2021 6월.xlsx
2020,8,페루,출항,1114.0,584.0,530.0,8839.0,6175.0,2664.0,2020_2021 6월.xlsx
2020,8,포르투갈,출항,153.0,153.0,0.0,2118.0,2118.0,0.0,2020_2021 6월.xlsx
2020,8,폴란드,출항,843.0,843.0,0.0,5937.0,5937.0,0.0,2020_2021 6월.xlsx
2020,8,푸에르토리코,출항,15.0,15.0,0.0,179.0,179.0,0.0,2020_2021 6월.xlsx
2020,8,프랑스,출항,1298.0,1206.0,92.0,10668.0,10064.0,604.0,2020_2021 6월.xlsx
2020,8,프랑스령 기아나,출항,,,,10.0,10.0,0.0,2020_2021 6월.xlsx
2020,8,프랑스령 폴리네시아,출항,8.0,8.0,0.0,49.0,49.0,0.0,2020_2021 6월.xlsx
2020,8,피지,출항,72.0,68.0,4.0,354.0,306.0,48.0,2020_2021 6월.xlsx
2020,8,핀란드,출항,22.0,22.0,0.0,336.0,336.0,0.0,2020_2021 6월.xlsx
2020,8,필리핀,출항,3701.5,3371.5,330.0,27321.5,25593.5,1728.0,2020_2021 6월.xlsx
2020,8,헝가리,출항,20.0,20.0,0.0,48.0,48.0,0.0,2020_2021 6월.xlsx
2020,8,호주,출항,3868.0,3732.0,136.0,43732.0,40358.0,3374.0,2020_2021 6월.xlsx
2020,8,홍콩,출항,5705.5,5669.5,36.0,50071.25,47932.25,2139.0,2020_2021 6월.xlsx
2020,8,가나,출항환적,107.0,107.0,0.0,768.25,768.25,0.0,2020_2021 6월.xlsx
2020,8,가봉,출항환적,,,,18.0,18.0,0.0,2020_2021 6월.xlsx
2020,8,가이아나,출항환적,233.0,233.0,0.0,1315.0,1315.0,0.0,2020_2021 6월.xlsx
2020,8,감비아,출항환적,,,,120.0,120.0,0.0,2020_2021 6월.xlsx
2020,8,과들루프,출항환적,5.0,5.0,0.0,95.0,95.0,0.0,2020_2021 6월.xlsx
2020,8,과테말라,출항환적,943.0,943.0,0.0,9871.75,9871.75,0.0,2020_2021 6월.xlsx
2020,8,괌,출항환적,373.25,373.25,0.0,2311.5,2297.5,14.0,2020_2021 6월.xlsx
2020,8,그레나다,출항환적,19.0,19.0,0.0,318.0,318.0,0.0,2020_2021 6월.xlsx
2020,8,그리스,출항환적,679.0,679.0,0.0,8682.25,8392.25,290.0,2020_2021 6월.xlsx
2020,8,기니,출항환적,21.0,21.0,0.0,177.0,177.0,0.0,2020_2021 6월.xlsx
2020,8,나미비아,출항환적,44.0,44.0,0.0,276.0,276.0,0.0,2020_2021 6월.xlsx
2020,8,나우루,출항환적,,,,16.0,16.0,0.0,2020_2021 6월.xlsx
2020,8,나이지리아,출항환적,98.0,98.0,0.0,1111.25,1111.25,0.0,2020_2021 6월.xlsx
2020,8,남아프리카,출항환적,177.0,177.0,0.0,1926.0,1926.0,0.0,2020_2021 6월.xlsx
2020,8,네덜란드,출항환적,2121.25,2121.25,0.0,19616.5,19560.5,56.0,2020_2021 6월.xlsx
2020,8,노르웨이,출항환적,26.0,26.0,0.0,227.0,227.0,0.0,2020_2021 6월.xlsx
2020,8,뉴질랜드,출항환적,1562.0,1440.0,122.0,10412.0,9316.0,1096.0,2020_2021 6월.xlsx
2020,8,뉴칼레도니아,출항환적,452.0,406.0,46.0,2991.0,2438.0,553.0,2020_2021 6월.xlsx
2020,8,니카라과,출항환적,195.5,195.5,0.0,1429.75,1429.75,0.0,2020_2021 6월.xlsx
2020,8,대만,출항환적,6050.0,5952.0,98.0,67030.0,64301.0,2729.0,2020_2021 6월.xlsx
2020,8,대한민국,출항환적,10895.5,10402.5,493.0,131560.5,124641.5,6919.0,2020_2021 6월.xlsx
2020,8,덴마크,출항환적,118.0,118.0,0.0,1262.0,1262.0,0.0,2020_2021 6월.xlsx
2020,8,도미니카 공화국,출항환적,1410.25,1410.25,0.0,9834.0,9834.0,0.0,2020_2021 6월.xlsx
2020,8,도미니카 연방,출항환적,1.0,1.0,0.0,46.0,46.0,0.0,2020_2021 6월.xlsx
2020,8,독일,출항환적,2588.25,2588.25,0.0,20989.0,20979.0,10.0,2020_2021 6월.xlsx
2020,8,동티모르,출항환적,,,,4.0,4.0,0.0,2020_2021 6월.xlsx
2020,8,라이베리아,출항환적,1.0,1.0,0.0,21.0,21.0,0.0,2020_2021 6월.xlsx
2020,8,라트비아,출항환적,2.0,2.0,0.0,219.0,219.0,0.0,2020_2021 6월.xlsx
2020,8,러시아,출항환적,19787.0,19734.0,53.0,142276.25,139113.25,3163.0,2020_2021 6월.xlsx
2020,8,레바논,출항환적,208.0,208.0,0.0,1488.0,1488.0,0.0,2020_2021 6월.xlsx
2020,8,레위니옹,출항환적,1.0,1.0,0.0,2.0,2.0,0.0,2020_2021 6월.xlsx
2020,8,루마니아,출항환적,331.0,331.0,0.0,2970.75,2970.75,0.0,2020_2021 6월.xlsx
2020,8,리비아,출항환적,48.25,48.25,0.0,529.0,529.0,0.0,2020_2021 6월.xlsx
2020,8,리투아니아,출항환적,40.0,40.0,0.0,213.0,213.0,0.0,2020_2021 6월.xlsx
2020,8,마다가스카르,출항환적,1.0,1.0,0.0,35.0,35.0,0.0,2020_2021 6월.xlsx
2020,8,마르티니크,출항환적,5.0,5.0,0.0,72.0,72.0,0.0,2020_2021 6월.xlsx
2020,8,마샬 제도,출항환적,140.0,140.0,0.0,1083.0,1082.0,1.0,2020_2021 6월.xlsx
2020,8,마카오,출항환적,,,,7.0,7.0,0.0,2020_2021 6월.xlsx
2020,8,말레이시아,출항환적,4194.0,4185.0,9.0,34770.75,34114.75,656.0,2020_2021 6월.xlsx
2020,8,멕시코,출항환적,16466.5,16254.5,212.0,152890.25,151390.25,1500.0,2020_2021 6월.xlsx
2020,8,모로코,출항환적,114.0,114.0,0.0,1462.25,1462.25,0.0,2020_2021 6월.xlsx
2020,8,모리셔스,출항환적,19.0,19.0,0.0,72.0,72.0,0.0,2020_2021 6월.xlsx
2020,8,모리타니,출항환적,10.0,10.0,0.0,85.0,85.0,0.0,2020_2021 6월.xlsx
2020,8,모잠비크,출항환적,89.0,89.0,0.0,357.0,357.0,0.0,2020_2021 6월.xlsx
2020,8,몬테네그로,출항환적,,,,67.0,67.0,0.0,2020_2021 6월.xlsx
2020,8,몰디브,출항환적,3.0,3.0,0.0,31.0,31.0,0.0,2020_2021 6월.xlsx
2020,8,몰타,출항환적,28.0,8.0,20.0,262.25,196.25,66.0,2020_2021 6월.xlsx
2020,8,미국,출항환적,95516.0,94536.0,980.0,688292.5,677166.5,11126.0,2020_2021 6월.xlsx
2020,8,미국령 버진아일랜드,출항환적,3.0,3.0,0.0,9.0,9.0,0.0,2020_2021 6월.xlsx
2020,8,미얀마,출항환적,31.0,31.0,0.0,976.0,976.0,0.0,2020_2021 6월.xlsx
2020,8,미크로네시아,출항환적,220.0,220.0,0.0,1074.0,1074.0,0.0,2020_2021 6월.xlsx
2020,8,바누아투,출항환적,483.0,483.0,0.0,2904.0,2802.0,102.0,2020_2021 6월.xlsx
2020,8,바레인,출항환적,1.0,1.0,0.0,30.0,30.0,0.0,2020_2021 6월.xlsx
2020,8,바베이도스,출항환적,103.0,103.0,0.0,804.0,804.0,0.0,2020_2021 6월.xlsx
2020,8,바하마,출항환적,5086.0,93.0,4993.0,63378.25,557.0,62821.25,2020_2021 6월.xlsx
2020,8,방글라데시,출항환적,5.0,5.0,0.0,273.0,273.0,0.0,2020_2021 6월.xlsx
2020,8,베냉,출항환적,2.0,2.0,0.0,21.0,21.0,0.0,2020_2021 6월.xlsx
2020,8,베네수엘라,출항환적,811.0,811.0,0.0,5065.25,5055.25,10.0,2020_2021 6월.xlsx
2020,8,베트남,출항환적,9903.25,8083.25,1820.0,69548.0,65053.0,4495.0,2020_2021 6월.xlsx
2020,8,벨기에,출항환적,1712.25,1212.25,500.0,7779.25,7251.25,528.0,2020_2021 6월.xlsx
2020,8,벨리즈,출항환적,20.0,20.0,0.0,109.0,109.0,0.0,2020_2021 6월.xlsx
2020,8,북마리아나 제도,출항환적,120.25,120.25,0.0,719.0,717.0,2.0,2020_2021 6월.xlsx
2020,8,불가리아,출항환적,25.0,25.0,0.0,417.0,417.0,0.0,2020_2021 6월.xlsx
2020,8,브라질,출항환적,3724.0,3724.0,0.0,27505.0,26803.0,702.0,2020_2021 6월.xlsx
2020,8,브루나이,출항환적,,,,9.0,9.0,0.0,2020_2021 6월.xlsx
2020,8,사모아,출항환적,335.0,335.0,0.0,1682.0,1682.0,0.0,2020_2021 6월.xlsx
2020,8,사우디아라비아,출항환적,1651.5,1651.5,0.0,15625.25,15625.25,0.0,2020_2021 6월.xlsx
2020,8,세네갈,출항환적,24.0,24.0,0.0,199.0,199.0,0.0,2020_2021 6월.xlsx
2020,8,세이셸,출항환적,,,,6.0,6.0,0.0,2020_2021 6월.xlsx
2020,8,세인트 빈센트 그레나딘,출항환적,4.0,4.0,0.0,77.0,77.0,0.0,2020_2021 6월.xlsx
2020,8,세인트루시아,출항환적,19.0,19.0,0.0,139.0,139.0,0.0,2020_2021 6월.xlsx
2020,8,세인트키츠 네비스,출항환적,2.0,2.0,0.0,15.0,15.0,0.0,2020_2021 6월.xlsx
2020,8,소말리아,출항환적,5.0,5.0,0.0,25.0,25.0,0.0,2020_2021 6월.xlsx
2020,8,솔로몬제도,출항환적,438.0,438.0,0.0,1813.0,1813.0,0.0,2020_2021 6월.xlsx
2020,8,수단,출항환적,101.0,83.0,18.0,643.0,625.0,18.0,2020_2021 6월.xlsx
2020,8,수리남,출항환적,303.0,303.0,0.0,2370.0,2370.0,0.0,2020_2021 6월.xlsx
2020,8,스리랑카,출항환적,19.0,19.0,0.0,280.0,280.0,0.0,2020_2021 6월.xlsx
2020,8,스웨덴,출항환적,49.0,49.0,0.0,1560.0,1560.0,0.0,2020_2021 6월.xlsx
2020,8,스페인,출항환적,1283.0,1283.0,0.0,15421.5,14671.5,750.0,2020_2021 6월.xlsx
2020,8,슬로베니아,출항환적,586.0,586.0,0.0,4432.0,4432.0,0.0,2020_2021 6월.xlsx
2020,8,시리아,출항환적,340.0,340.0,0.0,3482.75,3482.75,0.0,2020_2021 6월.xlsx
2020,8,시에라 리온,출항환적,4.0,4.0,0.0,142.0,142.0,0.0,2020_2021 6월.xlsx
2020,8,싱가포르,출항환적,4160.25,3361.25,799.0,41713.0,32456.0,9257.0,2020_2021 6월.xlsx
2020,8,아랍에미리트연합국,출항환적,4284.5,4284.5,0.0,33325.0,33325.0,0.0,2020_2021 6월.xlsx
2020,8,아루바,출항환적,2.0,2.0,0.0,14.0,14.0,0.0,2020_2021 6월.xlsx
2020,8,아르헨티나,출항환적,695.0,695.0,0.0,5199.0,4833.0,366.0,2020_2021 6월.xlsx
2020,8,아메리칸사모아,출항환적,180.0,180.0,0.0,1104.0,1104.0,0.0,2020_2021 6월.xlsx
2020,8,아이티,출항환적,305.0,305.0,0.0,1755.0,1755.0,0.0,2020_2021 6월.xlsx
2020,8,아일랜드,출항환적,22.0,22.0,0.0,313.25,313.25,0.0,2020_2021 6월.xlsx
2020,8,알바니아,출항환적,6.0,6.0,0.0,58.0,58.0,0.0,2020_2021 6월.xlsx
2020,8,알제리,출항환적,126.75,126.75,0.0,1494.5,1494.5,0.0,2020_2021 6월.xlsx
2020,8,앙골라,출항환적,2.0,2.0,0.0,22.0,22.0,0.0,2020_2021 6월.xlsx
2020,8,앤티가 바부다,출항환적,5.0,5.0,0.0,94.0,94.0,0.0,2020_2021 6월.xlsx
2020,8,앤틸리스제도,출항환적,29.0,29.0,0.0,164.0,164.0,0.0,2020_2021 6월.xlsx
2020,8,에리트레아,출항환적,,,,2.0,2.0,0.0,2020_2021 6월.xlsx
2020,8,에스토니아,출항환적,3.0,3.0,0.0,99.0,99.0,0.0,2020_2021 6월.xlsx
2020,8,에콰도르,출항환적,2932.0,2678.0,254.0,32375.0,18581.0,13794.0,2020_2021 6월.xlsx
2020,8,엘살바도르,출항환적,358.5,358.5,0.0,2811.75,2811.75,0.0,2020_2021 6월.xlsx
2020,8,영국,출항환적,1575.0,1575.0,0.0,10086.5,10075.5,11.0,2020_2021 6월.xlsx
2020,8,영국령 버진아일랜드,출항환적,,,,17.0,17.0,0.0,2020_2021 6월.xlsx
2020,8,예멘,출항환적,2.0,2.0,0.0,22.0,22.0,0.0,2020_2021 6월.xlsx
2020,8,오만,출항환적,227.0,227.0,0.0,2029.25,2017.25,12.0,2020_2021 6월.xlsx
2020,8,온두라스,출항환적,496.0,496.0,0.0,3134.0,3134.0,0.0,2020_2021 6월.xlsx
2020,8,요르단,출항환적,339.0,339.0,0.0,2629.0,2629.0,0.0,2020_2021 6월.xlsx
2020,8,우루과이,출항환적,250.0,250.0,0.0,1076.0,1076.0,0.0,2020_2021 6월.xlsx
2020,8,우크라이나,출항환적,370.25,370.25,0.0,4575.5,4575.5,0.0,2020_2021 6월.xlsx
2020,8,원양어획지역,출항환적,4.0,4.0,0.0,10.0,10.0,0.0,2020_2021 6월.xlsx
2020,8,이라크,출항환적,87.0,87.0,0.0,534.25,534.25,0.0,2020_2021 6월.xlsx
2020,8,이스라엘,출항환적,714.0,710.0,4.0,9036.25,8703.25,333.0,2020_2021 6월.xlsx
2020,8,이집트,출항환적,1431.0,1151.0,280.0,14968.75,14302.75,666.0,2020_2021 6월.xlsx
2020,8,이탈리아,출항환적,1568.0,1566.0,2.0,12332.0,11978.0,354.0,2020_2021 6월.xlsx
2020,8,인도,출항환적,1839.0,1835.0,4.0,21253.75,21227.75,26.0,2020_2021 6월.xlsx
2020,8,인도네시아,출항환적,3305.0,3304.0,1.0,38812.5,38809.5,3.0,2020_2021 6월.xlsx
2020,8,일본,출항환적,70050.0,69004.0,1046.0,617960.0,609039.0,8921.0,2020_2021 6월.xlsx
2020,8,자메이카,출항환적,1123.5,1123.5,0.0,7537.75,7522.75,15.0,2020_2021 6월.xlsx
2020,8,적도 기니,출항환적,,,,2.0,2.0,0.0,2020_2021 6월.xlsx
2020,8,조지아,출항환적,88.0,88.0,0.0,750.0,750.0,0.0,2020_2021 6월.xlsx
2020,8,중국,출항환적,105972.5,95591.25,10381.25,886694.25,700589.5,186104.75,2020_2021 6월.xlsx
2020,8,지부티,출항환적,26.0,26.0,0.0,214.0,214.0,0.0,2020_2021 6월.xlsx
2020,8,칠레,출항환적,12786.25,12404.25,382.0,111093.75,101643.75,9450.0,2020_2021 6월.xlsx
2020,8,카메룬,출항환적,16.0,16.0,0.0,105.0,105.0,0.0,2020_2021 6월.xlsx
2020,8,카보 베르데,출항환적,,,,1.0,1.0,0.0,2020_2021 6월.xlsx
2020,8,카타르,출항환적,222.25,222.25,0.0,2094.5,2094.5,0.0,2020_2021 6월.xlsx
2020,8,캄보디아,출항환적,57.75,57.75,0.0,343.75,343.75,0.0,2020_2021 6월.xlsx
2020,8,캐나다,출항환적,28928.75,28928.75,0.0,191892.25,191073.25,819.0,2020_2021 6월.xlsx
2020,8,케냐,출항환적,158.0,158.0,0.0,596.0,596.0,0.0,2020_2021 6월.xlsx
2020,8,케이맨 제도,출항환적,3.0,3.0,0.0,35.0,35.0,0.0,2020_2021 6월.xlsx
2020,8,코스타리카,출항환적,769.0,769.0,0.0,5899.25,5899.25,0.0,2020_2021 6월.xlsx
2020,8,코트디부아르,출항환적,16.0,16.0,0.0,107.0,107.0,0.0,2020_2021 6월.xlsx
2020,8,콜롬비아,출항환적,6510.25,6510.25,0.0,47474.25,46877.25,597.0,2020_2021 6월.xlsx
2020,8,콩고,출항환적,,,,9.0,9.0,0.0,2020_2021 6월.xlsx
2020,8,콩고 민주 공화국,출항환적,12.0,12.0,0.0,32.0,32.0,0.0,2020_2021 6월.xlsx
2020,8,쿠바,출항환적,75.0,75.0,0.0,1478.0,1478.0,0.0,2020_2021 6월.xlsx
2020,8,쿠웨이트,출항환적,10.0,10.0,0.0,361.0,361.0,0.0,2020_2021 6월.xlsx
2020,8,쿡 제도,출항환적,,,,1.0,1.0,0.0,2020_2021 6월.xlsx
2020,8,퀴라소,출항환적,,,,9.0,9.0,0.0,2020_2021 6월.xlsx
2020,8,크로아티아,출항환적,47.75,47.75,0.0,1071.75,1071.75,0.0,2020_2021 6월.xlsx
2020,8,키리바시,출항환적,164.0,164.0,0.0,1373.0,1373.0,0.0,2020_2021 6월.xlsx
2020,8,키프로스,출항환적,5.0,5.0,0.0,78.0,78.0,0.0,2020_2021 6월.xlsx
2020,8,탄자니아,출항환적,32.0,32.0,0.0,233.0,233.0,0.0,2020_2021 6월.xlsx
2020,8,태국,출항환적,6164.0,5941.0,223.0,60891.0,59575.0,1316.0,2020_2021 6월.xlsx
2020,8,토고,출항환적,,,,91.25,91.25,0.0,2020_2021 6월.xlsx
2020,8,통가,출항환적,103.0,103.0,0.0,628.0,628.0,0.0,2020_2021 6월.xlsx
2020,8,튀니지,출항환적,93.25,93.25,0.0,1084.25,1084.25,0.0,2020_2021 6월.xlsx
2020,8,튀르키예,출항환적,3011.0,3011.0,0.0,24250.0,24100.0,150.0,2020_2021 6월.xlsx
2020,8,트리니다드 토바고,출항환적,480.0,480.0,0.0,3312.5,3112.5,200.0,2020_2021 6월.xlsx
2020,8,파나마,출항환적,3242.75,3222.75,20.0,36994.75,26304.25,10690.5,2020_2021 6월.xlsx
2020,8,파라과이,출항환적,14.0,14.0,0.0,177.0,177.0,0.0,2020_2021 6월.xlsx
2020,8,파키스탄,출항환적,331.0,331.0,0.0,4056.5,4056.5,0.0,2020_2021 6월.xlsx
2020,8,파푸아 뉴기니,출항환적,457.0,457.0,0.0,3335.0,3334.0,1.0,2020_2021 6월.xlsx
2020,8,팔라우,출항환적,11.0,11.0,0.0,88.0,88.0,0.0,2020_2021 6월.xlsx
2020,8,페루,출항환적,4613.0,4517.0,96.0,33645.0,32237.0,1408.0,2020_2021 6월.xlsx
2020,8,포르투갈,출항환적,31.0,31.0,0.0,308.0,308.0,0.0,2020_2021 6월.xlsx
2020,8,폴란드,출항환적,134.0,134.0,0.0,1109.0,1109.0,0.0,2020_2021 6월.xlsx
2020,8,푸에르토리코,출항환적,886.0,886.0,0.0,2969.0,2969.0,0.0,2020_2021 6월.xlsx
2020,8,프랑스,출항환적,1036.0,1032.0,4.0,7686.0,7662.0,24.0,2020_2021 6월.xlsx
2020,8,프랑스령 기아나,출항환적,3.0,3.0,0.0,12.0,12.0,0.0,2020_2021 6월.xlsx
2020,8,프랑스령 폴리네시아,출항환적,73.0,73.0,0.0,572.0,568.0,4.0,2020_2021 6월.xlsx
2020,8,피지,출항환적,486.0,486.0,0.0,3103.0,3092.0,11.0,2020_2021 6월.xlsx
2020,8,핀란드,출항환적,38.0,38.0,0.0,368.0,368.0,0.0,2020_2021 6월.xlsx
2020,8,필리핀,출항환적,4382.25,4382.25,0.0,36901.0,34513.0,2388.0,2020_2021 6월.xlsx
2020,8,호주,출항환적,2548.0,2314.0,234.0,16984.25,15667.25,1317.0,2020_2021 6월.xlsx
2020,8,홍콩,출항환적,4455.5,4405.5,50.0,31286.0,30436.25,849.75,2020_2021 6월.xlsx
2020,9,가나,입항,25.0,25.0,0.0,664.0,664.0,0.0,2020_2021 5월.xlsx
2020,9,가봉,입항,,,,9.0,9.0,0.0,2020_2021 5월.xlsx
2020,9,가이아나,입항,1.0,1.0,0.0,66.0,66.0,0.0,2020_2021 5월.xlsx
2020,9,감비아,입항,6.0,6.0,0.0,85.0,85.0,0.0,2020_2021 5월.xlsx
2020,9,과테말라,입항,750.0,244.0,506.0,4853.0,2682.0,2171.0,2020_2021 5월.xlsx
2020,9,괌,입항,906.75,43.0,863.75,8524.25,542.0,7982.25,2020_2021 5월.xlsx
2020,9,그리스,입항,2051.0,303.0,1748.0,9901.0,3403.0,6498.0,2020_2021 5월.xlsx
2020,9,기니,입항,53.0,53.0,0.0,773.0,773.0,0.0,2020_2021 5월.xlsx
2020,9,기니비사우,입항,2.0,2.0,0.0,28.0,28.0,0.0,2020_2021 5월.xlsx
2020,9,나미비아,입항,19.0,19.0,0.0,196.0,196.0,0.0,2020_2021 5월.xlsx
2020,9,나이지리아,입항,122.0,122.0,0.0,1039.0,1032.0,7.0,2020_2021 5월.xlsx
2020,9,남아프리카,입항,581.0,578.0,3.0,5966.0,5801.0,165.0,2020_2021 5월.xlsx
2020,9,네덜란드,입항,7564.25,6321.25,1243.0,66098.5,61944.5,4154.0,2020_2021 5월.xlsx
2020,9,노르웨이,입항,257.0,257.0,0.0,3792.5,3778.5,14.0,2020_2021 5월.xlsx
2020,9,뉴질랜드,입항,3078.0,2306.0,772.0,25810.0,20252.0,5558.0,2020_2021 5월.xlsx
2020,9,뉴칼레도니아,입항,34.0,18.0,16.0,1236.0,302.0,934.0,2020_2021 5월.xlsx
2020,9,니카라과,입항,19.0,9.0,10.0,561.0,548.0,13.0,2020_2021 5월.xlsx
2020,9,대만,입항,7002.75,4024.0,2978.75,50573.0,34038.25,16534.75,2020_2021 5월.xlsx
2020,9,대한민국,입항,9992.0,0.0,9992.0,39685.25,74.0,39611.25,2020_2021 5월.xlsx
2020,9,덴마크,입항,521.0,521.0,0.0,8068.0,7981.0,87.0,2020_2021 5월.xlsx
2020,9,도미니카 공화국,입항,156.0,151.0,5.0,1408.0,1393.0,15.0,2020_2021 5월.xlsx
2020,9,도미니카 연방,입항,,,,2.0,2.0,0.0,2020_2021 5월.xlsx
2020,9,독일,입항,7539.0,7490.0,49.0,84245.5,77249.0,6996.5,2020_2021 5월.xlsx
2020,9,라이베리아,입항,3.0,3.0,0.0,51.0,51.0,0.0,2020_2021 5월.xlsx
2020,9,라트비아,입항,822.0,816.0,6.0,8786.0,8776.0,10.0,2020_2021 5월.xlsx
2020,9,러시아,입항,5872.0,2626.0,3246.0,58644.25,25182.0,33462.25,2020_2021 5월.xlsx
2020,9,레바논,입항,76.0,47.0,29.0,1567.0,514.0,1053.0,2020_2021 5월.xlsx
2020,9,레위니옹,입항,2.0,2.0,0.0,27.0,27.0,0.0,2020_2021 5월.xlsx
2020,9,루마니아,입항,679.25,154.25,525.0,6536.5,2299.5,4237.0,2020_2021 5월.xlsx
2020,9,리비아,입항,195.0,195.0,0.0,654.0,654.0,0.0,2020_2021 5월.xlsx
2020,9,리투아니아,입항,229.25,229.25,0.0,2835.25,2835.25,0.0,2020_2021 5월.xlsx
2020,9,마다가스카르,입항,8.0,8.0,0.0,210.0,210.0,0.0,2020_2021 5월.xlsx
2020,9,마르티니크,입항,,,,2.0,2.0,0.0,2020_2021 5월.xlsx
2020,9,마샬 제도,입항,511.0,13.0,498.0,3531.0,80.0,3451.0,2020_2021 5월.xlsx
2020,9,말레이시아,입항,6208.25,4221.0,1987.25,64605.25,43668.25,20937.0,2020_2021 5월.xlsx
2020,9,말리,입항,,,,2.0,2.0,0.0,2020_2021 5월.xlsx
2020,9,멕시코,입항,5716.0,2584.0,3132.0,52566.5,24446.0,28120.5,2020_2021 5월.xlsx
2020,9,모로코,입항,216.0,216.0,0.0,1416.0,1408.0,8.0,2020_2021 5월.xlsx
2020,9,모리셔스,입항,17.0,17.0,0.0,167.0,167.0,0.0,2020_2021 5월.xlsx
2020,9,모리타니,입항,59.0,59.0,0.0,245.0,245.0,0.0,2020_2021 5월.xlsx
2020,9,모잠비크,입항,127.0,127.0,0.0,1039.0,1039.0,0.0,2020_2021 5월.xlsx
2020,9,몬테네그로,입항,70.0,70.0,0.0,496.0,496.0,0.0,2020_2021 5월.xlsx
2020,9,몰타,입항,3.0,3.0,0.0,1052.0,110.0,942.0,2020_2021 5월.xlsx
2020,9,미국,입항,49285.75,33230.75,16055.0,510581.0,375692.75,134888.25,2020_2021 5월.xlsx
2020,9,미얀마,입항,828.0,801.0,27.0,6137.0,5127.0,1010.0,2020_2021 5월.xlsx
2020,9,미크로네시아,입항,2.0,0.0,2.0,127.0,15.0,112.0,2020_2021 5월.xlsx
2020,9,바누아투,입항,265.0,1.0,264.0,944.0,5.0,939.0,2020_2021 5월.xlsx
2020,9,바레인,입항,60.0,60.0,0.0,837.0,837.0,0.0,2020_2021 5월.xlsx
2020,9,바베이도스,입항,,,,12.0,12.0,0.0,2020_2021 5월.xlsx
2020,9,바하마,입항,,,,3.0,3.0,0.0,2020_2021 5월.xlsx
2020,9,방글라데시,입항,947.0,801.0,146.0,5834.0,4631.0,1203.0,2020_2021 5월.xlsx
2020,9,베네수엘라,입항,64.0,64.0,0.0,373.0,373.0,0.0,2020_2021 5월.xlsx
2020,9,베트남,입항,11852.25,10977.25,875.0,112809.5,102432.5,10377.0,2020_2021 5월.xlsx
2020,9,벨기에,입항,3271.25,2226.25,1045.0,31516.5,30319.5,1197.0,2020_2021 5월.xlsx
2020,9,벨리즈,입항,,,,1.0,1.0,0.0,2020_2021 5월.xlsx
2020,9,북마리아나 제도,입항,521.0,5.0,516.0,4451.0,90.0,4361.0,2020_2021 5월.xlsx
2020,9,불가리아,입항,55.0,55.0,0.0,748.0,733.0,15.0,2020_2021 5월.xlsx
2020,9,브라질,입항,4222.0,2827.0,1395.0,25890.0,21413.0,4477.0,2020_2021 5월.xlsx
2020,9,브루나이,입항,1.0,1.0,0.0,47.0,47.0,0.0,2020_2021 5월.xlsx
2020,9,사모아,입항,174.0,1.0,173.0,3218.0,17.0,3201.0,2020_2021 5월.xlsx
2020,9,사우디아라비아,입항,2133.0,655.0,1478.0,19124.25,5617.0,13507.25,2020_2021 5월.xlsx
2020,9,세네갈,입항,78.0,78.0,0.0,949.0,949.0,0.0,2020_2021 5월.xlsx
2020,9,세르비아,입항,4.0,4.0,0.0,8.0,8.0,0.0,2020_2021 5월.xlsx
2020,9,세이셸,입항,4.0,4.0,0.0,32.0,32.0,0.0,2020_2021 5월.xlsx
2020,9,세인트 빈센트 그레나딘,입항,,,,10.0,10.0,0.0,2020_2021 5월.xlsx
2020,9,세인트루시아,입항,12.0,12.0,0.0,12.0,12.0,0.0,2020_2021 5월.xlsx
2020,9,소말리아,입항,10.0,10.0,0.0,48.0,48.0,0.0,2020_2021 5월.xlsx
2020,9,솔로몬제도,입항,6.0,6.0,0.0,13.0,13.0,0.0,2020_2021 5월.xlsx
2020,9,수단,입항,25.0,25.0,0.0,149.0,149.0,0.0,2020_2021 5월.xlsx
2020,9,수리남,입항,92.0,92.0,0.0,850.0,850.0,0.0,2020_2021 5월.xlsx
2020,9,스리랑카,입항,420.0,420.0,0.0,3128.0,3097.0,31.0,2020_2021 5월.xlsx
2020,9,스웨덴,입항,793.0,793.0,0.0,11163.0,11111.0,52.0,2020_2021 5월.xlsx
2020,9,스위스,입항,,,,3.0,3.0,0.0,2020_2021 5월.xlsx
2020,9,스페인,입항,4087.25,3750.25,337.0,29084.5,25794.5,3290.0,2020_2021 5월.xlsx
2020,9,슬로베니아,입항,928.25,928.25,0.0,11101.5,10902.5,199.0,2020_2021 5월.xlsx
2020,9,시리아,입항,,,,1.0,1.0,0.0,2020_2021 5월.xlsx
2020,9,시에라 리온,입항,8.0,8.0,0.0,226.0,226.0,0.0,2020_2021 5월.xlsx
2020,9,싱가포르,입항,3910.0,2643.0,1267.0,33592.25,25335.0,8257.25,2020_2021 5월.xlsx
2020,9,아랍에미리트연합국,입항,3582.0,1043.0,2539.0,43378.5,13438.5,29940.0,2020_2021 5월.xlsx
2020,9,아르헨티나,입항,583.0,364.0,219.0,5763.0,2658.0,3105.0,2020_2021 5월.xlsx
2020,9,아메리칸사모아,입항,429.0,13.0,416.0,1555.0,133.0,1422.0,2020_2021 5월.xlsx
2020,9,아이슬란드,입항,,,,84.0,84.0,0.0,2020_2021 5월.xlsx
2020,9,아이티,입항,18.0,18.0,0.0,45.0,45.0,0.0,2020_2021 5월.xlsx
2020,9,아일랜드,입항,179.0,179.0,0.0,1436.0,1374.0,62.0,2020_2021 5월.xlsx
2020,9,알바니아,입항,,,,11.0,11.0,0.0,2020_2021 5월.xlsx
2020,9,알제리,입항,1.0,1.0,0.0,216.0,17.0,199.0,2020_2021 5월.xlsx
2020,9,앙골라,입항,,,,1042.0,55.0,987.0,2020_2021 5월.xlsx
2020,9,앤틸리스제도,입항,,,,31.0,7.0,24.0,2020_2021 5월.xlsx
2020,9,에스토니아,입항,306.0,306.0,0.0,4234.0,4234.0,0.0,2020_2021 5월.xlsx
2020,9,에콰도르,입항,359.0,264.0,95.0,7746.5,2912.0,4834.5,2020_2021 5월.xlsx
2020,9,엘살바도르,입항,47.0,45.0,2.0,500.0,489.0,11.0,2020_2021 5월.xlsx
2020,9,영국,입항,2165.5,1878.5,287.0,15781.0,14368.25,1412.75,2020_2021 5월.xlsx
2020,9,예멘,입항,165.0,165.0,0.0,1391.0,1391.0,0.0,2020_2021 5월.xlsx
2020,9,오만,입항,82.0,82.0,0.0,6469.0,1068.0,5401.0,2020_2021 5월.xlsx
2020,9,온두라스,입항,26.0,21.0,5.0,658.0,651.0,7.0,2020_2021 5월.xlsx
2020,9,요르단,입항,551.0,156.0,395.0,2552.0,949.0,1603.0,2020_2021 5월.xlsx
2020,9,우루과이,입항,240.0,126.0,114.0,1703.0,856.0,847.0,2020_2021 5월.xlsx
2020,9,우크라이나,입항,446.0,320.0,126.0,3829.0,2518.0,1311.0,2020_2021 5월.xlsx
2020,9,이라크,입항,,,,1624.0,10.0,1614.0,2020_2021 5월.xlsx
2020,9,이란,입항,,,,98.0,28.0,70.0,2020_2021 5월.xlsx
2020,9,이스라엘,입항,746.0,342.0,404.0,6781.0,3079.0,3702.0,2020_2021 5월.xlsx
2020,9,이집트,입항,1644.0,273.0,1371.0,12113.0,3194.0,8919.0,2020_2021 5월.xlsx
2020,9,이탈리아,입항,5592.25,5475.25,117.0,42872.5,38037.5,4835.0,2020_2021 5월.xlsx
2020,9,인도,입항,7458.0,6675.0,783.0,75645.25,53555.0,22090.25,2020_2021 5월.xlsx
2020,9,인도네시아,입항,5798.75,4714.5,1084.25,59477.0,44760.75,14716.25,2020_2021 5월.xlsx
2020,9,일본,입항,54236.0,17895.0,36341.0,640407.25,174833.5,465573.75,2020_2021 5월.xlsx
2020,9,자메이카,입항,1065.25,6.0,1059.25,9077.25,221.0,8856.25,2020_2021 5월.xlsx
2020,9,적도 기니,입항,4.0,4.0,0.0,17.0,17.0,0.0,2020_2021 5월.xlsx
2020,9,조지아,입항,9.0,9.0,0.0,159.0,159.0,0.0,2020_2021 5월.xlsx
2020,9,중국,입항,98474.25,71168.5,27305.75,806187.5,636773.0,169414.5,2020_2021 5월.xlsx
2020,9,지부티,입항,110.0,110.0,0.0,810.0,810.0,0.0,2020_2021 5월.xlsx
2020,9,지브롤터,입항,,,,29.0,29.0,0.0,2020_2021 5월.xlsx
2020,9,체코,입항,,,,40.0,40.0,0.0,2020_2021 5월.xlsx
2020,9,칠레,입항,6036.0,5377.0,659.0,51622.0,47395.0,4227.0,2020_2021 5월.xlsx
2020,9,카메룬,입항,,,,12.0,12.0,0.0,2020_2021 5월.xlsx
2020,9,카타르,입항,371.0,371.0,0.0,4257.0,3936.0,321.0,2020_2021 5월.xlsx
2020,9,캄보디아,입항,153.0,153.0,0.0,1298.0,1296.0,2.0,2020_2021 5월.xlsx
2020,9,캐나다,입항,8498.25,4534.25,3964.0,60282.25,42877.5,17404.75,2020_2021 5월.xlsx
2020,9,케냐,입항,26.0,26.0,0.0,308.0,308.0,0.0,2020_2021 5월.xlsx
2020,9,코스타리카,입항,34.0,32.0,2.0,975.0,958.0,17.0,2020_2021 5월.xlsx
2020,9,코트디부아르,입항,7.0,7.0,0.0,58.0,58.0,0.0,2020_2021 5월.xlsx
2020,9,콜롬비아,입항,2618.0,621.0,1997.0,11493.0,5080.0,6413.0,2020_2021 5월.xlsx
2020,9,콩고,입항,9.0,9.0,0.0,126.0,30.0,96.0,2020_2021 5월.xlsx
2020,9,콩고 민주 공화국,입항,4.0,4.0,0.0,30.0,30.0,0.0,2020_2021 5월.xlsx
2020,9,쿠바,입항,2.0,2.0,0.0,6.0,6.0,0.0,2020_2021 5월.xlsx
2020,9,쿠웨이트,입항,40.0,40.0,0.0,442.0,374.0,68.0,2020_2021 5월.xlsx
2020,9,크로아티아,입항,120.0,120.0,0.0,836.0,807.0,29.0,2020_2021 5월.xlsx
2020,9,키리바시,입항,10.0,0.0,10.0,822.0,1.0,821.0,2020_2021 5월.xlsx
2020,9,키프로스,입항,8.0,8.0,0.0,114.0,114.0,0.0,2020_2021 5월.xlsx
2020,9,탄자니아,입항,206.0,206.0,0.0,2090.0,2090.0,0.0,2020_2021 5월.xlsx
2020,9,태국,입항,6329.0,6109.0,220.0,59440.0,55882.0,3558.0,2020_2021 5월.xlsx
2020,9,토고,입항,143.0,143.0,0.0,1106.0,1106.0,0.0,2020_2021 5월.xlsx
2020,9,통가,입항,123.0,1.0,122.0,823.0,17.0,806.0,2020_2021 5월.xlsx
2020,9,튀니지,입항,56.0,56.0,0.0,462.0,459.0,3.0,2020_2021 5월.xlsx
2020,9,튀르키예,입항,3082.25,1197.25,1885.0,21143.0,13585.0,7558.0,2020_2021 5월.xlsx
2020,9,트리니다드 토바고,입항,22.0,22.0,0.0,548.0,548.0,0.0,2020_2021 5월.xlsx
2020,9,파나마,입항,1074.0,153.0,921.0,37157.5,1041.0,36116.5,2020_2021 5월.xlsx
2020,9,파라과이,입항,61.0,61.0,0.0,229.0,229.0,0.0,2020_2021 5월.xlsx
2020,9,파키스탄,입항,805.5,503.0,302.5,10053.0,4542.0,5511.0,2020_2021 5월.xlsx
2020,9,파푸아 뉴기니,입항,16.0,16.0,0.0,238.0,238.0,0.0,2020_2021 5월.xlsx
2020,9,팔라우,입항,,,,50.0,37.0,13.0,2020_2021 5월.xlsx
2020,9,페루,입항,2301.0,1889.0,412.0,19092.0,15079.0,4013.0,2020_2021 5월.xlsx
2020,9,포르투갈,입항,260.0,259.0,1.0,2268.0,2267.0,1.0,2020_2021 5월.xlsx
2020,9,폴란드,입항,1030.0,1030.0,0.0,9582.5,9528.5,54.0,2020_2021 5월.xlsx
2020,9,푸에르토리코,입항,148.0,148.0,0.0,1521.0,1521.0,0.0,2020_2021 5월.xlsx
2020,9,프랑스,입항,2826.0,2784.0,42.0,22208.25,20577.25,1631.0,2020_2021 5월.xlsx
2020,9,프랑스령 기아나,입항,,,,9.0,9.0,0.0,2020_2021 5월.xlsx
2020,9,프랑스령 폴리네시아,입항,203.0,6.0,197.0,2128.0,35.0,2093.0,2020_2021 5월.xlsx
2020,9,피지,입항,222.0,17.0,205.0,1044.0,231.0,813.0,2020_2021 5월.xlsx
2020,9,핀란드,입항,997.0,979.0,18.0,9509.0,9361.0,148.0,2020_2021 5월.xlsx
2020,9,필리핀,입항,4346.0,1737.0,2609.0,42693.5,16244.0,26449.5,2020_2021 5월.xlsx
2020,9,헝가리,입항,2.0,2.0,0.0,104.0,104.0,0.0,2020_2021 5월.xlsx
2020,9,호주,입항,11083.0,5375.0,5708.0,104175.5,54062.0,50113.5,2020_2021 5월.xlsx
2020,9,홍콩,입항,3769.25,2409.0,1360.25,27066.0,20272.0,6794.0,2020_2021 5월.xlsx
2020,9,가나,입항환적,35.0,35.0,0.0,530.0,530.0,0.0,2020_2021 5월.xlsx
2020,9,가봉,입항환적,8.0,8.0,0.0,898.0,898.0,0.0,2020_2021 5월.xlsx
2020,9,가이아나,입항환적,212.0,212.0,0.0,1593.0,1593.0,0.0,2020_2021 5월.xlsx
2020,9,감비아,입항환적,,,,14.0,14.0,0.0,2020_2021 5월.xlsx
2020,9,과들루프,입항환적,,,,14.0,14.0,0.0,2020_2021 5월.xlsx
2020,9,과테말라,입항환적,420.0,420.0,0.0,3745.0,3745.0,0.0,2020_2021 5월.xlsx
2020,9,괌,입항환적,247.75,183.75,64.0,2704.5,1891.5,813.0,2020_2021 5월.xlsx
2020,9,그리스,입항환적,280.0,162.0,118.0,4006.0,2834.0,1172.0,2020_2021 5월.xlsx
2020,9,기니,입항환적,1.0,1.0,0.0,2.0,2.0,0.0,2020_2021 5월.xlsx
2020,9,기니비사우,입항환적,,,,4.0,4.0,0.0,2020_2021 5월.xlsx
2020,9,기타국가,입항환적,,,,15.0,15.0,0.0,2020_2021 5월.xlsx
2020,9,나미비아,입항환적,21.0,21.0,0.0,48.0,48.0,0.0,2020_2021 5월.xlsx
2020,9,나이지리아,입항환적,83.0,83.0,0.0,893.0,861.0,32.0,2020_2021 5월.xlsx
2020,9,남아프리카,입항환적,798.0,798.0,0.0,6002.0,5422.0,580.0,2020_2021 5월.xlsx
2020,9,네덜란드,입항환적,2201.0,2201.0,0.0,23110.25,22070.25,1040.0,2020_2021 5월.xlsx
2020,9,노르웨이,입항환적,121.0,121.0,0.0,1338.0,1338.0,0.0,2020_2021 5월.xlsx
2020,9,뉴질랜드,입항환적,2624.0,2609.0,15.0,23623.0,20248.0,3375.0,2020_2021 5월.xlsx
2020,9,뉴칼레도니아,입항환적,381.0,381.0,0.0,4645.0,4616.0,29.0,2020_2021 5월.xlsx
2020,9,니카라과,입항환적,331.0,331.0,0.0,2729.0,2729.0,0.0,2020_2021 5월.xlsx
2020,9,대만,입항환적,6958.25,6758.25,200.0,51944.75,51095.75,849.0,2020_2021 5월.xlsx
2020,9,대한민국,입항환적,8572.5,8224.5,348.0,74256.75,71739.75,2517.0,2020_2021 5월.xlsx
2020,9,덴마크,입항환적,122.0,122.0,0.0,1887.0,1887.0,0.0,2020_2021 5월.xlsx
2020,9,도미니카 공화국,입항환적,58.0,58.0,0.0,572.0,572.0,0.0,2020_2021 5월.xlsx
2020,9,독일,입항환적,3212.0,3212.0,0.0,25826.5,22845.5,2981.0,2020_2021 5월.xlsx
2020,9,동티모르,입항환적,14.0,14.0,0.0,15.0,15.0,0.0,2020_2021 5월.xlsx
2020,9,라트비아,입항환적,268.0,268.0,0.0,2612.0,2612.0,0.0,2020_2021 5월.xlsx
2020,9,러시아,입항환적,14077.0,13460.0,617.0,128616.5,120829.0,7787.5,2020_2021 5월.xlsx
2020,9,레바논,입항환적,9.0,9.0,0.0,127.0,127.0,0.0,2020_2021 5월.xlsx
2020,9,레위니옹,입항환적,,,,6.0,6.0,0.0,2020_2021 5월.xlsx
2020,9,루마니아,입항환적,518.0,498.0,20.0,7150.25,7130.25,20.0,2020_2021 5월.xlsx
2020,9,리투아니아,입항환적,13.0,13.0,0.0,531.0,531.0,0.0,2020_2021 5월.xlsx
2020,9,마다가스카르,입항환적,8.0,8.0,0.0,77.0,77.0,0.0,2020_2021 5월.xlsx
2020,9,마르티니크,입항환적,,,,22.0,22.0,0.0,2020_2021 5월.xlsx
2020,9,마샬 제도,입항환적,28.0,27.0,1.0,524.0,501.0,23.0,2020_2021 5월.xlsx
2020,9,말레이시아,입항환적,8488.5,8160.5,328.0,65933.5,64831.5,1102.0,2020_2021 5월.xlsx
2020,9,멕시코,입항환적,5807.0,5800.0,7.0,46731.5,42417.0,4314.5,2020_2021 5월.xlsx
2020,9,모로코,입항환적,41.0,41.0,0.0,748.0,748.0,0.0,2020_2021 5월.xlsx
2020,9,모리셔스,입항환적,8.0,8.0,0.0,257.0,257.0,0.0,2020_2021 5월.xlsx
2020,9,모리타니,입항환적,16.0,16.0,0.0,361.0,361.0,0.0,2020_2021 5월.xlsx
2020,9,모잠비크,입항환적,40.0,40.0,0.0,360.0,360.0,0.0,2020_2021 5월.xlsx
2020,9,몬테네그로,입항환적,2.0,2.0,0.0,19.0,19.0,0.0,2020_2021 5월.xlsx
2020,9,몰디브,입항환적,,,,7.0,7.0,0.0,2020_2021 5월.xlsx
2020,9,몰타,입항환적,5.0,5.0,0.0,193.0,193.0,0.0,2020_2021 5월.xlsx
2020,9,미국,입항환적,40934.25,39509.25,1425.0,503070.5,434030.75,69039.75,2020_2021 5월.xlsx
2020,9,미얀마,입항환적,262.0,262.0,0.0,2490.0,2096.0,394.0,2020_2021 5월.xlsx
2020,9,미크로네시아,입항환적,7.0,5.0,2.0,111.0,103.0,8.0,2020_2021 5월.xlsx
2020,9,바누아투,입항환적,36.0,8.0,28.0,462.0,29.0,433.0,2020_2021 5월.xlsx
2020,9,바레인,입항환적,12.0,12.0,0.0,569.0,569.0,0.0,2020_2021 5월.xlsx
2020,9,바베이도스,입항환적,3.0,3.0,0.0,68.0,68.0,0.0,2020_2021 5월.xlsx
2020,9,바하마,입항환적,,,,2.0,1.0,1.0,2020_2021 5월.xlsx
2020,9,방글라데시,입항환적,503.25,503.25,0.0,4397.75,4388.75,9.0,2020_2021 5월.xlsx
2020,9,베네수엘라,입항환적,83.0,83.0,0.0,734.0,734.0,0.0,2020_2021 5월.xlsx
2020,9,베트남,입항환적,8780.75,8747.75,33.0,84417.5,84244.5,173.0,2020_2021 5월.xlsx
2020,9,벨기에,입항환적,837.0,831.0,6.0,8975.5,8968.5,7.0,2020_2021 5월.xlsx
2020,9,벨리즈,입항환적,,,,38.0,38.0,0.0,2020_2021 5월.xlsx
2020,9,북마리아나 제도,입항환적,1.0,1.0,0.0,391.25,17.25,374.0,2020_2021 5월.xlsx
2020,9,불가리아,입항환적,303.0,303.0,0.0,1321.0,1321.0,0.0,2020_2021 5월.xlsx
2020,9,브라질,입항환적,4532.0,4332.0,200.0,43949.0,42547.0,1402.0,2020_2021 5월.xlsx
2020,9,브루나이,입항환적,20.0,20.0,0.0,56.0,56.0,0.0,2020_2021 5월.xlsx
2020,9,사모아,입항환적,22.0,18.0,4.0,222.0,157.0,65.0,2020_2021 5월.xlsx
2020,9,사우디아라비아,입항환적,1035.0,1035.0,0.0,12219.0,10578.0,1641.0,2020_2021 5월.xlsx
2020,9,세네갈,입항환적,50.0,50.0,0.0,1481.0,1481.0,0.0,2020_2021 5월.xlsx
2020,9,세이셸,입항환적,,,,133.0,133.0,0.0,2020_2021 5월.xlsx
2020,9,세인트루시아,입항환적,12.0,12.0,0.0,51.0,51.0,0.0,2020_2021 5월.xlsx
2020,9,소말리아,입항환적,,,,2.0,2.0,0.0,2020_2021 5월.xlsx
2020,9,솔로몬제도,입항환적,,,,29.0,29.0,0.0,2020_2021 5월.xlsx
2020,9,수단,입항환적,141.0,141.0,0.0,4669.0,4669.0,0.0,2020_2021 5월.xlsx
2020,9,수리남,입항환적,84.0,84.0,0.0,1682.0,1682.0,0.0,2020_2021 5월.xlsx
2020,9,스리랑카,입항환적,643.0,643.0,0.0,3342.75,3340.75,2.0,2020_2021 5월.xlsx
2020,9,스웨덴,입항환적,602.0,602.0,0.0,8741.0,8741.0,0.0,2020_2021 5월.xlsx
2020,9,스페인,입항환적,2215.0,2165.0,50.0,18145.0,16923.0,1222.0,2020_2021 5월.xlsx
2020,9,슬로베니아,입항환적,691.0,691.0,0.0,6462.0,6462.0,0.0,2020_2021 5월.xlsx
2020,9,시리아,입항환적,,,,8.0,8.0,0.0,2020_2021 5월.xlsx
2020,9,시에라 리온,입항환적,,,,69.0,69.0,0.0,2020_2021 5월.xlsx
2020,9,싱가포르,입항환적,1965.25,1911.25,54.0,19954.25,19223.0,731.25,2020_2021 5월.xlsx
2020,9,아랍에미리트연합국,입항환적,2290.25,2188.25,102.0,23688.25,17419.0,6269.25,2020_2021 5월.xlsx
2020,9,아르헨티나,입항환적,904.0,904.0,0.0,7758.0,7310.0,448.0,2020_2021 5월.xlsx
2020,9,아메리칸사모아,입항환적,7.0,7.0,0.0,93.0,29.0,64.0,2020_2021 5월.xlsx
2020,9,아이슬란드,입항환적,,,,97.0,97.0,0.0,2020_2021 5월.xlsx
2020,9,아이티,입항환적,36.0,36.0,0.0,151.0,151.0,0.0,2020_2021 5월.xlsx
2020,9,아일랜드,입항환적,129.0,129.0,0.0,645.0,643.0,2.0,2020_2021 5월.xlsx
2020,9,알바니아,입항환적,1.0,1.0,0.0,498.0,498.0,0.0,2020_2021 5월.xlsx
2020,9,알제리,입항환적,2.0,2.0,0.0,24.0,24.0,0.0,2020_2021 5월.xlsx
2020,9,앙골라,입항환적,1.0,1.0,0.0,263.0,1.0,262.0,2020_2021 5월.xlsx
2020,9,앤틸리스제도,입항환적,,,,1.0,1.0,0.0,2020_2021 5월.xlsx
2020,9,에스토니아,입항환적,50.0,50.0,0.0,603.0,603.0,0.0,2020_2021 5월.xlsx
2020,9,에콰도르,입항환적,3565.0,3551.0,14.0,48317.25,47131.0,1186.25,2020_2021 5월.xlsx
2020,9,엘살바도르,입항환적,47.0,47.0,0.0,610.0,610.0,0.0,2020_2021 5월.xlsx
2020,9,영국,입항환적,402.0,402.0,0.0,4725.75,4677.75,48.0,2020_2021 5월.xlsx
2020,9,예멘,입항환적,,,,8.0,8.0,0.0,2020_2021 5월.xlsx
2020,9,오만,입항환적,301.0,301.0,0.0,6686.0,6668.0,18.0,2020_2021 5월.xlsx
2020,9,온두라스,입항환적,35.0,35.0,0.0,410.0,410.0,0.0,2020_2021 5월.xlsx
2020,9,요르단,입항환적,19.0,19.0,0.0,2304.0,211.0,2093.0,2020_2021 5월.xlsx
2020,9,우루과이,입항환적,276.0,276.0,0.0,3273.0,3247.0,26.0,2020_2021 5월.xlsx
2020,9,우크라이나,입항환적,797.0,797.0,0.0,6999.5,6999.5,0.0,2020_2021 5월.xlsx
2020,9,원양어획지역,입항환적,78.0,78.0,0.0,621.0,621.0,0.0,2020_2021 5월.xlsx
2020,9,이라크,입항환적,,,,10.0,10.0,0.0,2020_2021 5월.xlsx
2020,9,이스라엘,입항환적,211.0,211.0,0.0,2431.0,1445.0,986.0,2020_2021 5월.xlsx
2020,9,이집트,입항환적,486.0,486.0,0.0,6880.0,4573.0,2307.0,2020_2021 5월.xlsx
2020,9,이탈리아,입항환적,3015.0,3015.0,0.0,25115.75,23083.5,2032.25,2020_2021 5월.xlsx
2020,9,인도,입항환적,4826.75,4742.75,84.0,44406.0,43839.0,567.0,2020_2021 5월.xlsx
2020,9,인도네시아,입항환적,10424.25,10363.25,61.0,96118.5,95883.5,235.0,2020_2021 5월.xlsx
2020,9,일본,입항환적,58732.0,51042.0,7690.0,597911.25,473360.0,124551.25,2020_2021 5월.xlsx
2020,9,자메이카,입항환적,30.0,30.0,0.0,1597.0,72.0,1525.0,2020_2021 5월.xlsx
2020,9,적도 기니,입항환적,,,,28.0,28.0,0.0,2020_2021 5월.xlsx
2020,9,조지아,입항환적,154.0,154.0,0.0,665.0,665.0,0.0,2020_2021 5월.xlsx
2020,9,중국,입항환적,212554.25,205481.5,7072.75,1800949.0,1705231.25,95717.75,2020_2021 5월.xlsx
2020,9,지부티,입항환적,13.0,13.0,0.0,252.0,252.0,0.0,2020_2021 5월.xlsx
2020,9,차드,입항환적,,,,1.0,1.0,0.0,2020_2021 5월.xlsx
2020,9,체코,입항환적,,,,1.0,1.0,0.0,2020_2021 5월.xlsx
2020,9,칠레,입항환적,5577.0,5539.0,38.0,54988.0,54436.0,552.0,2020_2021 5월.xlsx
2020,9,카메룬,입항환적,4.0,4.0,0.0,81.0,81.0,0.0,2020_2021 5월.xlsx
2020,9,카보 베르데,입항환적,2.0,2.0,0.0,18.0,18.0,0.0,2020_2021 5월.xlsx
2020,9,카타르,입항환적,204.0,204.0,0.0,2113.0,2113.0,0.0,2020_2021 5월.xlsx
2020,9,캄보디아,입항환적,561.0,538.0,23.0,3998.75,3975.75,23.0,2020_2021 5월.xlsx
2020,9,캐나다,입항환적,11717.25,11709.25,8.0,114237.5,108963.5,5274.0,2020_2021 5월.xlsx
2020,9,케냐,입항환적,85.0,85.0,0.0,496.0,496.0,0.0,2020_2021 5월.xlsx
2020,9,코모로,입항환적,,,,2.0,2.0,0.0,2020_2021 5월.xlsx
2020,9,코스타리카,입항환적,276.0,276.0,0.0,3586.0,3354.0,232.0,2020_2021 5월.xlsx
2020,9,코트디부아르,입항환적,1.0,1.0,0.0,100.0,100.0,0.0,2020_2021 5월.xlsx
2020,9,콜롬비아,입항환적,990.0,402.0,588.0,7708.75,3900.0,3808.75,2020_2021 5월.xlsx
2020,9,콩고,입항환적,,,,1.0,1.0,0.0,2020_2021 5월.xlsx
2020,9,콩고 민주 공화국,입항환적,88.0,88.0,0.0,94.0,94.0,0.0,2020_2021 5월.xlsx
2020,9,쿠바,입항환적,60.0,60.0,0.0,693.0,693.0,0.0,2020_2021 5월.xlsx
2020,9,쿠웨이트,입항환적,34.0,34.0,0.0,470.0,470.0,0.0,2020_2021 5월.xlsx
2020,9,퀴라소,입항환적,,,,4.0,4.0,0.0,2020_2021 5월.xlsx
2020,9,크로아티아,입항환적,68.0,68.0,0.0,691.0,691.0,0.0,2020_2021 5월.xlsx
2020,9,키리바시,입항환적,,,,16.0,2.0,14.0,2020_2021 5월.xlsx
2020,9,키프로스,입항환적,5.0,5.0,0.0,158.0,158.0,0.0,2020_2021 5월.xlsx
2020,9,탄자니아,입항환적,121.0,121.0,0.0,183.0,183.0,0.0,2020_2021 5월.xlsx
2020,9,태국,입항환적,7619.25,7618.25,1.0,75842.5,75537.5,305.0,2020_2021 5월.xlsx
2020,9,토고,입항환적,3.0,3.0,0.0,45.0,45.0,0.0,2020_2021 5월.xlsx
2020,9,통가,입항환적,6.0,0.0,6.0,43.0,17.0,26.0,2020_2021 5월.xlsx
2020,9,튀니지,입항환적,6.0,6.0,0.0,61.0,61.0,0.0,2020_2021 5월.xlsx
2020,9,튀르키예,입항환적,2093.0,2078.0,15.0,21945.0,19621.0,2324.0,2020_2021 5월.xlsx
2020,9,트리니다드 토바고,입항환적,60.0,60.0,0.0,180.0,180.0,0.0,2020_2021 5월.xlsx
2020,9,파나마,입항환적,1282.0,1097.0,185.0,20763.0,11440.0,9323.0,2020_2021 5월.xlsx
2020,9,파라과이,입항환적,11.0,11.0,0.0,288.0,288.0,0.0,2020_2021 5월.xlsx
2020,9,파키스탄,입항환적,855.0,855.0,0.0,9920.75,9529.75,391.0,2020_2021 5월.xlsx
2020,9,파푸아 뉴기니,입항환적,,,,113.0,111.0,2.0,2020_2021 5월.xlsx
2020,9,페로 제도,입항환적,4.0,4.0,0.0,4.0,4.0,0.0,2020_2021 5월.xlsx
2020,9,페루,입항환적,3509.0,3509.0,0.0,19671.0,19279.0,392.0,2020_2021 5월.xlsx
2020,9,포르투갈,입항환적,151.0,151.0,0.0,2389.25,2389.25,0.0,2020_2021 5월.xlsx
2020,9,폴란드,입항환적,173.0,173.0,0.0,1489.0,1489.0,0.0,2020_2021 5월.xlsx
2020,9,푸에르토리코,입항환적,274.0,274.0,0.0,1726.0,1726.0,0.0,2020_2021 5월.xlsx
2020,9,프랑스,입항환적,1645.0,1645.0,0.0,14249.0,12418.0,1831.0,2020_2021 5월.xlsx
2020,9,프랑스령 폴리네시아,입항환적,,,,54.0,6.0,48.0,2020_2021 5월.xlsx
2020,9,피지,입항환적,33.0,8.0,25.0,285.0,180.0,105.0,2020_2021 5월.xlsx
2020,9,핀란드,입항환적,963.0,963.0,0.0,10763.0,10763.0,0.0,2020_2021 5월.xlsx
2020,9,필리핀,입항환적,7444.75,7233.75,211.0,63667.25,56490.5,7176.75,2020_2021 5월.xlsx
2020,9,헝가리,입항환적,2.0,2.0,0.0,10.0,10.0,0.0,2020_2021 5월.xlsx
2020,9,호주,입항환적,8237.0,8236.0,1.0,75171.0,67020.0,8151.0,2020_2021 5월.xlsx
2020,9,홍콩,입항환적,2827.0,2825.0,2.0,26225.75,24852.0,1373.75,2020_2021 5월.xlsx
2020,9,가나,출항,295.0,295.0,0.0,2337.0,2334.0,3.0,2020_2021 5월.xlsx
2020,9,가봉,출항,2.0,2.0,0.0,14.0,14.0,0.0,2020_2021 5월.xlsx
2020,9,가이아나,출항,8.0,8.0,0.0,53.0,53.0,0.0,2020_2021 5월.xlsx
2020,9,감비아,출항,,,,6.0,6.0,0.0,2020_2021 5월.xlsx
2020,9,과들루프,출항,1.0,1.0,0.0,14.0,14.0,0.0,2020_2021 5월.xlsx
2020,9,과테말라,출항,237.0,237.0,0.0,2027.0,1893.0,134.0,2020_2021 5월.xlsx
2020,9,괌,출항,145.0,145.0,0.0,1979.75,1934.75,45.0,2020_2021 5월.xlsx
2020,9,그레나다,출항,,,,20.0,20.0,0.0,2020_2021 5월.xlsx
2020,9,그리스,출항,1429.0,1429.0,0.0,12436.0,12410.0,26.0,2020_2021 5월.xlsx
2020,9,기니,출항,1.0,1.0,0.0,152.0,152.0,0.0,2020_2021 5월.xlsx
2020,9,나미비아,출항,5.0,5.0,0.0,27.0,27.0,0.0,2020_2021 5월.xlsx
2020,9,나이지리아,출항,160.0,160.0,0.0,2358.0,2358.0,0.0,2020_2021 5월.xlsx
2020,9,남아프리카,출항,575.0,519.0,56.0,4004.0,3914.0,90.0,2020_2021 5월.xlsx
2020,9,네덜란드,출항,6362.0,6342.0,20.0,51106.75,50882.75,224.0,2020_2021 5월.xlsx
2020,9,노르웨이,출항,23.0,23.0,0.0,258.0,258.0,0.0,2020_2021 5월.xlsx
2020,9,뉴질랜드,출항,1295.0,1220.0,75.0,12267.0,10707.0,1560.0,2020_2021 5월.xlsx
2020,9,뉴칼레도니아,출항,39.0,39.0,0.0,187.0,181.0,6.0,2020_2021 5월.xlsx
2020,9,니카라과,출항,49.0,49.0,0.0,575.0,575.0,0.0,2020_2021 5월.xlsx
2020,9,대만,출항,8652.25,8011.25,641.0,91737.75,86732.5,5005.25,2020_2021 5월.xlsx
2020,9,대한민국,출항,6347.0,223.0,6124.0,72525.25,1011.0,71514.25,2020_2021 5월.xlsx
2020,9,덴마크,출항,157.0,157.0,0.0,1843.0,1843.0,0.0,2020_2021 5월.xlsx
2020,9,도미니카 공화국,출항,220.0,220.0,0.0,1744.0,1601.0,143.0,2020_2021 5월.xlsx
2020,9,도미니카 연방,출항,3.0,3.0,0.0,3.0,3.0,0.0,2020_2021 5월.xlsx
2020,9,독일,출항,6610.0,6588.0,22.0,66420.0,65632.0,788.0,2020_2021 5월.xlsx
2020,9,동티모르,출항,,,,10.0,10.0,0.0,2020_2021 5월.xlsx
2020,9,라이베리아,출항,1.0,1.0,0.0,52.0,52.0,0.0,2020_2021 5월.xlsx
2020,9,라트비아,출항,38.0,38.0,0.0,366.25,366.25,0.0,2020_2021 5월.xlsx
2020,9,러시아,출항,12557.5,12396.5,161.0,95752.75,88131.75,7621.0,2020_2021 5월.xlsx
2020,9,레바논,출항,89.0,89.0,0.0,695.0,695.0,0.0,2020_2021 5월.xlsx
2020,9,레위니옹,출항,,,,48.0,48.0,0.0,2020_2021 5월.xlsx
2020,9,루마니아,출항,218.0,218.0,0.0,2405.0,2399.0,6.0,2020_2021 5월.xlsx
2020,9,리비아,출항,108.0,108.0,0.0,1109.0,1109.0,0.0,2020_2021 5월.xlsx
2020,9,리투아니아,출항,289.0,289.0,0.0,1963.0,1963.0,0.0,2020_2021 5월.xlsx
2020,9,마다가스카르,출항,9.0,9.0,0.0,87.0,87.0,0.0,2020_2021 5월.xlsx
2020,9,마르티니크,출항,3.0,3.0,0.0,29.0,29.0,0.0,2020_2021 5월.xlsx
2020,9,마샬 제도,출항,47.0,19.0,28.0,715.0,158.0,557.0,2020_2021 5월.xlsx
2020,9,마요트,출항,20.0,20.0,0.0,74.0,74.0,0.0,2020_2021 5월.xlsx
2020,9,말레이시아,출항,6977.25,6897.25,80.0,68158.5,66705.5,1453.0,2020_2021 5월.xlsx
2020,9,멕시코,출항,15830.0,14862.0,968.0,108071.75,102907.75,5164.0,2020_2021 5월.xlsx
2020,9,모로코,출항,254.0,254.0,0.0,2044.0,2044.0,0.0,2020_2021 5월.xlsx
2020,9,모리셔스,출항,43.0,43.0,0.0,126.0,126.0,0.0,2020_2021 5월.xlsx
2020,9,모리타니,출항,,,,78.0,78.0,0.0,2020_2021 5월.xlsx
2020,9,모잠비크,출항,135.0,135.0,0.0,1180.0,1180.0,0.0,2020_2021 5월.xlsx
2020,9,몬테네그로,출항,2.0,2.0,0.0,36.0,36.0,0.0,2020_2021 5월.xlsx
2020,9,몰디브,출항,,,,17.0,17.0,0.0,2020_2021 5월.xlsx
2020,9,몰타,출항,64.0,34.0,30.0,435.0,279.0,156.0,2020_2021 5월.xlsx
2020,9,미국,출항,74248.75,72565.0,1683.75,573389.25,557172.75,16216.5,2020_2021 5월.xlsx
2020,9,미얀마,출항,105.0,105.0,0.0,1234.25,1234.25,0.0,2020_2021 5월.xlsx
2020,9,미크로네시아,출항,50.0,30.0,20.0,253.0,192.0,61.0,2020_2021 5월.xlsx
2020,9,바누아투,출항,9.0,8.0,1.0,446.0,93.0,353.0,2020_2021 5월.xlsx
2020,9,바레인,출항,58.0,58.0,0.0,357.0,357.0,0.0,2020_2021 5월.xlsx
2020,9,바베이도스,출항,,,,16.0,16.0,0.0,2020_2021 5월.xlsx
2020,9,바하마,출항,3102.0,11.0,3091.0,21748.5,128.0,21620.5,2020_2021 5월.xlsx
2020,9,방글라데시,출항,30.0,30.0,0.0,455.0,455.0,0.0,2020_2021 5월.xlsx
2020,9,베냉,출항,5.0,5.0,0.0,46.0,46.0,0.0,2020_2021 5월.xlsx
2020,9,베네수엘라,출항,39.0,39.0,0.0,303.0,303.0,0.0,2020_2021 5월.xlsx
2020,9,베트남,출항,20399.75,18930.75,1469.0,168700.5,154697.0,14003.5,2020_2021 5월.xlsx
2020,9,벨기에,출항,1182.25,1174.25,8.0,17448.0,17076.0,372.0,2020_2021 5월.xlsx
2020,9,벨리즈,출항,4.0,4.0,0.0,23.0,23.0,0.0,2020_2021 5월.xlsx
2020,9,북마리아나 제도,출항,80.0,76.0,4.0,701.0,683.0,18.0,2020_2021 5월.xlsx
2020,9,불가리아,출항,27.0,27.0,0.0,425.0,425.0,0.0,2020_2021 5월.xlsx
2020,9,브라질,출항,5046.0,5046.0,0.0,35304.0,33410.0,1894.0,2020_2021 5월.xlsx
2020,9,사모아,출항,12.0,8.0,4.0,56.0,52.0,4.0,2020_2021 5월.xlsx
2020,9,사우디아라비아,출항,3563.75,3563.75,0.0,34116.5,34106.5,10.0,2020_2021 5월.xlsx
2020,9,세네갈,출항,22.0,22.0,0.0,690.0,690.0,0.0,2020_2021 5월.xlsx
2020,9,세이셸,출항,,,,110.0,110.0,0.0,2020_2021 5월.xlsx
2020,9,세인트루시아,출항,3.0,3.0,0.0,11.0,11.0,0.0,2020_2021 5월.xlsx
2020,9,세인트키츠 네비스,출항,5.0,5.0,0.0,11.0,11.0,0.0,2020_2021 5월.xlsx
2020,9,소말리아,출항,15.0,15.0,0.0,135.0,135.0,0.0,2020_2021 5월.xlsx
2020,9,솔로몬제도,출항,34.0,34.0,0.0,396.0,380.0,16.0,2020_2021 5월.xlsx
2020,9,수단,출항,143.0,143.0,0.0,1152.0,1152.0,0.0,2020_2021 5월.xlsx
2020,9,수리남,출항,3.0,3.0,0.0,29.0,29.0,0.0,2020_2021 5월.xlsx
2020,9,스리랑카,출항,907.0,907.0,0.0,10707.0,10707.0,0.0,2020_2021 5월.xlsx
2020,9,스웨덴,출항,332.0,323.0,9.0,3655.0,3646.0,9.0,2020_2021 5월.xlsx
2020,9,스페인,출항,3384.0,3350.0,34.0,25486.5,24799.5,687.0,2020_2021 5월.xlsx
2020,9,슬로베니아,출항,8728.0,8728.0,0.0,68536.75,68504.75,32.0,2020_2021 5월.xlsx
2020,9,시리아,출항,189.0,189.0,0.0,1345.0,1345.0,0.0,2020_2021 5월.xlsx
2020,9,시에라 리온,출항,,,,34.0,34.0,0.0,2020_2021 5월.xlsx
2020,9,싱가포르,출항,7139.75,7052.75,87.0,59392.75,56349.75,3043.0,2020_2021 5월.xlsx
2020,9,아랍에미리트연합국,출항,4684.5,4680.5,4.0,52735.75,52189.75,546.0,2020_2021 5월.xlsx
2020,9,아루바,출항,,,,1.0,1.0,0.0,2020_2021 5월.xlsx
2020,9,아르헨티나,출항,635.0,635.0,0.0,4746.0,4068.0,678.0,2020_2021 5월.xlsx
2020,9,아메리칸사모아,출항,62.0,62.0,0.0,647.0,563.0,84.0,2020_2021 5월.xlsx
2020,9,아이티,출항,23.0,23.0,0.0,129.0,129.0,0.0,2020_2021 5월.xlsx
2020,9,아일랜드,출항,38.0,38.0,0.0,364.0,364.0,0.0,2020_2021 5월.xlsx
2020,9,알바니아,출항,7.0,7.0,0.0,106.0,106.0,0.0,2020_2021 5월.xlsx
2020,9,알제리,출항,173.0,173.0,0.0,2279.75,2279.75,0.0,2020_2021 5월.xlsx
2020,9,앙골라,출항,33.0,33.0,0.0,539.0,539.0,0.0,2020_2021 5월.xlsx
2020,9,앤티가 바부다,출항,,,,2.0,2.0,0.0,2020_2021 5월.xlsx
2020,9,앤틸리스제도,출항,4.0,4.0,0.0,36.0,36.0,0.0,2020_2021 5월.xlsx
2020,9,에스토니아,출항,56.0,56.0,0.0,661.0,661.0,0.0,2020_2021 5월.xlsx
2020,9,에콰도르,출항,1876.0,580.0,1296.0,17069.0,4431.0,12638.0,2020_2021 5월.xlsx
2020,9,엘살바도르,출항,53.0,53.0,0.0,651.0,651.0,0.0,2020_2021 5월.xlsx
2020,9,영국,출항,2702.25,2702.25,0.0,19377.5,18613.5,764.0,2020_2021 5월.xlsx
2020,9,영국령 버진아일랜드,출항,,,,1.0,1.0,0.0,2020_2021 5월.xlsx
2020,9,예멘,출항,64.0,64.0,0.0,384.0,384.0,0.0,2020_2021 5월.xlsx
2020,9,오만,출항,274.0,274.0,0.0,3315.0,3315.0,0.0,2020_2021 5월.xlsx
2020,9,온두라스,출항,69.0,69.0,0.0,357.0,357.0,0.0,2020_2021 5월.xlsx
2020,9,요르단,출항,268.0,268.0,0.0,2147.25,2147.25,0.0,2020_2021 5월.xlsx
2020,9,우루과이,출항,169.0,169.0,0.0,2196.0,1870.0,326.0,2020_2021 5월.xlsx
2020,9,우크라이나,출항,215.25,213.25,2.0,1823.0,1813.0,10.0,2020_2021 5월.xlsx
2020,9,이라크,출항,194.0,194.0,0.0,2460.75,2460.75,0.0,2020_2021 5월.xlsx
2020,9,이란,출항,,,,10.0,10.0,0.0,2020_2021 5월.xlsx
2020,9,이스라엘,출항,992.75,957.75,35.0,9890.0,9574.0,316.0,2020_2021 5월.xlsx
2020,9,이집트,출항,3125.0,3125.0,0.0,30811.0,30300.0,511.0,2020_2021 5월.xlsx
2020,9,이탈리아,출항,4696.0,4648.0,48.0,36275.25,35743.25,532.0,2020_2021 5월.xlsx
2020,9,인도,출항,11073.75,11066.75,7.0,92575.25,91379.25,1196.0,2020_2021 5월.xlsx
2020,9,인도네시아,출항,6837.0,6747.0,90.0,64074.5,61782.0,2292.5,2020_2021 5월.xlsx
2020,9,일본,출항,36363.0,28084.5,8278.5,334681.5,246291.5,88390.0,2020_2021 5월.xlsx
2020,9,자메이카,출항,141.0,141.0,0.0,2820.0,2684.0,136.0,2020_2021 5월.xlsx
2020,9,적도 기니,출항,,,,4.0,4.0,0.0,2020_2021 5월.xlsx
2020,9,조지아,출항,49.0,49.0,0.0,322.0,322.0,0.0,2020_2021 5월.xlsx
2020,9,중국,출항,80240.25,49566.75,30673.5,879157.75,442421.5,436736.25,2020_2021 5월.xlsx
2020,9,지부티,출항,37.0,37.0,0.0,317.0,317.0,0.0,2020_2021 5월.xlsx
2020,9,지브롤터,출항,1.0,1.0,0.0,1.0,1.0,0.0,2020_2021 5월.xlsx
2020,9,칠레,출항,2086.0,1470.0,616.0,21235.0,11863.0,9372.0,2020_2021 5월.xlsx
2020,9,카메룬,출항,15.0,15.0,0.0,287.0,287.0,0.0,2020_2021 5월.xlsx
2020,9,카타르,출항,350.0,328.0,22.0,2948.25,2800.25,148.0,2020_2021 5월.xlsx
2020,9,캄보디아,출항,487.0,487.0,0.0,3661.25,3661.25,0.0,2020_2021 5월.xlsx
2020,9,캐나다,출항,10281.75,10281.75,0.0,84942.25,84253.25,689.0,2020_2021 5월.xlsx
2020,9,케냐,출항,87.0,82.0,5.0,1880.0,1875.0,5.0,2020_2021 5월.xlsx
2020,9,케이맨 제도,출항,,,,1.0,1.0,0.0,2020_2021 5월.xlsx
2020,9,코모로,출항,,,,6.0,6.0,0.0,2020_2021 5월.xlsx
2020,9,코스타리카,출항,54.0,54.0,0.0,666.0,466.0,200.0,2020_2021 5월.xlsx
2020,9,코트디부아르,출항,50.0,50.0,0.0,566.0,566.0,0.0,2020_2021 5월.xlsx
2020,9,콜롬비아,출항,1083.0,1083.0,0.0,11440.0,9502.0,1938.0,2020_2021 5월.xlsx
2020,9,콩고,출항,9.0,9.0,0.0,237.0,237.0,0.0,2020_2021 5월.xlsx
2020,9,콩고 민주 공화국,출항,4.0,4.0,0.0,362.0,362.0,0.0,2020_2021 5월.xlsx
2020,9,쿠바,출항,6.0,6.0,0.0,264.0,264.0,0.0,2020_2021 5월.xlsx
2020,9,쿠웨이트,출항,64.0,64.0,0.0,833.0,833.0,0.0,2020_2021 5월.xlsx
2020,9,크로아티아,출항,869.0,869.0,0.0,5801.25,5791.25,10.0,2020_2021 5월.xlsx
2020,9,키리바시,출항,1.0,1.0,0.0,35.0,31.0,4.0,2020_2021 5월.xlsx
2020,9,키프로스,출항,14.0,14.0,0.0,113.0,113.0,0.0,2020_2021 5월.xlsx
2020,9,탄자니아,출항,76.0,76.0,0.0,1913.0,1913.0,0.0,2020_2021 5월.xlsx
2020,9,태국,출항,8618.0,7513.0,1105.0,76786.0,63605.0,13181.0,2020_2021 5월.xlsx
2020,9,토고,출항,126.0,126.0,0.0,1402.0,1402.0,0.0,2020_2021 5월.xlsx
2020,9,통가,출항,20.0,20.0,0.0,75.0,29.0,46.0,2020_2021 5월.xlsx
2020,9,튀니지,출항,48.0,48.0,0.0,613.0,613.0,0.0,2020_2021 5월.xlsx
2020,9,튀르키예,출항,7188.0,7138.0,50.0,66076.25,65856.25,220.0,2020_2021 5월.xlsx
2020,9,트리니다드 토바고,출항,51.0,51.0,0.0,428.0,428.0,0.0,2020_2021 5월.xlsx
2020,9,파나마,출항,1059.0,1059.0,0.0,21330.5,10925.0,10405.5,2020_2021 5월.xlsx
2020,9,파라과이,출항,23.0,23.0,0.0,85.0,85.0,0.0,2020_2021 5월.xlsx
2020,9,파키스탄,출항,1062.25,1062.25,0.0,9927.75,9920.75,7.0,2020_2021 5월.xlsx
2020,9,파푸아 뉴기니,출항,19.0,19.0,0.0,592.0,520.0,72.0,2020_2021 5월.xlsx
2020,9,팔라우,출항,4.0,2.0,2.0,66.0,43.0,23.0,2020_2021 5월.xlsx
2020,9,페루,출항,1521.0,1219.0,302.0,10360.0,7394.0,2966.0,2020_2021 5월.xlsx
2020,9,포르투갈,출항,252.0,250.0,2.0,2370.0,2368.0,2.0,2020_2021 5월.xlsx
2020,9,폴란드,출항,831.0,831.0,0.0,6768.0,6768.0,0.0,2020_2021 5월.xlsx
2020,9,푸에르토리코,출항,33.0,33.0,0.0,212.0,212.0,0.0,2020_2021 5월.xlsx
2020,9,프랑스,출항,1389.0,1271.0,118.0,12057.0,11335.0,722.0,2020_2021 5월.xlsx
2020,9,프랑스령 기아나,출항,1.0,1.0,0.0,11.0,11.0,0.0,2020_2021 5월.xlsx
2020,9,프랑스령 폴리네시아,출항,3.0,3.0,0.0,52.0,52.0,0.0,2020_2021 5월.xlsx
2020,9,피지,출항,42.0,40.0,2.0,396.0,346.0,50.0,2020_2021 5월.xlsx
2020,9,핀란드,출항,51.0,51.0,0.0,387.0,387.0,0.0,2020_2021 5월.xlsx
2020,9,필리핀,출항,3987.0,3847.0,140.0,31308.5,29440.5,1868.0,2020_2021 5월.xlsx
2020,9,헝가리,출항,4.0,4.0,0.0,52.0,52.0,0.0,2020_2021 5월.xlsx
2020,9,호주,출항,4953.0,4815.0,138.0,48685.0,45173.0,3512.0,2020_2021 5월.xlsx
2020,9,홍콩,출항,6417.0,6413.0,4.0,56488.25,54345.25,2143.0,2020_2021 5월.xlsx
2020,9,가나,출항환적,102.25,102.25,0.0,870.5,870.5,0.0,2020_2021 5월.xlsx
2020,9,가봉,출항환적,2.0,2.0,0.0,20.0,20.0,0.0,2020_2021 5월.xlsx
2020,9,가이아나,출항환적,262.0,262.0,0.0,1577.0,1577.0,0.0,2020_2021 5월.xlsx
2020,9,감비아,출항환적,,,,120.0,120.0,0.0,2020_2021 5월.xlsx
2020,9,과들루프,출항환적,11.0,11.0,0.0,106.0,106.0,0.0,2020_2021 5월.xlsx
2020,9,과테말라,출항환적,1422.0,1422.0,0.0,11293.75,11293.75,0.0,2020_2021 5월.xlsx
2020,9,괌,출항환적,399.75,399.75,0.0,2711.25,2697.25,14.0,2020_2021 5월.xlsx
2020,9,그레나다,출항환적,29.0,29.0,0.0,347.0,347.0,0.0,2020_2021 5월.xlsx
2020,9,그리스,출항환적,472.0,472.0,0.0,9154.25,8864.25,290.0,2020_2021 5월.xlsx
2020,9,기니,출항환적,17.0,17.0,0.0,194.0,194.0,0.0,2020_2021 5월.xlsx
2020,9,나미비아,출항환적,42.0,42.0,0.0,318.0,318.0,0.0,2020_2021 5월.xlsx
2020,9,나우루,출항환적,7.0,7.0,0.0,23.0,23.0,0.0,2020_2021 5월.xlsx
2020,9,나이지리아,출항환적,112.5,112.5,0.0,1223.75,1223.75,0.0,2020_2021 5월.xlsx
2020,9,남아프리카,출항환적,202.0,202.0,0.0,2128.0,2128.0,0.0,2020_2021 5월.xlsx
2020,9,네덜란드,출항환적,2088.0,2088.0,0.0,21704.5,21648.5,56.0,2020_2021 5월.xlsx
2020,9,노르웨이,출항환적,9.0,9.0,0.0,236.0,236.0,0.0,2020_2021 5월.xlsx
2020,9,뉴질랜드,출항환적,1210.0,1055.0,155.0,11622.0,10371.0,1251.0,2020_2021 5월.xlsx
2020,9,뉴칼레도니아,출항환적,376.0,376.0,0.0,3367.0,2814.0,553.0,2020_2021 5월.xlsx
2020,9,니카라과,출항환적,180.25,180.25,0.0,1610.0,1610.0,0.0,2020_2021 5월.xlsx
2020,9,대만,출항환적,6033.5,5742.5,291.0,73063.5,70043.5,3020.0,2020_2021 5월.xlsx
2020,9,대한민국,출항환적,14558.0,13746.0,812.0,146118.5,138387.5,7731.0,2020_2021 5월.xlsx
2020,9,덴마크,출항환적,172.0,172.0,0.0,1434.0,1434.0,0.0,2020_2021 5월.xlsx
2020,9,도미니카 공화국,출항환적,2028.0,2028.0,0.0,11862.0,11862.0,0.0,2020_2021 5월.xlsx
2020,9,도미니카 연방,출항환적,3.0,3.0,0.0,49.0,49.0,0.0,2020_2021 5월.xlsx
2020,9,독일,출항환적,1661.0,1611.0,50.0,22650.0,22590.0,60.0,2020_2021 5월.xlsx
2020,9,동티모르,출항환적,1.0,1.0,0.0,5.0,5.0,0.0,2020_2021 5월.xlsx
2020,9,라이베리아,출항환적,,,,21.0,21.0,0.0,2020_2021 5월.xlsx
2020,9,라트비아,출항환적,4.0,4.0,0.0,223.0,223.0,0.0,2020_2021 5월.xlsx
2020,9,러시아,출항환적,19012.75,19012.75,0.0,161289.0,158126.0,3163.0,2020_2021 5월.xlsx
2020,9,레바논,출항환적,69.0,69.0,0.0,1557.0,1557.0,0.0,2020_2021 5월.xlsx
2020,9,레위니옹,출항환적,,,,2.0,2.0,0.0,2020_2021 5월.xlsx
2020,9,루마니아,출항환적,147.0,147.0,0.0,3117.75,3117.75,0.0,2020_2021 5월.xlsx
2020,9,리비아,출항환적,20.0,20.0,0.0,549.0,549.0,0.0,2020_2021 5월.xlsx
2020,9,리투아니아,출항환적,64.0,64.0,0.0,277.0,277.0,0.0,2020_2021 5월.xlsx
2020,9,마다가스카르,출항환적,53.0,53.0,0.0,88.0,88.0,0.0,2020_2021 5월.xlsx
2020,9,마르티니크,출항환적,,,,72.0,72.0,0.0,2020_2021 5월.xlsx
2020,9,마샬 제도,출항환적,140.0,140.0,0.0,1223.0,1222.0,1.0,2020_2021 5월.xlsx
2020,9,마카오,출항환적,3.0,3.0,0.0,10.0,10.0,0.0,2020_2021 5월.xlsx
2020,9,말레이시아,출항환적,3886.5,3833.5,53.0,38657.25,37948.25,709.0,2020_2021 5월.xlsx
2020,9,멕시코,출항환적,23079.0,20985.0,2094.0,175969.25,172375.25,3594.0,2020_2021 5월.xlsx
2020,9,모로코,출항환적,89.0,89.0,0.0,1551.25,1551.25,0.0,2020_2021 5월.xlsx
2020,9,모리셔스,출항환적,16.0,16.0,0.0,88.0,88.0,0.0,2020_2021 5월.xlsx
2020,9,모리타니,출항환적,,,,85.0,85.0,0.0,2020_2021 5월.xlsx
2020,9,모잠비크,출항환적,50.0,50.0,0.0,407.0,407.0,0.0,2020_2021 5월.xlsx
2020,9,몬테네그로,출항환적,2.0,2.0,0.0,69.0,69.0,0.0,2020_2021 5월.xlsx
2020,9,몰디브,출항환적,7.0,7.0,0.0,38.0,38.0,0.0,2020_2021 5월.xlsx
2020,9,몰타,출항환적,38.0,4.0,34.0,300.25,200.25,100.0,2020_2021 5월.xlsx
2020,9,미국,출항환적,94578.25,93532.25,1046.0,782870.75,770698.75,12172.0,2020_2021 5월.xlsx
2020,9,미국령 버진아일랜드,출항환적,2.0,2.0,0.0,11.0,11.0,0.0,2020_2021 5월.xlsx
2020,9,미얀마,출항환적,41.0,41.0,0.0,1017.0,1017.0,0.0,2020_2021 5월.xlsx
2020,9,미크로네시아,출항환적,180.0,180.0,0.0,1254.0,1254.0,0.0,2020_2021 5월.xlsx
2020,9,바누아투,출항환적,442.0,442.0,0.0,3346.0,3244.0,102.0,2020_2021 5월.xlsx
2020,9,바레인,출항환적,,,,30.0,30.0,0.0,2020_2021 5월.xlsx
2020,9,바베이도스,출항환적,109.0,109.0,0.0,913.0,913.0,0.0,2020_2021 5월.xlsx
2020,9,바하마,출항환적,7645.0,130.0,7515.0,71023.25,687.0,70336.25,2020_2021 5월.xlsx
2020,9,방글라데시,출항환적,60.0,60.0,0.0,333.0,333.0,0.0,2020_2021 5월.xlsx
2020,9,베냉,출항환적,29.0,29.0,0.0,50.0,50.0,0.0,2020_2021 5월.xlsx
2020,9,베네수엘라,출항환적,1208.0,1208.0,0.0,6273.25,6263.25,10.0,2020_2021 5월.xlsx
2020,9,베트남,출항환적,6654.0,6644.0,10.0,76202.0,71697.0,4505.0,2020_2021 5월.xlsx
2020,9,벨기에,출항환적,558.0,533.0,25.0,8337.25,7784.25,553.0,2020_2021 5월.xlsx
2020,9,벨리즈,출항환적,7.0,7.0,0.0,116.0,116.0,0.0,2020_2021 5월.xlsx
2020,9,북마리아나 제도,출항환적,87.0,87.0,0.0,806.0,804.0,2.0,2020_2021 5월.xlsx
2020,9,불가리아,출항환적,14.0,14.0,0.0,431.0,431.0,0.0,2020_2021 5월.xlsx
2020,9,브라질,출항환적,4951.0,4951.0,0.0,32456.0,31754.0,702.0,2020_2021 5월.xlsx
2020,9,브루나이,출항환적,,,,9.0,9.0,0.0,2020_2021 5월.xlsx
2020,9,사모아,출항환적,271.0,271.0,0.0,1953.0,1953.0,0.0,2020_2021 5월.xlsx
2020,9,사우디아라비아,출항환적,1514.0,1514.0,0.0,17139.25,17139.25,0.0,2020_2021 5월.xlsx
2020,9,세네갈,출항환적,12.0,12.0,0.0,211.0,211.0,0.0,2020_2021 5월.xlsx
2020,9,세이셸,출항환적,,,,6.0,6.0,0.0,2020_2021 5월.xlsx
2020,9,세인트 빈센트 그레나딘,출항환적,15.0,15.0,0.0,92.0,92.0,0.0,2020_2021 5월.xlsx
2020,9,세인트루시아,출항환적,14.0,14.0,0.0,153.0,153.0,0.0,2020_2021 5월.xlsx
2020,9,세인트키츠 네비스,출항환적,3.0,3.0,0.0,18.0,18.0,0.0,2020_2021 5월.xlsx
2020,9,소말리아,출항환적,4.0,4.0,0.0,29.0,29.0,0.0,2020_2021 5월.xlsx
2020,9,솔로몬제도,출항환적,217.0,217.0,0.0,2030.0,2030.0,0.0,2020_2021 5월.xlsx
2020,9,수단,출항환적,126.0,126.0,0.0,769.0,751.0,18.0,2020_2021 5월.xlsx
2020,9,수리남,출항환적,379.0,379.0,0.0,2749.0,2749.0,0.0,2020_2021 5월.xlsx
2020,9,스리랑카,출항환적,16.0,16.0,0.0,296.0,296.0,0.0,2020_2021 5월.xlsx
2020,9,스웨덴,출항환적,47.0,47.0,0.0,1607.0,1607.0,0.0,2020_2021 5월.xlsx
2020,9,스페인,출항환적,1563.0,1463.0,100.0,16984.5,16134.5,850.0,2020_2021 5월.xlsx
2020,9,슬로베니아,출항환적,404.25,404.25,0.0,4836.25,4836.25,0.0,2020_2021 5월.xlsx
2020,9,시리아,출항환적,22.0,22.0,0.0,3504.75,3504.75,0.0,2020_2021 5월.xlsx
2020,9,시에라 리온,출항환적,,,,142.0,142.0,0.0,2020_2021 5월.xlsx
2020,9,싱가포르,출항환적,4018.5,3075.5,943.0,45731.5,35531.5,10200.0,2020_2021 5월.xlsx
2020,9,아랍에미리트연합국,출항환적,3019.25,3019.25,0.0,36344.25,36344.25,0.0,2020_2021 5월.xlsx
2020,9,아루바,출항환적,2.0,2.0,0.0,16.0,16.0,0.0,2020_2021 5월.xlsx
2020,9,아르헨티나,출항환적,774.0,774.0,0.0,5973.0,5607.0,366.0,2020_2021 5월.xlsx
2020,9,아메리칸사모아,출항환적,212.0,212.0,0.0,1316.0,1316.0,0.0,2020_2021 5월.xlsx
2020,9,아이티,출항환적,353.0,353.0,0.0,2108.0,2108.0,0.0,2020_2021 5월.xlsx
2020,9,아일랜드,출항환적,18.0,18.0,0.0,331.25,331.25,0.0,2020_2021 5월.xlsx
2020,9,알바니아,출항환적,8.0,8.0,0.0,66.0,66.0,0.0,2020_2021 5월.xlsx
2020,9,알제리,출항환적,38.25,38.25,0.0,1532.75,1532.75,0.0,2020_2021 5월.xlsx
2020,9,앙골라,출항환적,6.0,6.0,0.0,28.0,28.0,0.0,2020_2021 5월.xlsx
2020,9,앤티가 바부다,출항환적,14.0,14.0,0.0,108.0,108.0,0.0,2020_2021 5월.xlsx
2020,9,앤틸리스제도,출항환적,30.0,30.0,0.0,194.0,194.0,0.0,2020_2021 5월.xlsx
2020,9,에리트레아,출항환적,,,,2.0,2.0,0.0,2020_2021 5월.xlsx
2020,9,에스토니아,출항환적,4.0,4.0,0.0,103.0,103.0,0.0,2020_2021 5월.xlsx
2020,9,에콰도르,출항환적,4453.0,2855.0,1598.0,36828.0,21436.0,15392.0,2020_2021 5월.xlsx
2020,9,엘살바도르,출항환적,284.75,284.75,0.0,3096.5,3096.5,0.0,2020_2021 5월.xlsx
2020,9,영국,출항환적,1240.25,1235.25,5.0,11326.75,11310.75,16.0,2020_2021 5월.xlsx
2020,9,영국령 버진아일랜드,출항환적,2.0,2.0,0.0,19.0,19.0,0.0,2020_2021 5월.xlsx
2020,9,예멘,출항환적,1.0,1.0,0.0,23.0,23.0,0.0,2020_2021 5월.xlsx
2020,9,오만,출항환적,232.0,232.0,0.0,2261.25,2249.25,12.0,2020_2021 5월.xlsx
2020,9,온두라스,출항환적,495.0,495.0,0.0,3629.0,3629.0,0.0,2020_2021 5월.xlsx
2020,9,요르단,출항환적,240.0,240.0,0.0,2869.0,2869.0,0.0,2020_2021 5월.xlsx
2020,9,우루과이,출항환적,279.0,279.0,0.0,1355.0,1355.0,0.0,2020_2021 5월.xlsx
2020,9,우크라이나,출항환적,274.0,274.0,0.0,4849.5,4849.5,0.0,2020_2021 5월.xlsx
2020,9,원양어획지역,출항환적,2.0,2.0,0.0,12.0,12.0,0.0,2020_2021 5월.xlsx
2020,9,이라크,출항환적,86.0,86.0,0.0,620.25,620.25,0.0,2020_2021 5월.xlsx
2020,9,이란,출항환적,13.0,13.0,0.0,13.0,13.0,0.0,2020_2021 5월.xlsx
2020,9,이스라엘,출항환적,752.0,748.0,4.0,9788.25,9451.25,337.0,2020_2021 5월.xlsx
2020,9,이집트,출항환적,1077.0,1065.0,12.0,16045.75,15367.75,678.0,2020_2021 5월.xlsx
2020,9,이탈리아,출항환적,1506.0,1416.0,90.0,13838.0,13394.0,444.0,2020_2021 5월.xlsx
2020,9,인도,출항환적,2213.0,2207.0,6.0,23466.75,23434.75,32.0,2020_2021 5월.xlsx
2020,9,인도네시아,출항환적,3145.0,3145.0,0.0,41957.5,41954.5,3.0,2020_2021 5월.xlsx
2020,9,일본,출항환적,69018.0,68369.0,649.0,686978.0,677408.0,9570.0,2020_2021 5월.xlsx
2020,9,자메이카,출항환적,1728.5,1728.5,0.0,9266.25,9251.25,15.0,2020_2021 5월.xlsx
2020,9,적도 기니,출항환적,,,,2.0,2.0,0.0,2020_2021 5월.xlsx
2020,9,조지아,출항환적,150.25,150.25,0.0,900.25,900.25,0.0,2020_2021 5월.xlsx
2020,9,중국,출항환적,88459.25,83539.0,4920.25,975153.5,784128.5,191025.0,2020_2021 5월.xlsx
2020,9,지부티,출항환적,,,,214.0,214.0,0.0,2020_2021 5월.xlsx
2020,9,칠레,출항환적,14777.0,14017.0,760.0,125870.75,115660.75,10210.0,2020_2021 5월.xlsx
2020,9,카메룬,출항환적,20.0,20.0,0.0,125.0,125.0,0.0,2020_2021 5월.xlsx
2020,9,카보 베르데,출항환적,,,,1.0,1.0,0.0,2020_2021 5월.xlsx
2020,9,카타르,출항환적,179.0,179.0,0.0,2273.5,2273.5,0.0,2020_2021 5월.xlsx
2020,9,캄보디아,출항환적,46.25,46.25,0.0,390.0,390.0,0.0,2020_2021 5월.xlsx
2020,9,캐나다,출항환적,26248.75,26248.75,0.0,218141.0,217322.0,819.0,2020_2021 5월.xlsx
2020,9,케냐,출항환적,68.0,68.0,0.0,664.0,664.0,0.0,2020_2021 5월.xlsx
2020,9,케이맨 제도,출항환적,6.0,6.0,0.0,41.0,41.0,0.0,2020_2021 5월.xlsx
2020,9,코스타리카,출항환적,856.0,856.0,0.0,6755.25,6755.25,0.0,2020_2021 5월.xlsx
2020,9,코트디부아르,출항환적,139.0,139.0,0.0,246.0,246.0,0.0,2020_2021 5월.xlsx
2020,9,콜롬비아,출항환적,8069.25,8024.25,45.0,55543.5,54901.5,642.0,2020_2021 5월.xlsx
2020,9,콩고,출항환적,6.0,6.0,0.0,15.0,15.0,0.0,2020_2021 5월.xlsx
2020,9,콩고 민주 공화국,출항환적,4.0,4.0,0.0,36.0,36.0,0.0,2020_2021 5월.xlsx
2020,9,쿠바,출항환적,186.0,186.0,0.0,1664.0,1664.0,0.0,2020_2021 5월.xlsx
2020,9,쿠웨이트,출항환적,37.0,37.0,0.0,398.0,398.0,0.0,2020_2021 5월.xlsx
2020,9,쿡 제도,출항환적,,,,1.0,1.0,0.0,2020_2021 5월.xlsx
2020,9,퀴라소,출항환적,,,,9.0,9.0,0.0,2020_2021 5월.xlsx
2020,9,크로아티아,출항환적,25.0,25.0,0.0,1096.75,1096.75,0.0,2020_2021 5월.xlsx
2020,9,키리바시,출항환적,159.0,159.0,0.0,1532.0,1532.0,0.0,2020_2021 5월.xlsx
2020,9,키프로스,출항환적,3.0,3.0,0.0,81.0,81.0,0.0,2020_2021 5월.xlsx
2020,9,탄자니아,출항환적,49.0,49.0,0.0,282.0,282.0,0.0,2020_2021 5월.xlsx
2020,9,태국,출항환적,6050.0,5968.0,82.0,66941.0,65543.0,1398.0,2020_2021 5월.xlsx
2020,9,토고,출항환적,2.25,2.25,0.0,93.5,93.5,0.0,2020_2021 5월.xlsx
2020,9,통가,출항환적,93.0,93.0,0.0,721.0,721.0,0.0,2020_2021 5월.xlsx
2020,9,튀니지,출항환적,43.0,43.0,0.0,1127.25,1127.25,0.0,2020_2021 5월.xlsx
2020,9,튀르키예,출항환적,2778.0,2778.0,0.0,27028.0,26878.0,150.0,2020_2021 5월.xlsx
2020,9,트리니다드 토바고,출항환적,612.0,612.0,0.0,3924.5,3724.5,200.0,2020_2021 5월.xlsx
2020,9,파나마,출항환적,3042.25,3042.25,0.0,40037.0,29346.5,10690.5,2020_2021 5월.xlsx
2020,9,파라과이,출항환적,19.0,19.0,0.0,196.0,196.0,0.0,2020_2021 5월.xlsx
2020,9,파키스탄,출항환적,620.0,620.0,0.0,4676.5,4676.5,0.0,2020_2021 5월.xlsx
2020,9,파푸아 뉴기니,출항환적,194.0,194.0,0.0,3529.0,3528.0,1.0,2020_2021 5월.xlsx
2020,9,팔라우,출항환적,17.0,17.0,0.0,105.0,105.0,0.0,2020_2021 5월.xlsx
2020,9,페루,출항환적,5489.0,5471.0,18.0,39134.0,37708.0,1426.0,2020_2021 5월.xlsx
2020,9,포르투갈,출항환적,17.0,17.0,0.0,325.0,325.0,0.0,2020_2021 5월.xlsx
2020,9,폴란드,출항환적,256.0,256.0,0.0,1365.0,1365.0,0.0,2020_2021 5월.xlsx
2020,9,푸에르토리코,출항환적,931.0,931.0,0.0,3900.0,3900.0,0.0,2020_2021 5월.xlsx
2020,9,프랑스,출항환적,1079.0,1072.0,7.0,8765.0,8734.0,31.0,2020_2021 5월.xlsx
2020,9,프랑스령 기아나,출항환적,1.0,1.0,0.0,13.0,13.0,0.0,2020_2021 5월.xlsx
2020,9,프랑스령 폴리네시아,출항환적,60.0,60.0,0.0,632.0,628.0,4.0,2020_2021 5월.xlsx
2020,9,피지,출항환적,508.0,506.0,2.0,3611.0,3598.0,13.0,2020_2021 5월.xlsx
2020,9,핀란드,출항환적,11.0,11.0,0.0,379.0,379.0,0.0,2020_2021 5월.xlsx
2020,9,필리핀,출항환적,4187.0,4187.0,0.0,41088.0,38700.0,2388.0,2020_2021 5월.xlsx
2020,9,호주,출항환적,1632.0,1523.0,109.0,18616.25,17190.25,1426.0,2020_2021 5월.xlsx
2020,9,홍콩,출항환적,3770.25,3770.25,0.0,35056.25,34206.5,849.75,2020_2021 5월.xlsx
2020,10,가나,입항,50.0,50.0,0.0,714.0,714.0,0.0,2020_2021 4월.xlsx
2020,10,가봉,입항,,,,9.0,9.0,0.0,2020_2021 4월.xlsx
2020,10,가이아나,입항,3.0,3.0,0.0,69.0,69.0,0.0,2020_2021 4월.xlsx
2020,10,감비아,입항,1.0,1.0,0.0,86.0,86.0,0.0,2020_2021 4월.xlsx
2020,10,과테말라,입항,518.0,328.0,190.0,5371.0,3010.0,2361.0,2020_2021 4월.xlsx
2020,10,괌,입항,227.25,49.0,178.25,8751.5,591.0,8160.5,2020_2021 4월.xlsx
2020,10,그리스,입항,1538.0,298.0,1240.0,11439.0,3701.0,7738.0,2020_2021 4월.xlsx
2020,10,기니,입항,36.0,36.0,0.0,809.0,809.0,0.0,2020_2021 4월.xlsx
2020,10,기니비사우,입항,,,,28.0,28.0,0.0,2020_2021 4월.xlsx
2020,10,나미비아,입항,18.0,18.0,0.0,214.0,214.0,0.0,2020_2021 4월.xlsx
2020,10,나이지리아,입항,181.0,181.0,0.0,1220.0,1213.0,7.0,2020_2021 4월.xlsx
2020,10,남아프리카,입항,660.0,658.0,2.0,6626.0,6459.0,167.0,2020_2021 4월.xlsx
2020,10,네덜란드,입항,7545.0,6963.0,582.0,73643.5,68907.5,4736.0,2020_2021 4월.xlsx
2020,10,노르웨이,입항,363.0,363.0,0.0,4155.5,4141.5,14.0,2020_2021 4월.xlsx
2020,10,뉴질랜드,입항,1437.0,1420.0,17.0,27247.0,21672.0,5575.0,2020_2021 4월.xlsx
2020,10,뉴칼레도니아,입항,412.0,79.0,333.0,1648.0,381.0,1267.0,2020_2021 4월.xlsx
2020,10,니카라과,입항,47.0,47.0,0.0,608.0,595.0,13.0,2020_2021 4월.xlsx
2020,10,대만,입항,5478.5,3509.0,1969.5,56051.5,37547.25,18504.25,2020_2021 4월.xlsx
2020,10,대한민국,입항,7440.0,1.0,7439.0,47125.25,75.0,47050.25,2020_2021 4월.xlsx
2020,10,덴마크,입항,886.0,876.0,10.0,8954.0,8857.0,97.0,2020_2021 4월.xlsx
2020,10,도미니카 공화국,입항,131.0,131.0,0.0,1539.0,1524.0,15.0,2020_2021 4월.xlsx
2020,10,도미니카 연방,입항,,,,2.0,2.0,0.0,2020_2021 4월.xlsx
2020,10,독일,입항,9405.5,8848.5,557.0,93651.0,86097.5,7553.5,2020_2021 4월.xlsx
2020,10,라이베리아,입항,2.0,2.0,0.0,53.0,53.0,0.0,2020_2021 4월.xlsx
2020,10,라트비아,입항,1021.0,1021.0,0.0,9807.0,9797.0,10.0,2020_2021 4월.xlsx
2020,10,러시아,입항,7915.75,2977.0,4938.75,66560.0,28159.0,38401.0,2020_2021 4월.xlsx
2020,10,레바논,입항,53.0,53.0,0.0,1620.0,567.0,1053.0,2020_2021 4월.xlsx
2020,10,레위니옹,입항,3.0,3.0,0.0,30.0,30.0,0.0,2020_2021 4월.xlsx
2020,10,루마니아,입항,774.0,199.0,575.0,7310.5,2498.5,4812.0,2020_2021 4월.xlsx
2020,10,리비아,입항,30.0,30.0,0.0,684.0,684.0,0.0,2020_2021 4월.xlsx
2020,10,리투아니아,입항,137.0,137.0,0.0,2972.25,2972.25,0.0,2020_2021 4월.xlsx
2020,10,마다가스카르,입항,3.0,3.0,0.0,213.0,213.0,0.0,2020_2021 4월.xlsx
2020,10,마르티니크,입항,,,,2.0,2.0,0.0,2020_2021 4월.xlsx
2020,10,마샬 제도,입항,573.0,13.0,560.0,4104.0,93.0,4011.0,2020_2021 4월.xlsx
2020,10,말레이시아,입항,6408.0,4695.0,1713.0,71013.25,48363.25,22650.0,2020_2021 4월.xlsx
2020,10,말리,입항,,,,2.0,2.0,0.0,2020_2021 4월.xlsx
2020,10,멕시코,입항,8980.0,2720.0,6260.0,61546.5,27166.0,34380.5,2020_2021 4월.xlsx
2020,10,모로코,입항,396.0,196.0,200.0,1812.0,1604.0,208.0,2020_2021 4월.xlsx
2020,10,모리셔스,입항,10.0,10.0,0.0,177.0,177.0,0.0,2020_2021 4월.xlsx
2020,10,모리타니,입항,32.0,32.0,0.0,277.0,277.0,0.0,2020_2021 4월.xlsx
2020,10,모잠비크,입항,65.0,65.0,0.0,1104.0,1104.0,0.0,2020_2021 4월.xlsx
2020,10,몬테네그로,입항,,,,496.0,496.0,0.0,2020_2021 4월.xlsx
2020,10,몰타,입항,27.0,27.0,0.0,1079.0,137.0,942.0,2020_2021 4월.xlsx
2020,10,미국,입항,65951.25,40445.0,25506.25,576532.25,416137.75,160394.5,2020_2021 4월.xlsx
2020,10,미얀마,입항,727.0,702.0,25.0,6864.0,5829.0,1035.0,2020_2021 4월.xlsx
2020,10,미크로네시아,입항,6.0,0.0,6.0,133.0,15.0,118.0,2020_2021 4월.xlsx
2020,10,바누아투,입항,101.0,0.0,101.0,1045.0,5.0,1040.0,2020_2021 4월.xlsx
2020,10,바레인,입항,126.0,126.0,0.0,963.0,963.0,0.0,2020_2021 4월.xlsx
2020,10,바베이도스,입항,4.0,4.0,0.0,16.0,16.0,0.0,2020_2021 4월.xlsx
2020,10,바하마,입항,,,,3.0,3.0,0.0,2020_2021 4월.xlsx
2020,10,방글라데시,입항,896.0,486.0,410.0,6730.0,5117.0,1613.0,2020_2021 4월.xlsx
2020,10,베네수엘라,입항,33.0,31.0,2.0,406.0,404.0,2.0,2020_2021 4월.xlsx
2020,10,베트남,입항,12457.5,10951.0,1506.5,125267.0,113383.5,11883.5,2020_2021 4월.xlsx
2020,10,벨기에,입항,2936.0,2721.0,215.0,34452.5,33040.5,1412.0,2020_2021 4월.xlsx
2020,10,벨리즈,입항,,,,1.0,1.0,0.0,2020_2021 4월.xlsx
2020,10,북마리아나 제도,입항,362.5,0.0,362.5,4813.5,90.0,4723.5,2020_2021 4월.xlsx
2020,10,불가리아,입항,40.0,39.0,1.0,788.0,772.0,16.0,2020_2021 4월.xlsx
2020,10,브라질,입항,3271.0,3012.0,259.0,29161.0,24425.0,4736.0,2020_2021 4월.xlsx
2020,10,브루나이,입항,4.0,4.0,0.0,51.0,51.0,0.0,2020_2021 4월.xlsx
2020,10,사모아,입항,109.0,1.0,108.0,3327.0,18.0,3309.0,2020_2021 4월.xlsx
2020,10,사우디아라비아,입항,1231.0,625.0,606.0,20355.25,6242.0,14113.25,2020_2021 4월.xlsx
2020,10,세네갈,입항,97.0,97.0,0.0,1046.0,1046.0,0.0,2020_2021 4월.xlsx
2020,10,세르비아,입항,,,,8.0,8.0,0.0,2020_2021 4월.xlsx
2020,10,세이셸,입항,,,,32.0,32.0,0.0,2020_2021 4월.xlsx
2020,10,세인트 빈센트 그레나딘,입항,,,,10.0,10.0,0.0,2020_2021 4월.xlsx
2020,10,세인트루시아,입항,,,,12.0,12.0,0.0,2020_2021 4월.xlsx
2020,10,소말리아,입항,,,,48.0,48.0,0.0,2020_2021 4월.xlsx
2020,10,솔로몬제도,입항,,,,13.0,13.0,0.0,2020_2021 4월.xlsx
2020,10,수단,입항,41.0,41.0,0.0,190.0,190.0,0.0,2020_2021 4월.xlsx
2020,10,수리남,입항,38.0,38.0,0.0,888.0,888.0,0.0,2020_2021 4월.xlsx
2020,10,스리랑카,입항,233.0,233.0,0.0,3361.0,3330.0,31.0,2020_2021 4월.xlsx
2020,10,스웨덴,입항,1060.0,1060.0,0.0,12223.0,12171.0,52.0,2020_2021 4월.xlsx
2020,10,스위스,입항,5.0,5.0,0.0,8.0,8.0,0.0,2020_2021 4월.xlsx
2020,10,스페인,입항,2153.0,2076.0,77.0,31237.5,27870.5,3367.0,2020_2021 4월.xlsx
2020,10,슬로베니아,입항,1157.0,1157.0,0.0,12258.5,12059.5,199.0,2020_2021 4월.xlsx
2020,10,시리아,입항,,,,1.0,1.0,0.0,2020_2021 4월.xlsx
2020,10,시에라 리온,입항,10.0,10.0,0.0,236.0,236.0,0.0,2020_2021 4월.xlsx
2020,10,싱가포르,입항,3502.0,2665.0,837.0,37094.25,28000.0,9094.25,2020_2021 4월.xlsx
2020,10,아랍에미리트연합국,입항,4886.25,1365.0,3521.25,48264.75,14803.5,33461.25,2020_2021 4월.xlsx
2020,10,아르헨티나,입항,512.0,410.0,102.0,6275.0,3068.0,3207.0,2020_2021 4월.xlsx
2020,10,아메리칸사모아,입항,47.0,19.0,28.0,1602.0,152.0,1450.0,2020_2021 4월.xlsx
2020,10,아이슬란드,입항,,,,84.0,84.0,0.0,2020_2021 4월.xlsx
2020,10,아이티,입항,5.0,5.0,0.0,50.0,50.0,0.0,2020_2021 4월.xlsx
2020,10,아일랜드,입항,135.0,129.0,6.0,1571.0,1503.0,68.0,2020_2021 4월.xlsx
2020,10,알바니아,입항,25.0,25.0,0.0,36.0,36.0,0.0,2020_2021 4월.xlsx
2020,10,알제리,입항,,,,216.0,17.0,199.0,2020_2021 4월.xlsx
2020,10,앙골라,입항,3.0,3.0,0.0,1045.0,58.0,987.0,2020_2021 4월.xlsx
2020,10,앤틸리스제도,입항,2.0,2.0,0.0,33.0,9.0,24.0,2020_2021 4월.xlsx
2020,10,에스토니아,입항,262.0,262.0,0.0,4496.0,4496.0,0.0,2020_2021 4월.xlsx
2020,10,에콰도르,입항,318.0,214.0,104.0,8064.5,3126.0,4938.5,2020_2021 4월.xlsx
2020,10,엘살바도르,입항,159.0,157.0,2.0,659.0,646.0,13.0,2020_2021 4월.xlsx
2020,10,영국,입항,2168.75,1584.75,584.0,17949.75,15953.0,1996.75,2020_2021 4월.xlsx
2020,10,예멘,입항,229.0,229.0,0.0,1620.0,1620.0,0.0,2020_2021 4월.xlsx
2020,10,오만,입항,361.0,104.0,257.0,6830.0,1172.0,5658.0,2020_2021 4월.xlsx
2020,10,온두라스,입항,30.0,15.0,15.0,688.0,666.0,22.0,2020_2021 4월.xlsx
2020,10,요르단,입항,204.0,66.0,138.0,2756.0,1015.0,1741.0,2020_2021 4월.xlsx
2020,10,우루과이,입항,148.0,110.0,38.0,1851.0,966.0,885.0,2020_2021 4월.xlsx
2020,10,우크라이나,입항,399.0,303.0,96.0,4228.0,2821.0,1407.0,2020_2021 4월.xlsx
2020,10,이라크,입항,,,,1624.0,10.0,1614.0,2020_2021 4월.xlsx
2020,10,이란,입항,18.0,2.0,16.0,116.0,30.0,86.0,2020_2021 4월.xlsx
2020,10,이스라엘,입항,547.0,409.0,138.0,7328.0,3488.0,3840.0,2020_2021 4월.xlsx
2020,10,이집트,입항,1075.0,154.0,921.0,13188.0,3348.0,9840.0,2020_2021 4월.xlsx
2020,10,이탈리아,입항,3511.0,3327.0,184.0,46383.5,41364.5,5019.0,2020_2021 4월.xlsx
2020,10,인도,입항,10804.0,7038.0,3766.0,86449.25,60593.0,25856.25,2020_2021 4월.xlsx
2020,10,인도네시아,입항,5938.75,4828.0,1110.75,65415.75,49588.75,15827.0,2020_2021 4월.xlsx
2020,10,일본,입항,57290.0,20983.0,36307.0,697697.25,195816.5,501880.75,2020_2021 4월.xlsx
2020,10,자메이카,입항,927.0,21.0,906.0,10004.25,242.0,9762.25,2020_2021 4월.xlsx
2020,10,적도 기니,입항,,,,17.0,17.0,0.0,2020_2021 4월.xlsx
2020,10,조지아,입항,27.0,27.0,0.0,186.0,186.0,0.0,2020_2021 4월.xlsx
2020,10,중국,입항,103311.5,75288.0,28023.5,909499.0,712061.0,197438.0,2020_2021 4월.xlsx
2020,10,지부티,입항,124.0,124.0,0.0,934.0,934.0,0.0,2020_2021 4월.xlsx
2020,10,지브롤터,입항,,,,29.0,29.0,0.0,2020_2021 4월.xlsx
2020,10,체코,입항,,,,40.0,40.0,0.0,2020_2021 4월.xlsx
2020,10,칠레,입항,4822.0,4727.0,95.0,56444.0,52122.0,4322.0,2020_2021 4월.xlsx
2020,10,카메룬,입항,2.0,2.0,0.0,14.0,14.0,0.0,2020_2021 4월.xlsx
2020,10,카타르,입항,292.0,292.0,0.0,4549.0,4228.0,321.0,2020_2021 4월.xlsx
2020,10,캄보디아,입항,96.0,96.0,0.0,1394.0,1392.0,2.0,2020_2021 4월.xlsx
2020,10,캐나다,입항,9807.75,4738.5,5069.25,70090.0,47616.0,22474.0,2020_2021 4월.xlsx
2020,10,케냐,입항,23.0,23.0,0.0,331.0,331.0,0.0,2020_2021 4월.xlsx
2020,10,코모로,입항,3.0,3.0,0.0,3.0,3.0,0.0,2020_2021 4월.xlsx
2020,10,코스타리카,입항,40.0,40.0,0.0,1015.0,998.0,17.0,2020_2021 4월.xlsx
2020,10,코트디부아르,입항,7.0,7.0,0.0,65.0,65.0,0.0,2020_2021 4월.xlsx
2020,10,콜롬비아,입항,1427.0,709.0,718.0,12920.0,5789.0,7131.0,2020_2021 4월.xlsx
2020,10,콩고,입항,9.0,9.0,0.0,135.0,39.0,96.0,2020_2021 4월.xlsx
2020,10,콩고 민주 공화국,입항,7.0,7.0,0.0,37.0,37.0,0.0,2020_2021 4월.xlsx
2020,10,쿠바,입항,,,,6.0,6.0,0.0,2020_2021 4월.xlsx
2020,10,쿠웨이트,입항,34.0,28.0,6.0,476.0,402.0,74.0,2020_2021 4월.xlsx
2020,10,크로아티아,입항,345.0,343.0,2.0,1181.0,1150.0,31.0,2020_2021 4월.xlsx
2020,10,키리바시,입항,10.0,0.0,10.0,832.0,1.0,831.0,2020_2021 4월.xlsx
2020,10,키프로스,입항,13.0,13.0,0.0,127.0,127.0,0.0,2020_2021 4월.xlsx
2020,10,탄자니아,입항,197.0,197.0,0.0,2287.0,2287.0,0.0,2020_2021 4월.xlsx
2020,10,태국,입항,6275.25,6074.0,201.25,65715.25,61956.0,3759.25,2020_2021 4월.xlsx
2020,10,토고,입항,81.0,81.0,0.0,1187.0,1187.0,0.0,2020_2021 4월.xlsx
2020,10,통가,입항,57.0,2.0,55.0,880.0,19.0,861.0,2020_2021 4월.xlsx
2020,10,튀니지,입항,69.0,68.0,1.0,531.0,527.0,4.0,2020_2021 4월.xlsx
2020,10,튀르키예,입항,2337.25,1558.25,779.0,23480.25,15143.25,8337.0,2020_2021 4월.xlsx
2020,10,트리니다드 토바고,입항,50.0,50.0,0.0,598.0,598.0,0.0,2020_2021 4월.xlsx
2020,10,파나마,입항,3189.0,192.0,2997.0,40346.5,1233.0,39113.5,2020_2021 4월.xlsx
2020,10,파라과이,입항,36.0,36.0,0.0,265.0,265.0,0.0,2020_2021 4월.xlsx
2020,10,파키스탄,입항,1073.75,570.0,503.75,11126.75,5112.0,6014.75,2020_2021 4월.xlsx
2020,10,파푸아 뉴기니,입항,23.0,23.0,0.0,261.0,261.0,0.0,2020_2021 4월.xlsx
2020,10,팔라우,입항,2.0,2.0,0.0,52.0,39.0,13.0,2020_2021 4월.xlsx
2020,10,페루,입항,3036.0,1844.0,1192.0,22128.0,16923.0,5205.0,2020_2021 4월.xlsx
2020,10,포르투갈,입항,161.0,161.0,0.0,2429.0,2428.0,1.0,2020_2021 4월.xlsx
2020,10,폴란드,입항,1011.0,1010.0,1.0,10593.5,10538.5,55.0,2020_2021 4월.xlsx
2020,10,푸에르토리코,입항,121.0,121.0,0.0,1642.0,1642.0,0.0,2020_2021 4월.xlsx
2020,10,프랑스,입항,2578.0,2302.0,276.0,24786.25,22879.25,1907.0,2020_2021 4월.xlsx
2020,10,프랑스령 기아나,입항,,,,9.0,9.0,0.0,2020_2021 4월.xlsx
2020,10,프랑스령 폴리네시아,입항,261.0,6.0,255.0,2389.0,41.0,2348.0,2020_2021 4월.xlsx
2020,10,피지,입항,243.0,14.0,229.0,1287.0,245.0,1042.0,2020_2021 4월.xlsx
2020,10,핀란드,입항,1222.0,1204.0,18.0,10731.0,10565.0,166.0,2020_2021 4월.xlsx
2020,10,필리핀,입항,4820.0,1900.0,2920.0,47513.5,18144.0,29369.5,2020_2021 4월.xlsx
2020,10,헝가리,입항,2.0,2.0,0.0,106.0,106.0,0.0,2020_2021 4월.xlsx
2020,10,호주,입항,12898.0,5083.0,7815.0,117073.5,59145.0,57928.5,2020_2021 4월.xlsx
2020,10,홍콩,입항,4905.0,2473.0,2432.0,31971.0,22745.0,9226.0,2020_2021 4월.xlsx
2020,10,가나,입항환적,8.0,8.0,0.0,538.0,538.0,0.0,2020_2021 4월.xlsx
2020,10,가봉,입항환적,16.0,16.0,0.0,914.0,914.0,0.0,2020_2021 4월.xlsx
2020,10,가이아나,입항환적,184.0,184.0,0.0,1777.0,1777.0,0.0,2020_2021 4월.xlsx
2020,10,감비아,입항환적,,,,14.0,14.0,0.0,2020_2021 4월.xlsx
2020,10,과들루프,입항환적,,,,14.0,14.0,0.0,2020_2021 4월.xlsx
2020,10,과테말라,입항환적,263.0,263.0,0.0,4008.0,4008.0,0.0,2020_2021 4월.xlsx
2020,10,괌,입항환적,178.75,162.75,16.0,2883.25,2054.25,829.0,2020_2021 4월.xlsx
2020,10,그리스,입항환적,214.0,214.0,0.0,4220.0,3048.0,1172.0,2020_2021 4월.xlsx
2020,10,기니,입항환적,,,,2.0,2.0,0.0,2020_2021 4월.xlsx
2020,10,기니비사우,입항환적,,,,4.0,4.0,0.0,2020_2021 4월.xlsx
2020,10,기타국가,입항환적,,,,15.0,15.0,0.0,2020_2021 4월.xlsx
2020,10,나미비아,입항환적,5.0,5.0,0.0,53.0,53.0,0.0,2020_2021 4월.xlsx
2020,10,나이지리아,입항환적,194.0,194.0,0.0,1087.0,1055.0,32.0,2020_2021 4월.xlsx
2020,10,남아프리카,입항환적,567.0,565.0,2.0,6569.0,5987.0,582.0,2020_2021 4월.xlsx
2020,10,네덜란드,입항환적,3543.25,3413.25,130.0,26653.5,25483.5,1170.0,2020_2021 4월.xlsx
2020,10,노르웨이,입항환적,191.0,191.0,0.0,1529.0,1529.0,0.0,2020_2021 4월.xlsx
2020,10,뉴질랜드,입항환적,1532.0,1532.0,0.0,25155.0,21780.0,3375.0,2020_2021 4월.xlsx
2020,10,뉴칼레도니아,입항환적,332.0,332.0,0.0,4977.0,4948.0,29.0,2020_2021 4월.xlsx
2020,10,니카라과,입항환적,372.0,372.0,0.0,3101.0,3101.0,0.0,2020_2021 4월.xlsx
2020,10,대만,입항환적,5677.0,5397.0,280.0,57621.75,56492.75,1129.0,2020_2021 4월.xlsx
2020,10,대한민국,입항환적,10309.75,9557.75,752.0,84566.5,81297.5,3269.0,2020_2021 4월.xlsx
2020,10,덴마크,입항환적,243.0,243.0,0.0,2130.0,2130.0,0.0,2020_2021 4월.xlsx
2020,10,도미니카 공화국,입항환적,160.0,160.0,0.0,732.0,732.0,0.0,2020_2021 4월.xlsx
2020,10,독일,입항환적,3962.0,3812.0,150.0,29788.5,26657.5,3131.0,2020_2021 4월.xlsx
2020,10,동티모르,입항환적,8.0,8.0,0.0,23.0,23.0,0.0,2020_2021 4월.xlsx
2020,10,라트비아,입항환적,251.0,251.0,0.0,2863.0,2863.0,0.0,2020_2021 4월.xlsx
2020,10,러시아,입항환적,16497.0,15962.0,535.0,145113.5,136791.0,8322.5,2020_2021 4월.xlsx
2020,10,레바논,입항환적,11.0,11.0,0.0,138.0,138.0,0.0,2020_2021 4월.xlsx
2020,10,레위니옹,입항환적,,,,6.0,6.0,0.0,2020_2021 4월.xlsx
2020,10,루마니아,입항환적,509.0,509.0,0.0,7659.25,7639.25,20.0,2020_2021 4월.xlsx
2020,10,리투아니아,입항환적,55.0,55.0,0.0,586.0,586.0,0.0,2020_2021 4월.xlsx
2020,10,마다가스카르,입항환적,3.0,3.0,0.0,80.0,80.0,0.0,2020_2021 4월.xlsx
2020,10,마르티니크,입항환적,,,,22.0,22.0,0.0,2020_2021 4월.xlsx
2020,10,마샬 제도,입항환적,16.0,16.0,0.0,540.0,517.0,23.0,2020_2021 4월.xlsx
2020,10,말레이시아,입항환적,7633.25,7444.25,189.0,73566.75,72275.75,1291.0,2020_2021 4월.xlsx
2020,10,멕시코,입항환적,5567.0,4682.0,885.0,52298.5,47099.0,5199.5,2020_2021 4월.xlsx
2020,10,모로코,입항환적,71.0,71.0,0.0,819.0,819.0,0.0,2020_2021 4월.xlsx
2020,10,모리셔스,입항환적,23.0,23.0,0.0,280.0,280.0,0.0,2020_2021 4월.xlsx
2020,10,모리타니,입항환적,7.0,7.0,0.0,368.0,368.0,0.0,2020_2021 4월.xlsx
2020,10,모잠비크,입항환적,67.0,67.0,0.0,427.0,427.0,0.0,2020_2021 4월.xlsx
2020,10,몬테네그로,입항환적,2.0,2.0,0.0,21.0,21.0,0.0,2020_2021 4월.xlsx
2020,10,몰디브,입항환적,,,,7.0,7.0,0.0,2020_2021 4월.xlsx
2020,10,몰타,입항환적,25.0,25.0,0.0,218.0,218.0,0.0,2020_2021 4월.xlsx
2020,10,미국,입항환적,52096.5,46743.25,5353.25,555167.0,480774.0,74393.0,2020_2021 4월.xlsx
2020,10,미얀마,입항환적,120.0,120.0,0.0,2610.0,2216.0,394.0,2020_2021 4월.xlsx
2020,10,미크로네시아,입항환적,1.0,1.0,0.0,112.0,104.0,8.0,2020_2021 4월.xlsx
2020,10,바누아투,입항환적,66.0,15.0,51.0,528.0,44.0,484.0,2020_2021 4월.xlsx
2020,10,바레인,입항환적,21.0,21.0,0.0,590.0,590.0,0.0,2020_2021 4월.xlsx
2020,10,바베이도스,입항환적,,,,68.0,68.0,0.0,2020_2021 4월.xlsx
2020,10,바하마,입항환적,2.0,2.0,0.0,4.0,3.0,1.0,2020_2021 4월.xlsx
2020,10,방글라데시,입항환적,287.0,287.0,0.0,4684.75,4675.75,9.0,2020_2021 4월.xlsx
2020,10,베네수엘라,입항환적,119.0,119.0,0.0,853.0,853.0,0.0,2020_2021 4월.xlsx
2020,10,베트남,입항환적,8828.0,8820.0,8.0,93245.5,93064.5,181.0,2020_2021 4월.xlsx
2020,10,벨기에,입항환적,1449.0,1449.0,0.0,10424.5,10417.5,7.0,2020_2021 4월.xlsx
2020,10,벨리즈,입항환적,,,,38.0,38.0,0.0,2020_2021 4월.xlsx
2020,10,북마리아나 제도,입항환적,148.0,2.0,146.0,539.25,19.25,520.0,2020_2021 4월.xlsx
2020,10,불가리아,입항환적,32.0,32.0,0.0,1353.0,1353.0,0.0,2020_2021 4월.xlsx
2020,10,브라질,입항환적,5914.0,5914.0,0.0,49863.0,48461.0,1402.0,2020_2021 4월.xlsx
2020,10,브루나이,입항환적,22.0,22.0,0.0,78.0,78.0,0.0,2020_2021 4월.xlsx
2020,10,사모아,입항환적,36.0,36.0,0.0,258.0,193.0,65.0,2020_2021 4월.xlsx
2020,10,사우디아라비아,입항환적,989.0,985.0,4.0,13208.0,11563.0,1645.0,2020_2021 4월.xlsx
2020,10,세네갈,입항환적,97.0,97.0,0.0,1578.0,1578.0,0.0,2020_2021 4월.xlsx
2020,10,세이셸,입항환적,,,,133.0,133.0,0.0,2020_2021 4월.xlsx
2020,10,세인트루시아,입항환적,,,,51.0,51.0,0.0,2020_2021 4월.xlsx
2020,10,소말리아,입항환적,,,,2.0,2.0,0.0,2020_2021 4월.xlsx
2020,10,솔로몬제도,입항환적,,,,29.0,29.0,0.0,2020_2021 4월.xlsx
2020,10,수단,입항환적,145.0,145.0,0.0,4814.0,4814.0,0.0,2020_2021 4월.xlsx
2020,10,수리남,입항환적,220.0,220.0,0.0,1902.0,1902.0,0.0,2020_2021 4월.xlsx
2020,10,스리랑카,입항환적,433.0,433.0,0.0,3775.75,3773.75,2.0,2020_2021 4월.xlsx
2020,10,스웨덴,입항환적,451.0,423.0,28.0,9192.0,9164.0,28.0,2020_2021 4월.xlsx
2020,10,스페인,입항환적,1626.0,1626.0,0.0,19771.0,18549.0,1222.0,2020_2021 4월.xlsx
2020,10,슬로베니아,입항환적,451.0,451.0,0.0,6913.0,6913.0,0.0,2020_2021 4월.xlsx
2020,10,시리아,입항환적,,,,8.0,8.0,0.0,2020_2021 4월.xlsx
2020,10,시에라 리온,입항환적,8.0,8.0,0.0,77.0,77.0,0.0,2020_2021 4월.xlsx
2020,10,싱가포르,입항환적,1962.75,1921.75,41.0,21917.0,21144.75,772.25,2020_2021 4월.xlsx
2020,10,아랍에미리트연합국,입항환적,1344.0,1344.0,0.0,25032.25,18763.0,6269.25,2020_2021 4월.xlsx
2020,10,아르헨티나,입항환적,1101.0,1101.0,0.0,8859.0,8411.0,448.0,2020_2021 4월.xlsx
2020,10,아메리칸사모아,입항환적,8.0,8.0,0.0,101.0,37.0,64.0,2020_2021 4월.xlsx
2020,10,아이슬란드,입항환적,,,,97.0,97.0,0.0,2020_2021 4월.xlsx
2020,10,아이티,입항환적,30.0,30.0,0.0,181.0,181.0,0.0,2020_2021 4월.xlsx
2020,10,아일랜드,입항환적,44.0,44.0,0.0,689.0,687.0,2.0,2020_2021 4월.xlsx
2020,10,알바니아,입항환적,43.0,43.0,0.0,541.0,541.0,0.0,2020_2021 4월.xlsx
2020,10,알제리,입항환적,,,,24.0,24.0,0.0,2020_2021 4월.xlsx
2020,10,앙골라,입항환적,,,,263.0,1.0,262.0,2020_2021 4월.xlsx
2020,10,앤틸리스제도,입항환적,,,,1.0,1.0,0.0,2020_2021 4월.xlsx
2020,10,에스토니아,입항환적,32.0,32.0,0.0,635.0,635.0,0.0,2020_2021 4월.xlsx
2020,10,에콰도르,입항환적,3655.0,3655.0,0.0,51972.25,50786.0,1186.25,2020_2021 4월.xlsx
2020,10,엘살바도르,입항환적,97.0,97.0,0.0,707.0,707.0,0.0,2020_2021 4월.xlsx
2020,10,영국,입항환적,898.0,601.0,297.0,5623.75,5278.75,345.0,2020_2021 4월.xlsx
2020,10,예멘,입항환적,,,,8.0,8.0,0.0,2020_2021 4월.xlsx
2020,10,오만,입항환적,638.0,638.0,0.0,7324.0,7306.0,18.0,2020_2021 4월.xlsx
2020,10,온두라스,입항환적,34.0,34.0,0.0,444.0,444.0,0.0,2020_2021 4월.xlsx
2020,10,요르단,입항환적,326.0,46.0,280.0,2630.0,257.0,2373.0,2020_2021 4월.xlsx
2020,10,우루과이,입항환적,425.0,425.0,0.0,3698.0,3672.0,26.0,2020_2021 4월.xlsx
2020,10,우크라이나,입항환적,1136.0,1102.0,34.0,8135.5,8101.5,34.0,2020_2021 4월.xlsx
2020,10,원양어획지역,입항환적,,,,621.0,621.0,0.0,2020_2021 4월.xlsx
2020,10,이라크,입항환적,,,,10.0,10.0,0.0,2020_2021 4월.xlsx
2020,10,이스라엘,입항환적,188.0,188.0,0.0,2619.0,1633.0,986.0,2020_2021 4월.xlsx
2020,10,이집트,입항환적,238.0,236.0,2.0,7118.0,4809.0,2309.0,2020_2021 4월.xlsx
2020,10,이탈리아,입항환적,1830.0,1830.0,0.0,26945.75,24913.5,2032.25,2020_2021 4월.xlsx
2020,10,인도,입항환적,3795.5,3788.5,7.0,48201.5,47627.5,574.0,2020_2021 4월.xlsx
2020,10,인도네시아,입항환적,11976.0,11974.0,2.0,108094.5,107857.5,237.0,2020_2021 4월.xlsx
2020,10,일본,입항환적,72583.5,66613.5,5970.0,670494.75,539973.5,130521.25,2020_2021 4월.xlsx
2020,10,자메이카,입항환적,13.0,13.0,0.0,1610.0,85.0,1525.0,2020_2021 4월.xlsx
2020,10,적도 기니,입항환적,,,,28.0,28.0,0.0,2020_2021 4월.xlsx
2020,10,조지아,입항환적,13.0,13.0,0.0,678.0,678.0,0.0,2020_2021 4월.xlsx
2020,10,중국,입항환적,239280.25,229684.5,9595.75,2040229.25,1934915.75,105313.5,2020_2021 4월.xlsx
2020,10,지부티,입항환적,6.0,6.0,0.0,258.0,258.0,0.0,2020_2021 4월.xlsx
2020,10,차드,입항환적,,,,1.0,1.0,0.0,2020_2021 4월.xlsx
2020,10,체코,입항환적,,,,1.0,1.0,0.0,2020_2021 4월.xlsx
2020,10,칠레,입항환적,5858.0,5849.0,9.0,60846.0,60285.0,561.0,2020_2021 4월.xlsx
2020,10,카메룬,입항환적,2.0,2.0,0.0,83.0,83.0,0.0,2020_2021 4월.xlsx
2020,10,카보 베르데,입항환적,,,,18.0,18.0,0.0,2020_2021 4월.xlsx
2020,10,카타르,입항환적,306.0,306.0,0.0,2419.0,2419.0,0.0,2020_2021 4월.xlsx
2020,10,캄보디아,입항환적,290.0,290.0,0.0,4288.75,4265.75,23.0,2020_2021 4월.xlsx
2020,10,캐나다,입항환적,16595.75,16077.25,518.5,130833.25,125040.75,5792.5,2020_2021 4월.xlsx
2020,10,케냐,입항환적,61.0,61.0,0.0,557.0,557.0,0.0,2020_2021 4월.xlsx
2020,10,코모로,입항환적,,,,2.0,2.0,0.0,2020_2021 4월.xlsx
2020,10,코스타리카,입항환적,264.0,264.0,0.0,3850.0,3618.0,232.0,2020_2021 4월.xlsx
2020,10,코트디부아르,입항환적,20.0,20.0,0.0,120.0,120.0,0.0,2020_2021 4월.xlsx
2020,10,콜롬비아,입항환적,448.0,378.0,70.0,8156.75,4278.0,3878.75,2020_2021 4월.xlsx
2020,10,콩고,입항환적,,,,1.0,1.0,0.0,2020_2021 4월.xlsx
2020,10,콩고 민주 공화국,입항환적,,,,94.0,94.0,0.0,2020_2021 4월.xlsx
2020,10,쿠바,입항환적,120.0,120.0,0.0,813.0,813.0,0.0,2020_2021 4월.xlsx
2020,10,쿠웨이트,입항환적,3.0,3.0,0.0,473.0,473.0,0.0,2020_2021 4월.xlsx
2020,10,퀴라소,입항환적,5.0,5.0,0.0,9.0,9.0,0.0,2020_2021 4월.xlsx
2020,10,크로아티아,입항환적,23.0,23.0,0.0,714.0,714.0,0.0,2020_2021 4월.xlsx
2020,10,키리바시,입항환적,1.0,0.0,1.0,17.0,2.0,15.0,2020_2021 4월.xlsx
2020,10,키프로스,입항환적,2.0,2.0,0.0,160.0,160.0,0.0,2020_2021 4월.xlsx
2020,10,탄자니아,입항환적,,,,183.0,183.0,0.0,2020_2021 4월.xlsx
2020,10,태국,입항환적,7966.0,7966.0,0.0,83808.5,83503.5,305.0,2020_2021 4월.xlsx
2020,10,토고,입항환적,,,,45.0,45.0,0.0,2020_2021 4월.xlsx
2020,10,통가,입항환적,1.0,1.0,0.0,44.0,18.0,26.0,2020_2021 4월.xlsx
2020,10,튀니지,입항환적,1.0,1.0,0.0,62.0,62.0,0.0,2020_2021 4월.xlsx
2020,10,튀르키예,입항환적,2123.0,2123.0,0.0,24068.0,21744.0,2324.0,2020_2021 4월.xlsx
2020,10,트리니다드 토바고,입항환적,20.0,20.0,0.0,200.0,200.0,0.0,2020_2021 4월.xlsx
2020,10,파나마,입항환적,786.0,786.0,0.0,21549.0,12226.0,9323.0,2020_2021 4월.xlsx
2020,10,파라과이,입항환적,8.0,8.0,0.0,296.0,296.0,0.0,2020_2021 4월.xlsx
2020,10,파키스탄,입항환적,552.25,552.25,0.0,10473.0,10082.0,391.0,2020_2021 4월.xlsx
2020,10,파푸아 뉴기니,입항환적,35.0,35.0,0.0,148.0,146.0,2.0,2020_2021 4월.xlsx
2020,10,페로 제도,입항환적,,,,4.0,4.0,0.0,2020_2021 4월.xlsx
2020,10,페루,입항환적,3150.0,3066.0,84.0,22821.0,22345.0,476.0,2020_2021 4월.xlsx
2020,10,포르투갈,입항환적,324.0,324.0,0.0,2713.25,2713.25,0.0,2020_2021 4월.xlsx
2020,10,폴란드,입항환적,94.0,94.0,0.0,1583.0,1583.0,0.0,2020_2021 4월.xlsx
2020,10,푸에르토리코,입항환적,47.0,47.0,0.0,1773.0,1773.0,0.0,2020_2021 4월.xlsx
2020,10,프랑스,입항환적,1170.0,1170.0,0.0,15419.0,13588.0,1831.0,2020_2021 4월.xlsx
2020,10,프랑스령 폴리네시아,입항환적,,,,54.0,6.0,48.0,2020_2021 4월.xlsx
2020,10,피지,입항환적,81.0,52.0,29.0,366.0,232.0,134.0,2020_2021 4월.xlsx
2020,10,핀란드,입항환적,832.0,832.0,0.0,11595.0,11595.0,0.0,2020_2021 4월.xlsx
2020,10,필리핀,입항환적,6987.75,6787.75,200.0,70655.0,63278.25,7376.75,2020_2021 4월.xlsx
2020,10,헝가리,입항환적,2.0,2.0,0.0,12.0,12.0,0.0,2020_2021 4월.xlsx
2020,10,호주,입항환적,7551.5,5567.0,1984.5,82722.5,72587.0,10135.5,2020_2021 4월.xlsx
2020,10,홍콩,입항환적,3250.25,3212.25,38.0,29476.0,28064.25,1411.75,2020_2021 4월.xlsx
2020,10,가나,출항,143.0,143.0,0.0,2480.0,2477.0,3.0,2020_2021 4월.xlsx
2020,10,가봉,출항,,,,14.0,14.0,0.0,2020_2021 4월.xlsx
2020,10,가이아나,출항,,,,53.0,53.0,0.0,2020_2021 4월.xlsx
2020,10,감비아,출항,,,,6.0,6.0,0.0,2020_2021 4월.xlsx
2020,10,과들루프,출항,3.0,3.0,0.0,17.0,17.0,0.0,2020_2021 4월.xlsx
2020,10,과테말라,출항,260.0,260.0,0.0,2287.0,2153.0,134.0,2020_2021 4월.xlsx
2020,10,괌,출항,315.25,315.25,0.0,2295.0,2250.0,45.0,2020_2021 4월.xlsx
2020,10,그레나다,출항,1.0,1.0,0.0,21.0,21.0,0.0,2020_2021 4월.xlsx
2020,10,그리스,출항,1397.0,1397.0,0.0,13833.0,13807.0,26.0,2020_2021 4월.xlsx
2020,10,기니,출항,4.0,4.0,0.0,156.0,156.0,0.0,2020_2021 4월.xlsx
2020,10,나미비아,출항,,,,27.0,27.0,0.0,2020_2021 4월.xlsx
2020,10,나이지리아,출항,42.0,42.0,0.0,2400.0,2400.0,0.0,2020_2021 4월.xlsx
2020,10,남아프리카,출항,193.0,193.0,0.0,4197.0,4107.0,90.0,2020_2021 4월.xlsx
2020,10,네덜란드,출항,5644.0,5642.0,2.0,56750.75,56524.75,226.0,2020_2021 4월.xlsx
2020,10,노르웨이,출항,7.0,7.0,0.0,265.0,265.0,0.0,2020_2021 4월.xlsx
2020,10,뉴질랜드,출항,1311.0,1230.0,81.0,13578.0,11937.0,1641.0,2020_2021 4월.xlsx
2020,10,뉴칼레도니아,출항,32.0,32.0,0.0,219.0,213.0,6.0,2020_2021 4월.xlsx
2020,10,니카라과,출항,102.0,102.0,0.0,677.0,677.0,0.0,2020_2021 4월.xlsx
2020,10,대만,출항,11035.75,10215.0,820.75,102773.5,96947.5,5826.0,2020_2021 4월.xlsx
2020,10,대한민국,출항,8292.0,249.0,8043.0,80817.25,1260.0,79557.25,2020_2021 4월.xlsx
2020,10,덴마크,출항,127.0,127.0,0.0,1970.0,1970.0,0.0,2020_2021 4월.xlsx
2020,10,도미니카 공화국,출항,160.0,160.0,0.0,1904.0,1761.0,143.0,2020_2021 4월.xlsx
2020,10,도미니카 연방,출항,,,,3.0,3.0,0.0,2020_2021 4월.xlsx
2020,10,독일,출항,5894.0,5884.0,10.0,72314.0,71516.0,798.0,2020_2021 4월.xlsx
2020,10,동티모르,출항,,,,10.0,10.0,0.0,2020_2021 4월.xlsx
2020,10,라이베리아,출항,14.0,14.0,0.0,66.0,66.0,0.0,2020_2021 4월.xlsx
2020,10,라트비아,출항,41.0,41.0,0.0,407.25,407.25,0.0,2020_2021 4월.xlsx
2020,10,러시아,출항,12861.25,12488.25,373.0,108614.0,100620.0,7994.0,2020_2021 4월.xlsx
2020,10,레바논,출항,154.0,154.0,0.0,849.0,849.0,0.0,2020_2021 4월.xlsx
2020,10,레위니옹,출항,,,,48.0,48.0,0.0,2020_2021 4월.xlsx
2020,10,루마니아,출항,260.0,260.0,0.0,2665.0,2659.0,6.0,2020_2021 4월.xlsx
2020,10,리비아,출항,85.0,85.0,0.0,1194.0,1194.0,0.0,2020_2021 4월.xlsx
2020,10,리투아니아,출항,189.0,189.0,0.0,2152.0,2152.0,0.0,2020_2021 4월.xlsx
2020,10,마다가스카르,출항,,,,87.0,87.0,0.0,2020_2021 4월.xlsx
2020,10,마르티니크,출항,5.0,5.0,0.0,34.0,34.0,0.0,2020_2021 4월.xlsx
2020,10,마샬 제도,출항,14.0,14.0,0.0,729.0,172.0,557.0,2020_2021 4월.xlsx
2020,10,마요트,출항,4.0,4.0,0.0,78.0,78.0,0.0,2020_2021 4월.xlsx
2020,10,말레이시아,출항,8326.25,8253.25,73.0,76484.75,74958.75,1526.0,2020_2021 4월.xlsx
2020,10,멕시코,출항,15453.0,15071.0,382.0,123524.75,117978.75,5546.0,2020_2021 4월.xlsx
2020,10,모로코,출항,187.0,187.0,0.0,2231.0,2231.0,0.0,2020_2021 4월.xlsx
2020,10,모리셔스,출항,1.0,1.0,0.0,127.0,127.0,0.0,2020_2021 4월.xlsx
2020,10,모리타니,출항,,,,78.0,78.0,0.0,2020_2021 4월.xlsx
2020,10,모잠비크,출항,45.0,45.0,0.0,1225.0,1225.0,0.0,2020_2021 4월.xlsx
2020,10,몬테네그로,출항,,,,36.0,36.0,0.0,2020_2021 4월.xlsx
2020,10,몰디브,출항,6.0,6.0,0.0,23.0,23.0,0.0,2020_2021 4월.xlsx
2020,10,몰타,출항,50.0,50.0,0.0,485.0,329.0,156.0,2020_2021 4월.xlsx
2020,10,미국,출항,79013.25,78469.5,543.75,652402.5,635642.25,16760.25,2020_2021 4월.xlsx
2020,10,미얀마,출항,76.0,76.0,0.0,1310.25,1310.25,0.0,2020_2021 4월.xlsx
2020,10,미크로네시아,출항,27.0,23.0,4.0,280.0,215.0,65.0,2020_2021 4월.xlsx
2020,10,바누아투,출항,16.0,6.0,10.0,462.0,99.0,363.0,2020_2021 4월.xlsx
2020,10,바레인,출항,25.0,25.0,0.0,382.0,382.0,0.0,2020_2021 4월.xlsx
2020,10,바베이도스,출항,2.0,2.0,0.0,18.0,18.0,0.0,2020_2021 4월.xlsx
2020,10,바하마,출항,1511.0,14.0,1497.0,23259.5,142.0,23117.5,2020_2021 4월.xlsx
2020,10,방글라데시,출항,28.0,28.0,0.0,483.0,483.0,0.0,2020_2021 4월.xlsx
2020,10,베냉,출항,4.0,4.0,0.0,50.0,50.0,0.0,2020_2021 4월.xlsx
2020,10,베네수엘라,출항,21.0,21.0,0.0,324.0,324.0,0.0,2020_2021 4월.xlsx
2020,10,베트남,출항,19504.25,18883.25,621.0,188204.75,173580.25,14624.5,2020_2021 4월.xlsx
2020,10,벨기에,출항,1550.0,1550.0,0.0,18998.0,18626.0,372.0,2020_2021 4월.xlsx
2020,10,벨리즈,출항,4.0,4.0,0.0,27.0,27.0,0.0,2020_2021 4월.xlsx
2020,10,북마리아나 제도,출항,68.0,68.0,0.0,769.0,751.0,18.0,2020_2021 4월.xlsx
2020,10,불가리아,출항,162.0,162.0,0.0,587.0,587.0,0.0,2020_2021 4월.xlsx
2020,10,브라질,출항,5640.0,5640.0,0.0,40944.0,39050.0,1894.0,2020_2021 4월.xlsx
2020,10,사모아,출항,13.0,13.0,0.0,69.0,65.0,4.0,2020_2021 4월.xlsx
2020,10,사우디아라비아,출항,3328.75,3328.75,0.0,37445.25,37435.25,10.0,2020_2021 4월.xlsx
2020,10,세네갈,출항,27.0,27.0,0.0,717.0,717.0,0.0,2020_2021 4월.xlsx
2020,10,세이셸,출항,,,,110.0,110.0,0.0,2020_2021 4월.xlsx
2020,10,세인트루시아,출항,1.0,1.0,0.0,12.0,12.0,0.0,2020_2021 4월.xlsx
2020,10,세인트키츠 네비스,출항,,,,11.0,11.0,0.0,2020_2021 4월.xlsx
2020,10,소말리아,출항,1.0,1.0,0.0,136.0,136.0,0.0,2020_2021 4월.xlsx
2020,10,솔로몬제도,출항,21.0,21.0,0.0,417.0,401.0,16.0,2020_2021 4월.xlsx
2020,10,수단,출항,31.0,31.0,0.0,1183.0,1183.0,0.0,2020_2021 4월.xlsx
2020,10,수리남,출항,2.0,2.0,0.0,31.0,31.0,0.0,2020_2021 4월.xlsx
2020,10,스리랑카,출항,1505.0,1505.0,0.0,12212.0,12212.0,0.0,2020_2021 4월.xlsx
2020,10,스웨덴,출항,338.0,336.0,2.0,3993.0,3982.0,11.0,2020_2021 4월.xlsx
2020,10,스페인,출항,2732.25,2694.25,38.0,28218.75,27493.75,725.0,2020_2021 4월.xlsx
2020,10,슬로베니아,출항,8604.0,8584.0,20.0,77140.75,77088.75,52.0,2020_2021 4월.xlsx
2020,10,시리아,출항,181.0,181.0,0.0,1526.0,1526.0,0.0,2020_2021 4월.xlsx
2020,10,시에라 리온,출항,,,,34.0,34.0,0.0,2020_2021 4월.xlsx
2020,10,싱가포르,출항,5753.5,5710.5,43.0,65146.25,62060.25,3086.0,2020_2021 4월.xlsx
2020,10,아랍에미리트연합국,출항,5347.0,5333.0,14.0,58082.75,57522.75,560.0,2020_2021 4월.xlsx
2020,10,아루바,출항,,,,1.0,1.0,0.0,2020_2021 4월.xlsx
2020,10,아르헨티나,출항,584.0,584.0,0.0,5330.0,4652.0,678.0,2020_2021 4월.xlsx
2020,10,아메리칸사모아,출항,78.0,78.0,0.0,725.0,641.0,84.0,2020_2021 4월.xlsx
2020,10,아이티,출항,36.0,36.0,0.0,165.0,165.0,0.0,2020_2021 4월.xlsx
2020,10,아일랜드,출항,34.0,34.0,0.0,398.0,398.0,0.0,2020_2021 4월.xlsx
2020,10,알바니아,출항,2.0,2.0,0.0,108.0,108.0,0.0,2020_2021 4월.xlsx
2020,10,알제리,출항,129.0,129.0,0.0,2408.75,2408.75,0.0,2020_2021 4월.xlsx
2020,10,앙골라,출항,5.0,5.0,0.0,544.0,544.0,0.0,2020_2021 4월.xlsx
2020,10,앤티가 바부다,출항,,,,2.0,2.0,0.0,2020_2021 4월.xlsx
2020,10,앤틸리스제도,출항,4.0,4.0,0.0,40.0,40.0,0.0,2020_2021 4월.xlsx
2020,10,에스토니아,출항,13.0,13.0,0.0,674.0,674.0,0.0,2020_2021 4월.xlsx
2020,10,에콰도르,출항,1627.0,707.0,920.0,18696.0,5138.0,13558.0,2020_2021 4월.xlsx
2020,10,엘살바도르,출항,68.0,68.0,0.0,719.0,719.0,0.0,2020_2021 4월.xlsx
2020,10,영국,출항,1871.25,1871.25,0.0,21248.75,20484.75,764.0,2020_2021 4월.xlsx
2020,10,영국령 버진아일랜드,출항,,,,1.0,1.0,0.0,2020_2021 4월.xlsx
2020,10,예멘,출항,36.0,36.0,0.0,420.0,420.0,0.0,2020_2021 4월.xlsx
2020,10,오만,출항,346.0,346.0,0.0,3661.0,3661.0,0.0,2020_2021 4월.xlsx
2020,10,온두라스,출항,38.0,38.0,0.0,395.0,395.0,0.0,2020_2021 4월.xlsx
2020,10,요르단,출항,170.0,170.0,0.0,2317.25,2317.25,0.0,2020_2021 4월.xlsx
2020,10,우루과이,출항,312.0,312.0,0.0,2508.0,2182.0,326.0,2020_2021 4월.xlsx
2020,10,우크라이나,출항,147.0,147.0,0.0,1970.0,1960.0,10.0,2020_2021 4월.xlsx
2020,10,이라크,출항,121.0,121.0,0.0,2581.75,2581.75,0.0,2020_2021 4월.xlsx
2020,10,이란,출항,2.0,2.0,0.0,12.0,12.0,0.0,2020_2021 4월.xlsx
2020,10,이스라엘,출항,1323.25,1288.25,35.0,11213.25,10862.25,351.0,2020_2021 4월.xlsx
2020,10,이집트,출항,3665.25,3664.25,1.0,34476.25,33964.25,512.0,2020_2021 4월.xlsx
2020,10,이탈리아,출항,4361.0,4281.0,80.0,40636.25,40024.25,612.0,2020_2021 4월.xlsx
2020,10,인도,출항,9206.0,9183.0,23.0,101781.25,100562.25,1219.0,2020_2021 4월.xlsx
2020,10,인도네시아,출항,7087.5,7045.5,42.0,71162.0,68827.5,2334.5,2020_2021 4월.xlsx
2020,10,일본,출항,35957.0,27293.0,8664.0,370638.5,273584.5,97054.0,2020_2021 4월.xlsx
2020,10,자메이카,출항,206.0,206.0,0.0,3026.0,2890.0,136.0,2020_2021 4월.xlsx
2020,10,적도 기니,출항,,,,4.0,4.0,0.0,2020_2021 4월.xlsx
2020,10,조지아,출항,26.0,8.0,18.0,348.0,330.0,18.0,2020_2021 4월.xlsx
2020,10,중국,출항,87846.75,54244.75,33602.0,967004.5,496666.25,470338.25,2020_2021 4월.xlsx
2020,10,지부티,출항,11.0,11.0,0.0,328.0,328.0,0.0,2020_2021 4월.xlsx
2020,10,지브롤터,출항,,,,1.0,1.0,0.0,2020_2021 4월.xlsx
2020,10,칠레,출항,2016.0,1454.0,562.0,23251.0,13317.0,9934.0,2020_2021 4월.xlsx
2020,10,카메룬,출항,11.0,11.0,0.0,298.0,298.0,0.0,2020_2021 4월.xlsx
2020,10,카타르,출항,378.0,364.0,14.0,3326.25,3164.25,162.0,2020_2021 4월.xlsx
2020,10,캄보디아,출항,584.0,584.0,0.0,4245.25,4245.25,0.0,2020_2021 4월.xlsx
2020,10,캐나다,출항,12839.5,12839.5,0.0,97781.75,97092.75,689.0,2020_2021 4월.xlsx
2020,10,케냐,출항,76.0,76.0,0.0,1956.0,1951.0,5.0,2020_2021 4월.xlsx
2020,10,케이맨 제도,출항,,,,1.0,1.0,0.0,2020_2021 4월.xlsx
2020,10,코모로,출항,,,,6.0,6.0,0.0,2020_2021 4월.xlsx
2020,10,코스타리카,출항,55.0,55.0,0.0,721.0,521.0,200.0,2020_2021 4월.xlsx
2020,10,코트디부아르,출항,17.0,17.0,0.0,583.0,583.0,0.0,2020_2021 4월.xlsx
2020,10,콜롬비아,출항,1835.0,1834.0,1.0,13275.0,11336.0,1939.0,2020_2021 4월.xlsx
2020,10,콩고,출항,18.0,18.0,0.0,255.0,255.0,0.0,2020_2021 4월.xlsx
2020,10,콩고 민주 공화국,출항,6.0,6.0,0.0,368.0,368.0,0.0,2020_2021 4월.xlsx
2020,10,쿠바,출항,,,,264.0,264.0,0.0,2020_2021 4월.xlsx
2020,10,쿠웨이트,출항,90.0,90.0,0.0,923.0,923.0,0.0,2020_2021 4월.xlsx
2020,10,크로아티아,출항,962.0,962.0,0.0,6763.25,6753.25,10.0,2020_2021 4월.xlsx
2020,10,키리바시,출항,2.0,2.0,0.0,37.0,33.0,4.0,2020_2021 4월.xlsx
2020,10,키프로스,출항,1.0,1.0,0.0,114.0,114.0,0.0,2020_2021 4월.xlsx
2020,10,탄자니아,출항,71.0,71.0,0.0,1984.0,1984.0,0.0,2020_2021 4월.xlsx
2020,10,태국,출항,8178.75,7524.75,654.0,84964.75,71129.75,13835.0,2020_2021 4월.xlsx
2020,10,토고,출항,117.0,117.0,0.0,1519.0,1519.0,0.0,2020_2021 4월.xlsx
2020,10,통가,출항,,,,75.0,29.0,46.0,2020_2021 4월.xlsx
2020,10,튀니지,출항,57.0,57.0,0.0,670.0,670.0,0.0,2020_2021 4월.xlsx
2020,10,튀르키예,출항,7777.0,7743.0,34.0,73853.25,73599.25,254.0,2020_2021 4월.xlsx
2020,10,트리니다드 토바고,출항,40.0,40.0,0.0,468.0,468.0,0.0,2020_2021 4월.xlsx
2020,10,파나마,출항,1539.0,1145.0,394.0,22869.5,12070.0,10799.5,2020_2021 4월.xlsx
2020,10,파라과이,출항,6.0,6.0,0.0,91.0,91.0,0.0,2020_2021 4월.xlsx
2020,10,파키스탄,출항,1120.25,1120.25,0.0,11048.0,11041.0,7.0,2020_2021 4월.xlsx
2020,10,파푸아 뉴기니,출항,172.0,172.0,0.0,764.0,692.0,72.0,2020_2021 4월.xlsx
2020,10,팔라우,출항,11.0,7.0,4.0,77.0,50.0,27.0,2020_2021 4월.xlsx
2020,10,페루,출항,1972.0,1776.0,196.0,12332.0,9170.0,3162.0,2020_2021 4월.xlsx
2020,10,포르투갈,출항,228.0,228.0,0.0,2598.0,2596.0,2.0,2020_2021 4월.xlsx
2020,10,폴란드,출항,525.0,525.0,0.0,7293.0,7293.0,0.0,2020_2021 4월.xlsx
2020,10,푸에르토리코,출항,25.0,25.0,0.0,237.0,237.0,0.0,2020_2021 4월.xlsx
2020,10,프랑스,출항,1116.0,1062.0,54.0,13173.0,12397.0,776.0,2020_2021 4월.xlsx
2020,10,프랑스령 기아나,출항,,,,11.0,11.0,0.0,2020_2021 4월.xlsx
2020,10,프랑스령 폴리네시아,출항,4.0,4.0,0.0,56.0,56.0,0.0,2020_2021 4월.xlsx
2020,10,피지,출항,33.0,27.0,6.0,429.0,373.0,56.0,2020_2021 4월.xlsx
2020,10,핀란드,출항,26.0,26.0,0.0,413.0,413.0,0.0,2020_2021 4월.xlsx
2020,10,필리핀,출항,3999.25,3889.25,110.0,35307.75,33329.75,1978.0,2020_2021 4월.xlsx
2020,10,헝가리,출항,,,,52.0,52.0,0.0,2020_2021 4월.xlsx
2020,10,호주,출항,5711.0,5004.0,707.0,54396.0,50177.0,4219.0,2020_2021 4월.xlsx
2020,10,홍콩,출항,5802.5,5796.5,6.0,62290.75,60141.75,2149.0,2020_2021 4월.xlsx
2020,10,가나,출항환적,90.0,90.0,0.0,960.5,960.5,0.0,2020_2021 4월.xlsx
2020,10,가봉,출항환적,,,,20.0,20.0,0.0,2020_2021 4월.xlsx
2020,10,가이아나,출항환적,319.0,319.0,0.0,1896.0,1896.0,0.0,2020_2021 4월.xlsx
2020,10,감비아,출항환적,,,,120.0,120.0,0.0,2020_2021 4월.xlsx
2020,10,과들루프,출항환적,14.0,14.0,0.0,120.0,120.0,0.0,2020_2021 4월.xlsx
2020,10,과테말라,출항환적,1578.75,1578.75,0.0,12872.5,12872.5,0.0,2020_2021 4월.xlsx
2020,10,괌,출항환적,397.25,397.25,0.0,3108.5,3094.5,14.0,2020_2021 4월.xlsx
2020,10,그레나다,출항환적,36.0,36.0,0.0,383.0,383.0,0.0,2020_2021 4월.xlsx
2020,10,그리스,출항환적,1014.0,1014.0,0.0,10168.25,9878.25,290.0,2020_2021 4월.xlsx
2020,10,기니,출항환적,22.0,22.0,0.0,216.0,216.0,0.0,2020_2021 4월.xlsx
2020,10,나미비아,출항환적,160.0,160.0,0.0,478.0,478.0,0.0,2020_2021 4월.xlsx
2020,10,나우루,출항환적,2.0,2.0,0.0,25.0,25.0,0.0,2020_2021 4월.xlsx
2020,10,나이지리아,출항환적,62.0,62.0,0.0,1285.75,1285.75,0.0,2020_2021 4월.xlsx
2020,10,남아프리카,출항환적,391.0,391.0,0.0,2519.0,2519.0,0.0,2020_2021 4월.xlsx
2020,10,네덜란드,출항환적,1368.25,1335.25,33.0,23072.75,22983.75,89.0,2020_2021 4월.xlsx
2020,10,노르웨이,출항환적,4.0,4.0,0.0,240.0,240.0,0.0,2020_2021 4월.xlsx
2020,10,뉴질랜드,출항환적,1055.0,1046.0,9.0,12677.0,11417.0,1260.0,2020_2021 4월.xlsx
2020,10,뉴칼레도니아,출항환적,455.0,455.0,0.0,3822.0,3269.0,553.0,2020_2021 4월.xlsx
2020,10,니카라과,출항환적,202.0,202.0,0.0,1812.0,1812.0,0.0,2020_2021 4월.xlsx
2020,10,대만,출항환적,8746.25,7837.0,909.25,81809.75,77880.5,3929.25,2020_2021 4월.xlsx
2020,10,대한민국,출항환적,16809.0,15790.0,1019.0,162927.5,154177.5,8750.0,2020_2021 4월.xlsx
2020,10,덴마크,출항환적,195.0,195.0,0.0,1629.0,1629.0,0.0,2020_2021 4월.xlsx
2020,10,도미니카 공화국,출항환적,2688.5,2688.5,0.0,14550.5,14550.5,0.0,2020_2021 4월.xlsx
2020,10,도미니카 연방,출항환적,4.0,4.0,0.0,53.0,53.0,0.0,2020_2021 4월.xlsx
2020,10,독일,출항환적,1435.0,1412.0,23.0,24085.0,24002.0,83.0,2020_2021 4월.xlsx
2020,10,동티모르,출항환적,1.0,1.0,0.0,6.0,6.0,0.0,2020_2021 4월.xlsx
2020,10,라이베리아,출항환적,6.0,6.0,0.0,27.0,27.0,0.0,2020_2021 4월.xlsx
2020,10,라트비아,출항환적,9.0,9.0,0.0,232.0,232.0,0.0,2020_2021 4월.xlsx
2020,10,러시아,출항환적,21817.75,21817.75,0.0,183106.75,179943.75,3163.0,2020_2021 4월.xlsx
2020,10,레바논,출항환적,193.0,193.0,0.0,1750.0,1750.0,0.0,2020_2021 4월.xlsx
2020,10,레위니옹,출항환적,,,,2.0,2.0,0.0,2020_2021 4월.xlsx
2020,10,루마니아,출항환적,242.0,242.0,0.0,3359.75,3359.75,0.0,2020_2021 4월.xlsx
2020,10,리비아,출항환적,108.0,108.0,0.0,657.0,657.0,0.0,2020_2021 4월.xlsx
2020,10,리투아니아,출항환적,58.0,58.0,0.0,335.0,335.0,0.0,2020_2021 4월.xlsx
2020,10,마다가스카르,출항환적,74.0,74.0,0.0,162.0,162.0,0.0,2020_2021 4월.xlsx
2020,10,마르티니크,출항환적,3.0,3.0,0.0,75.0,75.0,0.0,2020_2021 4월.xlsx
2020,10,마샬 제도,출항환적,141.0,141.0,0.0,1364.0,1363.0,1.0,2020_2021 4월.xlsx
2020,10,마카오,출항환적,,,,10.0,10.0,0.0,2020_2021 4월.xlsx
2020,10,말레이시아,출항환적,4292.0,4267.0,25.0,42949.25,42215.25,734.0,2020_2021 4월.xlsx
2020,10,멕시코,출항환적,22226.25,22038.25,188.0,198195.5,194413.5,3782.0,2020_2021 4월.xlsx
2020,10,모로코,출항환적,215.0,215.0,0.0,1766.25,1766.25,0.0,2020_2021 4월.xlsx
2020,10,모리셔스,출항환적,8.0,8.0,0.0,96.0,96.0,0.0,2020_2021 4월.xlsx
2020,10,모리타니,출항환적,2.0,2.0,0.0,87.0,87.0,0.0,2020_2021 4월.xlsx
2020,10,모잠비크,출항환적,104.0,104.0,0.0,511.0,511.0,0.0,2020_2021 4월.xlsx
2020,10,몬테네그로,출항환적,5.0,5.0,0.0,74.0,74.0,0.0,2020_2021 4월.xlsx
2020,10,몰디브,출항환적,,,,38.0,38.0,0.0,2020_2021 4월.xlsx
2020,10,몰타,출항환적,26.0,26.0,0.0,326.25,226.25,100.0,2020_2021 4월.xlsx
2020,10,미국,출항환적,107310.25,106799.25,511.0,890181.0,877498.0,12683.0,2020_2021 4월.xlsx
2020,10,미국령 버진아일랜드,출항환적,1.0,1.0,0.0,12.0,12.0,0.0,2020_2021 4월.xlsx
2020,10,미얀마,출항환적,112.0,112.0,0.0,1129.0,1129.0,0.0,2020_2021 4월.xlsx
2020,10,미크로네시아,출항환적,178.0,178.0,0.0,1432.0,1432.0,0.0,2020_2021 4월.xlsx
2020,10,바누아투,출항환적,419.0,419.0,0.0,3765.0,3663.0,102.0,2020_2021 4월.xlsx
2020,10,바레인,출항환적,4.0,4.0,0.0,34.0,34.0,0.0,2020_2021 4월.xlsx
2020,10,바베이도스,출항환적,106.0,106.0,0.0,1019.0,1019.0,0.0,2020_2021 4월.xlsx
2020,10,바하마,출항환적,9124.0,132.0,8992.0,80147.25,819.0,79328.25,2020_2021 4월.xlsx
2020,10,방글라데시,출항환적,9.0,9.0,0.0,342.0,342.0,0.0,2020_2021 4월.xlsx
2020,10,베냉,출항환적,2.0,2.0,0.0,52.0,52.0,0.0,2020_2021 4월.xlsx
2020,10,베네수엘라,출항환적,1023.0,1023.0,0.0,7296.25,7286.25,10.0,2020_2021 4월.xlsx
2020,10,베트남,출항환적,7920.5,7904.5,16.0,84122.5,79601.5,4521.0,2020_2021 4월.xlsx
2020,10,벨기에,출항환적,1561.0,1510.0,51.0,9898.25,9294.25,604.0,2020_2021 4월.xlsx
2020,10,벨리즈,출항환적,7.0,7.0,0.0,123.0,123.0,0.0,2020_2021 4월.xlsx
2020,10,북마리아나 제도,출항환적,98.25,98.25,0.0,904.25,902.25,2.0,2020_2021 4월.xlsx
2020,10,불가리아,출항환적,100.0,100.0,0.0,531.0,531.0,0.0,2020_2021 4월.xlsx
2020,10,브라질,출항환적,6444.0,6444.0,0.0,38900.0,38198.0,702.0,2020_2021 4월.xlsx
2020,10,브루나이,출항환적,1.0,1.0,0.0,10.0,10.0,0.0,2020_2021 4월.xlsx
2020,10,사모아,출항환적,296.0,296.0,0.0,2249.0,2249.0,0.0,2020_2021 4월.xlsx
2020,10,사우디아라비아,출항환적,1433.25,1433.25,0.0,18572.5,18572.5,0.0,2020_2021 4월.xlsx
2020,10,세네갈,출항환적,25.0,25.0,0.0,236.0,236.0,0.0,2020_2021 4월.xlsx
2020,10,세이셸,출항환적,,,,6.0,6.0,0.0,2020_2021 4월.xlsx
2020,10,세인트 빈센트 그레나딘,출항환적,11.0,11.0,0.0,103.0,103.0,0.0,2020_2021 4월.xlsx
2020,10,세인트루시아,출항환적,14.0,14.0,0.0,167.0,167.0,0.0,2020_2021 4월.xlsx
2020,10,세인트키츠 네비스,출항환적,,,,18.0,18.0,0.0,2020_2021 4월.xlsx
2020,10,소말리아,출항환적,4.0,4.0,0.0,33.0,33.0,0.0,2020_2021 4월.xlsx
2020,10,솔로몬제도,출항환적,422.0,422.0,0.0,2452.0,2452.0,0.0,2020_2021 4월.xlsx
2020,10,수단,출항환적,84.0,84.0,0.0,853.0,835.0,18.0,2020_2021 4월.xlsx
2020,10,수리남,출항환적,380.0,380.0,0.0,3129.0,3129.0,0.0,2020_2021 4월.xlsx
2020,10,스리랑카,출항환적,29.0,29.0,0.0,325.0,325.0,0.0,2020_2021 4월.xlsx
2020,10,스웨덴,출항환적,94.0,94.0,0.0,1701.0,1701.0,0.0,2020_2021 4월.xlsx
2020,10,스페인,출항환적,1201.0,1201.0,0.0,18185.5,17335.5,850.0,2020_2021 4월.xlsx
2020,10,슬로베니아,출항환적,286.0,286.0,0.0,5122.25,5122.25,0.0,2020_2021 4월.xlsx
2020,10,시리아,출항환적,81.0,81.0,0.0,3585.75,3585.75,0.0,2020_2021 4월.xlsx
2020,10,시에라 리온,출항환적,,,,142.0,142.0,0.0,2020_2021 4월.xlsx
2020,10,싱가포르,출항환적,5404.75,3717.75,1687.0,51136.25,39249.25,11887.0,2020_2021 4월.xlsx
2020,10,아랍에미리트연합국,출항환적,3716.25,3716.25,0.0,40060.5,40060.5,0.0,2020_2021 4월.xlsx
2020,10,아루바,출항환적,16.0,16.0,0.0,32.0,32.0,0.0,2020_2021 4월.xlsx
2020,10,아르헨티나,출항환적,864.0,864.0,0.0,6837.0,6471.0,366.0,2020_2021 4월.xlsx
2020,10,아메리칸사모아,출항환적,146.0,146.0,0.0,1462.0,1462.0,0.0,2020_2021 4월.xlsx
2020,10,아이티,출항환적,291.0,291.0,0.0,2399.0,2399.0,0.0,2020_2021 4월.xlsx
2020,10,아일랜드,출항환적,10.0,10.0,0.0,341.25,341.25,0.0,2020_2021 4월.xlsx
2020,10,알바니아,출항환적,,,,66.0,66.0,0.0,2020_2021 4월.xlsx
2020,10,알제리,출항환적,108.25,108.25,0.0,1641.0,1641.0,0.0,2020_2021 4월.xlsx
2020,10,앙골라,출항환적,9.0,9.0,0.0,37.0,37.0,0.0,2020_2021 4월.xlsx
2020,10,앤티가 바부다,출항환적,13.0,13.0,0.0,121.0,121.0,0.0,2020_2021 4월.xlsx
2020,10,앤틸리스제도,출항환적,49.0,49.0,0.0,243.0,243.0,0.0,2020_2021 4월.xlsx
2020,10,에리트레아,출항환적,,,,2.0,2.0,0.0,2020_2021 4월.xlsx
2020,10,에스토니아,출항환적,6.0,6.0,0.0,109.0,109.0,0.0,2020_2021 4월.xlsx
2020,10,에콰도르,출항환적,2784.0,2510.0,274.0,39612.0,23946.0,15666.0,2020_2021 4월.xlsx
2020,10,엘살바도르,출항환적,378.5,378.5,0.0,3475.0,3475.0,0.0,2020_2021 4월.xlsx
2020,10,영국,출항환적,912.0,912.0,0.0,12238.75,12222.75,16.0,2020_2021 4월.xlsx
2020,10,영국령 버진아일랜드,출항환적,,,,19.0,19.0,0.0,2020_2021 4월.xlsx
2020,10,예멘,출항환적,,,,23.0,23.0,0.0,2020_2021 4월.xlsx
2020,10,오만,출항환적,318.5,318.5,0.0,2579.75,2567.75,12.0,2020_2021 4월.xlsx
2020,10,온두라스,출항환적,350.0,350.0,0.0,3979.0,3979.0,0.0,2020_2021 4월.xlsx
2020,10,요르단,출항환적,198.0,198.0,0.0,3067.0,3067.0,0.0,2020_2021 4월.xlsx
2020,10,우루과이,출항환적,237.0,237.0,0.0,1592.0,1592.0,0.0,2020_2021 4월.xlsx
2020,10,우크라이나,출항환적,281.5,281.5,0.0,5131.0,5131.0,0.0,2020_2021 4월.xlsx
2020,10,원양어획지역,출항환적,,,,12.0,12.0,0.0,2020_2021 4월.xlsx
2020,10,이라크,출항환적,78.0,78.0,0.0,698.25,698.25,0.0,2020_2021 4월.xlsx
2020,10,이란,출항환적,2.0,2.0,0.0,15.0,15.0,0.0,2020_2021 4월.xlsx
2020,10,이스라엘,출항환적,702.0,696.0,6.0,10490.25,10147.25,343.0,2020_2021 4월.xlsx
2020,10,이집트,출항환적,1196.0,1180.0,16.0,17241.75,16547.75,694.0,2020_2021 4월.xlsx
2020,10,이탈리아,출항환적,1867.0,1855.0,12.0,15705.0,15249.0,456.0,2020_2021 4월.xlsx
2020,10,인도,출항환적,2170.5,2162.5,8.0,25637.25,25597.25,40.0,2020_2021 4월.xlsx
2020,10,인도네시아,출항환적,4173.0,4169.0,4.0,46130.5,46123.5,7.0,2020_2021 4월.xlsx
2020,10,일본,출항환적,76562.5,75489.5,1073.0,763540.5,752897.5,10643.0,2020_2021 4월.xlsx
2020,10,자메이카,출항환적,2160.25,2160.25,0.0,11426.5,11411.5,15.0,2020_2021 4월.xlsx
2020,10,적도 기니,출항환적,,,,2.0,2.0,0.0,2020_2021 4월.xlsx
2020,10,조지아,출항환적,166.0,166.0,0.0,1066.25,1066.25,0.0,2020_2021 4월.xlsx
2020,10,중국,출항환적,108096.75,99567.5,8529.25,1083250.25,883696.0,199554.25,2020_2021 4월.xlsx
2020,10,지부티,출항환적,,,,214.0,214.0,0.0,2020_2021 4월.xlsx
2020,10,칠레,출항환적,17280.0,16490.0,790.0,143150.75,132150.75,11000.0,2020_2021 4월.xlsx
2020,10,카메룬,출항환적,25.0,25.0,0.0,150.0,150.0,0.0,2020_2021 4월.xlsx
2020,10,카보 베르데,출항환적,,,,1.0,1.0,0.0,2020_2021 4월.xlsx
2020,10,카타르,출항환적,270.0,270.0,0.0,2543.5,2543.5,0.0,2020_2021 4월.xlsx
2020,10,캄보디아,출항환적,27.5,27.5,0.0,417.5,417.5,0.0,2020_2021 4월.xlsx
2020,10,캐나다,출항환적,28383.5,28382.5,1.0,246524.5,245704.5,820.0,2020_2021 4월.xlsx
2020,10,케냐,출항환적,128.0,128.0,0.0,792.0,792.0,0.0,2020_2021 4월.xlsx
2020,10,케이맨 제도,출항환적,10.0,10.0,0.0,51.0,51.0,0.0,2020_2021 4월.xlsx
2020,10,코스타리카,출항환적,1015.5,1015.5,0.0,7770.75,7770.75,0.0,2020_2021 4월.xlsx
2020,10,코트디부아르,출항환적,20.0,20.0,0.0,266.0,266.0,0.0,2020_2021 4월.xlsx
2020,10,콜롬비아,출항환적,10465.25,10465.25,0.0,66008.75,65366.75,642.0,2020_2021 4월.xlsx
2020,10,콩고,출항환적,,,,15.0,15.0,0.0,2020_2021 4월.xlsx
2020,10,콩고 민주 공화국,출항환적,2.0,2.0,0.0,38.0,38.0,0.0,2020_2021 4월.xlsx
2020,10,쿠바,출항환적,295.0,295.0,0.0,1959.0,1959.0,0.0,2020_2021 4월.xlsx
2020,10,쿠웨이트,출항환적,70.0,70.0,0.0,468.0,468.0,0.0,2020_2021 4월.xlsx
2020,10,쿡 제도,출항환적,,,,1.0,1.0,0.0,2020_2021 4월.xlsx
2020,10,퀴라소,출항환적,1.0,1.0,0.0,10.0,10.0,0.0,2020_2021 4월.xlsx
2020,10,크로아티아,출항환적,66.0,66.0,0.0,1162.75,1162.75,0.0,2020_2021 4월.xlsx
2020,10,키리바시,출항환적,201.0,201.0,0.0,1733.0,1733.0,0.0,2020_2021 4월.xlsx
2020,10,키프로스,출항환적,8.0,8.0,0.0,89.0,89.0,0.0,2020_2021 4월.xlsx
2020,10,탄자니아,출항환적,70.0,70.0,0.0,352.0,352.0,0.0,2020_2021 4월.xlsx
2020,10,태국,출항환적,6447.0,6447.0,0.0,73388.0,71990.0,1398.0,2020_2021 4월.xlsx
2020,10,토고,출항환적,10.0,10.0,0.0,103.5,103.5,0.0,2020_2021 4월.xlsx
2020,10,통가,출항환적,114.0,114.0,0.0,835.0,835.0,0.0,2020_2021 4월.xlsx
2020,10,튀니지,출항환적,88.25,88.25,0.0,1215.5,1215.5,0.0,2020_2021 4월.xlsx
2020,10,튀르키예,출항환적,3442.0,3442.0,0.0,30470.0,30320.0,150.0,2020_2021 4월.xlsx
2020,10,트리니다드 토바고,출항환적,561.0,561.0,0.0,4485.5,4285.5,200.0,2020_2021 4월.xlsx
2020,10,파나마,출항환적,4178.0,3882.0,296.0,44215.0,33228.5,10986.5,2020_2021 4월.xlsx
2020,10,파라과이,출항환적,9.0,9.0,0.0,205.0,205.0,0.0,2020_2021 4월.xlsx
2020,10,파키스탄,출항환적,296.0,296.0,0.0,4972.5,4972.5,0.0,2020_2021 4월.xlsx
2020,10,파푸아 뉴기니,출항환적,527.0,527.0,0.0,4056.0,4055.0,1.0,2020_2021 4월.xlsx
2020,10,팔라우,출항환적,25.0,25.0,0.0,130.0,130.0,0.0,2020_2021 4월.xlsx
2020,10,페루,출항환적,6900.0,6900.0,0.0,46034.0,44608.0,1426.0,2020_2021 4월.xlsx
2020,10,포르투갈,출항환적,20.0,20.0,0.0,345.0,345.0,0.0,2020_2021 4월.xlsx
2020,10,폴란드,출항환적,148.0,148.0,0.0,1513.0,1513.0,0.0,2020_2021 4월.xlsx
2020,10,푸에르토리코,출항환적,1360.0,1360.0,0.0,5260.0,5260.0,0.0,2020_2021 4월.xlsx
2020,10,프랑스,출항환적,1166.25,1163.25,3.0,9931.25,9897.25,34.0,2020_2021 4월.xlsx
2020,10,프랑스령 기아나,출항환적,2.0,2.0,0.0,15.0,15.0,0.0,2020_2021 4월.xlsx
2020,10,프랑스령 폴리네시아,출항환적,69.0,69.0,0.0,701.0,697.0,4.0,2020_2021 4월.xlsx
2020,10,피지,출항환적,450.0,448.0,2.0,4061.0,4046.0,15.0,2020_2021 4월.xlsx
2020,10,핀란드,출항환적,6.0,6.0,0.0,385.0,385.0,0.0,2020_2021 4월.xlsx
2020,10,필리핀,출항환적,5239.0,5083.0,156.0,46327.0,43783.0,2544.0,2020_2021 4월.xlsx
2020,10,호주,출항환적,2134.0,2119.0,15.0,20750.25,19309.25,1441.0,2020_2021 4월.xlsx
2020,10,홍콩,출항환적,5973.5,5773.5,200.0,41029.75,39980.0,1049.75,2020_2021 4월.xlsx
2020,11,가나,입항,31.0,31.0,0.0,745.0,745.0,0.0,2020_2021 3월.xlsx
2020,11,가봉,입항,,,,9.0,9.0,0.0,2020_2021 3월.xlsx
2020,11,가이아나,입항,10.0,10.0,0.0,79.0,79.0,0.0,2020_2021 3월.xlsx
2020,11,감비아,입항,6.0,6.0,0.0,92.0,92.0,0.0,2020_2021 3월.xlsx
2020,11,과테말라,입항,383.0,286.0,97.0,5754.0,3296.0,2458.0,2020_2021 3월.xlsx
2020,11,괌,입항,399.5,44.0,355.5,9151.0,635.0,8516.0,2020_2021 3월.xlsx
2020,11,그리스,입항,810.0,314.0,496.0,12249.0,4015.0,8234.0,2020_2021 3월.xlsx
2020,11,기니,입항,41.0,41.0,0.0,850.0,850.0,0.0,2020_2021 3월.xlsx
2020,11,기니비사우,입항,,,,28.0,28.0,0.0,2020_2021 3월.xlsx
2020,11,나미비아,입항,2.0,2.0,0.0,216.0,216.0,0.0,2020_2021 3월.xlsx
2020,11,나이지리아,입항,104.0,104.0,0.0,1324.0,1317.0,7.0,2020_2021 3월.xlsx
2020,11,남아프리카,입항,807.0,776.0,31.0,7433.0,7235.0,198.0,2020_2021 3월.xlsx
2020,11,네덜란드,입항,5532.0,5476.0,56.0,79175.5,74383.5,4792.0,2020_2021 3월.xlsx
2020,11,노르웨이,입항,444.0,444.0,0.0,4599.5,4585.5,14.0,2020_2021 3월.xlsx
2020,11,뉴질랜드,입항,2499.0,2483.0,16.0,29746.0,24155.0,5591.0,2020_2021 3월.xlsx
2020,11,뉴칼레도니아,입항,149.0,51.0,98.0,1797.0,432.0,1365.0,2020_2021 3월.xlsx
2020,11,니카라과,입항,30.0,30.0,0.0,638.0,625.0,13.0,2020_2021 3월.xlsx
2020,11,대만,입항,6196.25,4536.0,1660.25,62247.75,42083.25,20164.5,2020_2021 3월.xlsx
2020,11,대한민국,입항,6424.0,1.0,6423.0,53549.25,76.0,53473.25,2020_2021 3월.xlsx
2020,11,덴마크,입항,1099.0,1099.0,0.0,10053.0,9956.0,97.0,2020_2021 3월.xlsx
2020,11,도미니카 공화국,입항,212.0,212.0,0.0,1751.0,1736.0,15.0,2020_2021 3월.xlsx
2020,11,도미니카 연방,입항,,,,2.0,2.0,0.0,2020_2021 3월.xlsx
2020,11,독일,입항,8107.75,7621.75,486.0,101758.75,93719.25,8039.5,2020_2021 3월.xlsx
2020,11,동티모르,입항,2.0,2.0,0.0,2.0,2.0,0.0,2020_2021 3월.xlsx
2020,11,라이베리아,입항,1.0,1.0,0.0,54.0,54.0,0.0,2020_2021 3월.xlsx
2020,11,라트비아,입항,717.0,717.0,0.0,10524.0,10514.0,10.0,2020_2021 3월.xlsx
2020,11,러시아,입항,8394.5,2598.0,5796.5,74954.5,30757.0,44197.5,2020_2021 3월.xlsx
2020,11,레바논,입항,71.0,56.0,15.0,1691.0,623.0,1068.0,2020_2021 3월.xlsx
2020,11,레위니옹,입항,2.0,2.0,0.0,32.0,32.0,0.0,2020_2021 3월.xlsx
2020,11,루마니아,입항,598.0,146.0,452.0,7908.5,2644.5,5264.0,2020_2021 3월.xlsx
2020,11,리비아,입항,7.0,7.0,0.0,691.0,691.0,0.0,2020_2021 3월.xlsx
2020,11,리투아니아,입항,86.0,86.0,0.0,3058.25,3058.25,0.0,2020_2021 3월.xlsx
2020,11,마다가스카르,입항,6.0,6.0,0.0,219.0,219.0,0.0,2020_2021 3월.xlsx
2020,11,마르티니크,입항,,,,2.0,2.0,0.0,2020_2021 3월.xlsx
2020,11,마샬 제도,입항,618.0,14.0,604.0,4722.0,107.0,4615.0,2020_2021 3월.xlsx
2020,11,말레이시아,입항,6460.25,4614.0,1846.25,77473.5,52977.25,24496.25,2020_2021 3월.xlsx
2020,11,말리,입항,,,,2.0,2.0,0.0,2020_2021 3월.xlsx
2020,11,멕시코,입항,11963.0,3203.0,8760.0,73509.5,30369.0,43140.5,2020_2021 3월.xlsx
2020,11,모로코,입항,244.0,244.0,0.0,2056.0,1848.0,208.0,2020_2021 3월.xlsx
2020,11,모리셔스,입항,5.0,5.0,0.0,182.0,182.0,0.0,2020_2021 3월.xlsx
2020,11,모리타니,입항,18.0,18.0,0.0,295.0,295.0,0.0,2020_2021 3월.xlsx
2020,11,모잠비크,입항,55.0,55.0,0.0,1159.0,1159.0,0.0,2020_2021 3월.xlsx
2020,11,몬테네그로,입항,72.0,72.0,0.0,568.0,568.0,0.0,2020_2021 3월.xlsx
2020,11,몰타,입항,44.0,44.0,0.0,1123.0,181.0,942.0,2020_2021 3월.xlsx
2020,11,미국,입항,57225.25,36252.0,20973.25,633757.5,452389.75,181367.75,2020_2021 3월.xlsx
2020,11,미얀마,입항,503.0,482.0,21.0,7367.0,6311.0,1056.0,2020_2021 3월.xlsx
2020,11,미크로네시아,입항,6.0,4.0,2.0,139.0,19.0,120.0,2020_2021 3월.xlsx
2020,11,바누아투,입항,56.0,1.0,55.0,1101.0,6.0,1095.0,2020_2021 3월.xlsx
2020,11,바레인,입항,199.0,199.0,0.0,1162.0,1162.0,0.0,2020_2021 3월.xlsx
2020,11,바베이도스,입항,,,,16.0,16.0,0.0,2020_2021 3월.xlsx
2020,11,바하마,입항,,,,3.0,3.0,0.0,2020_2021 3월.xlsx
2020,11,방글라데시,입항,399.0,320.0,79.0,7129.0,5437.0,1692.0,2020_2021 3월.xlsx
2020,11,베냉,입항,8.0,0.0,8.0,8.0,0.0,8.0,2020_2021 3월.xlsx
2020,11,베네수엘라,입항,70.0,70.0,0.0,476.0,474.0,2.0,2020_2021 3월.xlsx
2020,11,베트남,입항,13169.25,11605.0,1564.25,138436.25,124988.5,13447.75,2020_2021 3월.xlsx
2020,11,벨기에,입항,2601.25,2585.25,16.0,37053.75,35625.75,1428.0,2020_2021 3월.xlsx
2020,11,벨리즈,입항,,,,1.0,1.0,0.0,2020_2021 3월.xlsx
2020,11,북마리아나 제도,입항,1145.0,2.0,1143.0,5958.5,92.0,5866.5,2020_2021 3월.xlsx
2020,11,불가리아,입항,54.0,53.0,1.0,842.0,825.0,17.0,2020_2021 3월.xlsx
2020,11,브라질,입항,2251.0,2247.0,4.0,31412.0,26672.0,4740.0,2020_2021 3월.xlsx
2020,11,브루나이,입항,1.0,1.0,0.0,52.0,52.0,0.0,2020_2021 3월.xlsx
2020,11,사모아,입항,207.0,2.0,205.0,3534.0,20.0,3514.0,2020_2021 3월.xlsx
2020,11,사우디아라비아,입항,940.75,396.0,544.75,21296.0,6638.0,14658.0,2020_2021 3월.xlsx
2020,11,세네갈,입항,41.0,29.0,12.0,1087.0,1075.0,12.0,2020_2021 3월.xlsx
2020,11,세르비아,입항,,,,8.0,8.0,0.0,2020_2021 3월.xlsx
2020,11,세이셸,입항,2.0,2.0,0.0,34.0,34.0,0.0,2020_2021 3월.xlsx
2020,11,세인트 빈센트 그레나딘,입항,,,,10.0,10.0,0.0,2020_2021 3월.xlsx
2020,11,세인트루시아,입항,,,,12.0,12.0,0.0,2020_2021 3월.xlsx
2020,11,소말리아,입항,,,,48.0,48.0,0.0,2020_2021 3월.xlsx
2020,11,솔로몬제도,입항,,,,13.0,13.0,0.0,2020_2021 3월.xlsx
2020,11,수단,입항,,,,190.0,190.0,0.0,2020_2021 3월.xlsx
2020,11,수리남,입항,60.0,60.0,0.0,948.0,948.0,0.0,2020_2021 3월.xlsx
2020,11,스리랑카,입항,350.0,350.0,0.0,3711.0,3680.0,31.0,2020_2021 3월.xlsx
2020,11,스웨덴,입항,1113.0,1099.0,14.0,13336.0,13270.0,66.0,2020_2021 3월.xlsx
2020,11,스위스,입항,,,,8.0,8.0,0.0,2020_2021 3월.xlsx
2020,11,스페인,입항,2941.25,2760.0,181.25,34178.75,30630.5,3548.25,2020_2021 3월.xlsx
2020,11,슬로베니아,입항,1380.25,1380.25,0.0,13638.75,13439.75,199.0,2020_2021 3월.xlsx
2020,11,시리아,입항,,,,1.0,1.0,0.0,2020_2021 3월.xlsx
2020,11,시에라 리온,입항,513.0,13.0,500.0,749.0,249.0,500.0,2020_2021 3월.xlsx
2020,11,싱가포르,입항,3949.0,2570.0,1379.0,41043.25,30570.0,10473.25,2020_2021 3월.xlsx
2020,11,아랍에미리트연합국,입항,2190.75,1102.0,1088.75,50455.5,15905.5,34550.0,2020_2021 3월.xlsx
2020,11,아르헨티나,입항,589.0,350.0,239.0,6864.0,3418.0,3446.0,2020_2021 3월.xlsx
2020,11,아메리칸사모아,입항,32.0,32.0,0.0,1634.0,184.0,1450.0,2020_2021 3월.xlsx
2020,11,아이슬란드,입항,,,,84.0,84.0,0.0,2020_2021 3월.xlsx
2020,11,아이티,입항,3.0,3.0,0.0,53.0,53.0,0.0,2020_2021 3월.xlsx
2020,11,아일랜드,입항,105.0,105.0,0.0,1676.0,1608.0,68.0,2020_2021 3월.xlsx
2020,11,알바니아,입항,,,,36.0,36.0,0.0,2020_2021 3월.xlsx
2020,11,알제리,입항,2.0,2.0,0.0,218.0,19.0,199.0,2020_2021 3월.xlsx
2020,11,앙골라,입항,,,,1045.0,58.0,987.0,2020_2021 3월.xlsx
2020,11,앤틸리스제도,입항,,,,33.0,9.0,24.0,2020_2021 3월.xlsx
2020,11,에스토니아,입항,182.0,182.0,0.0,4678.0,4678.0,0.0,2020_2021 3월.xlsx
2020,11,에콰도르,입항,1168.0,270.0,898.0,9232.5,3396.0,5836.5,2020_2021 3월.xlsx
2020,11,엘살바도르,입항,83.0,78.0,5.0,742.0,724.0,18.0,2020_2021 3월.xlsx
2020,11,영국,입항,1499.25,1408.25,91.0,19449.0,17361.25,2087.75,2020_2021 3월.xlsx
2020,11,예멘,입항,25.0,25.0,0.0,1645.0,1645.0,0.0,2020_2021 3월.xlsx
2020,11,오만,입항,657.0,167.0,490.0,7487.0,1339.0,6148.0,2020_2021 3월.xlsx
2020,11,온두라스,입항,1829.75,13.0,1816.75,2517.75,679.0,1838.75,2020_2021 3월.xlsx
2020,11,요르단,입항,263.0,138.0,125.0,3019.0,1153.0,1866.0,2020_2021 3월.xlsx
2020,11,우루과이,입항,247.0,213.0,34.0,2098.0,1179.0,919.0,2020_2021 3월.xlsx
2020,11,우크라이나,입항,161.0,148.0,13.0,4389.0,2969.0,1420.0,2020_2021 3월.xlsx
2020,11,원양어획지역,입항,22.0,22.0,0.0,22.0,22.0,0.0,2020_2021 3월.xlsx
2020,11,이라크,입항,1.0,1.0,0.0,1625.0,11.0,1614.0,2020_2021 3월.xlsx
2020,11,이란,입항,2.0,2.0,0.0,118.0,32.0,86.0,2020_2021 3월.xlsx
2020,11,이스라엘,입항,412.0,408.0,4.0,7740.0,3896.0,3844.0,2020_2021 3월.xlsx
2020,11,이집트,입항,1891.0,195.0,1696.0,15079.0,3543.0,11536.0,2020_2021 3월.xlsx
2020,11,이탈리아,입항,3688.0,3658.0,30.0,50071.5,45022.5,5049.0,2020_2021 3월.xlsx
2020,11,인도,입항,11205.0,6622.0,4583.0,97654.25,67215.0,30439.25,2020_2021 3월.xlsx
2020,11,인도네시아,입항,5654.25,4968.25,686.0,71070.0,54557.0,16513.0,2020_2021 3월.xlsx
2020,11,일본,입항,67548.25,21050.0,46498.25,765245.5,216866.5,548379.0,2020_2021 3월.xlsx
2020,11,자메이카,입항,363.0,12.0,351.0,10367.25,254.0,10113.25,2020_2021 3월.xlsx
2020,11,적도 기니,입항,,,,17.0,17.0,0.0,2020_2021 3월.xlsx
2020,11,조지아,입항,18.0,18.0,0.0,204.0,204.0,0.0,2020_2021 3월.xlsx
2020,11,중국,입항,106812.75,78110.25,28702.5,1016311.75,790171.25,226140.5,2020_2021 3월.xlsx
2020,11,지부티,입항,80.0,80.0,0.0,1014.0,1014.0,0.0,2020_2021 3월.xlsx
2020,11,지브롤터,입항,,,,29.0,29.0,0.0,2020_2021 3월.xlsx
2020,11,체코,입항,,,,40.0,40.0,0.0,2020_2021 3월.xlsx
2020,11,칠레,입항,5700.0,4493.0,1207.0,62144.0,56615.0,5529.0,2020_2021 3월.xlsx
2020,11,카메룬,입항,1.0,1.0,0.0,15.0,15.0,0.0,2020_2021 3월.xlsx
2020,11,카타르,입항,608.0,320.0,288.0,5157.0,4548.0,609.0,2020_2021 3월.xlsx
2020,11,캄보디아,입항,111.0,111.0,0.0,1505.0,1503.0,2.0,2020_2021 3월.xlsx
2020,11,캐나다,입항,8747.25,4006.5,4740.75,78837.25,51622.5,27214.75,2020_2021 3월.xlsx
2020,11,케냐,입항,10.0,10.0,0.0,341.0,341.0,0.0,2020_2021 3월.xlsx
2020,11,코모로,입항,,,,3.0,3.0,0.0,2020_2021 3월.xlsx
2020,11,코스타리카,입항,43.0,43.0,0.0,1058.0,1041.0,17.0,2020_2021 3월.xlsx
2020,11,코트디부아르,입항,10.0,10.0,0.0,75.0,75.0,0.0,2020_2021 3월.xlsx
2020,11,콜롬비아,입항,819.0,744.0,75.0,13739.0,6533.0,7206.0,2020_2021 3월.xlsx
2020,11,콩고,입항,3.0,3.0,0.0,138.0,42.0,96.0,2020_2021 3월.xlsx
2020,11,콩고 민주 공화국,입항,,,,37.0,37.0,0.0,2020_2021 3월.xlsx
2020,11,쿠바,입항,,,,6.0,6.0,0.0,2020_2021 3월.xlsx
2020,11,쿠웨이트,입항,47.0,42.0,5.0,523.0,444.0,79.0,2020_2021 3월.xlsx
2020,11,크로아티아,입항,152.0,151.0,1.0,1333.0,1301.0,32.0,2020_2021 3월.xlsx
2020,11,키리바시,입항,7.0,2.0,5.0,839.0,3.0,836.0,2020_2021 3월.xlsx
2020,11,키프로스,입항,5.0,5.0,0.0,132.0,132.0,0.0,2020_2021 3월.xlsx
2020,11,탄자니아,입항,112.0,112.0,0.0,2399.0,2399.0,0.0,2020_2021 3월.xlsx
2020,11,태국,입항,6382.5,5671.0,711.5,72097.75,67627.0,4470.75,2020_2021 3월.xlsx
2020,11,토고,입항,25.0,25.0,0.0,1212.0,1212.0,0.0,2020_2021 3월.xlsx
2020,11,통가,입항,535.0,21.0,514.0,1415.0,40.0,1375.0,2020_2021 3월.xlsx
2020,11,튀니지,입항,64.0,64.0,0.0,595.0,591.0,4.0,2020_2021 3월.xlsx
2020,11,튀르키예,입항,2266.25,1315.25,951.0,25746.5,16458.5,9288.0,2020_2021 3월.xlsx
2020,11,트리니다드 토바고,입항,30.0,30.0,0.0,628.0,628.0,0.0,2020_2021 3월.xlsx
2020,11,파나마,입항,3874.25,102.0,3772.25,44220.75,1335.0,42885.75,2020_2021 3월.xlsx
2020,11,파라과이,입항,33.0,33.0,0.0,298.0,298.0,0.0,2020_2021 3월.xlsx
2020,11,파키스탄,입항,3349.0,637.0,2712.0,14475.75,5749.0,8726.75,2020_2021 3월.xlsx
2020,11,파푸아 뉴기니,입항,66.0,66.0,0.0,327.0,327.0,0.0,2020_2021 3월.xlsx
2020,11,팔라우,입항,,,,52.0,39.0,13.0,2020_2021 3월.xlsx
2020,11,페루,입항,2158.0,2127.0,31.0,24286.0,19050.0,5236.0,2020_2021 3월.xlsx
2020,11,포르투갈,입항,284.0,284.0,0.0,2713.0,2712.0,1.0,2020_2021 3월.xlsx
2020,11,폴란드,입항,1235.5,1235.5,0.0,11829.0,11774.0,55.0,2020_2021 3월.xlsx
2020,11,푸에르토리코,입항,103.0,103.0,0.0,1745.0,1745.0,0.0,2020_2021 3월.xlsx
2020,11,프랑스,입항,2231.0,2073.0,158.0,27017.25,24952.25,2065.0,2020_2021 3월.xlsx
2020,11,프랑스령 기아나,입항,,,,9.0,9.0,0.0,2020_2021 3월.xlsx
2020,11,프랑스령 폴리네시아,입항,686.0,6.0,680.0,3075.0,47.0,3028.0,2020_2021 3월.xlsx
2020,11,피지,입항,39.0,24.0,15.0,1326.0,269.0,1057.0,2020_2021 3월.xlsx
2020,11,핀란드,입항,865.0,837.0,28.0,11596.0,11402.0,194.0,2020_2021 3월.xlsx
2020,11,필리핀,입항,3862.0,1833.0,2029.0,51375.5,19977.0,31398.5,2020_2021 3월.xlsx
2020,11,헝가리,입항,2.0,2.0,0.0,108.0,108.0,0.0,2020_2021 3월.xlsx
2020,11,호주,입항,11741.0,4764.0,6977.0,128814.5,63909.0,64905.5,2020_2021 3월.xlsx
2020,11,홍콩,입항,4385.0,3141.0,1244.0,36356.0,25886.0,10470.0,2020_2021 3월.xlsx
2020,11,가나,입항환적,2.0,2.0,0.0,540.0,540.0,0.0,2020_2021 3월.xlsx
2020,11,가봉,입항환적,,,,914.0,914.0,0.0,2020_2021 3월.xlsx
2020,11,가이아나,입항환적,282.0,282.0,0.0,2059.0,2059.0,0.0,2020_2021 3월.xlsx
2020,11,감비아,입항환적,,,,14.0,14.0,0.0,2020_2021 3월.xlsx
2020,11,과들루프,입항환적,,,,14.0,14.0,0.0,2020_2021 3월.xlsx
2020,11,과테말라,입항환적,566.0,562.0,4.0,4574.0,4570.0,4.0,2020_2021 3월.xlsx
2020,11,괌,입항환적,189.75,187.75,2.0,3073.0,2242.0,831.0,2020_2021 3월.xlsx
2020,11,그리스,입항환적,80.0,80.0,0.0,4300.0,3128.0,1172.0,2020_2021 3월.xlsx
2020,11,기니,입항환적,,,,2.0,2.0,0.0,2020_2021 3월.xlsx
2020,11,기니비사우,입항환적,,,,4.0,4.0,0.0,2020_2021 3월.xlsx
2020,11,기타국가,입항환적,,,,15.0,15.0,0.0,2020_2021 3월.xlsx
2020,11,나미비아,입항환적,,,,53.0,53.0,0.0,2020_2021 3월.xlsx
2020,11,나이지리아,입항환적,202.0,202.0,0.0,1289.0,1257.0,32.0,2020_2021 3월.xlsx
2020,11,남아프리카,입항환적,605.0,605.0,0.0,7174.0,6592.0,582.0,2020_2021 3월.xlsx
2020,11,네덜란드,입항환적,2970.0,2964.0,6.0,29623.5,28447.5,1176.0,2020_2021 3월.xlsx
2020,11,노르웨이,입항환적,147.0,147.0,0.0,1676.0,1676.0,0.0,2020_2021 3월.xlsx
2020,11,뉴질랜드,입항환적,1469.0,1469.0,0.0,26624.0,23249.0,3375.0,2020_2021 3월.xlsx
2020,11,뉴칼레도니아,입항환적,330.0,330.0,0.0,5307.0,5278.0,29.0,2020_2021 3월.xlsx
2020,11,니카라과,입항환적,377.0,377.0,0.0,3478.0,3478.0,0.0,2020_2021 3월.xlsx
2020,11,대만,입항환적,6791.5,6691.5,100.0,64413.25,63184.25,1229.0,2020_2021 3월.xlsx
2020,11,대한민국,입항환적,10144.0,9135.0,1009.0,94710.5,90432.5,4278.0,2020_2021 3월.xlsx
2020,11,덴마크,입항환적,234.0,234.0,0.0,2364.0,2364.0,0.0,2020_2021 3월.xlsx
2020,11,도미니카 공화국,입항환적,89.0,89.0,0.0,821.0,821.0,0.0,2020_2021 3월.xlsx
2020,11,독일,입항환적,5451.0,5451.0,0.0,35239.5,32108.5,3131.0,2020_2021 3월.xlsx
2020,11,동티모르,입항환적,15.0,15.0,0.0,38.0,38.0,0.0,2020_2021 3월.xlsx
2020,11,라트비아,입항환적,320.0,320.0,0.0,3183.0,3183.0,0.0,2020_2021 3월.xlsx
2020,11,러시아,입항환적,13530.0,13017.0,513.0,158643.5,149808.0,8835.5,2020_2021 3월.xlsx
2020,11,레바논,입항환적,3.0,3.0,0.0,141.0,141.0,0.0,2020_2021 3월.xlsx
2020,11,레위니옹,입항환적,,,,6.0,6.0,0.0,2020_2021 3월.xlsx
2020,11,루마니아,입항환적,762.75,762.75,0.0,8422.0,8402.0,20.0,2020_2021 3월.xlsx
2020,11,리비아,입항환적,40.0,40.0,0.0,40.0,40.0,0.0,2020_2021 3월.xlsx
2020,11,리투아니아,입항환적,43.0,43.0,0.0,629.0,629.0,0.0,2020_2021 3월.xlsx
2020,11,마다가스카르,입항환적,2.0,2.0,0.0,82.0,82.0,0.0,2020_2021 3월.xlsx
2020,11,마르티니크,입항환적,,,,22.0,22.0,0.0,2020_2021 3월.xlsx
2020,11,마샬 제도,입항환적,14.0,13.0,1.0,554.0,530.0,24.0,2020_2021 3월.xlsx
2020,11,말레이시아,입항환적,7820.75,7788.75,32.0,81387.5,80064.5,1323.0,2020_2021 3월.xlsx
2020,11,멕시코,입항환적,8044.0,6382.0,1662.0,60342.5,53481.0,6861.5,2020_2021 3월.xlsx
2020,11,모로코,입항환적,31.0,31.0,0.0,850.0,850.0,0.0,2020_2021 3월.xlsx
2020,11,모리셔스,입항환적,10.0,10.0,0.0,290.0,290.0,0.0,2020_2021 3월.xlsx
2020,11,모리타니,입항환적,3.0,3.0,0.0,371.0,371.0,0.0,2020_2021 3월.xlsx
2020,11,모잠비크,입항환적,87.0,87.0,0.0,514.0,514.0,0.0,2020_2021 3월.xlsx
2020,11,몬테네그로,입항환적,4.0,4.0,0.0,25.0,25.0,0.0,2020_2021 3월.xlsx
2020,11,몰디브,입항환적,,,,7.0,7.0,0.0,2020_2021 3월.xlsx
2020,11,몰타,입항환적,23.0,23.0,0.0,241.0,241.0,0.0,2020_2021 3월.xlsx
2020,11,미국,입항환적,44055.75,43229.0,826.75,599222.75,524003.0,75219.75,2020_2021 3월.xlsx
2020,11,미얀마,입항환적,273.0,84.0,189.0,2883.0,2300.0,583.0,2020_2021 3월.xlsx
2020,11,미크로네시아,입항환적,7.0,7.0,0.0,119.0,111.0,8.0,2020_2021 3월.xlsx
2020,11,바누아투,입항환적,10.0,10.0,0.0,538.0,54.0,484.0,2020_2021 3월.xlsx
2020,11,바레인,입항환적,78.0,78.0,0.0,668.0,668.0,0.0,2020_2021 3월.xlsx
2020,11,바베이도스,입항환적,11.0,11.0,0.0,79.0,79.0,0.0,2020_2021 3월.xlsx
2020,11,바하마,입항환적,4.0,4.0,0.0,8.0,7.0,1.0,2020_2021 3월.xlsx
2020,11,방글라데시,입항환적,377.0,377.0,0.0,5061.75,5052.75,9.0,2020_2021 3월.xlsx
2020,11,베네수엘라,입항환적,65.0,65.0,0.0,918.0,918.0,0.0,2020_2021 3월.xlsx
2020,11,베트남,입항환적,8425.75,8419.75,6.0,101671.25,101484.25,187.0,2020_2021 3월.xlsx
2020,11,벨기에,입항환적,2278.75,2276.75,2.0,12703.25,12694.25,9.0,2020_2021 3월.xlsx
2020,11,벨리즈,입항환적,,,,38.0,38.0,0.0,2020_2021 3월.xlsx
2020,11,북마리아나 제도,입항환적,5.25,5.25,0.0,544.5,24.5,520.0,2020_2021 3월.xlsx
2020,11,불가리아,입항환적,81.0,81.0,0.0,1434.0,1434.0,0.0,2020_2021 3월.xlsx
2020,11,브라질,입항환적,6654.0,6648.0,6.0,56517.0,55109.0,1408.0,2020_2021 3월.xlsx
2020,11,브루나이,입항환적,14.0,14.0,0.0,92.0,92.0,0.0,2020_2021 3월.xlsx
2020,11,사모아,입항환적,30.0,29.0,1.0,288.0,222.0,66.0,2020_2021 3월.xlsx
2020,11,사우디아라비아,입항환적,761.0,761.0,0.0,13969.0,12324.0,1645.0,2020_2021 3월.xlsx
2020,11,세네갈,입항환적,1.0,1.0,0.0,1579.0,1579.0,0.0,2020_2021 3월.xlsx
2020,11,세이셸,입항환적,6.0,6.0,0.0,139.0,139.0,0.0,2020_2021 3월.xlsx
2020,11,세인트루시아,입항환적,27.0,27.0,0.0,78.0,78.0,0.0,2020_2021 3월.xlsx
2020,11,소말리아,입항환적,,,,2.0,2.0,0.0,2020_2021 3월.xlsx
2020,11,솔로몬제도,입항환적,,,,29.0,29.0,0.0,2020_2021 3월.xlsx
2020,11,수단,입항환적,17.0,17.0,0.0,4831.0,4831.0,0.0,2020_2021 3월.xlsx
2020,11,수리남,입항환적,66.0,66.0,0.0,1968.0,1968.0,0.0,2020_2021 3월.xlsx
2020,11,스리랑카,입항환적,366.0,366.0,0.0,4141.75,4139.75,2.0,2020_2021 3월.xlsx
2020,11,스웨덴,입항환적,471.0,471.0,0.0,9663.0,9635.0,28.0,2020_2021 3월.xlsx
2020,11,스페인,입항환적,2510.0,2510.0,0.0,22281.0,21059.0,1222.0,2020_2021 3월.xlsx
2020,11,슬로베니아,입항환적,1152.0,1152.0,0.0,8065.0,8065.0,0.0,2020_2021 3월.xlsx
2020,11,시리아,입항환적,,,,8.0,8.0,0.0,2020_2021 3월.xlsx
2020,11,시에라 리온,입항환적,6.0,6.0,0.0,83.0,83.0,0.0,2020_2021 3월.xlsx
2020,11,싱가포르,입항환적,1742.25,1654.25,88.0,23659.25,22799.0,860.25,2020_2021 3월.xlsx
2020,11,아랍에미리트연합국,입항환적,1552.0,1152.0,400.0,26584.25,19915.0,6669.25,2020_2021 3월.xlsx
2020,11,아르헨티나,입항환적,1214.0,1214.0,0.0,10073.0,9625.0,448.0,2020_2021 3월.xlsx
2020,11,아메리칸사모아,입항환적,3.0,3.0,0.0,104.0,40.0,64.0,2020_2021 3월.xlsx
2020,11,아이슬란드,입항환적,,,,97.0,97.0,0.0,2020_2021 3월.xlsx
2020,11,아이티,입항환적,,,,181.0,181.0,0.0,2020_2021 3월.xlsx
2020,11,아일랜드,입항환적,54.0,54.0,0.0,743.0,741.0,2.0,2020_2021 3월.xlsx
2020,11,알바니아,입항환적,4.0,4.0,0.0,545.0,545.0,0.0,2020_2021 3월.xlsx
2020,11,알제리,입항환적,,,,24.0,24.0,0.0,2020_2021 3월.xlsx
2020,11,앙골라,입항환적,,,,263.0,1.0,262.0,2020_2021 3월.xlsx
2020,11,앤틸리스제도,입항환적,,,,1.0,1.0,0.0,2020_2021 3월.xlsx
2020,11,에스토니아,입항환적,66.0,66.0,0.0,701.0,701.0,0.0,2020_2021 3월.xlsx
2020,11,에콰도르,입항환적,6189.0,6185.0,4.0,58161.25,56971.0,1190.25,2020_2021 3월.xlsx
2020,11,엘살바도르,입항환적,176.0,176.0,0.0,883.0,883.0,0.0,2020_2021 3월.xlsx
2020,11,영국,입항환적,544.0,544.0,0.0,6167.75,5822.75,345.0,2020_2021 3월.xlsx
2020,11,예멘,입항환적,,,,8.0,8.0,0.0,2020_2021 3월.xlsx
2020,11,오만,입항환적,740.0,740.0,0.0,8064.0,8046.0,18.0,2020_2021 3월.xlsx
2020,11,온두라스,입항환적,161.0,161.0,0.0,605.0,605.0,0.0,2020_2021 3월.xlsx
2020,11,요르단,입항환적,21.0,21.0,0.0,2651.0,278.0,2373.0,2020_2021 3월.xlsx
2020,11,우루과이,입항환적,505.0,505.0,0.0,4203.0,4177.0,26.0,2020_2021 3월.xlsx
2020,11,우크라이나,입항환적,499.0,499.0,0.0,8634.5,8600.5,34.0,2020_2021 3월.xlsx
2020,11,원양어획지역,입항환적,136.0,136.0,0.0,757.0,757.0,0.0,2020_2021 3월.xlsx
2020,11,이라크,입항환적,68.0,68.0,0.0,78.0,78.0,0.0,2020_2021 3월.xlsx
2020,11,이스라엘,입항환적,252.0,252.0,0.0,2871.0,1885.0,986.0,2020_2021 3월.xlsx
2020,11,이집트,입항환적,495.0,495.0,0.0,7613.0,5304.0,2309.0,2020_2021 3월.xlsx
2020,11,이탈리아,입항환적,1642.0,1642.0,0.0,28587.75,26555.5,2032.25,2020_2021 3월.xlsx
2020,11,인도,입항환적,4636.5,4405.5,231.0,52838.0,52033.0,805.0,2020_2021 3월.xlsx
2020,11,인도네시아,입항환적,11746.0,11744.0,2.0,119840.5,119601.5,239.0,2020_2021 3월.xlsx
2020,11,일본,입항환적,65097.0,60168.0,4929.0,735591.75,600141.5,135450.25,2020_2021 3월.xlsx
2020,11,자메이카,입항환적,30.0,30.0,0.0,1640.0,115.0,1525.0,2020_2021 3월.xlsx
2020,11,적도 기니,입항환적,,,,28.0,28.0,0.0,2020_2021 3월.xlsx
2020,11,조지아,입항환적,5.0,5.0,0.0,683.0,683.0,0.0,2020_2021 3월.xlsx
2020,11,중국,입항환적,254422.75,250438.75,3984.0,2294652.0,2185354.5,109297.5,2020_2021 3월.xlsx
2020,11,지부티,입항환적,14.0,14.0,0.0,272.0,272.0,0.0,2020_2021 3월.xlsx
2020,11,차드,입항환적,,,,1.0,1.0,0.0,2020_2021 3월.xlsx
2020,11,체코,입항환적,,,,1.0,1.0,0.0,2020_2021 3월.xlsx
2020,11,칠레,입항환적,5977.0,5977.0,0.0,66823.0,66262.0,561.0,2020_2021 3월.xlsx
2020,11,카메룬,입항환적,2.0,2.0,0.0,85.0,85.0,0.0,2020_2021 3월.xlsx
2020,11,카보 베르데,입항환적,,,,18.0,18.0,0.0,2020_2021 3월.xlsx
2020,11,카타르,입항환적,396.0,396.0,0.0,2815.0,2815.0,0.0,2020_2021 3월.xlsx
2020,11,캄보디아,입항환적,599.0,599.0,0.0,4887.75,4864.75,23.0,2020_2021 3월.xlsx
2020,11,캐나다,입항환적,16668.75,16303.5,365.25,147502.0,141344.25,6157.75,2020_2021 3월.xlsx
2020,11,케냐,입항환적,36.0,36.0,0.0,593.0,593.0,0.0,2020_2021 3월.xlsx
2020,11,코모로,입항환적,,,,2.0,2.0,0.0,2020_2021 3월.xlsx
2020,11,코스타리카,입항환적,524.0,524.0,0.0,4374.0,4142.0,232.0,2020_2021 3월.xlsx
2020,11,코트디부아르,입항환적,12.0,12.0,0.0,132.0,132.0,0.0,2020_2021 3월.xlsx
2020,11,콜롬비아,입항환적,697.0,697.0,0.0,8853.75,4975.0,3878.75,2020_2021 3월.xlsx
2020,11,콩고,입항환적,1.0,1.0,0.0,2.0,2.0,0.0,2020_2021 3월.xlsx
2020,11,콩고 민주 공화국,입항환적,,,,94.0,94.0,0.0,2020_2021 3월.xlsx
2020,11,쿠바,입항환적,48.0,48.0,0.0,861.0,861.0,0.0,2020_2021 3월.xlsx
2020,11,쿠웨이트,입항환적,,,,473.0,473.0,0.0,2020_2021 3월.xlsx
2020,11,퀴라소,입항환적,4.0,4.0,0.0,13.0,13.0,0.0,2020_2021 3월.xlsx
2020,11,크로아티아,입항환적,161.0,161.0,0.0,875.0,875.0,0.0,2020_2021 3월.xlsx
2020,11,키리바시,입항환적,1.0,0.0,1.0,18.0,2.0,16.0,2020_2021 3월.xlsx
2020,11,키프로스,입항환적,2.0,2.0,0.0,162.0,162.0,0.0,2020_2021 3월.xlsx
2020,11,탄자니아,입항환적,14.0,14.0,0.0,197.0,197.0,0.0,2020_2021 3월.xlsx
2020,11,태국,입항환적,7669.0,7667.0,2.0,91477.5,91170.5,307.0,2020_2021 3월.xlsx
2020,11,토고,입항환적,4.0,4.0,0.0,49.0,49.0,0.0,2020_2021 3월.xlsx
2020,11,통가,입항환적,2.0,2.0,0.0,46.0,20.0,26.0,2020_2021 3월.xlsx
2020,11,튀니지,입항환적,14.0,14.0,0.0,76.0,76.0,0.0,2020_2021 3월.xlsx
2020,11,튀르키예,입항환적,2511.0,2511.0,0.0,26579.0,24255.0,2324.0,2020_2021 3월.xlsx
2020,11,트리니다드 토바고,입항환적,,,,200.0,200.0,0.0,2020_2021 3월.xlsx
2020,11,파나마,입항환적,1352.5,1233.0,119.5,22901.5,13459.0,9442.5,2020_2021 3월.xlsx
2020,11,파라과이,입항환적,2.0,2.0,0.0,298.0,298.0,0.0,2020_2021 3월.xlsx
2020,11,파키스탄,입항환적,813.5,813.5,0.0,11286.5,10895.5,391.0,2020_2021 3월.xlsx
2020,11,파푸아 뉴기니,입항환적,,,,148.0,146.0,2.0,2020_2021 3월.xlsx
2020,11,팔라우,입항환적,5.0,5.0,0.0,5.0,5.0,0.0,2020_2021 3월.xlsx
2020,11,페로 제도,입항환적,,,,4.0,4.0,0.0,2020_2021 3월.xlsx
2020,11,페루,입항환적,2499.0,2499.0,0.0,25320.0,24844.0,476.0,2020_2021 3월.xlsx
2020,11,포르투갈,입항환적,190.0,190.0,0.0,2903.25,2903.25,0.0,2020_2021 3월.xlsx
2020,11,폴란드,입항환적,229.0,229.0,0.0,1812.0,1812.0,0.0,2020_2021 3월.xlsx
2020,11,푸에르토리코,입항환적,58.0,58.0,0.0,1831.0,1831.0,0.0,2020_2021 3월.xlsx
2020,11,프랑스,입항환적,1225.0,1225.0,0.0,16644.0,14813.0,1831.0,2020_2021 3월.xlsx
2020,11,프랑스령 폴리네시아,입항환적,1.0,1.0,0.0,55.0,7.0,48.0,2020_2021 3월.xlsx
2020,11,피지,입항환적,71.0,44.0,27.0,437.0,276.0,161.0,2020_2021 3월.xlsx
2020,11,핀란드,입항환적,933.0,933.0,0.0,12528.0,12528.0,0.0,2020_2021 3월.xlsx
2020,11,필리핀,입항환적,6953.5,6953.5,0.0,77608.5,70231.75,7376.75,2020_2021 3월.xlsx
2020,11,헝가리,입항환적,,,,12.0,12.0,0.0,2020_2021 3월.xlsx
2020,11,호주,입항환적,9947.0,9626.0,321.0,92669.5,82213.0,10456.5,2020_2021 3월.xlsx
2020,11,홍콩,입항환적,4077.25,4071.25,6.0,33553.25,32135.5,1417.75,2020_2021 3월.xlsx
2020,11,가나,출항,473.0,473.0,0.0,2953.0,2950.0,3.0,2020_2021 3월.xlsx
2020,11,가봉,출항,2.0,2.0,0.0,16.0,16.0,0.0,2020_2021 3월.xlsx
2020,11,가이아나,출항,13.0,13.0,0.0,66.0,66.0,0.0,2020_2021 3월.xlsx
2020,11,감비아,출항,,,,6.0,6.0,0.0,2020_2021 3월.xlsx
2020,11,과들루프,출항,2.0,2.0,0.0,19.0,19.0,0.0,2020_2021 3월.xlsx
2020,11,과테말라,출항,198.0,198.0,0.0,2485.0,2351.0,134.0,2020_2021 3월.xlsx
2020,11,괌,출항,207.0,207.0,0.0,2502.0,2457.0,45.0,2020_2021 3월.xlsx
2020,11,그레나다,출항,10.0,10.0,0.0,31.0,31.0,0.0,2020_2021 3월.xlsx
2020,11,그리스,출항,1367.0,1367.0,0.0,15200.0,15174.0,26.0,2020_2021 3월.xlsx
2020,11,기니,출항,13.0,13.0,0.0,169.0,169.0,0.0,2020_2021 3월.xlsx
2020,11,나미비아,출항,28.0,28.0,0.0,55.0,55.0,0.0,2020_2021 3월.xlsx
2020,11,나이지리아,출항,143.0,143.0,0.0,2543.0,2543.0,0.0,2020_2021 3월.xlsx
2020,11,남아프리카,출항,287.0,287.0,0.0,4484.0,4394.0,90.0,2020_2021 3월.xlsx
2020,11,네덜란드,출항,5853.0,5847.0,6.0,62603.75,62371.75,232.0,2020_2021 3월.xlsx
2020,11,노르웨이,출항,20.0,20.0,0.0,285.0,285.0,0.0,2020_2021 3월.xlsx
2020,11,뉴질랜드,출항,1324.0,1223.0,101.0,14902.0,13160.0,1742.0,2020_2021 3월.xlsx
2020,11,뉴칼레도니아,출항,31.0,31.0,0.0,250.0,244.0,6.0,2020_2021 3월.xlsx
2020,11,니카라과,출항,86.5,86.5,0.0,763.5,763.5,0.0,2020_2021 3월.xlsx
2020,11,대만,출항,11141.25,10556.25,585.0,113914.75,107503.75,6411.0,2020_2021 3월.xlsx
2020,11,대한민국,출항,6452.0,202.0,6250.0,87269.25,1462.0,85807.25,2020_2021 3월.xlsx
2020,11,덴마크,출항,56.0,56.0,0.0,2026.0,2026.0,0.0,2020_2021 3월.xlsx
2020,11,도미니카 공화국,출항,188.0,188.0,0.0,2092.0,1949.0,143.0,2020_2021 3월.xlsx
2020,11,도미니카 연방,출항,2.0,2.0,0.0,5.0,5.0,0.0,2020_2021 3월.xlsx
2020,11,독일,출항,5698.0,5674.0,24.0,78012.0,77190.0,822.0,2020_2021 3월.xlsx
2020,11,동티모르,출항,,,,10.0,10.0,0.0,2020_2021 3월.xlsx
2020,11,라이베리아,출항,,,,66.0,66.0,0.0,2020_2021 3월.xlsx
2020,11,라트비아,출항,40.0,40.0,0.0,447.25,447.25,0.0,2020_2021 3월.xlsx
2020,11,러시아,출항,12202.5,12026.5,176.0,120816.5,112646.5,8170.0,2020_2021 3월.xlsx
2020,11,레바논,출항,159.0,159.0,0.0,1008.0,1008.0,0.0,2020_2021 3월.xlsx
2020,11,레위니옹,출항,2.0,2.0,0.0,50.0,50.0,0.0,2020_2021 3월.xlsx
2020,11,루마니아,출항,318.0,318.0,0.0,2983.0,2977.0,6.0,2020_2021 3월.xlsx
2020,11,리비아,출항,132.0,132.0,0.0,1326.0,1326.0,0.0,2020_2021 3월.xlsx
2020,11,리투아니아,출항,237.0,237.0,0.0,2389.0,2389.0,0.0,2020_2021 3월.xlsx
2020,11,마다가스카르,출항,2.0,2.0,0.0,89.0,89.0,0.0,2020_2021 3월.xlsx
2020,11,마르티니크,출항,3.0,3.0,0.0,37.0,37.0,0.0,2020_2021 3월.xlsx
2020,11,마샬 제도,출항,23.0,22.0,1.0,752.0,194.0,558.0,2020_2021 3월.xlsx
2020,11,마요트,출항,,,,78.0,78.0,0.0,2020_2021 3월.xlsx
2020,11,마카오,출항,1.0,1.0,0.0,1.0,1.0,0.0,2020_2021 3월.xlsx
2020,11,말레이시아,출항,8814.25,8616.25,198.0,85299.0,83575.0,1724.0,2020_2021 3월.xlsx
2020,11,멕시코,출항,13522.75,13358.75,164.0,137047.5,131337.5,5710.0,2020_2021 3월.xlsx
2020,11,모로코,출항,254.0,254.0,0.0,2485.0,2485.0,0.0,2020_2021 3월.xlsx
2020,11,모리셔스,출항,11.0,11.0,0.0,138.0,138.0,0.0,2020_2021 3월.xlsx
2020,11,모리타니,출항,6.0,6.0,0.0,84.0,84.0,0.0,2020_2021 3월.xlsx
2020,11,모잠비크,출항,62.0,62.0,0.0,1287.0,1287.0,0.0,2020_2021 3월.xlsx
2020,11,몬테네그로,출항,1.0,1.0,0.0,37.0,37.0,0.0,2020_2021 3월.xlsx
2020,11,몰디브,출항,,,,23.0,23.0,0.0,2020_2021 3월.xlsx
2020,11,몰타,출항,81.0,41.0,40.0,566.0,370.0,196.0,2020_2021 3월.xlsx
2020,11,미국,출항,77582.25,77287.25,295.0,729984.75,712929.5,17055.25,2020_2021 3월.xlsx
2020,11,미국령 버진아일랜드,출항,1.0,1.0,0.0,1.0,1.0,0.0,2020_2021 3월.xlsx
2020,11,미얀마,출항,98.0,98.0,0.0,1408.25,1408.25,0.0,2020_2021 3월.xlsx
2020,11,미크로네시아,출항,39.0,33.0,6.0,319.0,248.0,71.0,2020_2021 3월.xlsx
2020,11,바누아투,출항,12.0,10.0,2.0,474.0,109.0,365.0,2020_2021 3월.xlsx
2020,11,바레인,출항,40.0,40.0,0.0,422.0,422.0,0.0,2020_2021 3월.xlsx
2020,11,바베이도스,출항,10.0,10.0,0.0,28.0,28.0,0.0,2020_2021 3월.xlsx
2020,11,바하마,출항,858.5,0.0,858.5,24118.0,142.0,23976.0,2020_2021 3월.xlsx
2020,11,방글라데시,출항,8.0,8.0,0.0,491.0,491.0,0.0,2020_2021 3월.xlsx
2020,11,베냉,출항,4.0,4.0,0.0,54.0,54.0,0.0,2020_2021 3월.xlsx
2020,11,베네수엘라,출항,40.0,40.0,0.0,364.0,364.0,0.0,2020_2021 3월.xlsx
2020,11,베트남,출항,20860.25,20462.25,398.0,209065.0,194042.5,15022.5,2020_2021 3월.xlsx
2020,11,벨기에,출항,1339.0,1334.0,5.0,20337.0,19960.0,377.0,2020_2021 3월.xlsx
2020,11,벨리즈,출항,5.0,5.0,0.0,32.0,32.0,0.0,2020_2021 3월.xlsx
2020,11,북마리아나 제도,출항,57.0,57.0,0.0,826.0,808.0,18.0,2020_2021 3월.xlsx
2020,11,불가리아,출항,77.0,77.0,0.0,664.0,664.0,0.0,2020_2021 3월.xlsx
2020,11,브라질,출항,4419.0,4402.0,17.0,45363.0,43452.0,1911.0,2020_2021 3월.xlsx
2020,11,사모아,출항,11.0,11.0,0.0,80.0,76.0,4.0,2020_2021 3월.xlsx
2020,11,사우디아라비아,출항,3053.25,3053.25,0.0,40498.5,40488.5,10.0,2020_2021 3월.xlsx
2020,11,세네갈,출항,10.0,10.0,0.0,727.0,727.0,0.0,2020_2021 3월.xlsx
2020,11,세이셸,출항,5.0,5.0,0.0,115.0,115.0,0.0,2020_2021 3월.xlsx
2020,11,세인트루시아,출항,3.0,3.0,0.0,15.0,15.0,0.0,2020_2021 3월.xlsx
2020,11,세인트키츠 네비스,출항,1.0,1.0,0.0,12.0,12.0,0.0,2020_2021 3월.xlsx
2020,11,소말리아,출항,3.0,3.0,0.0,139.0,139.0,0.0,2020_2021 3월.xlsx
2020,11,솔로몬제도,출항,15.0,15.0,0.0,432.0,416.0,16.0,2020_2021 3월.xlsx
2020,11,수단,출항,38.0,38.0,0.0,1221.0,1221.0,0.0,2020_2021 3월.xlsx
2020,11,수리남,출항,,,,31.0,31.0,0.0,2020_2021 3월.xlsx
2020,11,스리랑카,출항,808.0,808.0,0.0,13020.0,13020.0,0.0,2020_2021 3월.xlsx
2020,11,스웨덴,출항,364.0,364.0,0.0,4357.0,4346.0,11.0,2020_2021 3월.xlsx
2020,11,스페인,출항,3270.5,3258.5,12.0,31489.25,30752.25,737.0,2020_2021 3월.xlsx
2020,11,슬로베니아,출항,9074.5,9070.5,4.0,86215.25,86159.25,56.0,2020_2021 3월.xlsx
2020,11,시리아,출항,140.0,140.0,0.0,1666.0,1666.0,0.0,2020_2021 3월.xlsx
2020,11,시에라 리온,출항,,,,34.0,34.0,0.0,2020_2021 3월.xlsx
2020,11,싱가포르,출항,6191.75,6147.75,44.0,71338.0,68208.0,3130.0,2020_2021 3월.xlsx
2020,11,아랍에미리트연합국,출항,5265.0,5261.0,4.0,63347.75,62783.75,564.0,2020_2021 3월.xlsx
2020,11,아루바,출항,,,,1.0,1.0,0.0,2020_2021 3월.xlsx
2020,11,아르헨티나,출항,493.0,493.0,0.0,5823.0,5145.0,678.0,2020_2021 3월.xlsx
2020,11,아메리칸사모아,출항,62.0,62.0,0.0,787.0,703.0,84.0,2020_2021 3월.xlsx
2020,11,아이티,출항,24.0,24.0,0.0,189.0,189.0,0.0,2020_2021 3월.xlsx
2020,11,아일랜드,출항,11.0,11.0,0.0,409.0,409.0,0.0,2020_2021 3월.xlsx
2020,11,알바니아,출항,7.0,7.0,0.0,115.0,115.0,0.0,2020_2021 3월.xlsx
2020,11,알제리,출항,134.25,134.25,0.0,2543.0,2543.0,0.0,2020_2021 3월.xlsx
2020,11,앙골라,출항,4.0,4.0,0.0,548.0,548.0,0.0,2020_2021 3월.xlsx
2020,11,앤티가 바부다,출항,,,,2.0,2.0,0.0,2020_2021 3월.xlsx
2020,11,앤틸리스제도,출항,5.0,5.0,0.0,45.0,45.0,0.0,2020_2021 3월.xlsx
2020,11,에스토니아,출항,25.25,25.25,0.0,699.25,699.25,0.0,2020_2021 3월.xlsx
2020,11,에콰도르,출항,1088.0,534.0,554.0,19784.0,5672.0,14112.0,2020_2021 3월.xlsx
2020,11,엘살바도르,출항,38.0,38.0,0.0,757.0,757.0,0.0,2020_2021 3월.xlsx
2020,11,영국,출항,2191.0,2103.0,88.0,23439.75,22587.75,852.0,2020_2021 3월.xlsx
2020,11,영국령 버진아일랜드,출항,,,,1.0,1.0,0.0,2020_2021 3월.xlsx
2020,11,예멘,출항,15.0,15.0,0.0,435.0,435.0,0.0,2020_2021 3월.xlsx
2020,11,오만,출항,233.0,233.0,0.0,3894.0,3894.0,0.0,2020_2021 3월.xlsx
2020,11,온두라스,출항,55.0,55.0,0.0,450.0,450.0,0.0,2020_2021 3월.xlsx
2020,11,요르단,출항,171.0,171.0,0.0,2488.25,2488.25,0.0,2020_2021 3월.xlsx
2020,11,우루과이,출항,220.0,220.0,0.0,2728.0,2402.0,326.0,2020_2021 3월.xlsx
2020,11,우크라이나,출항,220.0,218.0,2.0,2190.0,2178.0,12.0,2020_2021 3월.xlsx
2020,11,이라크,출항,115.0,115.0,0.0,2696.75,2696.75,0.0,2020_2021 3월.xlsx
2020,11,이란,출항,,,,12.0,12.0,0.0,2020_2021 3월.xlsx
2020,11,이스라엘,출항,861.0,844.0,17.0,12074.25,11706.25,368.0,2020_2021 3월.xlsx
2020,11,이집트,출항,3948.0,3908.0,40.0,38424.25,37872.25,552.0,2020_2021 3월.xlsx
2020,11,이탈리아,출항,4210.25,4210.25,0.0,44846.5,44234.5,612.0,2020_2021 3월.xlsx
2020,11,인도,출항,14206.75,14202.75,4.0,115988.0,114765.0,1223.0,2020_2021 3월.xlsx
2020,11,인도네시아,출항,7755.0,7685.0,70.0,78917.0,76512.5,2404.5,2020_2021 3월.xlsx
2020,11,일본,출항,37293.25,30694.0,6599.25,407931.75,304278.5,103653.25,2020_2021 3월.xlsx
2020,11,자메이카,출항,113.0,113.0,0.0,3139.0,3003.0,136.0,2020_2021 3월.xlsx
2020,11,적도 기니,출항,,,,4.0,4.0,0.0,2020_2021 3월.xlsx
2020,11,조지아,출항,55.0,55.0,0.0,403.0,385.0,18.0,2020_2021 3월.xlsx
2020,11,중국,출항,97119.0,54483.75,42635.25,1064123.5,551150.0,512973.5,2020_2021 3월.xlsx
2020,11,지부티,출항,2.0,2.0,0.0,330.0,330.0,0.0,2020_2021 3월.xlsx
2020,11,지브롤터,출항,,,,1.0,1.0,0.0,2020_2021 3월.xlsx
2020,11,칠레,출항,2905.0,1613.0,1292.0,26156.0,14930.0,11226.0,2020_2021 3월.xlsx
2020,11,카메룬,출항,23.0,23.0,0.0,321.0,321.0,0.0,2020_2021 3월.xlsx
2020,11,카타르,출항,508.75,490.75,18.0,3835.0,3655.0,180.0,2020_2021 3월.xlsx
2020,11,캄보디아,출항,424.0,424.0,0.0,4669.25,4669.25,0.0,2020_2021 3월.xlsx
2020,11,캐나다,출항,12401.75,12401.75,0.0,110183.5,109494.5,689.0,2020_2021 3월.xlsx
2020,11,케냐,출항,44.0,44.0,0.0,2000.0,1995.0,5.0,2020_2021 3월.xlsx
2020,11,케이맨 제도,출항,1.0,1.0,0.0,2.0,2.0,0.0,2020_2021 3월.xlsx
2020,11,코모로,출항,,,,6.0,6.0,0.0,2020_2021 3월.xlsx
2020,11,코스타리카,출항,58.0,58.0,0.0,779.0,579.0,200.0,2020_2021 3월.xlsx
2020,11,코트디부아르,출항,9.0,9.0,0.0,592.0,592.0,0.0,2020_2021 3월.xlsx
2020,11,콜롬비아,출항,1112.0,1111.0,1.0,14387.0,12447.0,1940.0,2020_2021 3월.xlsx
2020,11,콩고,출항,6.0,6.0,0.0,261.0,261.0,0.0,2020_2021 3월.xlsx
2020,11,콩고 민주 공화국,출항,5.0,5.0,0.0,373.0,373.0,0.0,2020_2021 3월.xlsx
2020,11,쿠바,출항,8.0,8.0,0.0,272.0,272.0,0.0,2020_2021 3월.xlsx
2020,11,쿠웨이트,출항,113.0,113.0,0.0,1036.0,1036.0,0.0,2020_2021 3월.xlsx
2020,11,크로아티아,출항,1023.0,1023.0,0.0,7786.25,7776.25,10.0,2020_2021 3월.xlsx
2020,11,키리바시,출항,4.0,4.0,0.0,41.0,37.0,4.0,2020_2021 3월.xlsx
2020,11,키프로스,출항,11.0,11.0,0.0,125.0,125.0,0.0,2020_2021 3월.xlsx
2020,11,탄자니아,출항,137.0,137.0,0.0,2121.0,2121.0,0.0,2020_2021 3월.xlsx
2020,11,태국,출항,8409.75,8271.75,138.0,93374.5,79401.5,13973.0,2020_2021 3월.xlsx
2020,11,토고,출항,251.0,251.0,0.0,1770.0,1770.0,0.0,2020_2021 3월.xlsx
2020,11,통가,출항,,,,75.0,29.0,46.0,2020_2021 3월.xlsx
2020,11,튀니지,출항,81.0,81.0,0.0,751.0,751.0,0.0,2020_2021 3월.xlsx
2020,11,튀르키예,출항,6833.5,6823.5,10.0,80686.75,80422.75,264.0,2020_2021 3월.xlsx
2020,11,트리니다드 토바고,출항,77.0,77.0,0.0,545.0,545.0,0.0,2020_2021 3월.xlsx
2020,11,파나마,출항,1907.0,1351.0,556.0,24776.5,13421.0,11355.5,2020_2021 3월.xlsx
2020,11,파라과이,출항,16.0,16.0,0.0,107.0,107.0,0.0,2020_2021 3월.xlsx
2020,11,파키스탄,출항,1408.0,1408.0,0.0,12456.0,12449.0,7.0,2020_2021 3월.xlsx
2020,11,파푸아 뉴기니,출항,35.0,35.0,0.0,799.0,727.0,72.0,2020_2021 3월.xlsx
2020,11,팔라우,출항,11.0,8.0,3.0,88.0,58.0,30.0,2020_2021 3월.xlsx
2020,11,페루,출항,1179.0,1177.0,2.0,13511.0,10347.0,3164.0,2020_2021 3월.xlsx
2020,11,포르투갈,출항,206.0,202.0,4.0,2804.0,2798.0,6.0,2020_2021 3월.xlsx
2020,11,폴란드,출항,605.0,605.0,0.0,7898.0,7898.0,0.0,2020_2021 3월.xlsx
2020,11,푸에르토리코,출항,58.0,58.0,0.0,295.0,295.0,0.0,2020_2021 3월.xlsx
2020,11,프랑스,출항,1144.0,1139.0,5.0,14317.0,13536.0,781.0,2020_2021 3월.xlsx
2020,11,프랑스령 기아나,출항,,,,11.0,11.0,0.0,2020_2021 3월.xlsx
2020,11,프랑스령 폴리네시아,출항,7.0,7.0,0.0,63.0,63.0,0.0,2020_2021 3월.xlsx
2020,11,피지,출항,45.0,36.0,9.0,474.0,409.0,65.0,2020_2021 3월.xlsx
2020,11,핀란드,출항,26.0,26.0,0.0,439.0,439.0,0.0,2020_2021 3월.xlsx
2020,11,필리핀,출항,4699.0,4699.0,0.0,40006.75,38028.75,1978.0,2020_2021 3월.xlsx
2020,11,헝가리,출항,8.0,8.0,0.0,60.0,60.0,0.0,2020_2021 3월.xlsx
2020,11,호주,출항,5062.0,4940.0,122.0,59458.0,55117.0,4341.0,2020_2021 3월.xlsx
2020,11,홍콩,출항,6693.75,6476.75,217.0,68984.5,66618.5,2366.0,2020_2021 3월.xlsx
2020,11,가나,출항환적,213.0,213.0,0.0,1173.5,1173.5,0.0,2020_2021 3월.xlsx
2020,11,가봉,출항환적,38.0,38.0,0.0,58.0,58.0,0.0,2020_2021 3월.xlsx
2020,11,가이아나,출항환적,464.0,464.0,0.0,2360.0,2360.0,0.0,2020_2021 3월.xlsx
2020,11,감비아,출항환적,,,,120.0,120.0,0.0,2020_2021 3월.xlsx
2020,11,과들루프,출항환적,29.0,29.0,0.0,149.0,149.0,0.0,2020_2021 3월.xlsx
2020,11,과테말라,출항환적,1816.25,1816.25,0.0,14688.75,14688.75,0.0,2020_2021 3월.xlsx
2020,11,괌,출항환적,370.0,370.0,0.0,3478.5,3464.5,14.0,2020_2021 3월.xlsx
2020,11,그레나다,출항환적,66.0,66.0,0.0,449.0,449.0,0.0,2020_2021 3월.xlsx
2020,11,그리스,출항환적,689.0,689.0,0.0,10857.25,10567.25,290.0,2020_2021 3월.xlsx
2020,11,기니,출항환적,9.0,9.0,0.0,225.0,225.0,0.0,2020_2021 3월.xlsx
2020,11,나미비아,출항환적,140.0,140.0,0.0,618.0,618.0,0.0,2020_2021 3월.xlsx
2020,11,나우루,출항환적,5.0,5.0,0.0,30.0,30.0,0.0,2020_2021 3월.xlsx
2020,11,나이지리아,출항환적,151.25,151.25,0.0,1437.0,1437.0,0.0,2020_2021 3월.xlsx
2020,11,남아프리카,출항환적,458.0,458.0,0.0,2977.0,2977.0,0.0,2020_2021 3월.xlsx
2020,11,네덜란드,출항환적,2269.0,2267.0,2.0,25341.75,25250.75,91.0,2020_2021 3월.xlsx
2020,11,노르웨이,출항환적,9.0,9.0,0.0,249.0,249.0,0.0,2020_2021 3월.xlsx
2020,11,뉴질랜드,출항환적,1574.0,1545.0,29.0,14251.0,12962.0,1289.0,2020_2021 3월.xlsx
2020,11,뉴칼레도니아,출항환적,479.0,425.0,54.0,4301.0,3694.0,607.0,2020_2021 3월.xlsx
2020,11,니카라과,출항환적,200.0,200.0,0.0,2012.0,2012.0,0.0,2020_2021 3월.xlsx
2020,11,대만,출항환적,5228.0,5228.0,0.0,87037.75,83108.5,3929.25,2020_2021 3월.xlsx
2020,11,대한민국,출항환적,16217.0,15373.0,844.0,179144.5,169550.5,9594.0,2020_2021 3월.xlsx
2020,11,덴마크,출항환적,121.0,121.0,0.0,1750.0,1750.0,0.0,2020_2021 3월.xlsx
2020,11,도미니카 공화국,출항환적,2324.75,2324.75,0.0,16875.25,16875.25,0.0,2020_2021 3월.xlsx
2020,11,도미니카 연방,출항환적,26.25,26.25,0.0,79.25,79.25,0.0,2020_2021 3월.xlsx
2020,11,독일,출항환적,1219.0,1219.0,0.0,25304.0,25221.0,83.0,2020_2021 3월.xlsx
2020,11,동티모르,출항환적,,,,6.0,6.0,0.0,2020_2021 3월.xlsx
2020,11,라이베리아,출항환적,16.0,16.0,0.0,43.0,43.0,0.0,2020_2021 3월.xlsx
2020,11,라트비아,출항환적,2.0,2.0,0.0,234.0,234.0,0.0,2020_2021 3월.xlsx
2020,11,러시아,출항환적,20962.5,20960.5,2.0,204069.25,200904.25,3165.0,2020_2021 3월.xlsx
2020,11,레바논,출항환적,145.75,145.75,0.0,1895.75,1895.75,0.0,2020_2021 3월.xlsx
2020,11,레위니옹,출항환적,1.0,1.0,0.0,3.0,3.0,0.0,2020_2021 3월.xlsx
2020,11,루마니아,출항환적,141.0,141.0,0.0,3500.75,3500.75,0.0,2020_2021 3월.xlsx
2020,11,리비아,출항환적,95.25,95.25,0.0,752.25,752.25,0.0,2020_2021 3월.xlsx
2020,11,리투아니아,출항환적,64.0,64.0,0.0,399.0,399.0,0.0,2020_2021 3월.xlsx
2020,11,마다가스카르,출항환적,34.0,34.0,0.0,196.0,196.0,0.0,2020_2021 3월.xlsx
2020,11,마르티니크,출항환적,11.0,11.0,0.0,86.0,86.0,0.0,2020_2021 3월.xlsx
2020,11,마샬 제도,출항환적,163.0,163.0,0.0,1527.0,1526.0,1.0,2020_2021 3월.xlsx
2020,11,마카오,출항환적,2.0,2.0,0.0,12.0,12.0,0.0,2020_2021 3월.xlsx
2020,11,말레이시아,출항환적,4527.0,4348.0,179.0,47476.25,46563.25,913.0,2020_2021 3월.xlsx
2020,11,멕시코,출항환적,22822.75,22792.75,30.0,221018.25,217206.25,3812.0,2020_2021 3월.xlsx
2020,11,모로코,출항환적,636.25,636.25,0.0,2402.5,2402.5,0.0,2020_2021 3월.xlsx
2020,11,모리셔스,출항환적,58.0,58.0,0.0,154.0,154.0,0.0,2020_2021 3월.xlsx
2020,11,모리타니,출항환적,,,,87.0,87.0,0.0,2020_2021 3월.xlsx
2020,11,모잠비크,출항환적,69.0,69.0,0.0,580.0,580.0,0.0,2020_2021 3월.xlsx
2020,11,몬테네그로,출항환적,2.0,2.0,0.0,76.0,76.0,0.0,2020_2021 3월.xlsx
2020,11,몰디브,출항환적,,,,38.0,38.0,0.0,2020_2021 3월.xlsx
2020,11,몰타,출항환적,61.0,61.0,0.0,387.25,287.25,100.0,2020_2021 3월.xlsx
2020,11,미국,출항환적,110816.0,110728.0,88.0,1000997.0,988226.0,12771.0,2020_2021 3월.xlsx
2020,11,미국령 버진아일랜드,출항환적,10.0,10.0,0.0,22.0,22.0,0.0,2020_2021 3월.xlsx
2020,11,미얀마,출항환적,68.0,68.0,0.0,1197.0,1197.0,0.0,2020_2021 3월.xlsx
2020,11,미크로네시아,출항환적,233.0,233.0,0.0,1665.0,1665.0,0.0,2020_2021 3월.xlsx
2020,11,바누아투,출항환적,387.0,387.0,0.0,4152.0,4050.0,102.0,2020_2021 3월.xlsx
2020,11,바레인,출항환적,3.0,3.0,0.0,37.0,37.0,0.0,2020_2021 3월.xlsx
2020,11,바베이도스,출항환적,155.0,155.0,0.0,1174.0,1174.0,0.0,2020_2021 3월.xlsx
2020,11,바하마,출항환적,3895.25,81.0,3814.25,84042.5,900.0,83142.5,2020_2021 3월.xlsx
2020,11,방글라데시,출항환적,36.0,36.0,0.0,378.0,378.0,0.0,2020_2021 3월.xlsx
2020,11,베냉,출항환적,19.0,19.0,0.0,71.0,71.0,0.0,2020_2021 3월.xlsx
2020,11,베네수엘라,출항환적,966.25,966.25,0.0,8262.5,8252.5,10.0,2020_2021 3월.xlsx
2020,11,베트남,출항환적,9051.0,9033.0,18.0,93173.5,88634.5,4539.0,2020_2021 3월.xlsx
2020,11,벨기에,출항환적,478.0,478.0,0.0,10376.25,9772.25,604.0,2020_2021 3월.xlsx
2020,11,벨리즈,출항환적,24.0,24.0,0.0,147.0,147.0,0.0,2020_2021 3월.xlsx
2020,11,볼리비아,출항환적,6.0,6.0,0.0,6.0,6.0,0.0,2020_2021 3월.xlsx
2020,11,북마리아나 제도,출항환적,85.0,85.0,0.0,989.25,987.25,2.0,2020_2021 3월.xlsx
2020,11,불가리아,출항환적,48.0,48.0,0.0,579.0,579.0,0.0,2020_2021 3월.xlsx
2020,11,브라질,출항환적,4365.0,4264.0,101.0,43265.0,42462.0,803.0,2020_2021 3월.xlsx
2020,11,브루나이,출항환적,,,,10.0,10.0,0.0,2020_2021 3월.xlsx
2020,11,사모아,출항환적,287.0,287.0,0.0,2536.0,2536.0,0.0,2020_2021 3월.xlsx
2020,11,사우디아라비아,출항환적,1852.75,1852.75,0.0,20425.25,20425.25,0.0,2020_2021 3월.xlsx
2020,11,세네갈,출항환적,60.0,60.0,0.0,296.0,296.0,0.0,2020_2021 3월.xlsx
2020,11,세이셸,출항환적,,,,6.0,6.0,0.0,2020_2021 3월.xlsx
2020,11,세인트 빈센트 그레나딘,출항환적,17.0,17.0,0.0,120.0,120.0,0.0,2020_2021 3월.xlsx
2020,11,세인트루시아,출항환적,54.0,54.0,0.0,221.0,221.0,0.0,2020_2021 3월.xlsx
2020,11,세인트키츠 네비스,출항환적,19.0,19.0,0.0,37.0,37.0,0.0,2020_2021 3월.xlsx
2020,11,소말리아,출항환적,5.0,5.0,0.0,38.0,38.0,0.0,2020_2021 3월.xlsx
2020,11,솔로몬제도,출항환적,118.0,118.0,0.0,2570.0,2570.0,0.0,2020_2021 3월.xlsx
2020,11,수단,출항환적,14.0,14.0,0.0,867.0,849.0,18.0,2020_2021 3월.xlsx
2020,11,수리남,출항환적,631.0,631.0,0.0,3760.0,3760.0,0.0,2020_2021 3월.xlsx
2020,11,스리랑카,출항환적,109.0,109.0,0.0,434.0,434.0,0.0,2020_2021 3월.xlsx
2020,11,스웨덴,출항환적,123.0,123.0,0.0,1824.0,1824.0,0.0,2020_2021 3월.xlsx
2020,11,스페인,출항환적,1619.0,1619.0,0.0,19804.5,18954.5,850.0,2020_2021 3월.xlsx
2020,11,슬로베니아,출항환적,503.75,503.75,0.0,5626.0,5626.0,0.0,2020_2021 3월.xlsx
2020,11,시리아,출항환적,77.0,77.0,0.0,3662.75,3662.75,0.0,2020_2021 3월.xlsx
2020,11,시에라 리온,출항환적,5.0,5.0,0.0,147.0,147.0,0.0,2020_2021 3월.xlsx
2020,11,싱가포르,출항환적,5941.0,4681.0,1260.0,57077.25,43930.25,13147.0,2020_2021 3월.xlsx
2020,11,아랍에미리트연합국,출항환적,3664.25,3664.25,0.0,43724.75,43724.75,0.0,2020_2021 3월.xlsx
2020,11,아루바,출항환적,40.0,40.0,0.0,72.0,72.0,0.0,2020_2021 3월.xlsx
2020,11,아르헨티나,출항환적,712.0,712.0,0.0,7549.0,7183.0,366.0,2020_2021 3월.xlsx
2020,11,아메리칸사모아,출항환적,119.0,119.0,0.0,1581.0,1581.0,0.0,2020_2021 3월.xlsx
2020,11,아이티,출항환적,263.0,263.0,0.0,2662.0,2662.0,0.0,2020_2021 3월.xlsx
2020,11,아일랜드,출항환적,49.0,49.0,0.0,390.25,390.25,0.0,2020_2021 3월.xlsx
2020,11,알바니아,출항환적,11.0,11.0,0.0,77.0,77.0,0.0,2020_2021 3월.xlsx
2020,11,알제리,출항환적,234.25,234.25,0.0,1875.25,1875.25,0.0,2020_2021 3월.xlsx
2020,11,앙골라,출항환적,1.0,1.0,0.0,38.0,38.0,0.0,2020_2021 3월.xlsx
2020,11,앤티가 바부다,출항환적,15.0,15.0,0.0,136.0,136.0,0.0,2020_2021 3월.xlsx
2020,11,앤틸리스제도,출항환적,103.0,103.0,0.0,346.0,346.0,0.0,2020_2021 3월.xlsx
2020,11,앵귈라,출항환적,5.0,5.0,0.0,5.0,5.0,0.0,2020_2021 3월.xlsx
2020,11,에리트레아,출항환적,5.0,5.0,0.0,7.0,7.0,0.0,2020_2021 3월.xlsx
2020,11,에스토니아,출항환적,4.0,4.0,0.0,113.0,113.0,0.0,2020_2021 3월.xlsx
2020,11,에콰도르,출항환적,3031.0,2813.0,218.0,42643.0,26759.0,15884.0,2020_2021 3월.xlsx
2020,11,엘살바도르,출항환적,470.5,470.5,0.0,3945.5,3945.5,0.0,2020_2021 3월.xlsx
2020,11,영국,출항환적,1108.0,1108.0,0.0,13346.75,13330.75,16.0,2020_2021 3월.xlsx
2020,11,영국령 버진아일랜드,출항환적,6.0,6.0,0.0,25.0,25.0,0.0,2020_2021 3월.xlsx
2020,11,예멘,출항환적,26.0,26.0,0.0,49.0,49.0,0.0,2020_2021 3월.xlsx
2020,11,오만,출항환적,414.0,414.0,0.0,2993.75,2981.75,12.0,2020_2021 3월.xlsx
2020,11,온두라스,출항환적,368.25,368.25,0.0,4347.25,4347.25,0.0,2020_2021 3월.xlsx
2020,11,요르단,출항환적,203.0,203.0,0.0,3270.0,3270.0,0.0,2020_2021 3월.xlsx
2020,11,우루과이,출항환적,114.0,114.0,0.0,1706.0,1706.0,0.0,2020_2021 3월.xlsx
2020,11,우크라이나,출항환적,211.0,211.0,0.0,5342.0,5342.0,0.0,2020_2021 3월.xlsx
2020,11,원양어획지역,출항환적,11.0,11.0,0.0,23.0,23.0,0.0,2020_2021 3월.xlsx
2020,11,이라크,출항환적,55.0,55.0,0.0,753.25,753.25,0.0,2020_2021 3월.xlsx
2020,11,이란,출항환적,,,,15.0,15.0,0.0,2020_2021 3월.xlsx
2020,11,이스라엘,출항환적,671.0,661.0,10.0,11161.25,10808.25,353.0,2020_2021 3월.xlsx
2020,11,이집트,출항환적,1242.0,1204.0,38.0,18483.75,17751.75,732.0,2020_2021 3월.xlsx
2020,11,이탈리아,출항환적,1290.0,1290.0,0.0,16995.0,16539.0,456.0,2020_2021 3월.xlsx
2020,11,인도,출항환적,3342.0,3340.0,2.0,28979.25,28937.25,42.0,2020_2021 3월.xlsx
2020,11,인도네시아,출항환적,3471.0,3462.0,9.0,49601.5,49585.5,16.0,2020_2021 3월.xlsx
2020,11,일본,출항환적,77124.0,75989.0,1135.0,840664.5,828886.5,11778.0,2020_2021 3월.xlsx
2020,11,자메이카,출항환적,1836.75,1832.75,4.0,13263.25,13244.25,19.0,2020_2021 3월.xlsx
2020,11,적도 기니,출항환적,,,,2.0,2.0,0.0,2020_2021 3월.xlsx
2020,11,조지아,출항환적,208.25,208.25,0.0,1274.5,1274.5,0.0,2020_2021 3월.xlsx
2020,11,중국,출항환적,112736.25,104230.25,8506.0,1195986.5,987926.25,208060.25,2020_2021 3월.xlsx
2020,11,지부티,출항환적,2.0,2.0,0.0,216.0,216.0,0.0,2020_2021 3월.xlsx
2020,11,칠레,출항환적,18247.0,16855.0,1392.0,161397.75,149005.75,12392.0,2020_2021 3월.xlsx
2020,11,카메룬,출항환적,80.0,80.0,0.0,230.0,230.0,0.0,2020_2021 3월.xlsx
2020,11,카보 베르데,출항환적,,,,1.0,1.0,0.0,2020_2021 3월.xlsx
2020,11,카타르,출항환적,397.0,397.0,0.0,2940.5,2940.5,0.0,2020_2021 3월.xlsx
2020,11,캄보디아,출항환적,44.0,44.0,0.0,461.5,461.5,0.0,2020_2021 3월.xlsx
2020,11,캐나다,출항환적,32418.5,32402.5,16.0,278943.0,278107.0,836.0,2020_2021 3월.xlsx
2020,11,케냐,출항환적,59.0,59.0,0.0,851.0,851.0,0.0,2020_2021 3월.xlsx
2020,11,케이맨 제도,출항환적,25.0,25.0,0.0,76.0,76.0,0.0,2020_2021 3월.xlsx
2020,11,코스타리카,출항환적,888.25,888.25,0.0,8659.0,8659.0,0.0,2020_2021 3월.xlsx
2020,11,코트디부아르,출항환적,53.0,53.0,0.0,319.0,319.0,0.0,2020_2021 3월.xlsx
2020,11,콜롬비아,출항환적,8757.5,8756.5,1.0,74766.25,74123.25,643.0,2020_2021 3월.xlsx
2020,11,콩고,출항환적,4.0,4.0,0.0,19.0,19.0,0.0,2020_2021 3월.xlsx
2020,11,콩고 민주 공화국,출항환적,10.0,10.0,0.0,48.0,48.0,0.0,2020_2021 3월.xlsx
2020,11,쿠바,출항환적,390.0,390.0,0.0,2349.0,2349.0,0.0,2020_2021 3월.xlsx
2020,11,쿠웨이트,출항환적,51.0,51.0,0.0,519.0,519.0,0.0,2020_2021 3월.xlsx
2020,11,쿡 제도,출항환적,,,,1.0,1.0,0.0,2020_2021 3월.xlsx
2020,11,퀴라소,출항환적,3.0,3.0,0.0,13.0,13.0,0.0,2020_2021 3월.xlsx
2020,11,크로아티아,출항환적,149.0,149.0,0.0,1311.75,1311.75,0.0,2020_2021 3월.xlsx
2020,11,키리바시,출항환적,133.0,133.0,0.0,1866.0,1866.0,0.0,2020_2021 3월.xlsx
2020,11,키프로스,출항환적,5.0,5.0,0.0,94.0,94.0,0.0,2020_2021 3월.xlsx
2020,11,탄자니아,출항환적,65.0,65.0,0.0,417.0,417.0,0.0,2020_2021 3월.xlsx
2020,11,태국,출항환적,6841.0,6671.0,170.0,80229.0,78661.0,1568.0,2020_2021 3월.xlsx
2020,11,토고,출항환적,21.0,21.0,0.0,124.5,124.5,0.0,2020_2021 3월.xlsx
2020,11,통가,출항환적,120.0,120.0,0.0,955.0,955.0,0.0,2020_2021 3월.xlsx
2020,11,튀니지,출항환적,121.0,121.0,0.0,1336.5,1336.5,0.0,2020_2021 3월.xlsx
2020,11,튀르키예,출항환적,3252.5,3252.5,0.0,33722.5,33572.5,150.0,2020_2021 3월.xlsx
2020,11,트리니다드 토바고,출항환적,667.25,667.25,0.0,5152.75,4952.75,200.0,2020_2021 3월.xlsx
2020,11,파나마,출항환적,4224.75,3792.75,432.0,48439.75,37021.25,11418.5,2020_2021 3월.xlsx
2020,11,파라과이,출항환적,2.0,2.0,0.0,207.0,207.0,0.0,2020_2021 3월.xlsx
2020,11,파키스탄,출항환적,600.0,600.0,0.0,5572.5,5572.5,0.0,2020_2021 3월.xlsx
2020,11,파푸아 뉴기니,출항환적,365.0,365.0,0.0,4421.0,4420.0,1.0,2020_2021 3월.xlsx
2020,11,팔라우,출항환적,24.0,24.0,0.0,154.0,154.0,0.0,2020_2021 3월.xlsx
2020,11,페루,출항환적,6840.0,6840.0,0.0,52874.0,51448.0,1426.0,2020_2021 3월.xlsx
2020,11,포르투갈,출항환적,8.0,8.0,0.0,353.0,353.0,0.0,2020_2021 3월.xlsx
2020,11,폴란드,출항환적,226.0,224.0,2.0,1739.0,1737.0,2.0,2020_2021 3월.xlsx
2020,11,푸에르토리코,출항환적,927.0,927.0,0.0,6187.0,6187.0,0.0,2020_2021 3월.xlsx
2020,11,프랑스,출항환적,992.0,989.0,3.0,10923.25,10886.25,37.0,2020_2021 3월.xlsx
2020,11,프랑스령 기아나,출항환적,13.0,13.0,0.0,28.0,28.0,0.0,2020_2021 3월.xlsx
2020,11,프랑스령 폴리네시아,출항환적,76.0,76.0,0.0,777.0,773.0,4.0,2020_2021 3월.xlsx
2020,11,피지,출항환적,573.0,573.0,0.0,4634.0,4619.0,15.0,2020_2021 3월.xlsx
2020,11,핀란드,출항환적,17.0,17.0,0.0,402.0,402.0,0.0,2020_2021 3월.xlsx
2020,11,필리핀,출항환적,5007.75,5007.75,0.0,51334.75,48790.75,2544.0,2020_2021 3월.xlsx
2020,11,호주,출항환적,2423.0,2423.0,0.0,23173.25,21732.25,1441.0,2020_2021 3월.xlsx
2020,11,홍콩,출항환적,5349.75,5243.75,106.0,46379.5,45223.75,1155.75,2020_2021 3월.xlsx
2020,12,가나,입항,29.0,29.0,0.0,774.0,774.0,0.0,2020_2021 2월.xlsx
2020,12,가봉,입항,,,,9.0,9.0,0.0,2020_2021 2월.xlsx
2020,12,가이아나,입항,,,,79.0,79.0,0.0,2020_2021 2월.xlsx
2020,12,감비아,입항,6.0,6.0,0.0,98.0,98.0,0.0,2020_2021 2월.xlsx
2020,12,과테말라,입항,253.0,223.0,30.0,6007.0,3519.0,2488.0,2020_2021 2월.xlsx
2020,12,괌,입항,1015.0,73.0,942.0,10166.0,708.0,9458.0,2020_2021 2월.xlsx
2020,12,그리스,입항,1178.0,370.0,808.0,13427.0,4385.0,9042.0,2020_2021 2월.xlsx
2020,12,기니,입항,36.0,36.0,0.0,886.0,886.0,0.0,2020_2021 2월.xlsx
2020,12,기니비사우,입항,4.0,4.0,0.0,32.0,32.0,0.0,2020_2021 2월.xlsx
2020,12,나미비아,입항,2.0,2.0,0.0,218.0,218.0,0.0,2020_2021 2월.xlsx
2020,12,나이지리아,입항,28.0,28.0,0.0,1352.0,1345.0,7.0,2020_2021 2월.xlsx
2020,12,남아프리카,입항,702.0,622.0,80.0,8135.0,7857.0,278.0,2020_2021 2월.xlsx
2020,12,네덜란드,입항,5638.5,5314.5,324.0,84814.0,79698.0,5116.0,2020_2021 2월.xlsx
2020,12,노르웨이,입항,876.0,876.0,0.0,5475.5,5461.5,14.0,2020_2021 2월.xlsx
2020,12,뉴질랜드,입항,2704.0,2700.0,4.0,32450.0,26855.0,5595.0,2020_2021 2월.xlsx
2020,12,뉴칼레도니아,입항,118.0,60.0,58.0,1915.0,492.0,1423.0,2020_2021 2월.xlsx
2020,12,니카라과,입항,15.0,15.0,0.0,653.0,640.0,13.0,2020_2021 2월.xlsx
2020,12,대만,입항,7797.25,4864.0,2933.25,70045.0,46947.25,23097.75,2020_2021 2월.xlsx
2020,12,대한민국,입항,6716.0,8.0,6708.0,60265.25,84.0,60181.25,2020_2021 2월.xlsx
2020,12,덴마크,입항,927.0,927.0,0.0,10980.0,10883.0,97.0,2020_2021 2월.xlsx
2020,12,도미니카 공화국,입항,123.0,123.0,0.0,1874.0,1859.0,15.0,2020_2021 2월.xlsx
2020,12,도미니카 연방,입항,,,,2.0,2.0,0.0,2020_2021 2월.xlsx
2020,12,독일,입항,7456.0,6747.0,709.0,109214.75,100466.25,8748.5,2020_2021 2월.xlsx
2020,12,동티모르,입항,,,,2.0,2.0,0.0,2020_2021 2월.xlsx
2020,12,라이베리아,입항,1.0,1.0,0.0,55.0,55.0,0.0,2020_2021 2월.xlsx
2020,12,라트비아,입항,608.0,608.0,0.0,11132.0,11122.0,10.0,2020_2021 2월.xlsx
2020,12,러시아,입항,9506.5,3083.0,6423.5,84461.0,33840.0,50621.0,2020_2021 2월.xlsx
2020,12,레바논,입항,106.0,106.0,0.0,1797.0,729.0,1068.0,2020_2021 2월.xlsx
2020,12,레위니옹,입항,,,,32.0,32.0,0.0,2020_2021 2월.xlsx
2020,12,루마니아,입항,715.0,145.0,570.0,8623.5,2789.5,5834.0,2020_2021 2월.xlsx
2020,12,리비아,입항,14.0,14.0,0.0,705.0,705.0,0.0,2020_2021 2월.xlsx
2020,12,리투아니아,입항,69.0,69.0,0.0,3127.25,3127.25,0.0,2020_2021 2월.xlsx
2020,12,마다가스카르,입항,4.0,4.0,0.0,223.0,223.0,0.0,2020_2021 2월.xlsx
2020,12,마르티니크,입항,,,,2.0,2.0,0.0,2020_2021 2월.xlsx
2020,12,마샬 제도,입항,589.0,19.0,570.0,5311.0,126.0,5185.0,2020_2021 2월.xlsx
2020,12,말레이시아,입항,6565.5,4630.0,1935.5,84039.0,57607.25,26431.75,2020_2021 2월.xlsx
2020,12,말리,입항,,,,2.0,2.0,0.0,2020_2021 2월.xlsx
2020,12,멕시코,입항,7814.0,2372.0,5442.0,81323.5,32741.0,48582.5,2020_2021 2월.xlsx
2020,12,모로코,입항,113.0,101.0,12.0,2169.0,1949.0,220.0,2020_2021 2월.xlsx
2020,12,모리셔스,입항,9.0,9.0,0.0,191.0,191.0,0.0,2020_2021 2월.xlsx
2020,12,모리타니,입항,28.0,28.0,0.0,323.0,323.0,0.0,2020_2021 2월.xlsx
2020,12,모잠비크,입항,21.0,21.0,0.0,1180.0,1180.0,0.0,2020_2021 2월.xlsx
2020,12,몬테네그로,입항,75.0,75.0,0.0,643.0,643.0,0.0,2020_2021 2월.xlsx
2020,12,몰타,입항,141.0,48.0,93.0,1264.0,229.0,1035.0,2020_2021 2월.xlsx
2020,12,미국,입항,53397.0,32662.5,20734.5,687154.5,485052.25,202102.25,2020_2021 2월.xlsx
2020,12,미얀마,입항,477.0,477.0,0.0,7844.0,6788.0,1056.0,2020_2021 2월.xlsx
2020,12,미크로네시아,입항,1.0,0.0,1.0,140.0,19.0,121.0,2020_2021 2월.xlsx
2020,12,바누아투,입항,10.0,0.0,10.0,1111.0,6.0,1105.0,2020_2021 2월.xlsx
2020,12,바레인,입항,163.0,163.0,0.0,1325.0,1325.0,0.0,2020_2021 2월.xlsx
2020,12,바베이도스,입항,4.0,4.0,0.0,20.0,20.0,0.0,2020_2021 2월.xlsx
2020,12,바하마,입항,9.0,9.0,0.0,12.0,12.0,0.0,2020_2021 2월.xlsx
2020,12,방글라데시,입항,343.0,343.0,0.0,7472.0,5780.0,1692.0,2020_2021 2월.xlsx
2020,12,베냉,입항,,,,8.0,0.0,8.0,2020_2021 2월.xlsx
2020,12,베네수엘라,입항,56.0,56.0,0.0,532.0,530.0,2.0,2020_2021 2월.xlsx
2020,12,베트남,입항,12348.75,11347.0,1001.75,150785.0,136335.5,14449.5,2020_2021 2월.xlsx
2020,12,벨기에,입항,2779.5,2759.5,20.0,39833.25,38385.25,1448.0,2020_2021 2월.xlsx
2020,12,벨리즈,입항,,,,1.0,1.0,0.0,2020_2021 2월.xlsx
2020,12,북마리아나 제도,입항,556.75,4.0,552.75,6515.25,96.0,6419.25,2020_2021 2월.xlsx
2020,12,불가리아,입항,43.0,40.0,3.0,885.0,865.0,20.0,2020_2021 2월.xlsx
2020,12,브라질,입항,3084.0,2502.0,582.0,34496.0,29174.0,5322.0,2020_2021 2월.xlsx
2020,12,브루나이,입항,7.0,7.0,0.0,59.0,59.0,0.0,2020_2021 2월.xlsx
2020,12,사모아,입항,434.0,2.0,432.0,3968.0,22.0,3946.0,2020_2021 2월.xlsx
2020,12,사우디아라비아,입항,1611.0,731.0,880.0,22907.0,7369.0,15538.0,2020_2021 2월.xlsx
2020,12,세네갈,입항,43.0,43.0,0.0,1130.0,1118.0,12.0,2020_2021 2월.xlsx
2020,12,세르비아,입항,,,,8.0,8.0,0.0,2020_2021 2월.xlsx
2020,12,세이셸,입항,,,,34.0,34.0,0.0,2020_2021 2월.xlsx
2020,12,세인트 빈센트 그레나딘,입항,,,,10.0,10.0,0.0,2020_2021 2월.xlsx
2020,12,세인트루시아,입항,,,,12.0,12.0,0.0,2020_2021 2월.xlsx
2020,12,소말리아,입항,,,,48.0,48.0,0.0,2020_2021 2월.xlsx
2020,12,솔로몬제도,입항,,,,13.0,13.0,0.0,2020_2021 2월.xlsx
2020,12,수단,입항,15.0,15.0,0.0,205.0,205.0,0.0,2020_2021 2월.xlsx
2020,12,수리남,입항,89.0,89.0,0.0,1037.0,1037.0,0.0,2020_2021 2월.xlsx
2020,12,스리랑카,입항,363.0,322.0,41.0,4074.0,4002.0,72.0,2020_2021 2월.xlsx
2020,12,스웨덴,입항,1286.0,1260.0,26.0,14622.0,14530.0,92.0,2020_2021 2월.xlsx
2020,12,스위스,입항,,,,8.0,8.0,0.0,2020_2021 2월.xlsx
2020,12,스페인,입항,2570.0,2444.0,126.0,36748.75,33074.5,3674.25,2020_2021 2월.xlsx
2020,12,슬로베니아,입항,1087.75,1087.75,0.0,14726.5,14527.5,199.0,2020_2021 2월.xlsx
2020,12,시리아,입항,,,,1.0,1.0,0.0,2020_2021 2월.xlsx
2020,12,시에라 리온,입항,27.0,27.0,0.0,776.0,276.0,500.0,2020_2021 2월.xlsx
2020,12,싱가포르,입항,3832.5,2605.0,1227.5,44875.75,33175.0,11700.75,2020_2021 2월.xlsx
2020,12,아랍에미리트연합국,입항,2267.25,895.0,1372.25,52722.75,16800.5,35922.25,2020_2021 2월.xlsx
2020,12,아르헨티나,입항,733.0,284.0,449.0,7597.0,3702.0,3895.0,2020_2021 2월.xlsx
2020,12,아메리칸사모아,입항,10.0,10.0,0.0,1644.0,194.0,1450.0,2020_2021 2월.xlsx
2020,12,아이슬란드,입항,,,,84.0,84.0,0.0,2020_2021 2월.xlsx
2020,12,아이티,입항,6.0,6.0,0.0,59.0,59.0,0.0,2020_2021 2월.xlsx
2020,12,아일랜드,입항,148.0,148.0,0.0,1824.0,1756.0,68.0,2020_2021 2월.xlsx
2020,12,알바니아,입항,,,,36.0,36.0,0.0,2020_2021 2월.xlsx
2020,12,알제리,입항,1.0,1.0,0.0,219.0,20.0,199.0,2020_2021 2월.xlsx
2020,12,앙골라,입항,,,,1045.0,58.0,987.0,2020_2021 2월.xlsx
2020,12,앤틸리스제도,입항,,,,33.0,9.0,24.0,2020_2021 2월.xlsx
2020,12,에스토니아,입항,199.0,199.0,0.0,4877.0,4877.0,0.0,2020_2021 2월.xlsx
2020,12,에콰도르,입항,1175.0,302.0,873.0,10407.5,3698.0,6709.5,2020_2021 2월.xlsx
2020,12,엘살바도르,입항,126.0,101.0,25.0,868.0,825.0,43.0,2020_2021 2월.xlsx
2020,12,영국,입항,1940.25,1498.25,442.0,21389.25,18859.5,2529.75,2020_2021 2월.xlsx
2020,12,예멘,입항,86.0,86.0,0.0,1731.0,1731.0,0.0,2020_2021 2월.xlsx
2020,12,오만,입항,956.0,300.0,656.0,8443.0,1639.0,6804.0,2020_2021 2월.xlsx
2020,12,온두라스,입항,10.0,10.0,0.0,2527.75,689.0,1838.75,2020_2021 2월.xlsx
2020,12,요르단,입항,314.0,110.0,204.0,3333.0,1263.0,2070.0,2020_2021 2월.xlsx
2020,12,우루과이,입항,112.0,102.0,10.0,2210.0,1281.0,929.0,2020_2021 2월.xlsx
2020,12,우크라이나,입항,413.0,403.0,10.0,4802.0,3372.0,1430.0,2020_2021 2월.xlsx
2020,12,원양어획지역,입항,,,,22.0,22.0,0.0,2020_2021 2월.xlsx
2020,12,이라크,입항,24.0,24.0,0.0,1649.0,35.0,1614.0,2020_2021 2월.xlsx
2020,12,이란,입항,,,,118.0,32.0,86.0,2020_2021 2월.xlsx
2020,12,이스라엘,입항,726.0,425.0,301.0,8466.0,4321.0,4145.0,2020_2021 2월.xlsx
2020,12,이집트,입항,960.5,526.0,434.5,16039.5,4069.0,11970.5,2020_2021 2월.xlsx
2020,12,이탈리아,입항,4787.0,4704.0,83.0,54858.5,49726.5,5132.0,2020_2021 2월.xlsx
2020,12,인도,입항,13010.0,7307.0,5703.0,110664.25,74522.0,36142.25,2020_2021 2월.xlsx
2020,12,인도네시아,입항,5695.75,5287.5,408.25,76765.75,59844.5,16921.25,2020_2021 2월.xlsx
2020,12,일본,입항,68738.25,23114.5,45623.75,833983.75,239981.0,594002.75,2020_2021 2월.xlsx
2020,12,자메이카,입항,3.0,3.0,0.0,10370.25,257.0,10113.25,2020_2021 2월.xlsx
2020,12,적도 기니,입항,2.0,2.0,0.0,19.0,19.0,0.0,2020_2021 2월.xlsx
2020,12,조지아,입항,17.0,17.0,0.0,221.0,221.0,0.0,2020_2021 2월.xlsx
2020,12,중국,입항,110086.75,76901.75,33185.0,1126398.5,867073.0,259325.5,2020_2021 2월.xlsx
2020,12,지부티,입항,57.0,57.0,0.0,1071.0,1071.0,0.0,2020_2021 2월.xlsx
2020,12,지브롤터,입항,,,,29.0,29.0,0.0,2020_2021 2월.xlsx
2020,12,체코,입항,,,,40.0,40.0,0.0,2020_2021 2월.xlsx
2020,12,칠레,입항,4907.0,4826.0,81.0,67051.0,61441.0,5610.0,2020_2021 2월.xlsx
2020,12,카메룬,입항,,,,15.0,15.0,0.0,2020_2021 2월.xlsx
2020,12,카타르,입항,318.0,318.0,0.0,5475.0,4866.0,609.0,2020_2021 2월.xlsx
2020,12,캄보디아,입항,139.0,139.0,0.0,1644.0,1642.0,2.0,2020_2021 2월.xlsx
2020,12,캐나다,입항,11779.25,4951.0,6828.25,90616.5,56573.5,34043.0,2020_2021 2월.xlsx
2020,12,케냐,입항,32.0,32.0,0.0,373.0,373.0,0.0,2020_2021 2월.xlsx
2020,12,코모로,입항,,,,3.0,3.0,0.0,2020_2021 2월.xlsx
2020,12,코스타리카,입항,47.0,47.0,0.0,1105.0,1088.0,17.0,2020_2021 2월.xlsx
2020,12,코트디부아르,입항,3.0,3.0,0.0,78.0,78.0,0.0,2020_2021 2월.xlsx
2020,12,콜롬비아,입항,1098.0,477.0,621.0,14837.0,7010.0,7827.0,2020_2021 2월.xlsx
2020,12,콩고,입항,2.0,2.0,0.0,140.0,44.0,96.0,2020_2021 2월.xlsx
2020,12,콩고 민주 공화국,입항,,,,37.0,37.0,0.0,2020_2021 2월.xlsx
2020,12,쿠바,입항,2.0,2.0,0.0,8.0,8.0,0.0,2020_2021 2월.xlsx
2020,12,쿠웨이트,입항,121.0,107.0,14.0,644.0,551.0,93.0,2020_2021 2월.xlsx
2020,12,크로아티아,입항,135.0,133.0,2.0,1468.0,1434.0,34.0,2020_2021 2월.xlsx
2020,12,키리바시,입항,,,,839.0,3.0,836.0,2020_2021 2월.xlsx
2020,12,키프로스,입항,12.0,12.0,0.0,144.0,144.0,0.0,2020_2021 2월.xlsx
2020,12,탄자니아,입항,213.0,213.0,0.0,2612.0,2612.0,0.0,2020_2021 2월.xlsx
2020,12,태국,입항,6872.5,6528.0,344.5,78970.25,74155.0,4815.25,2020_2021 2월.xlsx
2020,12,토고,입항,28.0,28.0,0.0,1240.0,1240.0,0.0,2020_2021 2월.xlsx
2020,12,통가,입항,39.0,39.0,0.0,1454.0,79.0,1375.0,2020_2021 2월.xlsx
2020,12,튀니지,입항,76.0,76.0,0.0,671.0,667.0,4.0,2020_2021 2월.xlsx
2020,12,튀르키예,입항,1557.25,1261.25,296.0,27303.75,17719.75,9584.0,2020_2021 2월.xlsx
2020,12,트리니다드 토바고,입항,34.0,34.0,0.0,662.0,662.0,0.0,2020_2021 2월.xlsx
2020,12,파나마,입항,2998.0,116.0,2882.0,47218.75,1451.0,45767.75,2020_2021 2월.xlsx
2020,12,파라과이,입항,19.0,19.0,0.0,317.0,317.0,0.0,2020_2021 2월.xlsx
2020,12,파키스탄,입항,961.75,493.0,468.75,15437.5,6242.0,9195.5,2020_2021 2월.xlsx
2020,12,파푸아 뉴기니,입항,20.0,20.0,0.0,347.0,347.0,0.0,2020_2021 2월.xlsx
2020,12,팔라우,입항,4.0,3.0,1.0,56.0,42.0,14.0,2020_2021 2월.xlsx
2020,12,페로 제도,입항,2.0,2.0,0.0,2.0,2.0,0.0,2020_2021 2월.xlsx
2020,12,페루,입항,2941.0,1478.0,1463.0,27227.0,20528.0,6699.0,2020_2021 2월.xlsx
2020,12,포르투갈,입항,369.0,368.0,1.0,3082.0,3080.0,2.0,2020_2021 2월.xlsx
2020,12,폴란드,입항,993.0,986.0,7.0,12822.0,12760.0,62.0,2020_2021 2월.xlsx
2020,12,푸에르토리코,입항,169.0,169.0,0.0,1914.0,1914.0,0.0,2020_2021 2월.xlsx
2020,12,프랑스,입항,2800.0,2367.0,433.0,29817.25,27319.25,2498.0,2020_2021 2월.xlsx
2020,12,프랑스령 기아나,입항,,,,9.0,9.0,0.0,2020_2021 2월.xlsx
2020,12,프랑스령 폴리네시아,입항,350.0,2.0,348.0,3425.0,49.0,3376.0,2020_2021 2월.xlsx
2020,12,피지,입항,107.0,8.0,99.0,1433.0,277.0,1156.0,2020_2021 2월.xlsx
2020,12,핀란드,입항,1030.0,1020.0,10.0,12626.0,12422.0,204.0,2020_2021 2월.xlsx
2020,12,필리핀,입항,5841.25,2278.0,3563.25,57216.75,22255.0,34961.75,2020_2021 2월.xlsx
2020,12,헝가리,입항,7.0,7.0,0.0,115.0,115.0,0.0,2020_2021 2월.xlsx
2020,12,호주,입항,17652.0,6488.0,11164.0,146466.5,70397.0,76069.5,2020_2021 2월.xlsx
2020,12,홍콩,입항,3897.0,3328.0,569.0,40253.0,29214.0,11039.0,2020_2021 2월.xlsx
2020,12,가나,입항환적,5.0,5.0,0.0,545.0,545.0,0.0,2020_2021 2월.xlsx
2020,12,가봉,입항환적,12.0,12.0,0.0,926.0,926.0,0.0,2020_2021 2월.xlsx
2020,12,가이아나,입항환적,190.0,190.0,0.0,2249.0,2249.0,0.0,2020_2021 2월.xlsx
2020,12,감비아,입항환적,,,,14.0,14.0,0.0,2020_2021 2월.xlsx
2020,12,과들루프,입항환적,,,,14.0,14.0,0.0,2020_2021 2월.xlsx
2020,12,과테말라,입항환적,233.0,233.0,0.0,4807.0,4803.0,4.0,2020_2021 2월.xlsx
2020,12,괌,입항환적,276.75,274.75,2.0,3349.75,2516.75,833.0,2020_2021 2월.xlsx
2020,12,그리스,입항환적,308.0,308.0,0.0,4608.0,3436.0,1172.0,2020_2021 2월.xlsx
2020,12,기니,입항환적,,,,2.0,2.0,0.0,2020_2021 2월.xlsx
2020,12,기니비사우,입항환적,,,,4.0,4.0,0.0,2020_2021 2월.xlsx
2020,12,기타국가,입항환적,,,,15.0,15.0,0.0,2020_2021 2월.xlsx
2020,12,나미비아,입항환적,5.0,5.0,0.0,58.0,58.0,0.0,2020_2021 2월.xlsx
2020,12,나이지리아,입항환적,44.0,44.0,0.0,1333.0,1301.0,32.0,2020_2021 2월.xlsx
2020,12,남아프리카,입항환적,391.0,391.0,0.0,7565.0,6983.0,582.0,2020_2021 2월.xlsx
2020,12,네덜란드,입항환적,2155.0,2154.0,1.0,31778.5,30601.5,1177.0,2020_2021 2월.xlsx
2020,12,노르웨이,입항환적,371.25,371.25,0.0,2047.25,2047.25,0.0,2020_2021 2월.xlsx
2020,12,뉴질랜드,입항환적,2433.0,2433.0,0.0,29057.0,25682.0,3375.0,2020_2021 2월.xlsx
2020,12,뉴칼레도니아,입항환적,409.0,409.0,0.0,5716.0,5687.0,29.0,2020_2021 2월.xlsx
2020,12,니카라과,입항환적,260.0,260.0,0.0,3738.0,3738.0,0.0,2020_2021 2월.xlsx
2020,12,대만,입항환적,6579.5,6505.5,74.0,70992.75,69689.75,1303.0,2020_2021 2월.xlsx
2020,12,대한민국,입항환적,9460.5,8719.5,741.0,104171.0,99152.0,5019.0,2020_2021 2월.xlsx
2020,12,덴마크,입항환적,173.0,173.0,0.0,2537.0,2537.0,0.0,2020_2021 2월.xlsx
2020,12,도미니카 공화국,입항환적,49.0,49.0,0.0,870.0,870.0,0.0,2020_2021 2월.xlsx
2020,12,독일,입항환적,3022.0,3022.0,0.0,38261.5,35130.5,3131.0,2020_2021 2월.xlsx
2020,12,동티모르,입항환적,,,,38.0,38.0,0.0,2020_2021 2월.xlsx
2020,12,라트비아,입항환적,227.0,227.0,0.0,3410.0,3410.0,0.0,2020_2021 2월.xlsx
2020,12,러시아,입항환적,16397.5,15229.0,1168.5,175041.0,165037.0,10004.0,2020_2021 2월.xlsx
2020,12,레바논,입항환적,16.0,16.0,0.0,157.0,157.0,0.0,2020_2021 2월.xlsx
2020,12,레위니옹,입항환적,,,,6.0,6.0,0.0,2020_2021 2월.xlsx
2020,12,루마니아,입항환적,463.0,463.0,0.0,8885.0,8865.0,20.0,2020_2021 2월.xlsx
2020,12,리비아,입항환적,,,,40.0,40.0,0.0,2020_2021 2월.xlsx
2020,12,리투아니아,입항환적,15.0,15.0,0.0,644.0,644.0,0.0,2020_2021 2월.xlsx
2020,12,마다가스카르,입항환적,7.0,7.0,0.0,89.0,89.0,0.0,2020_2021 2월.xlsx
2020,12,마르티니크,입항환적,,,,22.0,22.0,0.0,2020_2021 2월.xlsx
2020,12,마샬 제도,입항환적,9.0,9.0,0.0,563.0,539.0,24.0,2020_2021 2월.xlsx
2020,12,마카오,입항환적,2.0,2.0,0.0,2.0,2.0,0.0,2020_2021 2월.xlsx
2020,12,말레이시아,입항환적,6626.5,6621.5,5.0,88014.0,86686.0,1328.0,2020_2021 2월.xlsx
2020,12,멕시코,입항환적,4768.0,3712.0,1056.0,65110.5,57193.0,7917.5,2020_2021 2월.xlsx
2020,12,모로코,입항환적,121.0,25.0,96.0,971.0,875.0,96.0,2020_2021 2월.xlsx
2020,12,모리셔스,입항환적,23.0,23.0,0.0,313.0,313.0,0.0,2020_2021 2월.xlsx
2020,12,모리타니,입항환적,10.0,10.0,0.0,381.0,381.0,0.0,2020_2021 2월.xlsx
2020,12,모잠비크,입항환적,13.0,13.0,0.0,527.0,527.0,0.0,2020_2021 2월.xlsx
2020,12,몬테네그로,입항환적,,,,25.0,25.0,0.0,2020_2021 2월.xlsx
2020,12,몰디브,입항환적,,,,7.0,7.0,0.0,2020_2021 2월.xlsx
2020,12,몰타,입항환적,150.0,150.0,0.0,391.0,391.0,0.0,2020_2021 2월.xlsx
2020,12,미국,입항환적,47569.5,43995.75,3573.75,646792.25,567998.75,78793.5,2020_2021 2월.xlsx
2020,12,미얀마,입항환적,153.0,153.0,0.0,3036.0,2453.0,583.0,2020_2021 2월.xlsx
2020,12,미크로네시아,입항환적,2.0,2.0,0.0,121.0,113.0,8.0,2020_2021 2월.xlsx
2020,12,바누아투,입항환적,3.0,3.0,0.0,541.0,57.0,484.0,2020_2021 2월.xlsx
2020,12,바레인,입항환적,48.0,48.0,0.0,716.0,716.0,0.0,2020_2021 2월.xlsx
2020,12,바베이도스,입항환적,,,,79.0,79.0,0.0,2020_2021 2월.xlsx
2020,12,바하마,입항환적,2.0,2.0,0.0,10.0,9.0,1.0,2020_2021 2월.xlsx
2020,12,방글라데시,입항환적,511.0,511.0,0.0,5572.75,5563.75,9.0,2020_2021 2월.xlsx
2020,12,베네수엘라,입항환적,48.0,48.0,0.0,966.0,966.0,0.0,2020_2021 2월.xlsx
2020,12,베트남,입항환적,7834.5,7824.5,10.0,109505.75,109308.75,197.0,2020_2021 2월.xlsx
2020,12,벨기에,입항환적,2335.25,2335.25,0.0,15038.5,15029.5,9.0,2020_2021 2월.xlsx
2020,12,벨리즈,입항환적,132.0,132.0,0.0,170.0,170.0,0.0,2020_2021 2월.xlsx
2020,12,북마리아나 제도,입항환적,100.0,2.0,98.0,644.5,26.5,618.0,2020_2021 2월.xlsx
2020,12,불가리아,입항환적,37.0,37.0,0.0,1471.0,1471.0,0.0,2020_2021 2월.xlsx
2020,12,브라질,입항환적,6985.0,6960.0,25.0,63502.0,62069.0,1433.0,2020_2021 2월.xlsx
2020,12,브루나이,입항환적,12.0,12.0,0.0,104.0,104.0,0.0,2020_2021 2월.xlsx
2020,12,사모아,입항환적,28.0,28.0,0.0,316.0,250.0,66.0,2020_2021 2월.xlsx
2020,12,사우디아라비아,입항환적,653.0,653.0,0.0,14622.0,12977.0,1645.0,2020_2021 2월.xlsx
2020,12,세네갈,입항환적,1.0,1.0,0.0,1580.0,1580.0,0.0,2020_2021 2월.xlsx
2020,12,세이셸,입항환적,12.0,12.0,0.0,151.0,151.0,0.0,2020_2021 2월.xlsx
2020,12,세인트루시아,입항환적,,,,78.0,78.0,0.0,2020_2021 2월.xlsx
2020,12,소말리아,입항환적,2.0,2.0,0.0,4.0,4.0,0.0,2020_2021 2월.xlsx
2020,12,솔로몬제도,입항환적,,,,29.0,29.0,0.0,2020_2021 2월.xlsx
2020,12,수단,입항환적,26.0,26.0,0.0,4857.0,4857.0,0.0,2020_2021 2월.xlsx
2020,12,수리남,입항환적,124.0,124.0,0.0,2092.0,2092.0,0.0,2020_2021 2월.xlsx
2020,12,스리랑카,입항환적,367.0,367.0,0.0,4508.75,4506.75,2.0,2020_2021 2월.xlsx
2020,12,스웨덴,입항환적,536.0,536.0,0.0,10199.0,10171.0,28.0,2020_2021 2월.xlsx
2020,12,스페인,입항환적,1708.0,1687.0,21.0,23989.0,22746.0,1243.0,2020_2021 2월.xlsx
2020,12,슬로베니아,입항환적,541.0,541.0,0.0,8606.0,8606.0,0.0,2020_2021 2월.xlsx
2020,12,시리아,입항환적,16.0,16.0,0.0,24.0,24.0,0.0,2020_2021 2월.xlsx
2020,12,시에라 리온,입항환적,,,,83.0,83.0,0.0,2020_2021 2월.xlsx
2020,12,싱가포르,입항환적,1859.5,1827.75,31.75,25518.75,24626.75,892.0,2020_2021 2월.xlsx
2020,12,아랍에미리트연합국,입항환적,896.25,896.25,0.0,27480.5,20811.25,6669.25,2020_2021 2월.xlsx
2020,12,아르헨티나,입항환적,1208.0,1208.0,0.0,11281.0,10833.0,448.0,2020_2021 2월.xlsx
2020,12,아메리칸사모아,입항환적,,,,104.0,40.0,64.0,2020_2021 2월.xlsx
2020,12,아이슬란드,입항환적,,,,97.0,97.0,0.0,2020_2021 2월.xlsx
2020,12,아이티,입항환적,1.0,1.0,0.0,182.0,182.0,0.0,2020_2021 2월.xlsx
2020,12,아일랜드,입항환적,52.0,52.0,0.0,795.0,793.0,2.0,2020_2021 2월.xlsx
2020,12,알바니아,입항환적,1.0,1.0,0.0,546.0,546.0,0.0,2020_2021 2월.xlsx
2020,12,알제리,입항환적,,,,24.0,24.0,0.0,2020_2021 2월.xlsx
2020,12,앙골라,입항환적,32.0,32.0,0.0,295.0,33.0,262.0,2020_2021 2월.xlsx
2020,12,앤틸리스제도,입항환적,,,,1.0,1.0,0.0,2020_2021 2월.xlsx
2020,12,에스토니아,입항환적,42.0,42.0,0.0,743.0,743.0,0.0,2020_2021 2월.xlsx
2020,12,에콰도르,입항환적,6252.0,6252.0,0.0,64413.25,63223.0,1190.25,2020_2021 2월.xlsx
2020,12,엘살바도르,입항환적,29.0,29.0,0.0,912.0,912.0,0.0,2020_2021 2월.xlsx
2020,12,영국,입항환적,574.0,574.0,0.0,6741.75,6396.75,345.0,2020_2021 2월.xlsx
2020,12,예멘,입항환적,1.0,1.0,0.0,9.0,9.0,0.0,2020_2021 2월.xlsx
2020,12,오만,입항환적,561.0,561.0,0.0,8625.0,8607.0,18.0,2020_2021 2월.xlsx
2020,12,온두라스,입항환적,38.0,38.0,0.0,643.0,643.0,0.0,2020_2021 2월.xlsx
2020,12,요르단,입항환적,39.0,39.0,0.0,2690.0,317.0,2373.0,2020_2021 2월.xlsx
2020,12,우루과이,입항환적,682.0,682.0,0.0,4885.0,4859.0,26.0,2020_2021 2월.xlsx
2020,12,우크라이나,입항환적,1309.0,1309.0,0.0,9943.5,9909.5,34.0,2020_2021 2월.xlsx
2020,12,원양어획지역,입항환적,133.0,133.0,0.0,890.0,890.0,0.0,2020_2021 2월.xlsx
2020,12,이라크,입항환적,,,,78.0,78.0,0.0,2020_2021 2월.xlsx
2020,12,이스라엘,입항환적,180.0,180.0,0.0,3051.0,2065.0,986.0,2020_2021 2월.xlsx
2020,12,이집트,입항환적,253.0,253.0,0.0,7866.0,5557.0,2309.0,2020_2021 2월.xlsx
2020,12,이탈리아,입항환적,2525.0,2467.0,58.0,31112.75,29022.5,2090.25,2020_2021 2월.xlsx
2020,12,인도,입항환적,4707.0,4642.0,65.0,57545.0,56675.0,870.0,2020_2021 2월.xlsx
2020,12,인도네시아,입항환적,11015.25,11015.25,0.0,130855.75,130616.75,239.0,2020_2021 2월.xlsx
2020,12,일본,입항환적,70201.5,63140.5,7061.0,805793.25,663282.0,142511.25,2020_2021 2월.xlsx
2020,12,자메이카,입항환적,27.0,27.0,0.0,1667.0,142.0,1525.0,2020_2021 2월.xlsx
2020,12,적도 기니,입항환적,,,,28.0,28.0,0.0,2020_2021 2월.xlsx
2020,12,조지아,입항환적,42.0,42.0,0.0,725.0,725.0,0.0,2020_2021 2월.xlsx
2020,12,중국,입항환적,239193.75,233532.25,5661.5,2533845.75,2418886.75,114959.0,2020_2021 2월.xlsx
2020,12,지부티,입항환적,15.0,15.0,0.0,287.0,287.0,0.0,2020_2021 2월.xlsx
2020,12,차드,입항환적,,,,1.0,1.0,0.0,2020_2021 2월.xlsx
2020,12,체코,입항환적,,,,1.0,1.0,0.0,2020_2021 2월.xlsx
2020,12,칠레,입항환적,9033.0,9028.0,5.0,75856.0,75290.0,566.0,2020_2021 2월.xlsx
2020,12,카메룬,입항환적,8.0,8.0,0.0,93.0,93.0,0.0,2020_2021 2월.xlsx
2020,12,카보 베르데,입항환적,,,,18.0,18.0,0.0,2020_2021 2월.xlsx
2020,12,카타르,입항환적,132.0,132.0,0.0,2947.0,2947.0,0.0,2020_2021 2월.xlsx
2020,12,캄보디아,입항환적,354.25,354.25,0.0,5242.0,5219.0,23.0,2020_2021 2월.xlsx
2020,12,캐나다,입항환적,12167.25,10967.25,1200.0,159669.25,152311.5,7357.75,2020_2021 2월.xlsx
2020,12,케냐,입항환적,66.0,66.0,0.0,659.0,659.0,0.0,2020_2021 2월.xlsx
2020,12,코모로,입항환적,,,,2.0,2.0,0.0,2020_2021 2월.xlsx
2020,12,코스타리카,입항환적,404.0,404.0,0.0,4778.0,4546.0,232.0,2020_2021 2월.xlsx
2020,12,코트디부아르,입항환적,5.0,5.0,0.0,137.0,137.0,0.0,2020_2021 2월.xlsx
2020,12,콜롬비아,입항환적,383.0,383.0,0.0,9236.75,5358.0,3878.75,2020_2021 2월.xlsx
2020,12,콩고,입항환적,1.0,1.0,0.0,3.0,3.0,0.0,2020_2021 2월.xlsx
2020,12,콩고 민주 공화국,입항환적,,,,94.0,94.0,0.0,2020_2021 2월.xlsx
2020,12,쿠바,입항환적,6.0,6.0,0.0,867.0,867.0,0.0,2020_2021 2월.xlsx
2020,12,쿠웨이트,입항환적,,,,473.0,473.0,0.0,2020_2021 2월.xlsx
2020,12,퀴라소,입항환적,,,,13.0,13.0,0.0,2020_2021 2월.xlsx
2020,12,크로아티아,입항환적,236.0,236.0,0.0,1111.0,1111.0,0.0,2020_2021 2월.xlsx
2020,12,키리바시,입항환적,,,,18.0,2.0,16.0,2020_2021 2월.xlsx
2020,12,키프로스,입항환적,37.0,37.0,0.0,199.0,199.0,0.0,2020_2021 2월.xlsx
2020,12,탄자니아,입항환적,14.0,14.0,0.0,211.0,211.0,0.0,2020_2021 2월.xlsx
2020,12,태국,입항환적,7697.0,7694.0,3.0,99174.5,98864.5,310.0,2020_2021 2월.xlsx
2020,12,토고,입항환적,1.0,1.0,0.0,50.0,50.0,0.0,2020_2021 2월.xlsx
2020,12,통가,입항환적,,,,46.0,20.0,26.0,2020_2021 2월.xlsx
2020,12,튀니지,입항환적,38.0,38.0,0.0,114.0,114.0,0.0,2020_2021 2월.xlsx
2020,12,튀르키예,입항환적,2061.0,2059.0,2.0,28640.0,26314.0,2326.0,2020_2021 2월.xlsx
2020,12,트리니다드 토바고,입항환적,26.0,26.0,0.0,226.0,226.0,0.0,2020_2021 2월.xlsx
2020,12,파나마,입항환적,1357.25,854.0,503.25,24258.75,14313.0,9945.75,2020_2021 2월.xlsx
2020,12,파라과이,입항환적,3.0,3.0,0.0,301.0,301.0,0.0,2020_2021 2월.xlsx
2020,12,파키스탄,입항환적,1615.0,865.0,750.0,12901.5,11760.5,1141.0,2020_2021 2월.xlsx
2020,12,파푸아 뉴기니,입항환적,13.0,13.0,0.0,161.0,159.0,2.0,2020_2021 2월.xlsx
2020,12,팔라우,입항환적,,,,5.0,5.0,0.0,2020_2021 2월.xlsx
2020,12,페로 제도,입항환적,,,,4.0,4.0,0.0,2020_2021 2월.xlsx
2020,12,페루,입항환적,2452.0,2420.0,32.0,27772.0,27264.0,508.0,2020_2021 2월.xlsx
2020,12,포르투갈,입항환적,117.0,117.0,0.0,3020.25,3020.25,0.0,2020_2021 2월.xlsx
2020,12,폴란드,입항환적,160.0,160.0,0.0,1972.0,1972.0,0.0,2020_2021 2월.xlsx
2020,12,푸에르토리코,입항환적,27.0,27.0,0.0,1858.0,1858.0,0.0,2020_2021 2월.xlsx
2020,12,프랑스,입항환적,1233.0,1228.0,5.0,17877.0,16041.0,1836.0,2020_2021 2월.xlsx
2020,12,프랑스령 폴리네시아,입항환적,8.0,6.0,2.0,63.0,13.0,50.0,2020_2021 2월.xlsx
2020,12,피지,입항환적,24.0,24.0,0.0,461.0,300.0,161.0,2020_2021 2월.xlsx
2020,12,핀란드,입항환적,1175.0,1175.0,0.0,13703.0,13703.0,0.0,2020_2021 2월.xlsx
2020,12,필리핀,입항환적,6750.25,6750.25,0.0,84358.75,76982.0,7376.75,2020_2021 2월.xlsx
2020,12,헝가리,입항환적,2.0,2.0,0.0,14.0,14.0,0.0,2020_2021 2월.xlsx
2020,12,호주,입항환적,8008.0,7777.0,231.0,100677.5,89990.0,10687.5,2020_2021 2월.xlsx
2020,12,홍콩,입항환적,3283.0,3035.0,248.0,36836.25,35170.5,1665.75,2020_2021 2월.xlsx
2020,12,가나,출항,250.0,250.0,0.0,3203.0,3200.0,3.0,2020_2021 2월.xlsx
2020,12,가봉,출항,,,,16.0,16.0,0.0,2020_2021 2월.xlsx
2020,12,가이아나,출항,7.0,7.0,0.0,73.0,73.0,0.0,2020_2021 2월.xlsx
2020,12,감비아,출항,,,,6.0,6.0,0.0,2020_2021 2월.xlsx
2020,12,과들루프,출항,2.0,2.0,0.0,21.0,21.0,0.0,2020_2021 2월.xlsx
2020,12,과테말라,출항,217.0,217.0,0.0,2702.0,2568.0,134.0,2020_2021 2월.xlsx
2020,12,괌,출항,283.0,271.0,12.0,2785.0,2728.0,57.0,2020_2021 2월.xlsx
2020,12,그레나다,출항,1.0,1.0,0.0,32.0,32.0,0.0,2020_2021 2월.xlsx
2020,12,그리스,출항,1523.0,1523.0,0.0,16723.0,16697.0,26.0,2020_2021 2월.xlsx
2020,12,기니,출항,1.0,1.0,0.0,170.0,170.0,0.0,2020_2021 2월.xlsx
2020,12,나미비아,출항,,,,55.0,55.0,0.0,2020_2021 2월.xlsx
2020,12,나이지리아,출항,213.0,213.0,0.0,2756.0,2756.0,0.0,2020_2021 2월.xlsx
2020,12,남아프리카,출항,385.0,385.0,0.0,4869.0,4779.0,90.0,2020_2021 2월.xlsx
2020,12,네덜란드,출항,5735.0,5724.0,11.0,68338.75,68095.75,243.0,2020_2021 2월.xlsx
2020,12,노르웨이,출항,21.0,21.0,0.0,306.0,306.0,0.0,2020_2021 2월.xlsx
2020,12,뉴질랜드,출항,1530.0,1530.0,0.0,16432.0,14690.0,1742.0,2020_2021 2월.xlsx
2020,12,뉴칼레도니아,출항,23.0,23.0,0.0,273.0,267.0,6.0,2020_2021 2월.xlsx
2020,12,니카라과,출항,40.0,40.0,0.0,803.5,803.5,0.0,2020_2021 2월.xlsx
2020,12,대만,출항,11466.75,10604.0,862.75,125381.5,118107.75,7273.75,2020_2021 2월.xlsx
2020,12,대한민국,출항,6934.25,145.0,6789.25,94203.5,1607.0,92596.5,2020_2021 2월.xlsx
2020,12,덴마크,출항,111.0,111.0,0.0,2137.0,2137.0,0.0,2020_2021 2월.xlsx
2020,12,도미니카 공화국,출항,148.0,148.0,0.0,2240.0,2097.0,143.0,2020_2021 2월.xlsx
2020,12,도미니카 연방,출항,,,,5.0,5.0,0.0,2020_2021 2월.xlsx
2020,12,독일,출항,7063.0,7006.0,57.0,85075.0,84196.0,879.0,2020_2021 2월.xlsx
2020,12,동티모르,출항,,,,10.0,10.0,0.0,2020_2021 2월.xlsx
2020,12,라이베리아,출항,,,,66.0,66.0,0.0,2020_2021 2월.xlsx
2020,12,라트비아,출항,15.0,15.0,0.0,462.25,462.25,0.0,2020_2021 2월.xlsx
2020,12,러시아,출항,13454.0,13454.0,0.0,134270.5,126100.5,8170.0,2020_2021 2월.xlsx
2020,12,레바논,출항,53.0,53.0,0.0,1061.0,1061.0,0.0,2020_2021 2월.xlsx
2020,12,레위니옹,출항,1.0,1.0,0.0,51.0,51.0,0.0,2020_2021 2월.xlsx
2020,12,루마니아,출항,197.0,197.0,0.0,3180.0,3174.0,6.0,2020_2021 2월.xlsx
2020,12,리비아,출항,61.0,61.0,0.0,1387.0,1387.0,0.0,2020_2021 2월.xlsx
2020,12,리투아니아,출항,102.0,102.0,0.0,2491.0,2491.0,0.0,2020_2021 2월.xlsx
2020,12,마다가스카르,출항,1.0,1.0,0.0,90.0,90.0,0.0,2020_2021 2월.xlsx
2020,12,마르티니크,출항,,,,37.0,37.0,0.0,2020_2021 2월.xlsx
2020,12,마샬 제도,출항,21.0,21.0,0.0,773.0,215.0,558.0,2020_2021 2월.xlsx
2020,12,마요트,출항,6.0,6.0,0.0,84.0,84.0,0.0,2020_2021 2월.xlsx
2020,12,마카오,출항,,,,1.0,1.0,0.0,2020_2021 2월.xlsx
2020,12,말레이시아,출항,8245.25,8207.25,38.0,93544.25,91782.25,1762.0,2020_2021 2월.xlsx
2020,12,멕시코,출항,11956.0,11886.0,70.0,149003.5,143223.5,5780.0,2020_2021 2월.xlsx
2020,12,모로코,출항,150.0,150.0,0.0,2635.0,2635.0,0.0,2020_2021 2월.xlsx
2020,12,모리셔스,출항,12.0,12.0,0.0,150.0,150.0,0.0,2020_2021 2월.xlsx
2020,12,모리타니,출항,,,,84.0,84.0,0.0,2020_2021 2월.xlsx
2020,12,모잠비크,출항,22.0,22.0,0.0,1309.0,1309.0,0.0,2020_2021 2월.xlsx
2020,12,몬테네그로,출항,1.0,1.0,0.0,38.0,38.0,0.0,2020_2021 2월.xlsx
2020,12,몰디브,출항,,,,23.0,23.0,0.0,2020_2021 2월.xlsx
2020,12,몰타,출항,69.0,29.0,40.0,635.0,399.0,236.0,2020_2021 2월.xlsx
2020,12,미국,출항,71286.75,70288.75,998.0,801271.5,783218.25,18053.25,2020_2021 2월.xlsx
2020,12,미국령 버진아일랜드,출항,,,,1.0,1.0,0.0,2020_2021 2월.xlsx
2020,12,미얀마,출항,109.0,109.0,0.0,1517.25,1517.25,0.0,2020_2021 2월.xlsx
2020,12,미크로네시아,출항,14.0,9.0,5.0,333.0,257.0,76.0,2020_2021 2월.xlsx
2020,12,바누아투,출항,9.0,9.0,0.0,483.0,118.0,365.0,2020_2021 2월.xlsx
2020,12,바레인,출항,29.0,29.0,0.0,451.0,451.0,0.0,2020_2021 2월.xlsx
2020,12,바베이도스,출항,10.0,10.0,0.0,38.0,38.0,0.0,2020_2021 2월.xlsx
2020,12,바하마,출항,1858.0,3.0,1855.0,25976.0,145.0,25831.0,2020_2021 2월.xlsx
2020,12,방글라데시,출항,74.0,74.0,0.0,565.0,565.0,0.0,2020_2021 2월.xlsx
2020,12,베냉,출항,4.0,4.0,0.0,58.0,58.0,0.0,2020_2021 2월.xlsx
2020,12,베네수엘라,출항,12.0,12.0,0.0,376.0,376.0,0.0,2020_2021 2월.xlsx
2020,12,베트남,출항,23035.0,22582.0,453.0,232100.0,216624.5,15475.5,2020_2021 2월.xlsx
2020,12,벨기에,출항,1546.0,1545.0,1.0,21883.0,21505.0,378.0,2020_2021 2월.xlsx
2020,12,벨리즈,출항,,,,32.0,32.0,0.0,2020_2021 2월.xlsx
2020,12,북마리아나 제도,출항,98.0,98.0,0.0,924.0,906.0,18.0,2020_2021 2월.xlsx
2020,12,불가리아,출항,10.0,10.0,0.0,674.0,674.0,0.0,2020_2021 2월.xlsx
2020,12,브라질,출항,4856.0,4855.0,1.0,50219.0,48307.0,1912.0,2020_2021 2월.xlsx
2020,12,사모아,출항,14.0,12.0,2.0,94.0,88.0,6.0,2020_2021 2월.xlsx
2020,12,사우디아라비아,출항,3607.0,3607.0,0.0,44105.5,44095.5,10.0,2020_2021 2월.xlsx
2020,12,세네갈,출항,8.0,8.0,0.0,735.0,735.0,0.0,2020_2021 2월.xlsx
2020,12,세이셸,출항,8.0,8.0,0.0,123.0,123.0,0.0,2020_2021 2월.xlsx
2020,12,세인트루시아,출항,1.0,1.0,0.0,16.0,16.0,0.0,2020_2021 2월.xlsx
2020,12,세인트키츠 네비스,출항,,,,12.0,12.0,0.0,2020_2021 2월.xlsx
2020,12,소말리아,출항,14.0,14.0,0.0,153.0,153.0,0.0,2020_2021 2월.xlsx
2020,12,솔로몬제도,출항,18.0,18.0,0.0,450.0,434.0,16.0,2020_2021 2월.xlsx
2020,12,수단,출항,6.0,6.0,0.0,1227.0,1227.0,0.0,2020_2021 2월.xlsx
2020,12,수리남,출항,1.0,1.0,0.0,32.0,32.0,0.0,2020_2021 2월.xlsx
2020,12,스리랑카,출항,552.0,552.0,0.0,13572.0,13572.0,0.0,2020_2021 2월.xlsx
2020,12,스웨덴,출항,375.0,375.0,0.0,4732.0,4721.0,11.0,2020_2021 2월.xlsx
2020,12,스페인,출항,3145.5,3139.5,6.0,34634.75,33891.75,743.0,2020_2021 2월.xlsx
2020,12,슬로베니아,출항,7050.5,7046.5,4.0,93265.75,93205.75,60.0,2020_2021 2월.xlsx
2020,12,시리아,출항,50.0,50.0,0.0,1716.0,1716.0,0.0,2020_2021 2월.xlsx
2020,12,시에라 리온,출항,,,,34.0,34.0,0.0,2020_2021 2월.xlsx
2020,12,싱가포르,출항,6570.25,6555.25,15.0,77908.25,74763.25,3145.0,2020_2021 2월.xlsx
2020,12,아랍에미리트연합국,출항,5169.75,5155.75,14.0,68517.5,67939.5,578.0,2020_2021 2월.xlsx
2020,12,아루바,출항,,,,1.0,1.0,0.0,2020_2021 2월.xlsx
2020,12,아르헨티나,출항,595.0,595.0,0.0,6418.0,5740.0,678.0,2020_2021 2월.xlsx
2020,12,아메리칸사모아,출항,33.0,33.0,0.0,820.0,736.0,84.0,2020_2021 2월.xlsx
2020,12,아이티,출항,19.0,19.0,0.0,208.0,208.0,0.0,2020_2021 2월.xlsx
2020,12,아일랜드,출항,18.0,18.0,0.0,427.0,427.0,0.0,2020_2021 2월.xlsx
2020,12,알바니아,출항,7.0,7.0,0.0,122.0,122.0,0.0,2020_2021 2월.xlsx
2020,12,알제리,출항,131.0,131.0,0.0,2674.0,2674.0,0.0,2020_2021 2월.xlsx
2020,12,앙골라,출항,165.0,165.0,0.0,713.0,713.0,0.0,2020_2021 2월.xlsx
2020,12,앤티가 바부다,출항,,,,2.0,2.0,0.0,2020_2021 2월.xlsx
2020,12,앤틸리스제도,출항,1.0,1.0,0.0,46.0,46.0,0.0,2020_2021 2월.xlsx
2020,12,에스토니아,출항,15.0,15.0,0.0,714.25,714.25,0.0,2020_2021 2월.xlsx
2020,12,에콰도르,출항,683.0,373.0,310.0,20467.0,6045.0,14422.0,2020_2021 2월.xlsx
2020,12,엘살바도르,출항,37.0,37.0,0.0,794.0,794.0,0.0,2020_2021 2월.xlsx
2020,12,영국,출항,1857.0,1773.0,84.0,25296.75,24360.75,936.0,2020_2021 2월.xlsx
2020,12,영국령 버진아일랜드,출항,1.0,1.0,0.0,2.0,2.0,0.0,2020_2021 2월.xlsx
2020,12,예멘,출항,18.0,18.0,0.0,453.0,453.0,0.0,2020_2021 2월.xlsx
2020,12,오만,출항,160.0,160.0,0.0,4054.0,4054.0,0.0,2020_2021 2월.xlsx
2020,12,온두라스,출항,46.0,46.0,0.0,496.0,496.0,0.0,2020_2021 2월.xlsx
2020,12,요르단,출항,286.0,286.0,0.0,2774.25,2774.25,0.0,2020_2021 2월.xlsx
2020,12,우루과이,출항,224.0,224.0,0.0,2952.0,2626.0,326.0,2020_2021 2월.xlsx
2020,12,우크라이나,출항,104.0,104.0,0.0,2294.0,2282.0,12.0,2020_2021 2월.xlsx
2020,12,이라크,출항,106.0,106.0,0.0,2802.75,2802.75,0.0,2020_2021 2월.xlsx
2020,12,이란,출항,,,,12.0,12.0,0.0,2020_2021 2월.xlsx
2020,12,이스라엘,출항,897.0,879.0,18.0,12971.25,12585.25,386.0,2020_2021 2월.xlsx
2020,12,이집트,출항,3960.0,3960.0,0.0,42384.25,41832.25,552.0,2020_2021 2월.xlsx
2020,12,이탈리아,출항,3695.0,3663.0,32.0,48541.5,47897.5,644.0,2020_2021 2월.xlsx
2020,12,인도,출항,14522.75,14486.75,36.0,130510.75,129251.75,1259.0,2020_2021 2월.xlsx
2020,12,인도네시아,출항,8132.25,7998.25,134.0,87049.25,84510.75,2538.5,2020_2021 2월.xlsx
2020,12,일본,출항,31590.25,25828.25,5762.0,439522.0,330106.75,109415.25,2020_2021 2월.xlsx
2020,12,자메이카,출항,184.0,184.0,0.0,3323.0,3187.0,136.0,2020_2021 2월.xlsx
2020,12,적도 기니,출항,2.0,2.0,0.0,6.0,6.0,0.0,2020_2021 2월.xlsx
2020,12,조지아,출항,1.0,1.0,0.0,404.0,386.0,18.0,2020_2021 2월.xlsx
2020,12,중국,출항,94472.75,54192.25,40280.5,1158596.25,605342.25,553254.0,2020_2021 2월.xlsx
2020,12,지부티,출항,4.0,4.0,0.0,334.0,334.0,0.0,2020_2021 2월.xlsx
2020,12,지브롤터,출항,,,,1.0,1.0,0.0,2020_2021 2월.xlsx
2020,12,칠레,출항,1559.0,1558.0,1.0,27715.0,16488.0,11227.0,2020_2021 2월.xlsx
2020,12,카메룬,출항,5.0,5.0,0.0,326.0,326.0,0.0,2020_2021 2월.xlsx
2020,12,카타르,출항,547.0,523.0,24.0,4382.0,4178.0,204.0,2020_2021 2월.xlsx
2020,12,캄보디아,출항,591.0,591.0,0.0,5260.25,5260.25,0.0,2020_2021 2월.xlsx
2020,12,캐나다,출항,10732.5,10707.5,25.0,120916.0,120202.0,714.0,2020_2021 2월.xlsx
2020,12,케냐,출항,134.0,134.0,0.0,2134.0,2129.0,5.0,2020_2021 2월.xlsx
2020,12,케이맨 제도,출항,,,,2.0,2.0,0.0,2020_2021 2월.xlsx
2020,12,코모로,출항,,,,6.0,6.0,0.0,2020_2021 2월.xlsx
2020,12,코스타리카,출항,27.0,27.0,0.0,806.0,606.0,200.0,2020_2021 2월.xlsx
2020,12,코트디부아르,출항,99.0,99.0,0.0,691.0,691.0,0.0,2020_2021 2월.xlsx
2020,12,콜롬비아,출항,1671.0,1073.0,598.0,16058.0,13520.0,2538.0,2020_2021 2월.xlsx
2020,12,콩고,출항,2.0,2.0,0.0,263.0,263.0,0.0,2020_2021 2월.xlsx
2020,12,콩고 민주 공화국,출항,32.0,32.0,0.0,405.0,405.0,0.0,2020_2021 2월.xlsx
2020,12,쿠바,출항,1.0,1.0,0.0,273.0,273.0,0.0,2020_2021 2월.xlsx
2020,12,쿠웨이트,출항,91.0,91.0,0.0,1127.0,1127.0,0.0,2020_2021 2월.xlsx
2020,12,크로아티아,출항,791.0,791.0,0.0,8577.25,8567.25,10.0,2020_2021 2월.xlsx
2020,12,키리바시,출항,1.0,1.0,0.0,42.0,38.0,4.0,2020_2021 2월.xlsx
2020,12,키프로스,출항,8.0,8.0,0.0,133.0,133.0,0.0,2020_2021 2월.xlsx
2020,12,탄자니아,출항,56.0,56.0,0.0,2177.0,2177.0,0.0,2020_2021 2월.xlsx
2020,12,태국,출항,8062.5,7697.5,365.0,101437.0,87099.0,14338.0,2020_2021 2월.xlsx
2020,12,토고,출항,209.0,209.0,0.0,1979.0,1979.0,0.0,2020_2021 2월.xlsx
2020,12,통가,출항,,,,75.0,29.0,46.0,2020_2021 2월.xlsx
2020,12,튀니지,출항,41.0,41.0,0.0,792.0,792.0,0.0,2020_2021 2월.xlsx
2020,12,튀르키예,출항,7696.5,7696.5,0.0,88383.25,88119.25,264.0,2020_2021 2월.xlsx
2020,12,트리니다드 토바고,출항,82.0,82.0,0.0,627.0,627.0,0.0,2020_2021 2월.xlsx
2020,12,파나마,출항,1998.0,1404.0,594.0,26774.5,14825.0,11949.5,2020_2021 2월.xlsx
2020,12,파라과이,출항,1.0,1.0,0.0,108.0,108.0,0.0,2020_2021 2월.xlsx
2020,12,파키스탄,출항,1861.0,1861.0,0.0,14317.0,14310.0,7.0,2020_2021 2월.xlsx
2020,12,파푸아 뉴기니,출항,141.0,119.0,22.0,940.0,846.0,94.0,2020_2021 2월.xlsx
2020,12,팔라우,출항,4.0,4.0,0.0,92.0,62.0,30.0,2020_2021 2월.xlsx
2020,12,페루,출항,1743.0,1087.0,656.0,15254.0,11434.0,3820.0,2020_2021 2월.xlsx
2020,12,포르투갈,출항,248.0,248.0,0.0,3052.0,3046.0,6.0,2020_2021 2월.xlsx
2020,12,폴란드,출항,500.0,500.0,0.0,8398.0,8398.0,0.0,2020_2021 2월.xlsx
2020,12,푸에르토리코,출항,33.0,33.0,0.0,328.0,328.0,0.0,2020_2021 2월.xlsx
2020,12,프랑스,출항,1306.0,1295.0,11.0,15623.0,14831.0,792.0,2020_2021 2월.xlsx
2020,12,프랑스령 기아나,출항,,,,11.0,11.0,0.0,2020_2021 2월.xlsx
2020,12,프랑스령 폴리네시아,출항,7.0,7.0,0.0,70.0,70.0,0.0,2020_2021 2월.xlsx
2020,12,피지,출항,30.0,30.0,0.0,504.0,439.0,65.0,2020_2021 2월.xlsx
2020,12,핀란드,출항,40.0,40.0,0.0,479.0,479.0,0.0,2020_2021 2월.xlsx
2020,12,필리핀,출항,3603.25,3603.25,0.0,43610.0,41632.0,1978.0,2020_2021 2월.xlsx
2020,12,헝가리,출항,14.0,14.0,0.0,74.0,74.0,0.0,2020_2021 2월.xlsx
2020,12,호주,출항,4798.0,4741.0,57.0,64256.0,59858.0,4398.0,2020_2021 2월.xlsx
2020,12,홍콩,출항,7349.5,7144.25,205.25,76334.0,73762.75,2571.25,2020_2021 2월.xlsx
2020,12,가나,출항환적,80.0,80.0,0.0,1253.5,1253.5,0.0,2020_2021 2월.xlsx
2020,12,가봉,출항환적,,,,58.0,58.0,0.0,2020_2021 2월.xlsx
2020,12,가이아나,출항환적,251.0,251.0,0.0,2611.0,2611.0,0.0,2020_2021 2월.xlsx
2020,12,감비아,출항환적,,,,120.0,120.0,0.0,2020_2021 2월.xlsx
2020,12,과들루프,출항환적,19.0,19.0,0.0,168.0,168.0,0.0,2020_2021 2월.xlsx
2020,12,과테말라,출항환적,1708.0,1708.0,0.0,16396.75,16396.75,0.0,2020_2021 2월.xlsx
2020,12,괌,출항환적,430.0,430.0,0.0,3908.5,3894.5,14.0,2020_2021 2월.xlsx
2020,12,그레나다,출항환적,25.0,25.0,0.0,474.0,474.0,0.0,2020_2021 2월.xlsx
2020,12,그리스,출항환적,739.0,739.0,0.0,11596.25,11306.25,290.0,2020_2021 2월.xlsx
2020,12,기니,출항환적,,,,225.0,225.0,0.0,2020_2021 2월.xlsx
2020,12,나미비아,출항환적,64.0,64.0,0.0,682.0,682.0,0.0,2020_2021 2월.xlsx
2020,12,나우루,출항환적,4.0,4.0,0.0,34.0,34.0,0.0,2020_2021 2월.xlsx
2020,12,나이지리아,출항환적,57.0,57.0,0.0,1494.0,1494.0,0.0,2020_2021 2월.xlsx
2020,12,남아프리카,출항환적,312.0,312.0,0.0,3289.0,3289.0,0.0,2020_2021 2월.xlsx
2020,12,네덜란드,출항환적,2077.5,2077.5,0.0,27419.25,27328.25,91.0,2020_2021 2월.xlsx
2020,12,노르웨이,출항환적,18.0,18.0,0.0,267.0,267.0,0.0,2020_2021 2월.xlsx
2020,12,뉴질랜드,출항환적,1848.0,1355.0,493.0,16099.0,14317.0,1782.0,2020_2021 2월.xlsx
2020,12,뉴칼레도니아,출항환적,468.0,468.0,0.0,4769.0,4162.0,607.0,2020_2021 2월.xlsx
2020,12,니카라과,출항환적,157.5,157.5,0.0,2169.5,2169.5,0.0,2020_2021 2월.xlsx
2020,12,대만,출항환적,6695.0,6520.0,175.0,93732.75,89628.5,4104.25,2020_2021 2월.xlsx
2020,12,대한민국,출항환적,16475.0,16304.0,171.0,195619.5,185854.5,9765.0,2020_2021 2월.xlsx
2020,12,덴마크,출항환적,182.0,182.0,0.0,1932.0,1932.0,0.0,2020_2021 2월.xlsx
2020,12,도미니카 공화국,출항환적,1738.75,1738.75,0.0,18614.0,18614.0,0.0,2020_2021 2월.xlsx
2020,12,도미니카 연방,출항환적,4.0,4.0,0.0,83.25,83.25,0.0,2020_2021 2월.xlsx
2020,12,독일,출항환적,1814.0,1804.0,10.0,27118.0,27025.0,93.0,2020_2021 2월.xlsx
2020,12,동티모르,출항환적,,,,6.0,6.0,0.0,2020_2021 2월.xlsx
2020,12,라이베리아,출항환적,,,,43.0,43.0,0.0,2020_2021 2월.xlsx
2020,12,라트비아,출항환적,3.0,3.0,0.0,237.0,237.0,0.0,2020_2021 2월.xlsx
2020,12,러시아,출항환적,26970.5,26968.5,2.0,231039.75,227872.75,3167.0,2020_2021 2월.xlsx
2020,12,레바논,출항환적,133.0,133.0,0.0,2028.75,2028.75,0.0,2020_2021 2월.xlsx
2020,12,레위니옹,출항환적,,,,3.0,3.0,0.0,2020_2021 2월.xlsx
2020,12,루마니아,출항환적,260.0,260.0,0.0,3760.75,3760.75,0.0,2020_2021 2월.xlsx
2020,12,리비아,출항환적,196.0,196.0,0.0,948.25,948.25,0.0,2020_2021 2월.xlsx
2020,12,리투아니아,출항환적,31.0,31.0,0.0,430.0,430.0,0.0,2020_2021 2월.xlsx
2020,12,마다가스카르,출항환적,,,,196.0,196.0,0.0,2020_2021 2월.xlsx
2020,12,마르티니크,출항환적,24.0,24.0,0.0,110.0,110.0,0.0,2020_2021 2월.xlsx
2020,12,마샬 제도,출항환적,102.0,102.0,0.0,1629.0,1628.0,1.0,2020_2021 2월.xlsx
2020,12,마카오,출항환적,,,,12.0,12.0,0.0,2020_2021 2월.xlsx
2020,12,말레이시아,출항환적,3781.25,3779.25,2.0,51257.5,50342.5,915.0,2020_2021 2월.xlsx
2020,12,멕시코,출항환적,25290.5,25290.5,0.0,246308.75,242496.75,3812.0,2020_2021 2월.xlsx
2020,12,모로코,출항환적,758.25,758.25,0.0,3160.75,3160.75,0.0,2020_2021 2월.xlsx
2020,12,모리셔스,출항환적,58.0,58.0,0.0,212.0,212.0,0.0,2020_2021 2월.xlsx
2020,12,모리타니,출항환적,,,,87.0,87.0,0.0,2020_2021 2월.xlsx
2020,12,모잠비크,출항환적,51.0,51.0,0.0,631.0,631.0,0.0,2020_2021 2월.xlsx
2020,12,몬테네그로,출항환적,17.25,17.25,0.0,93.25,93.25,0.0,2020_2021 2월.xlsx
2020,12,몰디브,출항환적,,,,38.0,38.0,0.0,2020_2021 2월.xlsx
2020,12,몰타,출항환적,29.75,29.75,0.0,417.0,317.0,100.0,2020_2021 2월.xlsx
2020,12,미국,출항환적,95343.75,95279.75,64.0,1096340.75,1083505.75,12835.0,2020_2021 2월.xlsx
2020,12,미국령 버진아일랜드,출항환적,12.0,12.0,0.0,34.0,34.0,0.0,2020_2021 2월.xlsx
2020,12,미얀마,출항환적,38.0,38.0,0.0,1235.0,1235.0,0.0,2020_2021 2월.xlsx
2020,12,미크로네시아,출항환적,58.0,58.0,0.0,1723.0,1723.0,0.0,2020_2021 2월.xlsx
2020,12,바누아투,출항환적,324.0,324.0,0.0,4476.0,4374.0,102.0,2020_2021 2월.xlsx
2020,12,바레인,출항환적,,,,37.0,37.0,0.0,2020_2021 2월.xlsx
2020,12,바베이도스,출항환적,90.0,90.0,0.0,1264.0,1264.0,0.0,2020_2021 2월.xlsx
2020,12,바하마,출항환적,6401.75,105.0,6296.75,90444.25,1005.0,89439.25,2020_2021 2월.xlsx
2020,12,방글라데시,출항환적,32.0,32.0,0.0,410.0,410.0,0.0,2020_2021 2월.xlsx
2020,12,베냉,출항환적,,,,71.0,71.0,0.0,2020_2021 2월.xlsx
2020,12,베네수엘라,출항환적,964.0,964.0,0.0,9226.5,9216.5,10.0,2020_2021 2월.xlsx
2020,12,베트남,출항환적,8532.75,8514.75,18.0,101706.25,97149.25,4557.0,2020_2021 2월.xlsx
2020,12,벨기에,출항환적,927.0,921.0,6.0,11303.25,10693.25,610.0,2020_2021 2월.xlsx
2020,12,벨리즈,출항환적,22.0,22.0,0.0,169.0,169.0,0.0,2020_2021 2월.xlsx
2020,12,볼리비아,출항환적,,,,6.0,6.0,0.0,2020_2021 2월.xlsx
2020,12,북마리아나 제도,출항환적,98.25,98.25,0.0,1087.5,1085.5,2.0,2020_2021 2월.xlsx
2020,12,불가리아,출항환적,23.0,23.0,0.0,602.0,602.0,0.0,2020_2021 2월.xlsx
2020,12,브라질,출항환적,4264.0,4264.0,0.0,47529.0,46726.0,803.0,2020_2021 2월.xlsx
2020,12,브루나이,출항환적,,,,10.0,10.0,0.0,2020_2021 2월.xlsx
2020,12,사모아,출항환적,240.0,240.0,0.0,2776.0,2776.0,0.0,2020_2021 2월.xlsx
2020,12,사우디아라비아,출항환적,2038.25,2038.25,0.0,22463.5,22463.5,0.0,2020_2021 2월.xlsx
2020,12,세네갈,출항환적,18.0,18.0,0.0,314.0,314.0,0.0,2020_2021 2월.xlsx
2020,12,세이셸,출항환적,,,,6.0,6.0,0.0,2020_2021 2월.xlsx
2020,12,세인트 빈센트 그레나딘,출항환적,4.0,4.0,0.0,124.0,124.0,0.0,2020_2021 2월.xlsx
2020,12,세인트루시아,출항환적,22.0,22.0,0.0,243.0,243.0,0.0,2020_2021 2월.xlsx
2020,12,세인트키츠 네비스,출항환적,3.0,3.0,0.0,40.0,40.0,0.0,2020_2021 2월.xlsx
2020,12,소말리아,출항환적,4.0,4.0,0.0,42.0,42.0,0.0,2020_2021 2월.xlsx
2020,12,솔로몬제도,출항환적,269.0,269.0,0.0,2839.0,2839.0,0.0,2020_2021 2월.xlsx
2020,12,수단,출항환적,112.0,112.0,0.0,979.0,961.0,18.0,2020_2021 2월.xlsx
2020,12,수리남,출항환적,435.0,435.0,0.0,4195.0,4195.0,0.0,2020_2021 2월.xlsx
2020,12,스리랑카,출항환적,137.0,137.0,0.0,571.0,571.0,0.0,2020_2021 2월.xlsx
2020,12,스웨덴,출항환적,185.0,185.0,0.0,2009.0,2009.0,0.0,2020_2021 2월.xlsx
2020,12,스페인,출항환적,1276.0,1276.0,0.0,21080.5,20230.5,850.0,2020_2021 2월.xlsx
2020,12,슬로베니아,출항환적,414.0,414.0,0.0,6040.0,6040.0,0.0,2020_2021 2월.xlsx
2020,12,시리아,출항환적,66.0,66.0,0.0,3728.75,3728.75,0.0,2020_2021 2월.xlsx
2020,12,시에라 리온,출항환적,2.0,2.0,0.0,149.0,149.0,0.0,2020_2021 2월.xlsx
2020,12,싱가포르,출항환적,4828.75,4606.75,222.0,61906.0,48537.0,13369.0,2020_2021 2월.xlsx
2020,12,아랍에미리트연합국,출항환적,4107.0,4107.0,0.0,47831.75,47831.75,0.0,2020_2021 2월.xlsx
2020,12,아루바,출항환적,7.0,7.0,0.0,79.0,79.0,0.0,2020_2021 2월.xlsx
2020,12,아르헨티나,출항환적,812.0,812.0,0.0,8361.0,7995.0,366.0,2020_2021 2월.xlsx
2020,12,아메리칸사모아,출항환적,91.0,91.0,0.0,1672.0,1672.0,0.0,2020_2021 2월.xlsx
2020,12,아이티,출항환적,285.0,285.0,0.0,2947.0,2947.0,0.0,2020_2021 2월.xlsx
2020,12,아일랜드,출항환적,2.0,2.0,0.0,392.25,392.25,0.0,2020_2021 2월.xlsx
2020,12,알바니아,출항환적,10.0,10.0,0.0,87.0,87.0,0.0,2020_2021 2월.xlsx
2020,12,알제리,출항환적,357.75,357.75,0.0,2233.0,2233.0,0.0,2020_2021 2월.xlsx
2020,12,앙골라,출항환적,1.0,1.0,0.0,39.0,39.0,0.0,2020_2021 2월.xlsx
2020,12,앤티가 바부다,출항환적,31.0,31.0,0.0,167.0,167.0,0.0,2020_2021 2월.xlsx
2020,12,앤틸리스제도,출항환적,58.0,58.0,0.0,404.0,404.0,0.0,2020_2021 2월.xlsx
2020,12,앵귈라,출항환적,4.0,4.0,0.0,9.0,9.0,0.0,2020_2021 2월.xlsx
2020,12,에리트레아,출항환적,,,,7.0,7.0,0.0,2020_2021 2월.xlsx
2020,12,에스토니아,출항환적,13.0,13.0,0.0,126.0,126.0,0.0,2020_2021 2월.xlsx
2020,12,에콰도르,출항환적,2787.0,2787.0,0.0,45430.0,29546.0,15884.0,2020_2021 2월.xlsx
2020,12,엘살바도르,출항환적,434.0,434.0,0.0,4379.5,4379.5,0.0,2020_2021 2월.xlsx
2020,12,영국,출항환적,1478.0,1478.0,0.0,14824.75,14808.75,16.0,2020_2021 2월.xlsx
2020,12,영국령 버진아일랜드,출항환적,3.0,3.0,0.0,28.0,28.0,0.0,2020_2021 2월.xlsx
2020,12,예멘,출항환적,,,,49.0,49.0,0.0,2020_2021 2월.xlsx
2020,12,오만,출항환적,497.25,497.25,0.0,3491.0,3479.0,12.0,2020_2021 2월.xlsx
2020,12,온두라스,출항환적,434.5,434.5,0.0,4781.75,4781.75,0.0,2020_2021 2월.xlsx
2020,12,요르단,출항환적,390.0,390.0,0.0,3660.0,3660.0,0.0,2020_2021 2월.xlsx
2020,12,우루과이,출항환적,227.0,227.0,0.0,1933.0,1933.0,0.0,2020_2021 2월.xlsx
2020,12,우크라이나,출항환적,194.0,194.0,0.0,5536.0,5536.0,0.0,2020_2021 2월.xlsx
2020,12,원양어획지역,출항환적,4.0,4.0,0.0,27.0,27.0,0.0,2020_2021 2월.xlsx
2020,12,이라크,출항환적,34.0,34.0,0.0,787.25,787.25,0.0,2020_2021 2월.xlsx
2020,12,이란,출항환적,,,,15.0,15.0,0.0,2020_2021 2월.xlsx
2020,12,이스라엘,출항환적,830.0,822.0,8.0,11991.25,11630.25,361.0,2020_2021 2월.xlsx
2020,12,이집트,출항환적,1303.0,1273.0,30.0,19786.75,19024.75,762.0,2020_2021 2월.xlsx
2020,12,이탈리아,출항환적,1459.0,1459.0,0.0,18454.0,17998.0,456.0,2020_2021 2월.xlsx
2020,12,인도,출항환적,3598.0,3598.0,0.0,32577.25,32535.25,42.0,2020_2021 2월.xlsx
2020,12,인도네시아,출항환적,4860.0,4852.0,8.0,54461.5,54437.5,24.0,2020_2021 2월.xlsx
2020,12,일본,출항환적,66089.5,65120.5,969.0,906754.0,894007.0,12747.0,2020_2021 2월.xlsx
2020,12,자메이카,출항환적,1878.0,1868.0,10.0,15141.25,15112.25,29.0,2020_2021 2월.xlsx
2020,12,적도 기니,출항환적,,,,2.0,2.0,0.0,2020_2021 2월.xlsx
2020,12,조지아,출항환적,173.0,173.0,0.0,1447.5,1447.5,0.0,2020_2021 2월.xlsx
2020,12,중국,출항환적,101331.5,95323.5,6008.0,1297318.0,1083249.75,214068.25,2020_2021 2월.xlsx
2020,12,지부티,출항환적,1.0,1.0,0.0,217.0,217.0,0.0,2020_2021 2월.xlsx
2020,12,칠레,출항환적,17795.0,16883.0,912.0,179192.75,165888.75,13304.0,2020_2021 2월.xlsx
2020,12,카메룬,출항환적,15.0,15.0,0.0,245.0,245.0,0.0,2020_2021 2월.xlsx
2020,12,카보 베르데,출항환적,,,,1.0,1.0,0.0,2020_2021 2월.xlsx
2020,12,카타르,출항환적,373.0,373.0,0.0,3313.5,3313.5,0.0,2020_2021 2월.xlsx
2020,12,캄보디아,출항환적,46.5,46.5,0.0,508.0,508.0,0.0,2020_2021 2월.xlsx
2020,12,캐나다,출항환적,26542.25,26542.25,0.0,305485.25,304649.25,836.0,2020_2021 2월.xlsx
2020,12,케냐,출항환적,67.0,67.0,0.0,918.0,918.0,0.0,2020_2021 2월.xlsx
2020,12,케이맨 제도,출항환적,18.0,18.0,0.0,94.0,94.0,0.0,2020_2021 2월.xlsx
2020,12,코스타리카,출항환적,903.75,903.75,0.0,9562.75,9562.75,0.0,2020_2021 2월.xlsx
2020,12,코트디부아르,출항환적,8.0,8.0,0.0,327.0,327.0,0.0,2020_2021 2월.xlsx
2020,12,콜롬비아,출항환적,6587.25,6585.25,2.0,81353.5,80708.5,645.0,2020_2021 2월.xlsx
2020,12,콩고,출항환적,3.0,3.0,0.0,22.0,22.0,0.0,2020_2021 2월.xlsx
2020,12,콩고 민주 공화국,출항환적,4.0,4.0,0.0,52.0,52.0,0.0,2020_2021 2월.xlsx
2020,12,쿠바,출항환적,146.0,146.0,0.0,2495.0,2495.0,0.0,2020_2021 2월.xlsx
2020,12,쿠웨이트,출항환적,35.0,35.0,0.0,554.0,554.0,0.0,2020_2021 2월.xlsx
2020,12,쿡 제도,출항환적,,,,1.0,1.0,0.0,2020_2021 2월.xlsx
2020,12,퀴라소,출항환적,,,,13.0,13.0,0.0,2020_2021 2월.xlsx
2020,12,크로아티아,출항환적,38.75,38.75,0.0,1350.5,1350.5,0.0,2020_2021 2월.xlsx
2020,12,키리바시,출항환적,91.0,91.0,0.0,1957.0,1957.0,0.0,2020_2021 2월.xlsx
2020,12,키프로스,출항환적,6.0,6.0,0.0,100.0,100.0,0.0,2020_2021 2월.xlsx
2020,12,탄자니아,출항환적,80.0,80.0,0.0,497.0,497.0,0.0,2020_2021 2월.xlsx
2020,12,태국,출항환적,6755.25,6609.25,146.0,86984.25,85270.25,1714.0,2020_2021 2월.xlsx
2020,12,토고,출항환적,8.0,8.0,0.0,132.5,132.5,0.0,2020_2021 2월.xlsx
2020,12,통가,출항환적,59.0,59.0,0.0,1014.0,1014.0,0.0,2020_2021 2월.xlsx
2020,12,투발루,출항환적,2.0,2.0,0.0,2.0,2.0,0.0,2020_2021 2월.xlsx
2020,12,튀니지,출항환적,286.0,286.0,0.0,1622.5,1622.5,0.0,2020_2021 2월.xlsx
2020,12,튀르키예,출항환적,3370.25,3370.25,0.0,37092.75,36942.75,150.0,2020_2021 2월.xlsx
2020,12,트리니다드 토바고,출항환적,461.25,461.25,0.0,5614.0,5414.0,200.0,2020_2021 2월.xlsx
2020,12,파나마,출항환적,3267.25,2997.25,270.0,51707.0,40018.5,11688.5,2020_2021 2월.xlsx
2020,12,파라과이,출항환적,,,,207.0,207.0,0.0,2020_2021 2월.xlsx
2020,12,파키스탄,출항환적,640.25,634.25,6.0,6212.75,6206.75,6.0,2020_2021 2월.xlsx
2020,12,파푸아 뉴기니,출항환적,946.0,946.0,0.0,5367.0,5366.0,1.0,2020_2021 2월.xlsx
2020,12,팔라우,출항환적,15.0,15.0,0.0,169.0,169.0,0.0,2020_2021 2월.xlsx
2020,12,페루,출항환적,9017.0,9007.0,10.0,61891.0,60455.0,1436.0,2020_2021 2월.xlsx
2020,12,포르투갈,출항환적,19.0,19.0,0.0,372.0,372.0,0.0,2020_2021 2월.xlsx
2020,12,폴란드,출항환적,416.0,416.0,0.0,2155.0,2153.0,2.0,2020_2021 2월.xlsx
2020,12,푸에르토리코,출항환적,1410.0,1410.0,0.0,7597.0,7597.0,0.0,2020_2021 2월.xlsx
2020,12,프랑스,출항환적,1037.25,1033.25,4.0,11960.5,11919.5,41.0,2020_2021 2월.xlsx
2020,12,프랑스령 기아나,출항환적,10.0,10.0,0.0,38.0,38.0,0.0,2020_2021 2월.xlsx
2020,12,프랑스령 폴리네시아,출항환적,51.0,51.0,0.0,828.0,824.0,4.0,2020_2021 2월.xlsx
2020,12,피지,출항환적,462.0,462.0,0.0,5096.0,5081.0,15.0,2020_2021 2월.xlsx
2020,12,핀란드,출항환적,27.0,27.0,0.0,429.0,429.0,0.0,2020_2021 2월.xlsx
2020,12,필리핀,출항환적,5328.25,5328.25,0.0,56663.0,54119.0,2544.0,2020_2021 2월.xlsx
2020,12,호주,출항환적,2140.0,2029.0,111.0,25313.25,23761.25,1552.0,2020_2021 2월.xlsx
2020,12,홍콩,출항환적,5324.75,5164.75,160.0,51704.25,50388.5,1315.75,2020_2021 2월.xlsx
2021,1,가나,입항,13.0,13.0,0.0,13.0,13.0,0.0,2020_2021 1월.xlsx
2021,1,과테말라,입항,291.0,247.0,44.0,291.0,247.0,44.0,2020_2021 1월.xlsx
2021,1,괌,입항,240.5,48.0,192.5,240.5,48.0,192.5,2020_2021 1월.xlsx
2021,1,그리스,입항,1554.0,362.0,1192.0,1554.0,362.0,1192.0,2020_2021 1월.xlsx
2021,1,기니,입항,127.0,127.0,0.0,127.0,127.0,0.0,2020_2021 1월.xlsx
2021,1,기니비사우,입항,8.0,8.0,0.0,8.0,8.0,0.0,2020_2021 1월.xlsx
2021,1,나미비아,입항,14.0,14.0,0.0,14.0,14.0,0.0,2020_2021 1월.xlsx
2021,1,나이지리아,입항,27.0,27.0,0.0,27.0,27.0,0.0,2020_2021 1월.xlsx
2021,1,남아프리카,입항,606.0,566.0,40.0,606.0,566.0,40.0,2020_2021 1월.xlsx
2021,1,네덜란드,입항,10205.25,8166.25,2039.0,10205.25,8166.25,2039.0,2020_2021 1월.xlsx
2021,1,노르웨이,입항,870.0,860.0,10.0,870.0,860.0,10.0,2020_2021 1월.xlsx
2021,1,뉴질랜드,입항,2135.0,1832.0,303.0,2135.0,1832.0,303.0,2020_2021 1월.xlsx
2021,1,뉴칼레도니아,입항,312.0,17.0,295.0,312.0,17.0,295.0,2020_2021 1월.xlsx
2021,1,니카라과,입항,10.0,10.0,0.0,10.0,10.0,0.0,2020_2021 1월.xlsx
2021,1,대만,입항,7208.0,5221.0,1987.0,7208.0,5221.0,1987.0,2020_2021 1월.xlsx
2021,1,대한민국,입항,6468.0,0.0,6468.0,6468.0,0.0,6468.0,2020_2021 1월.xlsx
2021,1,덴마크,입항,837.0,837.0,0.0,837.0,837.0,0.0,2020_2021 1월.xlsx
2021,1,도미니카 공화국,입항,45.0,38.0,7.0,45.0,38.0,7.0,2020_2021 1월.xlsx
2021,1,독일,입항,10820.5,9322.5,1498.0,10820.5,9322.5,1498.0,2020_2021 1월.xlsx
2021,1,라이베리아,입항,2.0,2.0,0.0,2.0,2.0,0.0,2020_2021 1월.xlsx
2021,1,라트비아,입항,868.0,868.0,0.0,868.0,868.0,0.0,2020_2021 1월.xlsx
2021,1,러시아,입항,7061.0,2914.0,4147.0,7061.0,2914.0,4147.0,2020_2021 1월.xlsx
2021,1,레바논,입항,102.0,102.0,0.0,102.0,102.0,0.0,2020_2021 1월.xlsx
2021,1,레위니옹,입항,4.0,4.0,0.0,4.0,4.0,0.0,2020_2021 1월.xlsx
2021,1,루마니아,입항,473.0,203.0,270.0,473.0,203.0,270.0,2020_2021 1월.xlsx
2021,1,리비아,입항,18.0,18.0,0.0,18.0,18.0,0.0,2020_2021 1월.xlsx
2021,1,리투아니아,입항,172.0,172.0,0.0,172.0,172.0,0.0,2020_2021 1월.xlsx
2021,1,마다가스카르,입항,10.0,10.0,0.0,10.0,10.0,0.0,2020_2021 1월.xlsx
2021,1,마샬 제도,입항,218.0,2.0,216.0,218.0,2.0,216.0,2020_2021 1월.xlsx
2021,1,말레이시아,입항,7263.0,4656.0,2607.0,7263.0,4656.0,2607.0,2020_2021 1월.xlsx
2021,1,멕시코,입항,8598.0,2410.0,6188.0,8598.0,2410.0,6188.0,2020_2021 1월.xlsx
2021,1,모로코,입항,416.0,88.0,328.0,416.0,88.0,328.0,2020_2021 1월.xlsx
2021,1,모리셔스,입항,1.0,1.0,0.0,1.0,1.0,0.0,2020_2021 1월.xlsx
2021,1,모리타니,입항,9.0,9.0,0.0,9.0,9.0,0.0,2020_2021 1월.xlsx
2021,1,모잠비크,입항,144.0,144.0,0.0,144.0,144.0,0.0,2020_2021 1월.xlsx
2021,1,몬테네그로,입항,50.0,50.0,0.0,50.0,50.0,0.0,2020_2021 1월.xlsx
2021,1,몰타,입항,57.0,57.0,0.0,57.0,57.0,0.0,2020_2021 1월.xlsx
2021,1,미국,입항,55966.75,36029.25,19937.5,55966.75,36029.25,19937.5,2020_2021 1월.xlsx
2021,1,미얀마,입항,482.0,482.0,0.0,482.0,482.0,0.0,2020_2021 1월.xlsx
2021,1,미크로네시아,입항,6.0,0.0,6.0,6.0,0.0,6.0,2020_2021 1월.xlsx
2021,1,바누아투,입항,322.0,2.0,320.0,322.0,2.0,320.0,2020_2021 1월.xlsx
2021,1,바레인,입항,210.0,210.0,0.0,210.0,210.0,0.0,2020_2021 1월.xlsx
2021,1,방글라데시,입항,575.0,523.0,52.0,575.0,523.0,52.0,2020_2021 1월.xlsx
2021,1,베네수엘라,입항,40.0,40.0,0.0,40.0,40.0,0.0,2020_2021 1월.xlsx
2021,1,베트남,입항,14512.5,13214.0,1298.5,14512.5,13214.0,1298.5,2020_2021 1월.xlsx
2021,1,벨기에,입항,2772.25,2744.25,28.0,2772.25,2744.25,28.0,2020_2021 1월.xlsx
2021,1,북마리아나 제도,입항,786.0,5.0,781.0,786.0,5.0,781.0,2020_2021 1월.xlsx
2021,1,불가리아,입항,121.0,121.0,0.0,121.0,121.0,0.0,2020_2021 1월.xlsx
2021,1,브라질,입항,4512.0,2424.0,2088.0,4512.0,2424.0,2088.0,2020_2021 1월.xlsx
2021,1,브루나이,입항,3.0,3.0,0.0,3.0,3.0,0.0,2020_2021 1월.xlsx
2021,1,사모아,입항,88.0,1.0,87.0,88.0,1.0,87.0,2020_2021 1월.xlsx
2021,1,사우디아라비아,입항,1097.0,598.0,499.0,1097.0,598.0,499.0,2020_2021 1월.xlsx
2021,1,세네갈,입항,26.0,26.0,0.0,26.0,26.0,0.0,2020_2021 1월.xlsx
2021,1,세르비아,입항,2.0,2.0,0.0,2.0,2.0,0.0,2020_2021 1월.xlsx
2021,1,수단,입항,26.0,26.0,0.0,26.0,26.0,0.0,2020_2021 1월.xlsx
2021,1,수리남,입항,32.0,32.0,0.0,32.0,32.0,0.0,2020_2021 1월.xlsx
2021,1,스리랑카,입항,370.0,331.0,39.0,370.0,331.0,39.0,2020_2021 1월.xlsx
2021,1,스웨덴,입항,1004.0,1004.0,0.0,1004.0,1004.0,0.0,2020_2021 1월.xlsx
2021,1,스위스,입항,2.0,2.0,0.0,2.0,2.0,0.0,2020_2021 1월.xlsx
2021,1,스페인,입항,3701.0,3545.0,156.0,3701.0,3545.0,156.0,2020_2021 1월.xlsx
2021,1,슬로베니아,입항,1085.0,1068.0,17.0,1085.0,1068.0,17.0,2020_2021 1월.xlsx
2021,1,시에라 리온,입항,3.0,3.0,0.0,3.0,3.0,0.0,2020_2021 1월.xlsx
2021,1,싱가포르,입항,5808.0,2874.0,2934.0,5808.0,2874.0,2934.0,2020_2021 1월.xlsx
2021,1,아랍에미리트연합국,입항,5045.0,1542.0,3503.0,5045.0,1542.0,3503.0,2020_2021 1월.xlsx
2021,1,아루바,입항,1.0,1.0,0.0,1.0,1.0,0.0,2020_2021 1월.xlsx
2021,1,아르헨티나,입항,776.0,154.0,622.0,776.0,154.0,622.0,2020_2021 1월.xlsx
2021,1,아메리칸사모아,입항,102.0,20.0,82.0,102.0,20.0,82.0,2020_2021 1월.xlsx
2021,1,아이티,입항,1.0,1.0,0.0,1.0,1.0,0.0,2020_2021 1월.xlsx
2021,1,아일랜드,입항,212.0,212.0,0.0,212.0,212.0,0.0,2020_2021 1월.xlsx
2021,1,알바니아,입항,122.0,122.0,0.0,122.0,122.0,0.0,2020_2021 1월.xlsx
2021,1,앙골라,입항,5.0,5.0,0.0,5.0,5.0,0.0,2020_2021 1월.xlsx
2021,1,에스토니아,입항,302.0,302.0,0.0,302.0,302.0,0.0,2020_2021 1월.xlsx
2021,1,에콰도르,입항,572.0,221.0,351.0,572.0,221.0,351.0,2020_2021 1월.xlsx
2021,1,엘살바도르,입항,71.0,70.0,1.0,71.0,70.0,1.0,2020_2021 1월.xlsx
2021,1,영국,입항,2290.0,1611.0,679.0,2290.0,1611.0,679.0,2020_2021 1월.xlsx
2021,1,예멘,입항,106.0,106.0,0.0,106.0,106.0,0.0,2020_2021 1월.xlsx
2021,1,오만,입항,1016.0,341.0,675.0,1016.0,341.0,675.0,2020_2021 1월.xlsx
2021,1,온두라스,입항,30.0,30.0,0.0,30.0,30.0,0.0,2020_2021 1월.xlsx
2021,1,요르단,입항,203.0,199.0,4.0,203.0,199.0,4.0,2020_2021 1월.xlsx
2021,1,우루과이,입항,111.0,75.0,36.0,111.0,75.0,36.0,2020_2021 1월.xlsx
2021,1,우크라이나,입항,249.0,227.0,22.0,249.0,227.0,22.0,2020_2021 1월.xlsx
2021,1,이란,입항,2.0,2.0,0.0,2.0,2.0,0.0,2020_2021 1월.xlsx
2021,1,이스라엘,입항,701.0,531.0,170.0,701.0,531.0,170.0,2020_2021 1월.xlsx
2021,1,이집트,입항,1459.5,277.0,1182.5,1459.5,277.0,1182.5,2020_2021 1월.xlsx
2021,1,이탈리아,입항,5563.5,5452.5,111.0,5563.5,5452.5,111.0,2020_2021 1월.xlsx
2021,1,인도,입항,13141.0,7267.0,5874.0,13141.0,7267.0,5874.0,2020_2021 1월.xlsx
2021,1,인도네시아,입항,7335.5,5028.25,2307.25,7335.5,5028.25,2307.25,2020_2021 1월.xlsx
2021,1,일본,입항,61832.0,17656.5,44175.5,61832.0,17656.5,44175.5,2020_2021 1월.xlsx
2021,1,자메이카,입항,1046.0,11.0,1035.0,1046.0,11.0,1035.0,2020_2021 1월.xlsx
2021,1,적도 기니,입항,2.0,2.0,0.0,2.0,2.0,0.0,2020_2021 1월.xlsx
2021,1,조지아,입항,7.0,7.0,0.0,7.0,7.0,0.0,2020_2021 1월.xlsx
2021,1,중국,입항,99090.5,77402.25,21688.25,99090.5,77402.25,21688.25,2020_2021 1월.xlsx
2021,1,지부티,입항,68.0,68.0,0.0,68.0,68.0,0.0,2020_2021 1월.xlsx
2021,1,체코,입항,2.0,2.0,0.0,2.0,2.0,0.0,2020_2021 1월.xlsx
2021,1,칠레,입항,8345.0,5793.0,2552.0,8345.0,5793.0,2552.0,2020_2021 1월.xlsx
2021,1,카메룬,입항,2.0,2.0,0.0,2.0,2.0,0.0,2020_2021 1월.xlsx
2021,1,카타르,입항,536.0,410.0,126.0,536.0,410.0,126.0,2020_2021 1월.xlsx
2021,1,캄보디아,입항,186.0,186.0,0.0,186.0,186.0,0.0,2020_2021 1월.xlsx
2021,1,캐나다,입항,8152.0,4957.0,3195.0,8152.0,4957.0,3195.0,2020_2021 1월.xlsx
2021,1,케냐,입항,41.0,41.0,0.0,41.0,41.0,0.0,2020_2021 1월.xlsx
2021,1,코스타리카,입항,45.0,45.0,0.0,45.0,45.0,0.0,2020_2021 1월.xlsx
2021,1,코트디부아르,입항,3.0,3.0,0.0,3.0,3.0,0.0,2020_2021 1월.xlsx
2021,1,콜롬비아,입항,549.0,478.0,71.0,549.0,478.0,71.0,2020_2021 1월.xlsx
2021,1,콩고,입항,7.0,7.0,0.0,7.0,7.0,0.0,2020_2021 1월.xlsx
2021,1,콩고 민주 공화국,입항,12.0,12.0,0.0,12.0,12.0,0.0,2020_2021 1월.xlsx
2021,1,쿠바,입항,10.0,10.0,0.0,10.0,10.0,0.0,2020_2021 1월.xlsx
2021,1,쿠웨이트,입항,55.0,51.0,4.0,55.0,51.0,4.0,2020_2021 1월.xlsx
2021,1,크로아티아,입항,174.0,174.0,0.0,174.0,174.0,0.0,2020_2021 1월.xlsx
2021,1,키프로스,입항,17.0,17.0,0.0,17.0,17.0,0.0,2020_2021 1월.xlsx
2021,1,탄자니아,입항,251.0,251.0,0.0,251.0,251.0,0.0,2020_2021 1월.xlsx
2021,1,태국,입항,6321.5,5811.0,510.5,6321.5,5811.0,510.5,2020_2021 1월.xlsx
2021,1,토고,입항,16.0,16.0,0.0,16.0,16.0,0.0,2020_2021 1월.xlsx
2021,1,통가,입항,47.0,7.0,40.0,47.0,7.0,40.0,2020_2021 1월.xlsx
2021,1,튀니지,입항,94.0,94.0,0.0,94.0,94.0,0.0,2020_2021 1월.xlsx
2021,1,튀르키예,입항,2037.25,1810.25,227.0,2037.25,1810.25,227.0,2020_2021 1월.xlsx
2021,1,트리니다드 토바고,입항,48.0,48.0,0.0,48.0,48.0,0.0,2020_2021 1월.xlsx
2021,1,파나마,입항,350.0,45.0,305.0,350.0,45.0,305.0,2020_2021 1월.xlsx
2021,1,파라과이,입항,14.0,14.0,0.0,14.0,14.0,0.0,2020_2021 1월.xlsx
2021,1,파키스탄,입항,2454.0,516.0,1938.0,2454.0,516.0,1938.0,2020_2021 1월.xlsx
2021,1,파푸아 뉴기니,입항,40.0,40.0,0.0,40.0,40.0,0.0,2020_2021 1월.xlsx
2021,1,페루,입항,2336.0,1650.0,686.0,2336.0,1650.0,686.0,2020_2021 1월.xlsx
2021,1,포르투갈,입항,302.0,301.0,1.0,302.0,301.0,1.0,2020_2021 1월.xlsx
2021,1,폴란드,입항,987.25,982.25,5.0,987.25,982.25,5.0,2020_2021 1월.xlsx
2021,1,푸에르토리코,입항,134.0,134.0,0.0,134.0,134.0,0.0,2020_2021 1월.xlsx
2021,1,프랑스,입항,3407.0,2950.0,457.0,3407.0,2950.0,457.0,2020_2021 1월.xlsx
2021,1,프랑스령 폴리네시아,입항,337.0,1.0,336.0,337.0,1.0,336.0,2020_2021 1월.xlsx
2021,1,피지,입항,135.0,1.0,134.0,135.0,1.0,134.0,2020_2021 1월.xlsx
2021,1,핀란드,입항,872.0,872.0,0.0,872.0,872.0,0.0,2020_2021 1월.xlsx
2021,1,필리핀,입항,3192.0,1644.0,1548.0,3192.0,1644.0,1548.0,2020_2021 1월.xlsx
2021,1,헝가리,입항,44.0,44.0,0.0,44.0,44.0,0.0,2020_2021 1월.xlsx
2021,1,호주,입항,16181.0,6002.0,10179.0,16181.0,6002.0,10179.0,2020_2021 1월.xlsx
2021,1,홍콩,입항,4904.0,4321.0,583.0,4904.0,4321.0,583.0,2020_2021 1월.xlsx
2021,1,가나,입항환적,28.0,28.0,0.0,28.0,28.0,0.0,2020_2021 1월.xlsx
2021,1,가봉,입항환적,78.0,78.0,0.0,78.0,78.0,0.0,2020_2021 1월.xlsx
2021,1,가이아나,입항환적,80.0,80.0,0.0,80.0,80.0,0.0,2020_2021 1월.xlsx
2021,1,과테말라,입항환적,462.0,462.0,0.0,462.0,462.0,0.0,2020_2021 1월.xlsx
2021,1,괌,입항환적,145.5,145.5,0.0,145.5,145.5,0.0,2020_2021 1월.xlsx
2021,1,그리스,입항환적,202.0,202.0,0.0,202.0,202.0,0.0,2020_2021 1월.xlsx
2021,1,기니,입항환적,14.0,14.0,0.0,14.0,14.0,0.0,2020_2021 1월.xlsx
2021,1,나이지리아,입항환적,76.0,76.0,0.0,76.0,76.0,0.0,2020_2021 1월.xlsx
2021,1,남아프리카,입항환적,404.0,404.0,0.0,404.0,404.0,0.0,2020_2021 1월.xlsx
2021,1,네덜란드,입항환적,4851.0,4851.0,0.0,4851.0,4851.0,0.0,2020_2021 1월.xlsx
2021,1,노르웨이,입항환적,456.0,456.0,0.0,456.0,456.0,0.0,2020_2021 1월.xlsx
2021,1,뉴질랜드,입항환적,1349.0,1349.0,0.0,1349.0,1349.0,0.0,2020_2021 1월.xlsx
2021,1,뉴칼레도니아,입항환적,157.0,150.0,7.0,157.0,150.0,7.0,2020_2021 1월.xlsx
2021,1,니카라과,입항환적,123.0,123.0,0.0,123.0,123.0,0.0,2020_2021 1월.xlsx
2021,1,대만,입항환적,4968.5,4964.5,4.0,4968.5,4964.5,4.0,2020_2021 1월.xlsx
2021,1,대한민국,입항환적,10890.0,10153.0,737.0,10890.0,10153.0,737.0,2020_2021 1월.xlsx
2021,1,덴마크,입항환적,444.0,420.0,24.0,444.0,420.0,24.0,2020_2021 1월.xlsx
2021,1,도미니카 공화국,입항환적,133.0,133.0,0.0,133.0,133.0,0.0,2020_2021 1월.xlsx
2021,1,독일,입항환적,3331.25,3331.25,0.0,3331.25,3331.25,0.0,2020_2021 1월.xlsx
2021,1,라트비아,입항환적,240.0,240.0,0.0,240.0,240.0,0.0,2020_2021 1월.xlsx
2021,1,러시아,입항환적,12368.0,12145.0,223.0,12368.0,12145.0,223.0,2020_2021 1월.xlsx
2021,1,레바논,입항환적,2.0,2.0,0.0,2.0,2.0,0.0,2020_2021 1월.xlsx
2021,1,루마니아,입항환적,444.0,444.0,0.0,444.0,444.0,0.0,2020_2021 1월.xlsx
2021,1,리투아니아,입항환적,62.0,62.0,0.0,62.0,62.0,0.0,2020_2021 1월.xlsx
2021,1,마다가스카르,입항환적,1.0,1.0,0.0,1.0,1.0,0.0,2020_2021 1월.xlsx
2021,1,마샬 제도,입항환적,10.0,8.0,2.0,10.0,8.0,2.0,2020_2021 1월.xlsx
2021,1,말레이시아,입항환적,7252.5,7219.5,33.0,7252.5,7219.5,33.0,2020_2021 1월.xlsx
2021,1,멕시코,입항환적,4568.5,4170.0,398.5,4568.5,4170.0,398.5,2020_2021 1월.xlsx
2021,1,모로코,입항환적,116.0,116.0,0.0,116.0,116.0,0.0,2020_2021 1월.xlsx
2021,1,모리셔스,입항환적,24.0,24.0,0.0,24.0,24.0,0.0,2020_2021 1월.xlsx
2021,1,모리타니,입항환적,1.0,1.0,0.0,1.0,1.0,0.0,2020_2021 1월.xlsx
2021,1,모잠비크,입항환적,41.0,41.0,0.0,41.0,41.0,0.0,2020_2021 1월.xlsx
2021,1,몬테네그로,입항환적,4.0,4.0,0.0,4.0,4.0,0.0,2020_2021 1월.xlsx
2021,1,몰타,입항환적,122.0,122.0,0.0,122.0,122.0,0.0,2020_2021 1월.xlsx
2021,1,미국,입항환적,40593.25,37581.0,3012.25,40593.25,37581.0,3012.25,2020_2021 1월.xlsx
2021,1,미얀마,입항환적,148.0,138.0,10.0,148.0,138.0,10.0,2020_2021 1월.xlsx
2021,1,바누아투,입항환적,13.0,6.0,7.0,13.0,6.0,7.0,2020_2021 1월.xlsx
2021,1,바레인,입항환적,73.0,73.0,0.0,73.0,73.0,0.0,2020_2021 1월.xlsx
2021,1,바하마,입항환적,2.0,2.0,0.0,2.0,2.0,0.0,2020_2021 1월.xlsx
2021,1,방글라데시,입항환적,361.0,361.0,0.0,361.0,361.0,0.0,2020_2021 1월.xlsx
2021,1,베네수엘라,입항환적,102.0,102.0,0.0,102.0,102.0,0.0,2020_2021 1월.xlsx
2021,1,베트남,입항환적,8794.25,8784.25,10.0,8794.25,8784.25,10.0,2020_2021 1월.xlsx
2021,1,벨기에,입항환적,1775.0,1775.0,0.0,1775.0,1775.0,0.0,2020_2021 1월.xlsx
2021,1,벨리즈,입항환적,126.0,126.0,0.0,126.0,126.0,0.0,2020_2021 1월.xlsx
2021,1,북마리아나 제도,입항환적,30.0,0.0,30.0,30.0,0.0,30.0,2020_2021 1월.xlsx
2021,1,불가리아,입항환적,98.0,98.0,0.0,98.0,98.0,0.0,2020_2021 1월.xlsx
2021,1,브라질,입항환적,7838.0,7333.0,505.0,7838.0,7333.0,505.0,2020_2021 1월.xlsx
2021,1,브루나이,입항환적,22.0,22.0,0.0,22.0,22.0,0.0,2020_2021 1월.xlsx
2021,1,사모아,입항환적,12.0,12.0,0.0,12.0,12.0,0.0,2020_2021 1월.xlsx
2021,1,사우디아라비아,입항환적,698.0,698.0,0.0,698.0,698.0,0.0,2020_2021 1월.xlsx
2021,1,세네갈,입항환적,2.0,2.0,0.0,2.0,2.0,0.0,2020_2021 1월.xlsx
2021,1,세인트루시아,입항환적,12.0,12.0,0.0,12.0,12.0,0.0,2020_2021 1월.xlsx
2021,1,소말리아,입항환적,1.0,1.0,0.0,1.0,1.0,0.0,2020_2021 1월.xlsx
2021,1,솔로몬제도,입항환적,6.0,6.0,0.0,6.0,6.0,0.0,2020_2021 1월.xlsx
2021,1,수단,입항환적,22.0,22.0,0.0,22.0,22.0,0.0,2020_2021 1월.xlsx
2021,1,수리남,입항환적,32.0,32.0,0.0,32.0,32.0,0.0,2020_2021 1월.xlsx
2021,1,스리랑카,입항환적,439.0,439.0,0.0,439.0,439.0,0.0,2020_2021 1월.xlsx
2021,1,스웨덴,입항환적,663.0,663.0,0.0,663.0,663.0,0.0,2020_2021 1월.xlsx
2021,1,스페인,입항환적,2117.0,2117.0,0.0,2117.0,2117.0,0.0,2020_2021 1월.xlsx
2021,1,슬로베니아,입항환적,919.0,919.0,0.0,919.0,919.0,0.0,2020_2021 1월.xlsx
2021,1,시에라 리온,입항환적,10.0,10.0,0.0,10.0,10.0,0.0,2020_2021 1월.xlsx
2021,1,싱가포르,입항환적,3678.0,1887.0,1791.0,3678.0,1887.0,1791.0,2020_2021 1월.xlsx
2021,1,아랍에미리트연합국,입항환적,1722.25,1722.25,0.0,1722.25,1722.25,0.0,2020_2021 1월.xlsx
2021,1,아르헨티나,입항환적,1369.0,1367.0,2.0,1369.0,1367.0,2.0,2020_2021 1월.xlsx
2021,1,아메리칸사모아,입항환적,2.0,2.0,0.0,2.0,2.0,0.0,2020_2021 1월.xlsx
2021,1,아일랜드,입항환적,101.0,101.0,0.0,101.0,101.0,0.0,2020_2021 1월.xlsx
2021,1,알바니아,입항환적,108.0,108.0,0.0,108.0,108.0,0.0,2020_2021 1월.xlsx
2021,1,에스토니아,입항환적,28.0,28.0,0.0,28.0,28.0,0.0,2020_2021 1월.xlsx
2021,1,에콰도르,입항환적,3806.0,3806.0,0.0,3806.0,3806.0,0.0,2020_2021 1월.xlsx
2021,1,엘살바도르,입항환적,35.0,35.0,0.0,35.0,35.0,0.0,2020_2021 1월.xlsx
2021,1,영국,입항환적,746.0,746.0,0.0,746.0,746.0,0.0,2020_2021 1월.xlsx
2021,1,예멘,입항환적,1.0,1.0,0.0,1.0,1.0,0.0,2020_2021 1월.xlsx
2021,1,오만,입항환적,705.0,705.0,0.0,705.0,705.0,0.0,2020_2021 1월.xlsx
2021,1,온두라스,입항환적,56.0,56.0,0.0,56.0,56.0,0.0,2020_2021 1월.xlsx
2021,1,요르단,입항환적,30.0,30.0,0.0,30.0,30.0,0.0,2020_2021 1월.xlsx
2021,1,우루과이,입항환적,648.0,648.0,0.0,648.0,648.0,0.0,2020_2021 1월.xlsx
2021,1,우크라이나,입항환적,681.0,681.0,0.0,681.0,681.0,0.0,2020_2021 1월.xlsx
2021,1,원양어획지역,입항환적,56.0,56.0,0.0,56.0,56.0,0.0,2020_2021 1월.xlsx
2021,1,이스라엘,입항환적,218.0,217.0,1.0,218.0,217.0,1.0,2020_2021 1월.xlsx
2021,1,이집트,입항환적,554.0,554.0,0.0,554.0,554.0,0.0,2020_2021 1월.xlsx
2021,1,이탈리아,입항환적,2888.0,2825.0,63.0,2888.0,2825.0,63.0,2020_2021 1월.xlsx
2021,1,인도,입항환적,5348.0,5008.0,340.0,5348.0,5008.0,340.0,2020_2021 1월.xlsx
2021,1,인도네시아,입항환적,10019.75,10015.75,4.0,10019.75,10015.75,4.0,2020_2021 1월.xlsx
2021,1,일본,입항환적,50178.5,45469.5,4709.0,50178.5,45469.5,4709.0,2020_2021 1월.xlsx
2021,1,자메이카,입항환적,5.0,0.0,5.0,5.0,0.0,5.0,2020_2021 1월.xlsx
2021,1,중국,입항환적,231077.5,226337.0,4740.5,231077.5,226337.0,4740.5,2020_2021 1월.xlsx
2021,1,지부티,입항환적,29.0,29.0,0.0,29.0,29.0,0.0,2020_2021 1월.xlsx
2021,1,칠레,입항환적,10571.0,10568.0,3.0,10571.0,10568.0,3.0,2020_2021 1월.xlsx
2021,1,카메룬,입항환적,14.0,14.0,0.0,14.0,14.0,0.0,2020_2021 1월.xlsx
2021,1,카타르,입항환적,176.0,176.0,0.0,176.0,176.0,0.0,2020_2021 1월.xlsx
2021,1,캄보디아,입항환적,307.0,307.0,0.0,307.0,307.0,0.0,2020_2021 1월.xlsx
2021,1,캐나다,입항환적,13125.0,13125.0,0.0,13125.0,13125.0,0.0,2020_2021 1월.xlsx
2021,1,케냐,입항환적,55.0,55.0,0.0,55.0,55.0,0.0,2020_2021 1월.xlsx
2021,1,코스타리카,입항환적,424.0,424.0,0.0,424.0,424.0,0.0,2020_2021 1월.xlsx
2021,1,코트디부아르,입항환적,43.0,43.0,0.0,43.0,43.0,0.0,2020_2021 1월.xlsx
2021,1,콜롬비아,입항환적,402.0,398.0,4.0,402.0,398.0,4.0,2020_2021 1월.xlsx
2021,1,쿠바,입항환적,127.0,127.0,0.0,127.0,127.0,0.0,2020_2021 1월.xlsx
2021,1,쿠웨이트,입항환적,16.0,16.0,0.0,16.0,16.0,0.0,2020_2021 1월.xlsx
2021,1,퀴라소,입항환적,8.0,8.0,0.0,8.0,8.0,0.0,2020_2021 1월.xlsx
2021,1,크로아티아,입항환적,156.0,156.0,0.0,156.0,156.0,0.0,2020_2021 1월.xlsx
2021,1,키프로스,입항환적,6.0,6.0,0.0,6.0,6.0,0.0,2020_2021 1월.xlsx
2021,1,탄자니아,입항환적,52.0,52.0,0.0,52.0,52.0,0.0,2020_2021 1월.xlsx
2021,1,태국,입항환적,9177.0,9176.0,1.0,9177.0,9176.0,1.0,2020_2021 1월.xlsx
2021,1,튀니지,입항환적,30.0,30.0,0.0,30.0,30.0,0.0,2020_2021 1월.xlsx
2021,1,튀르키예,입항환적,3463.75,3463.75,0.0,3463.75,3463.75,0.0,2020_2021 1월.xlsx
2021,1,파나마,입항환적,2027.0,1223.0,804.0,2027.0,1223.0,804.0,2020_2021 1월.xlsx
2021,1,파라과이,입항환적,7.0,7.0,0.0,7.0,7.0,0.0,2020_2021 1월.xlsx
2021,1,파키스탄,입항환적,934.0,834.0,100.0,934.0,834.0,100.0,2020_2021 1월.xlsx
2021,1,파푸아 뉴기니,입항환적,3.0,3.0,0.0,3.0,3.0,0.0,2020_2021 1월.xlsx
2021,1,페루,입항환적,2132.0,2132.0,0.0,2132.0,2132.0,0.0,2020_2021 1월.xlsx
2021,1,포르투갈,입항환적,93.0,93.0,0.0,93.0,93.0,0.0,2020_2021 1월.xlsx
2021,1,폴란드,입항환적,184.0,184.0,0.0,184.0,184.0,0.0,2020_2021 1월.xlsx
2021,1,푸에르토리코,입항환적,52.0,52.0,0.0,52.0,52.0,0.0,2020_2021 1월.xlsx
2021,1,프랑스,입항환적,1615.0,1581.0,34.0,1615.0,1581.0,34.0,2020_2021 1월.xlsx
2021,1,피지,입항환적,59.0,59.0,0.0,59.0,59.0,0.0,2020_2021 1월.xlsx
2021,1,핀란드,입항환적,1526.0,1526.0,0.0,1526.0,1526.0,0.0,2020_2021 1월.xlsx
2021,1,필리핀,입항환적,4931.25,4631.25,300.0,4931.25,4631.25,300.0,2020_2021 1월.xlsx
2021,1,헝가리,입항환적,2.0,2.0,0.0,2.0,2.0,0.0,2020_2021 1월.xlsx
2021,1,호주,입항환적,7022.0,7022.0,0.0,7022.0,7022.0,0.0,2020_2021 1월.xlsx
2021,1,홍콩,입항환적,4195.75,4033.75,162.0,4195.75,4033.75,162.0,2020_2021 1월.xlsx
2021,1,가나,출항,147.0,147.0,0.0,147.0,147.0,0.0,2020_2021 1월.xlsx
2021,1,가봉,출항,3.0,3.0,0.0,3.0,3.0,0.0,2020_2021 1월.xlsx
2021,1,가이아나,출항,21.0,21.0,0.0,21.0,21.0,0.0,2020_2021 1월.xlsx
2021,1,과들루프,출항,1.0,1.0,0.0,1.0,1.0,0.0,2020_2021 1월.xlsx
2021,1,과테말라,출항,235.0,235.0,0.0,235.0,235.0,0.0,2020_2021 1월.xlsx
2021,1,괌,출항,120.0,120.0,0.0,120.0,120.0,0.0,2020_2021 1월.xlsx
2021,1,그리스,출항,880.0,880.0,0.0,880.0,880.0,0.0,2020_2021 1월.xlsx
2021,1,기니,출항,3.0,3.0,0.0,3.0,3.0,0.0,2020_2021 1월.xlsx
2021,1,나이지리아,출항,101.0,101.0,0.0,101.0,101.0,0.0,2020_2021 1월.xlsx
2021,1,남아프리카,출항,323.0,322.0,1.0,323.0,322.0,1.0,2020_2021 1월.xlsx
2021,1,네덜란드,출항,8034.0,8019.0,15.0,8034.0,8019.0,15.0,2020_2021 1월.xlsx
2021,1,노르웨이,출항,35.0,35.0,0.0,35.0,35.0,0.0,2020_2021 1월.xlsx
2021,1,뉴질랜드,출항,523.0,523.0,0.0,523.0,523.0,0.0,2020_2021 1월.xlsx
2021,1,뉴칼레도니아,출항,34.0,34.0,0.0,34.0,34.0,0.0,2020_2021 1월.xlsx
2021,1,니카라과,출항,19.0,19.0,0.0,19.0,19.0,0.0,2020_2021 1월.xlsx
2021,1,대만,출항,10752.5,10032.5,720.0,10752.5,10032.5,720.0,2020_2021 1월.xlsx
2021,1,대한민국,출항,7100.25,74.0,7026.25,7100.25,74.0,7026.25,2020_2021 1월.xlsx
2021,1,덴마크,출항,64.0,64.0,0.0,64.0,64.0,0.0,2020_2021 1월.xlsx
2021,1,도미니카 공화국,출항,527.0,137.0,390.0,527.0,137.0,390.0,2020_2021 1월.xlsx
2021,1,독일,출항,7102.0,7062.0,40.0,7102.0,7062.0,40.0,2020_2021 1월.xlsx
2021,1,라트비아,출항,41.0,41.0,0.0,41.0,41.0,0.0,2020_2021 1월.xlsx
2021,1,러시아,출항,10237.0,9963.0,274.0,10237.0,9963.0,274.0,2020_2021 1월.xlsx
2021,1,레바논,출항,119.0,119.0,0.0,119.0,119.0,0.0,2020_2021 1월.xlsx
2021,1,루마니아,출항,378.0,378.0,0.0,378.0,378.0,0.0,2020_2021 1월.xlsx
2021,1,리비아,출항,27.0,27.0,0.0,27.0,27.0,0.0,2020_2021 1월.xlsx
2021,1,리투아니아,출항,221.0,221.0,0.0,221.0,221.0,0.0,2020_2021 1월.xlsx
2021,1,마다가스카르,출항,9.0,9.0,0.0,9.0,9.0,0.0,2020_2021 1월.xlsx
2021,1,마샬 제도,출항,27.0,27.0,0.0,27.0,27.0,0.0,2020_2021 1월.xlsx
2021,1,마요트,출항,2.0,2.0,0.0,2.0,2.0,0.0,2020_2021 1월.xlsx
2021,1,말레이시아,출항,7003.25,6795.25,208.0,7003.25,6795.25,208.0,2020_2021 1월.xlsx
2021,1,멕시코,출항,15749.0,15105.0,644.0,15749.0,15105.0,644.0,2020_2021 1월.xlsx
2021,1,모로코,출항,130.0,130.0,0.0,130.0,130.0,0.0,2020_2021 1월.xlsx
2021,1,모리셔스,출항,7.0,7.0,0.0,7.0,7.0,0.0,2020_2021 1월.xlsx
2021,1,모리타니,출항,2.0,2.0,0.0,2.0,2.0,0.0,2020_2021 1월.xlsx
2021,1,모잠비크,출항,78.0,78.0,0.0,78.0,78.0,0.0,2020_2021 1월.xlsx
2021,1,몰디브,출항,1.0,1.0,0.0,1.0,1.0,0.0,2020_2021 1월.xlsx
2021,1,몰타,출항,60.0,20.0,40.0,60.0,20.0,40.0,2020_2021 1월.xlsx
2021,1,미국,출항,68292.25,68015.25,277.0,68292.25,68015.25,277.0,2020_2021 1월.xlsx
2021,1,미얀마,출항,77.0,77.0,0.0,77.0,77.0,0.0,2020_2021 1월.xlsx
2021,1,미크로네시아,출항,4.0,2.0,2.0,4.0,2.0,2.0,2020_2021 1월.xlsx
2021,1,바누아투,출항,12.0,8.0,4.0,12.0,8.0,4.0,2020_2021 1월.xlsx
2021,1,바레인,출항,51.0,51.0,0.0,51.0,51.0,0.0,2020_2021 1월.xlsx
2021,1,바베이도스,출항,10.0,10.0,0.0,10.0,10.0,0.0,2020_2021 1월.xlsx
2021,1,바하마,출항,2499.0,5.0,2494.0,2499.0,5.0,2494.0,2020_2021 1월.xlsx
2021,1,방글라데시,출항,23.0,23.0,0.0,23.0,23.0,0.0,2020_2021 1월.xlsx
2021,1,베냉,출항,3.0,3.0,0.0,3.0,3.0,0.0,2020_2021 1월.xlsx
2021,1,베네수엘라,출항,12.0,12.0,0.0,12.0,12.0,0.0,2020_2021 1월.xlsx
2021,1,베트남,출항,24383.25,23471.25,912.0,24383.25,23471.25,912.0,2020_2021 1월.xlsx
2021,1,벨기에,출항,1909.0,1901.0,8.0,1909.0,1901.0,8.0,2020_2021 1월.xlsx
2021,1,벨리즈,출항,3.0,3.0,0.0,3.0,3.0,0.0,2020_2021 1월.xlsx
2021,1,북마리아나 제도,출항,60.0,60.0,0.0,60.0,60.0,0.0,2020_2021 1월.xlsx
2021,1,불가리아,출항,49.0,49.0,0.0,49.0,49.0,0.0,2020_2021 1월.xlsx
2021,1,브라질,출항,7013.0,7011.0,2.0,7013.0,7011.0,2.0,2020_2021 1월.xlsx
2021,1,사모아,출항,8.0,8.0,0.0,8.0,8.0,0.0,2020_2021 1월.xlsx
2021,1,사우디아라비아,출항,3142.75,3142.75,0.0,3142.75,3142.75,0.0,2020_2021 1월.xlsx
2021,1,세네갈,출항,28.0,16.0,12.0,28.0,16.0,12.0,2020_2021 1월.xlsx
2021,1,세이셸,출항,8.0,8.0,0.0,8.0,8.0,0.0,2020_2021 1월.xlsx
2021,1,세인트루시아,출항,7.0,7.0,0.0,7.0,7.0,0.0,2020_2021 1월.xlsx
2021,1,솔로몬제도,출항,10.0,10.0,0.0,10.0,10.0,0.0,2020_2021 1월.xlsx
2021,1,수리남,출항,1.0,1.0,0.0,1.0,1.0,0.0,2020_2021 1월.xlsx
2021,1,스리랑카,출항,894.0,894.0,0.0,894.0,894.0,0.0,2020_2021 1월.xlsx
2021,1,스웨덴,출항,278.0,278.0,0.0,278.0,278.0,0.0,2020_2021 1월.xlsx
2021,1,스페인,출항,3121.0,3099.0,22.0,3121.0,3099.0,22.0,2020_2021 1월.xlsx
2021,1,슬로베니아,출항,8174.5,8168.5,6.0,8174.5,8168.5,6.0,2020_2021 1월.xlsx
2021,1,시리아,출항,53.0,53.0,0.0,53.0,53.0,0.0,2020_2021 1월.xlsx
2021,1,싱가포르,출항,7637.25,7428.0,209.25,7637.25,7428.0,209.25,2020_2021 1월.xlsx
2021,1,아랍에미리트연합국,출항,4735.25,4707.25,28.0,4735.25,4707.25,28.0,2020_2021 1월.xlsx
2021,1,아루바,출항,1.0,1.0,0.0,1.0,1.0,0.0,2020_2021 1월.xlsx
2021,1,아르헨티나,출항,493.0,493.0,0.0,493.0,493.0,0.0,2020_2021 1월.xlsx
2021,1,아메리칸사모아,출항,57.0,57.0,0.0,57.0,57.0,0.0,2020_2021 1월.xlsx
2021,1,아이티,출항,8.0,8.0,0.0,8.0,8.0,0.0,2020_2021 1월.xlsx
2021,1,아일랜드,출항,38.0,38.0,0.0,38.0,38.0,0.0,2020_2021 1월.xlsx
2021,1,알바니아,출항,25.0,25.0,0.0,25.0,25.0,0.0,2020_2021 1월.xlsx
2021,1,알제리,출항,62.0,62.0,0.0,62.0,62.0,0.0,2020_2021 1월.xlsx
2021,1,앙골라,출항,97.0,97.0,0.0,97.0,97.0,0.0,2020_2021 1월.xlsx
2021,1,앤틸리스제도,출항,2.0,2.0,0.0,2.0,2.0,0.0,2020_2021 1월.xlsx
2021,1,에스토니아,출항,22.0,22.0,0.0,22.0,22.0,0.0,2020_2021 1월.xlsx
2021,1,에콰도르,출항,1123.0,465.0,658.0,1123.0,465.0,658.0,2020_2021 1월.xlsx
2021,1,엘살바도르,출항,34.0,34.0,0.0,34.0,34.0,0.0,2020_2021 1월.xlsx
2021,1,영국,출항,2625.0,2537.0,88.0,2625.0,2537.0,88.0,2020_2021 1월.xlsx
2021,1,예멘,출항,48.0,48.0,0.0,48.0,48.0,0.0,2020_2021 1월.xlsx
2021,1,오만,출항,217.0,217.0,0.0,217.0,217.0,0.0,2020_2021 1월.xlsx
2021,1,온두라스,출항,34.0,34.0,0.0,34.0,34.0,0.0,2020_2021 1월.xlsx
2021,1,요르단,출항,304.0,304.0,0.0,304.0,304.0,0.0,2020_2021 1월.xlsx
2021,1,우루과이,출항,338.0,338.0,0.0,338.0,338.0,0.0,2020_2021 1월.xlsx
2021,1,우크라이나,출항,128.25,120.25,8.0,128.25,120.25,8.0,2020_2021 1월.xlsx
2021,1,이라크,출항,127.0,127.0,0.0,127.0,127.0,0.0,2020_2021 1월.xlsx
2021,1,이스라엘,출항,991.0,970.0,21.0,991.0,970.0,21.0,2020_2021 1월.xlsx
2021,1,이집트,출항,3599.0,3593.0,6.0,3599.0,3593.0,6.0,2020_2021 1월.xlsx
2021,1,이탈리아,출항,4184.0,4166.0,18.0,4184.0,4166.0,18.0,2020_2021 1월.xlsx
2021,1,인도,출항,14366.0,14350.0,16.0,14366.0,14350.0,16.0,2020_2021 1월.xlsx
2021,1,인도네시아,출항,9438.75,9435.75,3.0,9438.75,9435.75,3.0,2020_2021 1월.xlsx
2021,1,일본,출항,32936.0,27234.0,5702.0,32936.0,27234.0,5702.0,2020_2021 1월.xlsx
2021,1,자메이카,출항,555.0,147.0,408.0,555.0,147.0,408.0,2020_2021 1월.xlsx
2021,1,조지아,출항,11.0,11.0,0.0,11.0,11.0,0.0,2020_2021 1월.xlsx
2021,1,중국,출항,97851.0,52182.75,45668.25,97851.0,52182.75,45668.25,2020_2021 1월.xlsx
2021,1,지부티,출항,36.0,36.0,0.0,36.0,36.0,0.0,2020_2021 1월.xlsx
2021,1,칠레,출항,1726.0,1594.0,132.0,1726.0,1594.0,132.0,2020_2021 1월.xlsx
2021,1,카메룬,출항,14.0,14.0,0.0,14.0,14.0,0.0,2020_2021 1월.xlsx
2021,1,카타르,출항,465.25,451.25,14.0,465.25,451.25,14.0,2020_2021 1월.xlsx
2021,1,캄보디아,출항,403.0,403.0,0.0,403.0,403.0,0.0,2020_2021 1월.xlsx
2021,1,캐나다,출항,11037.0,11037.0,0.0,11037.0,11037.0,0.0,2020_2021 1월.xlsx
2021,1,케냐,출항,80.0,80.0,0.0,80.0,80.0,0.0,2020_2021 1월.xlsx
2021,1,코스타리카,출항,40.0,40.0,0.0,40.0,40.0,0.0,2020_2021 1월.xlsx
2021,1,코트디부아르,출항,68.0,68.0,0.0,68.0,68.0,0.0,2020_2021 1월.xlsx
2021,1,콜롬비아,출항,1202.0,1202.0,0.0,1202.0,1202.0,0.0,2020_2021 1월.xlsx
2021,1,콩고,출항,7.0,7.0,0.0,7.0,7.0,0.0,2020_2021 1월.xlsx
2021,1,콩고 민주 공화국,출항,26.0,26.0,0.0,26.0,26.0,0.0,2020_2021 1월.xlsx
2021,1,쿠웨이트,출항,119.0,119.0,0.0,119.0,119.0,0.0,2020_2021 1월.xlsx
2021,1,크로아티아,출항,747.0,747.0,0.0,747.0,747.0,0.0,2020_2021 1월.xlsx
2021,1,키리바시,출항,5.0,5.0,0.0,5.0,5.0,0.0,2020_2021 1월.xlsx
2021,1,탄자니아,출항,20.0,20.0,0.0,20.0,20.0,0.0,2020_2021 1월.xlsx
2021,1,태국,출항,8999.75,8586.75,413.0,8999.75,8586.75,413.0,2020_2021 1월.xlsx
2021,1,토고,출항,202.0,202.0,0.0,202.0,202.0,0.0,2020_2021 1월.xlsx
2021,1,튀니지,출항,34.0,34.0,0.0,34.0,34.0,0.0,2020_2021 1월.xlsx
2021,1,튀르키예,출항,6519.0,6519.0,0.0,6519.0,6519.0,0.0,2020_2021 1월.xlsx
2021,1,트리니다드 토바고,출항,25.0,25.0,0.0,25.0,25.0,0.0,2020_2021 1월.xlsx
2021,1,파나마,출항,1774.0,982.0,792.0,1774.0,982.0,792.0,2020_2021 1월.xlsx
2021,1,파키스탄,출항,1935.0,1935.0,0.0,1935.0,1935.0,0.0,2020_2021 1월.xlsx
2021,1,파푸아 뉴기니,출항,36.0,36.0,0.0,36.0,36.0,0.0,2020_2021 1월.xlsx
2021,1,팔라우,출항,4.0,4.0,0.0,4.0,4.0,0.0,2020_2021 1월.xlsx
2021,1,페루,출항,1007.0,997.0,10.0,1007.0,997.0,10.0,2020_2021 1월.xlsx
2021,1,포르투갈,출항,228.0,228.0,0.0,228.0,228.0,0.0,2020_2021 1월.xlsx
2021,1,폴란드,출항,656.75,656.75,0.0,656.75,656.75,0.0,2020_2021 1월.xlsx
2021,1,푸에르토리코,출항,10.0,10.0,0.0,10.0,10.0,0.0,2020_2021 1월.xlsx
2021,1,프랑스,출항,1579.25,1544.25,35.0,1579.25,1544.25,35.0,2020_2021 1월.xlsx
2021,1,프랑스령 기아나,출항,1.0,1.0,0.0,1.0,1.0,0.0,2020_2021 1월.xlsx
2021,1,프랑스령 폴리네시아,출항,3.0,3.0,0.0,3.0,3.0,0.0,2020_2021 1월.xlsx
2021,1,피지,출항,46.0,46.0,0.0,46.0,46.0,0.0,2020_2021 1월.xlsx
2021,1,핀란드,출항,44.0,44.0,0.0,44.0,44.0,0.0,2020_2021 1월.xlsx
2021,1,필리핀,출항,3781.0,3781.0,0.0,3781.0,3781.0,0.0,2020_2021 1월.xlsx
2021,1,헝가리,출항,28.0,28.0,0.0,28.0,28.0,0.0,2020_2021 1월.xlsx
2021,1,호주,출항,6161.25,6001.25,160.0,6161.25,6001.25,160.0,2020_2021 1월.xlsx
2021,1,홍콩,출항,6512.25,5985.25,527.0,6512.25,5985.25,527.0,2020_2021 1월.xlsx
2021,1,가나,출항환적,79.0,79.0,0.0,79.0,79.0,0.0,2020_2021 1월.xlsx
2021,1,가이아나,출항환적,213.0,213.0,0.0,213.0,213.0,0.0,2020_2021 1월.xlsx
2021,1,과들루프,출항환적,2.0,2.0,0.0,2.0,2.0,0.0,2020_2021 1월.xlsx
2021,1,과테말라,출항환적,1979.0,1979.0,0.0,1979.0,1979.0,0.0,2020_2021 1월.xlsx
2021,1,괌,출항환적,286.0,286.0,0.0,286.0,286.0,0.0,2020_2021 1월.xlsx
2021,1,그레나다,출항환적,18.0,18.0,0.0,18.0,18.0,0.0,2020_2021 1월.xlsx
2021,1,그리스,출항환적,857.0,857.0,0.0,857.0,857.0,0.0,2020_2021 1월.xlsx
2021,1,기니,출항환적,4.0,4.0,0.0,4.0,4.0,0.0,2020_2021 1월.xlsx
2021,1,나미비아,출항환적,82.0,82.0,0.0,82.0,82.0,0.0,2020_2021 1월.xlsx
2021,1,나우루,출항환적,6.0,6.0,0.0,6.0,6.0,0.0,2020_2021 1월.xlsx
2021,1,나이지리아,출항환적,152.0,152.0,0.0,152.0,152.0,0.0,2020_2021 1월.xlsx
2021,1,남아프리카,출항환적,119.0,119.0,0.0,119.0,119.0,0.0,2020_2021 1월.xlsx
2021,1,네덜란드,출항환적,2385.5,2385.5,0.0,2385.5,2385.5,0.0,2020_2021 1월.xlsx
2021,1,노르웨이,출항환적,11.0,11.0,0.0,11.0,11.0,0.0,2020_2021 1월.xlsx
2021,1,뉴질랜드,출항환적,548.0,542.0,6.0,548.0,542.0,6.0,2020_2021 1월.xlsx
2021,1,뉴칼레도니아,출항환적,334.0,331.0,3.0,334.0,331.0,3.0,2020_2021 1월.xlsx
2021,1,니카라과,출항환적,266.0,266.0,0.0,266.0,266.0,0.0,2020_2021 1월.xlsx
2021,1,대만,출항환적,4815.0,4813.0,2.0,4815.0,4813.0,2.0,2020_2021 1월.xlsx
2021,1,대한민국,출항환적,15719.75,15619.75,100.0,15719.75,15619.75,100.0,2020_2021 1월.xlsx
2021,1,덴마크,출항환적,117.0,117.0,0.0,117.0,117.0,0.0,2020_2021 1월.xlsx
2021,1,도미니카 공화국,출항환적,1775.25,1725.25,50.0,1775.25,1725.25,50.0,2020_2021 1월.xlsx
2021,1,도미니카 연방,출항환적,19.0,19.0,0.0,19.0,19.0,0.0,2020_2021 1월.xlsx
2021,1,독일,출항환적,2043.0,2043.0,0.0,2043.0,2043.0,0.0,2020_2021 1월.xlsx
2021,1,라트비아,출항환적,5.0,5.0,0.0,5.0,5.0,0.0,2020_2021 1월.xlsx
2021,1,러시아,출항환적,18860.25,18528.25,332.0,18860.25,18528.25,332.0,2020_2021 1월.xlsx
2021,1,레바논,출항환적,385.25,385.25,0.0,385.25,385.25,0.0,2020_2021 1월.xlsx
2021,1,루마니아,출항환적,285.0,285.0,0.0,285.0,285.0,0.0,2020_2021 1월.xlsx
2021,1,마다가스카르,출항환적,1.0,1.0,0.0,1.0,1.0,0.0,2020_2021 1월.xlsx
2021,1,마르티니크,출항환적,5.0,5.0,0.0,5.0,5.0,0.0,2020_2021 1월.xlsx
2021,1,마샬 제도,출항환적,115.0,115.0,0.0,115.0,115.0,0.0,2020_2021 1월.xlsx
2021,1,말레이시아,출항환적,2420.0,2409.0,11.0,2420.0,2409.0,11.0,2020_2021 1월.xlsx
2021,1,멕시코,출항환적,29322.0,29248.0,74.0,29322.0,29248.0,74.0,2020_2021 1월.xlsx
2021,1,모로코,출항환적,635.0,635.0,0.0,635.0,635.0,0.0,2020_2021 1월.xlsx
2021,1,모리셔스,출항환적,8.0,8.0,0.0,8.0,8.0,0.0,2020_2021 1월.xlsx
2021,1,몬테네그로,출항환적,1.0,1.0,0.0,1.0,1.0,0.0,2020_2021 1월.xlsx
2021,1,몰디브,출항환적,8.0,8.0,0.0,8.0,8.0,0.0,2020_2021 1월.xlsx
2021,1,몰타,출항환적,4.5,4.5,0.0,4.5,4.5,0.0,2020_2021 1월.xlsx
2021,1,미국,출항환적,82001.0,81872.0,129.0,82001.0,81872.0,129.0,2020_2021 1월.xlsx
2021,1,미국령 버진아일랜드,출항환적,2.0,2.0,0.0,2.0,2.0,0.0,2020_2021 1월.xlsx
2021,1,미얀마,출항환적,57.0,57.0,0.0,57.0,57.0,0.0,2020_2021 1월.xlsx
2021,1,미크로네시아,출항환적,82.0,82.0,0.0,82.0,82.0,0.0,2020_2021 1월.xlsx
2021,1,바누아투,출항환적,315.0,315.0,0.0,315.0,315.0,0.0,2020_2021 1월.xlsx
2021,1,바레인,출항환적,2.0,2.0,0.0,2.0,2.0,0.0,2020_2021 1월.xlsx
2021,1,바베이도스,출항환적,84.0,84.0,0.0,84.0,84.0,0.0,2020_2021 1월.xlsx
2021,1,바하마,출항환적,7971.0,25.0,7946.0,7971.0,25.0,7946.0,2020_2021 1월.xlsx
2021,1,방글라데시,출항환적,43.0,43.0,0.0,43.0,43.0,0.0,2020_2021 1월.xlsx
2021,1,베냉,출항환적,1.0,1.0,0.0,1.0,1.0,0.0,2020_2021 1월.xlsx
2021,1,베네수엘라,출항환적,557.0,557.0,0.0,557.0,557.0,0.0,2020_2021 1월.xlsx
2021,1,베트남,출항환적,9443.0,9433.0,10.0,9443.0,9433.0,10.0,2020_2021 1월.xlsx
2021,1,벨기에,출항환적,641.25,641.25,0.0,641.25,641.25,0.0,2020_2021 1월.xlsx
2021,1,벨리즈,출항환적,47.0,47.0,0.0,47.0,47.0,0.0,2020_2021 1월.xlsx
2021,1,북마리아나 제도,출항환적,63.0,63.0,0.0,63.0,63.0,0.0,2020_2021 1월.xlsx
2021,1,불가리아,출항환적,18.0,18.0,0.0,18.0,18.0,0.0,2020_2021 1월.xlsx
2021,1,브라질,출항환적,6343.0,6343.0,0.0,6343.0,6343.0,0.0,2020_2021 1월.xlsx
2021,1,사모아,출항환적,379.0,379.0,0.0,379.0,379.0,0.0,2020_2021 1월.xlsx
2021,1,사우디아라비아,출항환적,1615.5,1615.5,0.0,1615.5,1615.5,0.0,2020_2021 1월.xlsx
2021,1,세네갈,출항환적,18.0,18.0,0.0,18.0,18.0,0.0,2020_2021 1월.xlsx
2021,1,세인트 빈센트 그레나딘,출항환적,7.0,7.0,0.0,7.0,7.0,0.0,2020_2021 1월.xlsx
2021,1,세인트루시아,출항환적,14.0,14.0,0.0,14.0,14.0,0.0,2020_2021 1월.xlsx
2021,1,세인트키츠 네비스,출항환적,4.0,4.0,0.0,4.0,4.0,0.0,2020_2021 1월.xlsx
2021,1,소말리아,출항환적,12.0,12.0,0.0,12.0,12.0,0.0,2020_2021 1월.xlsx
2021,1,솔로몬제도,출항환적,272.0,272.0,0.0,272.0,272.0,0.0,2020_2021 1월.xlsx
2021,1,수단,출항환적,8.0,8.0,0.0,8.0,8.0,0.0,2020_2021 1월.xlsx
2021,1,수리남,출항환적,305.0,305.0,0.0,305.0,305.0,0.0,2020_2021 1월.xlsx
2021,1,스리랑카,출항환적,53.0,53.0,0.0,53.0,53.0,0.0,2020_2021 1월.xlsx
2021,1,스웨덴,출항환적,190.0,190.0,0.0,190.0,190.0,0.0,2020_2021 1월.xlsx
2021,1,스페인,출항환적,1702.0,1702.0,0.0,1702.0,1702.0,0.0,2020_2021 1월.xlsx
2021,1,슬로베니아,출항환적,654.5,654.5,0.0,654.5,654.5,0.0,2020_2021 1월.xlsx
2021,1,시리아,출항환적,79.0,79.0,0.0,79.0,79.0,0.0,2020_2021 1월.xlsx
2021,1,시에라 리온,출항환적,2.0,2.0,0.0,2.0,2.0,0.0,2020_2021 1월.xlsx
2021,1,싱가포르,출항환적,6062.25,5851.25,211.0,6062.25,5851.25,211.0,2020_2021 1월.xlsx
2021,1,아랍에미리트연합국,출항환적,3200.0,3200.0,0.0,3200.0,3200.0,0.0,2020_2021 1월.xlsx
2021,1,아루바,출항환적,28.0,28.0,0.0,28.0,28.0,0.0,2020_2021 1월.xlsx
2021,1,아르헨티나,출항환적,1008.0,1008.0,0.0,1008.0,1008.0,0.0,2020_2021 1월.xlsx
2021,1,아메리칸사모아,출항환적,50.0,50.0,0.0,50.0,50.0,0.0,2020_2021 1월.xlsx
2021,1,아이티,출항환적,149.0,149.0,0.0,149.0,149.0,0.0,2020_2021 1월.xlsx
2021,1,아일랜드,출항환적,25.0,25.0,0.0,25.0,25.0,0.0,2020_2021 1월.xlsx
2021,1,알바니아,출항환적,1.0,1.0,0.0,1.0,1.0,0.0,2020_2021 1월.xlsx
2021,1,알제리,출항환적,34.0,34.0,0.0,34.0,34.0,0.0,2020_2021 1월.xlsx
2021,1,앙골라,출항환적,10.0,10.0,0.0,10.0,10.0,0.0,2020_2021 1월.xlsx
2021,1,앤티가 바부다,출항환적,8.0,8.0,0.0,8.0,8.0,0.0,2020_2021 1월.xlsx
2021,1,앤틸리스제도,출항환적,54.0,54.0,0.0,54.0,54.0,0.0,2020_2021 1월.xlsx
2021,1,앵귈라,출항환적,2.0,2.0,0.0,2.0,2.0,0.0,2020_2021 1월.xlsx
2021,1,에스토니아,출항환적,8.0,8.0,0.0,8.0,8.0,0.0,2020_2021 1월.xlsx
2021,1,에콰도르,출항환적,3118.0,3066.0,52.0,3118.0,3066.0,52.0,2020_2021 1월.xlsx
2021,1,엘살바도르,출항환적,440.0,440.0,0.0,440.0,440.0,0.0,2020_2021 1월.xlsx
2021,1,영국,출항환적,1907.0,1907.0,0.0,1907.0,1907.0,0.0,2020_2021 1월.xlsx
2021,1,영국령 버진아일랜드,출항환적,4.0,4.0,0.0,4.0,4.0,0.0,2020_2021 1월.xlsx
2021,1,예멘,출항환적,8.0,8.0,0.0,8.0,8.0,0.0,2020_2021 1월.xlsx
2021,1,오만,출항환적,500.5,500.5,0.0,500.5,500.5,0.0,2020_2021 1월.xlsx
2021,1,온두라스,출항환적,222.0,222.0,0.0,222.0,222.0,0.0,2020_2021 1월.xlsx
2021,1,요르단,출항환적,238.0,238.0,0.0,238.0,238.0,0.0,2020_2021 1월.xlsx
2021,1,우루과이,출항환적,300.0,300.0,0.0,300.0,300.0,0.0,2020_2021 1월.xlsx
2021,1,우크라이나,출항환적,270.25,270.25,0.0,270.25,270.25,0.0,2020_2021 1월.xlsx
2021,1,이라크,출항환적,14.0,14.0,0.0,14.0,14.0,0.0,2020_2021 1월.xlsx
2021,1,이스라엘,출항환적,592.0,584.0,8.0,592.0,584.0,8.0,2020_2021 1월.xlsx
2021,1,이집트,출항환적,1416.0,1364.0,52.0,1416.0,1364.0,52.0,2020_2021 1월.xlsx
2021,1,이탈리아,출항환적,1684.0,1673.0,11.0,1684.0,1673.0,11.0,2020_2021 1월.xlsx
2021,1,인도,출항환적,4040.25,4035.25,5.0,4040.25,4035.25,5.0,2020_2021 1월.xlsx
2021,1,인도네시아,출항환적,4261.0,4260.0,1.0,4261.0,4260.0,1.0,2020_2021 1월.xlsx
2021,1,일본,출항환적,84414.0,83869.0,545.0,84414.0,83869.0,545.0,2020_2021 1월.xlsx
2021,1,자메이카,출항환적,1223.25,1223.25,0.0,1223.25,1223.25,0.0,2020_2021 1월.xlsx
2021,1,적도 기니,출항환적,4.0,4.0,0.0,4.0,4.0,0.0,2020_2021 1월.xlsx
2021,1,조지아,출항환적,116.0,116.0,0.0,116.0,116.0,0.0,2020_2021 1월.xlsx
2021,1,중국,출항환적,97800.25,90761.0,7039.25,97800.25,90761.0,7039.25,2020_2021 1월.xlsx
2021,1,지부티,출항환적,3.0,3.0,0.0,3.0,3.0,0.0,2020_2021 1월.xlsx
2021,1,칠레,출항환적,18426.25,17914.25,512.0,18426.25,17914.25,512.0,2020_2021 1월.xlsx
2021,1,카메룬,출항환적,12.0,12.0,0.0,12.0,12.0,0.0,2020_2021 1월.xlsx
2021,1,카타르,출항환적,245.0,245.0,0.0,245.0,245.0,0.0,2020_2021 1월.xlsx
2021,1,캄보디아,출항환적,35.0,35.0,0.0,35.0,35.0,0.0,2020_2021 1월.xlsx
2021,1,캐나다,출항환적,31139.25,31025.25,114.0,31139.25,31025.25,114.0,2020_2021 1월.xlsx
2021,1,케냐,출항환적,24.0,24.0,0.0,24.0,24.0,0.0,2020_2021 1월.xlsx
2021,1,케이맨 제도,출항환적,11.0,11.0,0.0,11.0,11.0,0.0,2020_2021 1월.xlsx
2021,1,코스타리카,출항환적,669.0,669.0,0.0,669.0,669.0,0.0,2020_2021 1월.xlsx
2021,1,코트디부아르,출항환적,59.0,59.0,0.0,59.0,59.0,0.0,2020_2021 1월.xlsx
2021,1,콜롬비아,출항환적,8443.75,8443.75,0.0,8443.75,8443.75,0.0,2020_2021 1월.xlsx
2021,1,쿠바,출항환적,341.0,341.0,0.0,341.0,341.0,0.0,2020_2021 1월.xlsx
2021,1,쿠웨이트,출항환적,29.0,29.0,0.0,29.0,29.0,0.0,2020_2021 1월.xlsx
2021,1,크로아티아,출항환적,262.5,262.5,0.0,262.5,262.5,0.0,2020_2021 1월.xlsx
2021,1,키리바시,출항환적,145.0,145.0,0.0,145.0,145.0,0.0,2020_2021 1월.xlsx
2021,1,키프로스,출항환적,3.0,3.0,0.0,3.0,3.0,0.0,2020_2021 1월.xlsx
2021,1,탄자니아,출항환적,8.0,8.0,0.0,8.0,8.0,0.0,2020_2021 1월.xlsx
2021,1,태국,출항환적,6654.0,6534.0,120.0,6654.0,6534.0,120.0,2020_2021 1월.xlsx
2021,1,토고,출항환적,1.0,1.0,0.0,1.0,1.0,0.0,2020_2021 1월.xlsx
2021,1,통가,출항환적,93.0,93.0,0.0,93.0,93.0,0.0,2020_2021 1월.xlsx
2021,1,튀니지,출항환적,20.0,20.0,0.0,20.0,20.0,0.0,2020_2021 1월.xlsx
2021,1,튀르키예,출항환적,2462.0,2462.0,0.0,2462.0,2462.0,0.0,2020_2021 1월.xlsx
2021,1,트리니다드 토바고,출항환적,334.0,334.0,0.0,334.0,334.0,0.0,2020_2021 1월.xlsx
2021,1,파나마,출항환적,3026.75,2758.75,268.0,3026.75,2758.75,268.0,2020_2021 1월.xlsx
2021,1,파라과이,출항환적,2.0,2.0,0.0,2.0,2.0,0.0,2020_2021 1월.xlsx
2021,1,파키스탄,출항환적,444.0,444.0,0.0,444.0,444.0,0.0,2020_2021 1월.xlsx
2021,1,파푸아 뉴기니,출항환적,167.0,167.0,0.0,167.0,167.0,0.0,2020_2021 1월.xlsx
2021,1,팔라우,출항환적,14.0,14.0,0.0,14.0,14.0,0.0,2020_2021 1월.xlsx
2021,1,페루,출항환적,8072.0,8072.0,0.0,8072.0,8072.0,0.0,2020_2021 1월.xlsx
2021,1,포르투갈,출항환적,6.0,6.0,0.0,6.0,6.0,0.0,2020_2021 1월.xlsx
2021,1,폴란드,출항환적,331.0,331.0,0.0,331.0,331.0,0.0,2020_2021 1월.xlsx
2021,1,푸에르토리코,출항환적,482.0,482.0,0.0,482.0,482.0,0.0,2020_2021 1월.xlsx
2021,1,프랑스,출항환적,1004.0,1003.0,1.0,1004.0,1003.0,1.0,2020_2021 1월.xlsx
2021,1,프랑스령 기아나,출항환적,9.0,9.0,0.0,9.0,9.0,0.0,2020_2021 1월.xlsx
2021,1,프랑스령 폴리네시아,출항환적,60.0,60.0,0.0,60.0,60.0,0.0,2020_2021 1월.xlsx
2021,1,피지,출항환적,514.0,514.0,0.0,514.0,514.0,0.0,2020_2021 1월.xlsx
2021,1,핀란드,출항환적,12.0,12.0,0.0,12.0,12.0,0.0,2020_2021 1월.xlsx
2021,1,필리핀,출항환적,4651.5,4651.5,0.0,4651.5,4651.5,0.0,2020_2021 1월.xlsx
2021,1,호주,출항환적,2492.0,2077.0,415.0,2492.0,2077.0,415.0,2020_2021 1월.xlsx
2021,1,홍콩,출항환적,1977.0,1877.0,100.0,1977.0,1877.0,100.0,2020_2021 1월.xlsx
2021,2,가나,입항,16.0,16.0,0.0,29.0,29.0,0.0,2020_2021 12월.xlsx
2021,2,감비아,입항,2.0,2.0,0.0,2.0,2.0,0.0,2020_2021 12월.xlsx
2021,2,과테말라,입항,217.0,207.0,10.0,508.0,454.0,54.0,2020_2021 12월.xlsx
2021,2,괌,입항,521.75,122.0,399.75,762.25,170.0,592.25,2020_2021 12월.xlsx
2021,2,그리스,입항,1381.0,243.0,1138.0,2935.0,605.0,2330.0,2020_2021 12월.xlsx
2021,2,기니,입항,68.0,68.0,0.0,195.0,195.0,0.0,2020_2021 12월.xlsx
2021,2,기니비사우,입항,8.0,8.0,0.0,16.0,16.0,0.0,2020_2021 12월.xlsx
2021,2,나미비아,입항,31.0,31.0,0.0,45.0,45.0,0.0,2020_2021 12월.xlsx
2021,2,나이지리아,입항,27.0,27.0,0.0,54.0,54.0,0.0,2020_2021 12월.xlsx
2021,2,남아프리카,입항,549.0,524.0,25.0,1155.0,1090.0,65.0,2020_2021 12월.xlsx
2021,2,네덜란드,입항,3948.0,3540.0,408.0,14153.25,11706.25,2447.0,2020_2021 12월.xlsx
2021,2,노르웨이,입항,725.0,717.0,8.0,1595.0,1577.0,18.0,2020_2021 12월.xlsx
2021,2,뉴질랜드,입항,2827.0,2544.0,283.0,4962.0,4376.0,586.0,2020_2021 12월.xlsx
2021,2,뉴칼레도니아,입항,280.0,3.0,277.0,592.0,20.0,572.0,2020_2021 12월.xlsx
2021,2,니카라과,입항,26.0,26.0,0.0,36.0,36.0,0.0,2020_2021 12월.xlsx
2021,2,대만,입항,6720.0,4400.0,2320.0,13928.0,9621.0,4307.0,2020_2021 12월.xlsx
2021,2,대한민국,입항,8559.0,0.0,8559.0,15027.0,0.0,15027.0,2020_2021 12월.xlsx
2021,2,덴마크,입항,980.0,980.0,0.0,1817.0,1817.0,0.0,2020_2021 12월.xlsx
2021,2,도미니카 공화국,입항,67.0,67.0,0.0,112.0,105.0,7.0,2020_2021 12월.xlsx
2021,2,독일,입항,5448.75,5205.75,243.0,16269.25,14528.25,1741.0,2020_2021 12월.xlsx
2021,2,라이베리아,입항,3.0,3.0,0.0,5.0,5.0,0.0,2020_2021 12월.xlsx
2021,2,라트비아,입항,954.0,954.0,0.0,1822.0,1822.0,0.0,2020_2021 12월.xlsx
2021,2,러시아,입항,6320.0,2862.0,3458.0,13381.0,5776.0,7605.0,2020_2021 12월.xlsx
2021,2,레바논,입항,87.0,77.0,10.0,189.0,179.0,10.0,2020_2021 12월.xlsx
2021,2,레위니옹,입항,2.0,2.0,0.0,6.0,6.0,0.0,2020_2021 12월.xlsx
2021,2,루마니아,입항,286.0,136.0,150.0,759.0,339.0,420.0,2020_2021 12월.xlsx
2021,2,리비아,입항,4.0,4.0,0.0,22.0,22.0,0.0,2020_2021 12월.xlsx
2021,2,리투아니아,입항,439.5,435.5,4.0,611.5,607.5,4.0,2020_2021 12월.xlsx
2021,2,마다가스카르,입항,,,,10.0,10.0,0.0,2020_2021 12월.xlsx
2021,2,마샬 제도,입항,619.0,1.0,618.0,837.0,3.0,834.0,2020_2021 12월.xlsx
2021,2,말레이시아,입항,7746.0,5308.0,2438.0,15009.0,9964.0,5045.0,2020_2021 12월.xlsx
2021,2,멕시코,입항,6213.0,2112.0,4101.0,14811.0,4522.0,10289.0,2020_2021 12월.xlsx
2021,2,모로코,입항,439.0,173.0,266.0,855.0,261.0,594.0,2020_2021 12월.xlsx
2021,2,모리셔스,입항,8.0,8.0,0.0,9.0,9.0,0.0,2020_2021 12월.xlsx
2021,2,모리타니,입항,,,,9.0,9.0,0.0,2020_2021 12월.xlsx
2021,2,모잠비크,입항,136.0,136.0,0.0,280.0,280.0,0.0,2020_2021 12월.xlsx
2021,2,몬테네그로,입항,75.0,75.0,0.0,125.0,125.0,0.0,2020_2021 12월.xlsx
2021,2,몰타,입항,49.0,24.0,25.0,106.0,81.0,25.0,2020_2021 12월.xlsx
2021,2,미국,입항,59159.0,36540.5,22618.5,115125.75,72569.75,42556.0,2020_2021 12월.xlsx
2021,2,미얀마,입항,450.0,442.0,8.0,932.0,924.0,8.0,2020_2021 12월.xlsx
2021,2,미크로네시아,입항,12.0,10.0,2.0,18.0,10.0,8.0,2020_2021 12월.xlsx
2021,2,바누아투,입항,14.0,0.0,14.0,336.0,2.0,334.0,2020_2021 12월.xlsx
2021,2,바레인,입항,165.0,165.0,0.0,375.0,375.0,0.0,2020_2021 12월.xlsx
2021,2,바하마,입항,2.0,2.0,0.0,2.0,2.0,0.0,2020_2021 12월.xlsx
2021,2,방글라데시,입항,635.0,620.0,15.0,1210.0,1143.0,67.0,2020_2021 12월.xlsx
2021,2,베네수엘라,입항,24.0,24.0,0.0,64.0,64.0,0.0,2020_2021 12월.xlsx
2021,2,베트남,입항,12134.0,10239.0,1895.0,26646.5,23453.0,3193.5,2020_2021 12월.xlsx
2021,2,벨기에,입항,3481.0,2735.0,746.0,6253.25,5479.25,774.0,2020_2021 12월.xlsx
2021,2,북마리아나 제도,입항,1024.25,16.0,1008.25,1810.25,21.0,1789.25,2020_2021 12월.xlsx
2021,2,불가리아,입항,167.0,167.0,0.0,288.0,288.0,0.0,2020_2021 12월.xlsx
2021,2,브라질,입항,2954.0,1805.0,1149.0,7466.0,4229.0,3237.0,2020_2021 12월.xlsx
2021,2,브루나이,입항,3.0,3.0,0.0,6.0,6.0,0.0,2020_2021 12월.xlsx
2021,2,사모아,입항,4.0,2.0,2.0,92.0,3.0,89.0,2020_2021 12월.xlsx
2021,2,사우디아라비아,입항,1426.0,348.0,1078.0,2523.0,946.0,1577.0,2020_2021 12월.xlsx
2021,2,세네갈,입항,47.0,47.0,0.0,73.0,73.0,0.0,2020_2021 12월.xlsx
2021,2,세르비아,입항,,,,2.0,2.0,0.0,2020_2021 12월.xlsx
2021,2,솔로몬제도,입항,28.0,0.0,28.0,28.0,0.0,28.0,2020_2021 12월.xlsx
2021,2,수단,입항,17.0,17.0,0.0,43.0,43.0,0.0,2020_2021 12월.xlsx
2021,2,수리남,입항,20.0,20.0,0.0,52.0,52.0,0.0,2020_2021 12월.xlsx
2021,2,스리랑카,입항,175.0,175.0,0.0,545.0,506.0,39.0,2020_2021 12월.xlsx
2021,2,스웨덴,입항,1205.0,1169.0,36.0,2209.0,2173.0,36.0,2020_2021 12월.xlsx
2021,2,스위스,입항,3.0,3.0,0.0,5.0,5.0,0.0,2020_2021 12월.xlsx
2021,2,스페인,입항,2796.0,2450.0,346.0,6497.0,5995.0,502.0,2020_2021 12월.xlsx
2021,2,슬로베니아,입항,1294.75,1270.75,24.0,2379.75,2338.75,41.0,2020_2021 12월.xlsx
2021,2,시에라 리온,입항,18.0,18.0,0.0,21.0,21.0,0.0,2020_2021 12월.xlsx
2021,2,싱가포르,입항,4878.0,3008.0,1870.0,10686.0,5882.0,4804.0,2020_2021 12월.xlsx
2021,2,아랍에미리트연합국,입항,6151.25,1049.0,5102.25,11196.25,2591.0,8605.25,2020_2021 12월.xlsx
2021,2,아루바,입항,,,,1.0,1.0,0.0,2020_2021 12월.xlsx
2021,2,아르헨티나,입항,493.0,182.0,311.0,1269.0,336.0,933.0,2020_2021 12월.xlsx
2021,2,아메리칸사모아,입항,128.0,18.0,110.0,230.0,38.0,192.0,2020_2021 12월.xlsx
2021,2,아이티,입항,2.0,2.0,0.0,3.0,3.0,0.0,2020_2021 12월.xlsx
2021,2,아일랜드,입항,132.0,132.0,0.0,344.0,344.0,0.0,2020_2021 12월.xlsx
2021,2,알바니아,입항,74.0,74.0,0.0,196.0,196.0,0.0,2020_2021 12월.xlsx
2021,2,알제리,입항,1.0,1.0,0.0,1.0,1.0,0.0,2020_2021 12월.xlsx
2021,2,앙골라,입항,,,,5.0,5.0,0.0,2020_2021 12월.xlsx
2021,2,앤틸리스제도,입항,2.0,2.0,0.0,2.0,2.0,0.0,2020_2021 12월.xlsx
2021,2,에스토니아,입항,240.0,240.0,0.0,542.0,542.0,0.0,2020_2021 12월.xlsx
2021,2,에콰도르,입항,967.0,230.0,737.0,1539.0,451.0,1088.0,2020_2021 12월.xlsx
2021,2,엘살바도르,입항,1186.0,37.0,1149.0,1257.0,107.0,1150.0,2020_2021 12월.xlsx
2021,2,영국,입항,1410.25,1133.25,277.0,3700.25,2744.25,956.0,2020_2021 12월.xlsx
2021,2,예멘,입항,79.0,79.0,0.0,185.0,185.0,0.0,2020_2021 12월.xlsx
2021,2,오만,입항,1241.0,300.0,941.0,2257.0,641.0,1616.0,2020_2021 12월.xlsx
2021,2,온두라스,입항,73.0,73.0,0.0,103.0,103.0,0.0,2020_2021 12월.xlsx
2021,2,요르단,입항,160.0,116.0,44.0,363.0,315.0,48.0,2020_2021 12월.xlsx
2021,2,우루과이,입항,71.0,53.0,18.0,182.0,128.0,54.0,2020_2021 12월.xlsx
2021,2,우크라이나,입항,360.0,311.0,49.0,609.0,538.0,71.0,2020_2021 12월.xlsx
2021,2,이라크,입항,16.0,0.0,16.0,16.0,0.0,16.0,2020_2021 12월.xlsx
2021,2,이란,입항,40.0,0.0,40.0,42.0,2.0,40.0,2020_2021 12월.xlsx
2021,2,이스라엘,입항,471.0,471.0,0.0,1172.0,1002.0,170.0,2020_2021 12월.xlsx
2021,2,이집트,입항,1285.0,295.0,990.0,2744.5,572.0,2172.5,2020_2021 12월.xlsx
2021,2,이탈리아,입항,3503.0,3333.0,170.0,9066.5,8785.5,281.0,2020_2021 12월.xlsx
2021,2,인도,입항,9883.5,5360.0,4523.5,23024.5,12627.0,10397.5,2020_2021 12월.xlsx
2021,2,인도네시아,입항,7226.25,5655.5,1570.75,14561.75,10683.75,3878.0,2020_2021 12월.xlsx
2021,2,일본,입항,65530.5,20819.0,44711.5,127362.5,38475.5,88887.0,2020_2021 12월.xlsx
2021,2,자메이카,입항,1294.0,10.0,1284.0,2340.0,21.0,2319.0,2020_2021 12월.xlsx
2021,2,적도 기니,입항,1.0,1.0,0.0,3.0,3.0,0.0,2020_2021 12월.xlsx
2021,2,조지아,입항,12.0,12.0,0.0,19.0,19.0,0.0,2020_2021 12월.xlsx
2021,2,중국,입항,81630.5,59927.75,21702.75,180721.0,137330.0,43391.0,2020_2021 12월.xlsx
2021,2,지부티,입항,36.0,36.0,0.0,104.0,104.0,0.0,2020_2021 12월.xlsx
2021,2,체코,입항,2.0,2.0,0.0,4.0,4.0,0.0,2020_2021 12월.xlsx
2021,2,칠레,입항,6590.0,5030.0,1560.0,14935.0,10823.0,4112.0,2020_2021 12월.xlsx
2021,2,카메룬,입항,,,,2.0,2.0,0.0,2020_2021 12월.xlsx
2021,2,카타르,입항,375.0,375.0,0.0,911.0,785.0,126.0,2020_2021 12월.xlsx
2021,2,캄보디아,입항,182.0,182.0,0.0,368.0,368.0,0.0,2020_2021 12월.xlsx
2021,2,캐나다,입항,6874.25,4070.25,2804.0,15026.25,9027.25,5999.0,2020_2021 12월.xlsx
2021,2,케냐,입항,19.0,19.0,0.0,60.0,60.0,0.0,2020_2021 12월.xlsx
2021,2,코스타리카,입항,79.0,76.0,3.0,124.0,121.0,3.0,2020_2021 12월.xlsx
2021,2,코트디부아르,입항,2.0,2.0,0.0,5.0,5.0,0.0,2020_2021 12월.xlsx
2021,2,콜롬비아,입항,767.0,350.0,417.0,1316.0,828.0,488.0,2020_2021 12월.xlsx
2021,2,콩고,입항,8.0,8.0,0.0,15.0,15.0,0.0,2020_2021 12월.xlsx
2021,2,콩고 민주 공화국,입항,,,,12.0,12.0,0.0,2020_2021 12월.xlsx
2021,2,쿠바,입항,,,,10.0,10.0,0.0,2020_2021 12월.xlsx
2021,2,쿠웨이트,입항,106.0,106.0,0.0,161.0,157.0,4.0,2020_2021 12월.xlsx
2021,2,크로아티아,입항,154.0,150.0,4.0,328.0,324.0,4.0,2020_2021 12월.xlsx
2021,2,키리바시,입항,8.0,1.0,7.0,8.0,1.0,7.0,2020_2021 12월.xlsx
2021,2,키프로스,입항,6.0,6.0,0.0,23.0,23.0,0.0,2020_2021 12월.xlsx
2021,2,탄자니아,입항,447.0,447.0,0.0,698.0,698.0,0.0,2020_2021 12월.xlsx
2021,2,태국,입항,7337.0,7091.0,246.0,13658.5,12902.0,756.5,2020_2021 12월.xlsx
2021,2,토고,입항,10.0,10.0,0.0,26.0,26.0,0.0,2020_2021 12월.xlsx
2021,2,통가,입항,,,,47.0,7.0,40.0,2020_2021 12월.xlsx
2021,2,튀니지,입항,70.0,70.0,0.0,164.0,164.0,0.0,2020_2021 12월.xlsx
2021,2,튀르키예,입항,1689.25,1346.25,343.0,3726.5,3156.5,570.0,2020_2021 12월.xlsx
2021,2,트리니다드 토바고,입항,45.0,45.0,0.0,93.0,93.0,0.0,2020_2021 12월.xlsx
2021,2,파나마,입항,1233.0,43.0,1190.0,1583.0,88.0,1495.0,2020_2021 12월.xlsx
2021,2,파라과이,입항,39.0,39.0,0.0,53.0,53.0,0.0,2020_2021 12월.xlsx
2021,2,파키스탄,입항,2310.0,536.0,1774.0,4764.0,1052.0,3712.0,2020_2021 12월.xlsx
2021,2,파푸아 뉴기니,입항,14.0,14.0,0.0,54.0,54.0,0.0,2020_2021 12월.xlsx
2021,2,팔라우,입항,1.0,1.0,0.0,1.0,1.0,0.0,2020_2021 12월.xlsx
2021,2,페루,입항,1841.0,1493.0,348.0,4177.0,3143.0,1034.0,2020_2021 12월.xlsx
2021,2,포르투갈,입항,249.0,249.0,0.0,551.0,550.0,1.0,2020_2021 12월.xlsx
2021,2,폴란드,입항,1099.25,1099.25,0.0,2086.5,2081.5,5.0,2020_2021 12월.xlsx
2021,2,푸에르토리코,입항,148.0,148.0,0.0,282.0,282.0,0.0,2020_2021 12월.xlsx
2021,2,프랑스,입항,2101.0,1907.0,194.0,5508.0,4857.0,651.0,2020_2021 12월.xlsx
2021,2,프랑스령 폴리네시아,입항,144.0,6.0,138.0,481.0,7.0,474.0,2020_2021 12월.xlsx
2021,2,피지,입항,200.0,26.0,174.0,335.0,27.0,308.0,2020_2021 12월.xlsx
2021,2,핀란드,입항,576.0,562.0,14.0,1448.0,1434.0,14.0,2020_2021 12월.xlsx
2021,2,필리핀,입항,4515.0,2444.0,2071.0,7707.0,4088.0,3619.0,2020_2021 12월.xlsx
2021,2,헝가리,입항,4.0,4.0,0.0,48.0,48.0,0.0,2020_2021 12월.xlsx
2021,2,호주,입항,8171.0,4947.0,3224.0,24352.0,10949.0,13403.0,2020_2021 12월.xlsx
2021,2,홍콩,입항,2865.0,2479.0,386.0,7769.0,6800.0,969.0,2020_2021 12월.xlsx
2021,2,가나,입항환적,34.0,34.0,0.0,62.0,62.0,0.0,2020_2021 12월.xlsx
2021,2,가봉,입항환적,8.0,8.0,0.0,86.0,86.0,0.0,2020_2021 12월.xlsx
2021,2,가이아나,입항환적,196.0,196.0,0.0,276.0,276.0,0.0,2020_2021 12월.xlsx
2021,2,과테말라,입항환적,570.0,568.0,2.0,1032.0,1030.0,2.0,2020_2021 12월.xlsx
2021,2,괌,입항환적,208.0,199.0,9.0,353.5,344.5,9.0,2020_2021 12월.xlsx
2021,2,그리스,입항환적,249.0,249.0,0.0,451.0,451.0,0.0,2020_2021 12월.xlsx
2021,2,기니,입항환적,,,,14.0,14.0,0.0,2020_2021 12월.xlsx
2021,2,나이지리아,입항환적,34.0,34.0,0.0,110.0,110.0,0.0,2020_2021 12월.xlsx
2021,2,남아프리카,입항환적,181.0,181.0,0.0,585.0,585.0,0.0,2020_2021 12월.xlsx
2021,2,네덜란드,입항환적,1273.0,1273.0,0.0,6124.0,6124.0,0.0,2020_2021 12월.xlsx
2021,2,노르웨이,입항환적,198.0,198.0,0.0,654.0,654.0,0.0,2020_2021 12월.xlsx
2021,2,뉴질랜드,입항환적,1382.0,1380.0,2.0,2731.0,2729.0,2.0,2020_2021 12월.xlsx
2021,2,뉴칼레도니아,입항환적,384.0,384.0,0.0,541.0,534.0,7.0,2020_2021 12월.xlsx
2021,2,니카라과,입항환적,329.0,329.0,0.0,452.0,452.0,0.0,2020_2021 12월.xlsx
2021,2,대만,입항환적,5314.25,5304.25,10.0,10282.75,10268.75,14.0,2020_2021 12월.xlsx
2021,2,대한민국,입항환적,9699.0,9017.0,682.0,20589.0,19170.0,1419.0,2020_2021 12월.xlsx
2021,2,덴마크,입항환적,238.0,238.0,0.0,682.0,658.0,24.0,2020_2021 12월.xlsx
2021,2,도미니카 공화국,입항환적,152.0,152.0,0.0,285.0,285.0,0.0,2020_2021 12월.xlsx
2021,2,독일,입항환적,1512.0,1504.0,8.0,4843.25,4835.25,8.0,2020_2021 12월.xlsx
2021,2,동티모르,입항환적,4.0,4.0,0.0,4.0,4.0,0.0,2020_2021 12월.xlsx
2021,2,라이베리아,입항환적,1.0,1.0,0.0,1.0,1.0,0.0,2020_2021 12월.xlsx
2021,2,라트비아,입항환적,415.0,415.0,0.0,655.0,655.0,0.0,2020_2021 12월.xlsx
2021,2,러시아,입항환적,11174.0,10775.0,399.0,23542.0,22920.0,622.0,2020_2021 12월.xlsx
2021,2,레바논,입항환적,1.0,1.0,0.0,3.0,3.0,0.0,2020_2021 12월.xlsx
2021,2,루마니아,입항환적,538.0,538.0,0.0,982.0,982.0,0.0,2020_2021 12월.xlsx
2021,2,리투아니아,입항환적,17.0,16.0,1.0,79.0,78.0,1.0,2020_2021 12월.xlsx
2021,2,마다가스카르,입항환적,2.0,2.0,0.0,3.0,3.0,0.0,2020_2021 12월.xlsx
2021,2,마샬 제도,입항환적,77.0,77.0,0.0,87.0,85.0,2.0,2020_2021 12월.xlsx
2021,2,말레이시아,입항환적,8310.25,7794.25,516.0,15562.75,15013.75,549.0,2020_2021 12월.xlsx
2021,2,멕시코,입항환적,3111.0,3093.0,18.0,7679.5,7263.0,416.5,2020_2021 12월.xlsx
2021,2,모로코,입항환적,49.0,49.0,0.0,165.0,165.0,0.0,2020_2021 12월.xlsx
2021,2,모리셔스,입항환적,53.0,53.0,0.0,77.0,77.0,0.0,2020_2021 12월.xlsx
2021,2,모리타니,입항환적,12.0,12.0,0.0,13.0,13.0,0.0,2020_2021 12월.xlsx
2021,2,모잠비크,입항환적,46.0,46.0,0.0,87.0,87.0,0.0,2020_2021 12월.xlsx
2021,2,몬테네그로,입항환적,2.0,2.0,0.0,6.0,6.0,0.0,2020_2021 12월.xlsx
2021,2,몰타,입항환적,195.0,195.0,0.0,317.0,317.0,0.0,2020_2021 12월.xlsx
2021,2,미국,입항환적,40585.75,39164.0,1421.75,81179.0,76745.0,4434.0,2020_2021 12월.xlsx
2021,2,미얀마,입항환적,223.0,223.0,0.0,371.0,361.0,10.0,2020_2021 12월.xlsx
2021,2,미크로네시아,입항환적,2.0,2.0,0.0,2.0,2.0,0.0,2020_2021 12월.xlsx
2021,2,바누아투,입항환적,15.0,3.0,12.0,28.0,9.0,19.0,2020_2021 12월.xlsx
2021,2,바레인,입항환적,35.0,35.0,0.0,108.0,108.0,0.0,2020_2021 12월.xlsx
2021,2,바하마,입항환적,2.0,2.0,0.0,4.0,4.0,0.0,2020_2021 12월.xlsx
2021,2,방글라데시,입항환적,713.75,713.75,0.0,1074.75,1074.75,0.0,2020_2021 12월.xlsx
2021,2,베네수엘라,입항환적,102.0,102.0,0.0,204.0,204.0,0.0,2020_2021 12월.xlsx
2021,2,베트남,입항환적,9711.25,9707.25,4.0,18505.5,18491.5,14.0,2020_2021 12월.xlsx
2021,2,벨기에,입항환적,1596.0,1596.0,0.0,3371.0,3371.0,0.0,2020_2021 12월.xlsx
2021,2,벨리즈,입항환적,32.0,32.0,0.0,158.0,158.0,0.0,2020_2021 12월.xlsx
2021,2,북마리아나 제도,입항환적,2.0,0.0,2.0,32.0,0.0,32.0,2020_2021 12월.xlsx
2021,2,불가리아,입항환적,73.0,73.0,0.0,171.0,171.0,0.0,2020_2021 12월.xlsx
2021,2,브라질,입항환적,4104.0,3497.0,607.0,11942.0,10830.0,1112.0,2020_2021 12월.xlsx
2021,2,브루나이,입항환적,23.0,23.0,0.0,45.0,45.0,0.0,2020_2021 12월.xlsx
2021,2,사모아,입항환적,12.0,12.0,0.0,24.0,24.0,0.0,2020_2021 12월.xlsx
2021,2,사우디아라비아,입항환적,822.0,822.0,0.0,1520.0,1520.0,0.0,2020_2021 12월.xlsx
2021,2,세네갈,입항환적,2.0,2.0,0.0,4.0,4.0,0.0,2020_2021 12월.xlsx
2021,2,세이셸,입항환적,4.0,4.0,0.0,4.0,4.0,0.0,2020_2021 12월.xlsx
2021,2,세인트루시아,입항환적,,,,12.0,12.0,0.0,2020_2021 12월.xlsx
2021,2,소말리아,입항환적,,,,1.0,1.0,0.0,2020_2021 12월.xlsx
2021,2,솔로몬제도,입항환적,,,,6.0,6.0,0.0,2020_2021 12월.xlsx
2021,2,수단,입항환적,138.0,138.0,0.0,160.0,160.0,0.0,2020_2021 12월.xlsx
2021,2,수리남,입항환적,79.0,79.0,0.0,111.0,111.0,0.0,2020_2021 12월.xlsx
2021,2,스리랑카,입항환적,228.25,228.25,0.0,667.25,667.25,0.0,2020_2021 12월.xlsx
2021,2,스웨덴,입항환적,646.0,646.0,0.0,1309.0,1309.0,0.0,2020_2021 12월.xlsx
2021,2,스페인,입항환적,1254.0,1254.0,0.0,3371.0,3371.0,0.0,2020_2021 12월.xlsx
2021,2,슬로베니아,입항환적,651.0,651.0,0.0,1570.0,1570.0,0.0,2020_2021 12월.xlsx
2021,2,시에라 리온,입항환적,20.0,20.0,0.0,30.0,30.0,0.0,2020_2021 12월.xlsx
2021,2,싱가포르,입항환적,1890.5,1845.5,45.0,5568.5,3732.5,1836.0,2020_2021 12월.xlsx
2021,2,아랍에미리트연합국,입항환적,1431.0,1431.0,0.0,3153.25,3153.25,0.0,2020_2021 12월.xlsx
2021,2,아르헨티나,입항환적,624.0,620.0,4.0,1993.0,1987.0,6.0,2020_2021 12월.xlsx
2021,2,아메리칸사모아,입항환적,2.0,2.0,0.0,4.0,4.0,0.0,2020_2021 12월.xlsx
2021,2,아일랜드,입항환적,70.0,70.0,0.0,171.0,171.0,0.0,2020_2021 12월.xlsx
2021,2,알바니아,입항환적,4.0,4.0,0.0,112.0,112.0,0.0,2020_2021 12월.xlsx
2021,2,에스토니아,입항환적,26.0,26.0,0.0,54.0,54.0,0.0,2020_2021 12월.xlsx
2021,2,에콰도르,입항환적,2816.0,2756.0,60.0,6622.0,6562.0,60.0,2020_2021 12월.xlsx
2021,2,엘살바도르,입항환적,111.0,103.0,8.0,146.0,138.0,8.0,2020_2021 12월.xlsx
2021,2,영국,입항환적,373.0,373.0,0.0,1119.0,1119.0,0.0,2020_2021 12월.xlsx
2021,2,예멘,입항환적,3.0,3.0,0.0,4.0,4.0,0.0,2020_2021 12월.xlsx
2021,2,오만,입항환적,116.0,116.0,0.0,821.0,821.0,0.0,2020_2021 12월.xlsx
2021,2,온두라스,입항환적,96.0,96.0,0.0,152.0,152.0,0.0,2020_2021 12월.xlsx
2021,2,요르단,입항환적,21.0,21.0,0.0,51.0,51.0,0.0,2020_2021 12월.xlsx
2021,2,우루과이,입항환적,282.0,282.0,0.0,930.0,930.0,0.0,2020_2021 12월.xlsx
2021,2,우크라이나,입항환적,1015.0,835.0,180.0,1696.0,1516.0,180.0,2020_2021 12월.xlsx
2021,2,원양어획지역,입항환적,4.0,4.0,0.0,60.0,60.0,0.0,2020_2021 12월.xlsx
2021,2,이스라엘,입항환적,924.0,236.0,688.0,1142.0,453.0,689.0,2020_2021 12월.xlsx
2021,2,이집트,입항환적,623.0,622.0,1.0,1177.0,1176.0,1.0,2020_2021 12월.xlsx
2021,2,이탈리아,입항환적,1612.0,1612.0,0.0,4500.0,4437.0,63.0,2020_2021 12월.xlsx
2021,2,인도,입항환적,3446.5,3446.5,0.0,8794.5,8454.5,340.0,2020_2021 12월.xlsx
2021,2,인도네시아,입항환적,10833.0,10829.0,4.0,20852.75,20844.75,8.0,2020_2021 12월.xlsx
2021,2,일본,입항환적,59502.0,55604.0,3898.0,109680.5,101073.5,8607.0,2020_2021 12월.xlsx
2021,2,자메이카,입항환적,1.0,1.0,0.0,6.0,1.0,5.0,2020_2021 12월.xlsx
2021,2,조지아,입항환적,47.0,47.0,0.0,47.0,47.0,0.0,2020_2021 12월.xlsx
2021,2,중국,입항환적,205619.0,199016.0,6603.0,436696.5,425353.0,11343.5,2020_2021 12월.xlsx
2021,2,지부티,입항환적,20.0,20.0,0.0,49.0,49.0,0.0,2020_2021 12월.xlsx
2021,2,칠레,입항환적,8036.0,8008.0,28.0,18607.0,18576.0,31.0,2020_2021 12월.xlsx
2021,2,카메룬,입항환적,40.0,40.0,0.0,54.0,54.0,0.0,2020_2021 12월.xlsx
2021,2,카타르,입항환적,58.0,58.0,0.0,234.0,234.0,0.0,2020_2021 12월.xlsx
2021,2,캄보디아,입항환적,465.0,465.0,0.0,772.0,772.0,0.0,2020_2021 12월.xlsx
2021,2,캐나다,입항환적,11094.25,11094.25,0.0,24219.25,24219.25,0.0,2020_2021 12월.xlsx
2021,2,케냐,입항환적,28.0,28.0,0.0,83.0,83.0,0.0,2020_2021 12월.xlsx
2021,2,코스타리카,입항환적,387.0,387.0,0.0,811.0,811.0,0.0,2020_2021 12월.xlsx
2021,2,코트디부아르,입항환적,2.0,2.0,0.0,45.0,45.0,0.0,2020_2021 12월.xlsx
2021,2,콜롬비아,입항환적,390.0,390.0,0.0,792.0,788.0,4.0,2020_2021 12월.xlsx
2021,2,쿠바,입항환적,64.0,64.0,0.0,191.0,191.0,0.0,2020_2021 12월.xlsx
2021,2,쿠웨이트,입항환적,10.0,10.0,0.0,26.0,26.0,0.0,2020_2021 12월.xlsx
2021,2,퀴라소,입항환적,,,,8.0,8.0,0.0,2020_2021 12월.xlsx
2021,2,크로아티아,입항환적,32.0,31.0,1.0,188.0,187.0,1.0,2020_2021 12월.xlsx
2021,2,키리바시,입항환적,4.0,4.0,0.0,4.0,4.0,0.0,2020_2021 12월.xlsx
2021,2,키프로스,입항환적,,,,6.0,6.0,0.0,2020_2021 12월.xlsx
2021,2,탄자니아,입항환적,10.0,10.0,0.0,62.0,62.0,0.0,2020_2021 12월.xlsx
2021,2,태국,입항환적,7283.0,7281.0,2.0,16460.0,16457.0,3.0,2020_2021 12월.xlsx
2021,2,튀니지,입항환적,,,,30.0,30.0,0.0,2020_2021 12월.xlsx
2021,2,튀르키예,입항환적,1993.0,1993.0,0.0,5456.75,5456.75,0.0,2020_2021 12월.xlsx
2021,2,트리니다드 토바고,입항환적,1.0,1.0,0.0,1.0,1.0,0.0,2020_2021 12월.xlsx
2021,2,파나마,입항환적,708.0,666.0,42.0,2735.0,1889.0,846.0,2020_2021 12월.xlsx
2021,2,파라과이,입항환적,12.0,12.0,0.0,19.0,19.0,0.0,2020_2021 12월.xlsx
2021,2,파키스탄,입항환적,1110.0,1054.0,56.0,2044.0,1888.0,156.0,2020_2021 12월.xlsx
2021,2,파푸아 뉴기니,입항환적,3.0,3.0,0.0,6.0,6.0,0.0,2020_2021 12월.xlsx
2021,2,페루,입항환적,2275.0,2275.0,0.0,4407.0,4407.0,0.0,2020_2021 12월.xlsx
2021,2,포르투갈,입항환적,125.0,125.0,0.0,218.0,218.0,0.0,2020_2021 12월.xlsx
2021,2,폴란드,입항환적,166.0,166.0,0.0,350.0,350.0,0.0,2020_2021 12월.xlsx
2021,2,푸에르토리코,입항환적,78.0,78.0,0.0,130.0,130.0,0.0,2020_2021 12월.xlsx
2021,2,프랑스,입항환적,1068.0,1068.0,0.0,2683.0,2649.0,34.0,2020_2021 12월.xlsx
2021,2,프랑스령 폴리네시아,입항환적,1.0,1.0,0.0,1.0,1.0,0.0,2020_2021 12월.xlsx
2021,2,피지,입항환적,45.0,45.0,0.0,104.0,104.0,0.0,2020_2021 12월.xlsx
2021,2,핀란드,입항환적,488.0,488.0,0.0,2014.0,2014.0,0.0,2020_2021 12월.xlsx
2021,2,필리핀,입항환적,6613.5,6613.5,0.0,11544.75,11244.75,300.0,2020_2021 12월.xlsx
2021,2,헝가리,입항환적,,,,2.0,2.0,0.0,2020_2021 12월.xlsx
2021,2,호주,입항환적,3885.0,3882.0,3.0,10907.0,10904.0,3.0,2020_2021 12월.xlsx
2021,2,홍콩,입항환적,3980.25,3308.25,672.0,8176.0,7342.0,834.0,2020_2021 12월.xlsx
2021,2,가나,출항,154.0,154.0,0.0,301.0,301.0,0.0,2020_2021 12월.xlsx
2021,2,가봉,출항,,,,3.0,3.0,0.0,2020_2021 12월.xlsx
2021,2,가이아나,출항,8.0,8.0,0.0,29.0,29.0,0.0,2020_2021 12월.xlsx
2021,2,과들루프,출항,1.0,1.0,0.0,2.0,2.0,0.0,2020_2021 12월.xlsx
2021,2,과테말라,출항,264.0,264.0,0.0,499.0,499.0,0.0,2020_2021 12월.xlsx
2021,2,괌,출항,249.5,217.5,32.0,369.5,337.5,32.0,2020_2021 12월.xlsx
2021,2,그레나다,출항,4.0,4.0,0.0,4.0,4.0,0.0,2020_2021 12월.xlsx
2021,2,그리스,출항,937.0,933.0,4.0,1817.0,1813.0,4.0,2020_2021 12월.xlsx
2021,2,기니,출항,6.0,6.0,0.0,9.0,9.0,0.0,2020_2021 12월.xlsx
2021,2,나이지리아,출항,118.0,118.0,0.0,219.0,219.0,0.0,2020_2021 12월.xlsx
2021,2,남아프리카,출항,176.0,176.0,0.0,499.0,498.0,1.0,2020_2021 12월.xlsx
2021,2,네덜란드,출항,8452.0,8379.0,73.0,16486.0,16398.0,88.0,2020_2021 12월.xlsx
2021,2,노르웨이,출항,37.0,37.0,0.0,72.0,72.0,0.0,2020_2021 12월.xlsx
2021,2,뉴질랜드,출항,1669.0,1575.0,94.0,2192.0,2098.0,94.0,2020_2021 12월.xlsx
2021,2,뉴칼레도니아,출항,12.0,12.0,0.0,46.0,46.0,0.0,2020_2021 12월.xlsx
2021,2,니카라과,출항,34.0,34.0,0.0,53.0,53.0,0.0,2020_2021 12월.xlsx
2021,2,대만,출항,10453.25,9860.25,593.0,21205.75,19892.75,1313.0,2020_2021 12월.xlsx
2021,2,대한민국,출항,9133.75,116.0,9017.75,16234.0,190.0,16044.0,2020_2021 12월.xlsx
2021,2,덴마크,출항,133.0,133.0,0.0,197.0,197.0,0.0,2020_2021 12월.xlsx
2021,2,도미니카 공화국,출항,158.0,158.0,0.0,685.0,295.0,390.0,2020_2021 12월.xlsx
2021,2,독일,출항,6345.0,6341.0,4.0,13447.0,13403.0,44.0,2020_2021 12월.xlsx
2021,2,라트비아,출항,39.0,39.0,0.0,80.0,80.0,0.0,2020_2021 12월.xlsx
2021,2,러시아,출항,9186.0,8786.0,400.0,19423.0,18749.0,674.0,2020_2021 12월.xlsx
2021,2,레바논,출항,81.0,81.0,0.0,200.0,200.0,0.0,2020_2021 12월.xlsx
2021,2,레위니옹,출항,13.0,13.0,0.0,13.0,13.0,0.0,2020_2021 12월.xlsx
2021,2,루마니아,출항,163.0,163.0,0.0,541.0,541.0,0.0,2020_2021 12월.xlsx
2021,2,리비아,출항,42.0,42.0,0.0,69.0,69.0,0.0,2020_2021 12월.xlsx
2021,2,리투아니아,출항,186.0,186.0,0.0,407.0,407.0,0.0,2020_2021 12월.xlsx
2021,2,마다가스카르,출항,14.0,14.0,0.0,23.0,23.0,0.0,2020_2021 12월.xlsx
2021,2,마샬 제도,출항,58.0,12.0,46.0,85.0,39.0,46.0,2020_2021 12월.xlsx
2021,2,마요트,출항,,,,2.0,2.0,0.0,2020_2021 12월.xlsx
2021,2,말레이시아,출항,9823.75,9718.75,105.0,16827.0,16514.0,313.0,2020_2021 12월.xlsx
2021,2,멕시코,출항,13625.0,13327.0,298.0,29374.0,28432.0,942.0,2020_2021 12월.xlsx
2021,2,모로코,출항,206.0,206.0,0.0,336.0,336.0,0.0,2020_2021 12월.xlsx
2021,2,모리셔스,출항,4.0,4.0,0.0,11.0,11.0,0.0,2020_2021 12월.xlsx
2021,2,모리타니,출항,2.0,2.0,0.0,4.0,4.0,0.0,2020_2021 12월.xlsx
2021,2,모잠비크,출항,47.0,47.0,0.0,125.0,125.0,0.0,2020_2021 12월.xlsx
2021,2,몬테네그로,출항,4.0,4.0,0.0,4.0,4.0,0.0,2020_2021 12월.xlsx
2021,2,몰디브,출항,15.0,15.0,0.0,16.0,16.0,0.0,2020_2021 12월.xlsx
2021,2,몰타,출항,510.0,510.0,0.0,570.0,530.0,40.0,2020_2021 12월.xlsx
2021,2,미국,출항,77243.25,76496.25,747.0,145535.5,144511.5,1024.0,2020_2021 12월.xlsx
2021,2,미얀마,출항,21.0,21.0,0.0,98.0,98.0,0.0,2020_2021 12월.xlsx
2021,2,미크로네시아,출항,52.0,44.0,8.0,56.0,46.0,10.0,2020_2021 12월.xlsx
2021,2,바누아투,출항,17.0,4.0,13.0,29.0,12.0,17.0,2020_2021 12월.xlsx
2021,2,바레인,출항,28.0,28.0,0.0,79.0,79.0,0.0,2020_2021 12월.xlsx
2021,2,바베이도스,출항,1.0,1.0,0.0,11.0,11.0,0.0,2020_2021 12월.xlsx
2021,2,바하마,출항,1094.0,0.0,1094.0,3593.0,5.0,3588.0,2020_2021 12월.xlsx
2021,2,방글라데시,출항,118.0,118.0,0.0,141.0,141.0,0.0,2020_2021 12월.xlsx
2021,2,베냉,출항,,,,3.0,3.0,0.0,2020_2021 12월.xlsx
2021,2,베네수엘라,출항,22.0,22.0,0.0,34.0,34.0,0.0,2020_2021 12월.xlsx
2021,2,베트남,출항,18900.5,17722.5,1178.0,43283.75,41193.75,2090.0,2020_2021 12월.xlsx
2021,2,벨기에,출항,799.0,795.0,4.0,2708.0,2696.0,12.0,2020_2021 12월.xlsx
2021,2,벨리즈,출항,,,,3.0,3.0,0.0,2020_2021 12월.xlsx
2021,2,북마리아나 제도,출항,91.0,91.0,0.0,151.0,151.0,0.0,2020_2021 12월.xlsx
2021,2,불가리아,출항,51.0,51.0,0.0,100.0,100.0,0.0,2020_2021 12월.xlsx
2021,2,브라질,출항,4123.0,4123.0,0.0,11136.0,11134.0,2.0,2020_2021 12월.xlsx
2021,2,사모아,출항,6.0,4.0,2.0,14.0,12.0,2.0,2020_2021 12월.xlsx
2021,2,사우디아라비아,출항,3177.0,3177.0,0.0,6319.75,6319.75,0.0,2020_2021 12월.xlsx
2021,2,세네갈,출항,14.0,14.0,0.0,42.0,30.0,12.0,2020_2021 12월.xlsx
2021,2,세이셸,출항,5.0,5.0,0.0,13.0,13.0,0.0,2020_2021 12월.xlsx
2021,2,세인트루시아,출항,3.0,3.0,0.0,10.0,10.0,0.0,2020_2021 12월.xlsx
2021,2,세인트키츠 네비스,출항,1.0,1.0,0.0,1.0,1.0,0.0,2020_2021 12월.xlsx
2021,2,소말리아,출항,6.0,6.0,0.0,6.0,6.0,0.0,2020_2021 12월.xlsx
2021,2,솔로몬제도,출항,24.0,24.0,0.0,34.0,34.0,0.0,2020_2021 12월.xlsx
2021,2,수리남,출항,3.0,3.0,0.0,4.0,4.0,0.0,2020_2021 12월.xlsx
2021,2,스리랑카,출항,679.0,679.0,0.0,1573.0,1573.0,0.0,2020_2021 12월.xlsx
2021,2,스웨덴,출항,359.0,359.0,0.0,637.0,637.0,0.0,2020_2021 12월.xlsx
2021,2,스페인,출항,2525.0,2397.0,128.0,5646.0,5496.0,150.0,2020_2021 12월.xlsx
2021,2,슬로베니아,출항,9296.0,9182.0,114.0,17470.5,17350.5,120.0,2020_2021 12월.xlsx
2021,2,시리아,출항,10.0,10.0,0.0,63.0,63.0,0.0,2020_2021 12월.xlsx
2021,2,싱가포르,출항,5371.0,5205.0,166.0,13008.25,12633.0,375.25,2020_2021 12월.xlsx
2021,2,아랍에미리트연합국,출항,5266.0,5257.0,9.0,10001.25,9964.25,37.0,2020_2021 12월.xlsx
2021,2,아루바,출항,,,,1.0,1.0,0.0,2020_2021 12월.xlsx
2021,2,아르헨티나,출항,458.0,458.0,0.0,951.0,951.0,0.0,2020_2021 12월.xlsx
2021,2,아메리칸사모아,출항,44.0,44.0,0.0,101.0,101.0,0.0,2020_2021 12월.xlsx
2021,2,아이티,출항,24.0,24.0,0.0,32.0,32.0,0.0,2020_2021 12월.xlsx
2021,2,아일랜드,출항,15.0,15.0,0.0,53.0,53.0,0.0,2020_2021 12월.xlsx
2021,2,알바니아,출항,7.0,7.0,0.0,32.0,32.0,0.0,2020_2021 12월.xlsx
2021,2,알제리,출항,112.75,112.75,0.0,174.75,174.75,0.0,2020_2021 12월.xlsx
2021,2,앙골라,출항,75.0,75.0,0.0,172.0,172.0,0.0,2020_2021 12월.xlsx
2021,2,앤틸리스제도,출항,5.0,5.0,0.0,7.0,7.0,0.0,2020_2021 12월.xlsx
2021,2,에스토니아,출항,24.0,24.0,0.0,46.0,46.0,0.0,2020_2021 12월.xlsx
2021,2,에콰도르,출항,3446.0,494.0,2952.0,4569.0,959.0,3610.0,2020_2021 12월.xlsx
2021,2,엘살바도르,출항,74.0,74.0,0.0,108.0,108.0,0.0,2020_2021 12월.xlsx
2021,2,영국,출항,1777.0,1777.0,0.0,4402.0,4314.0,88.0,2020_2021 12월.xlsx
2021,2,영국령 버진아일랜드,출항,1.0,1.0,0.0,1.0,1.0,0.0,2020_2021 12월.xlsx
2021,2,예멘,출항,11.0,11.0,0.0,59.0,59.0,0.0,2020_2021 12월.xlsx
2021,2,오만,출항,213.0,213.0,0.0,430.0,430.0,0.0,2020_2021 12월.xlsx
2021,2,온두라스,출항,344.0,46.0,298.0,378.0,80.0,298.0,2020_2021 12월.xlsx
2021,2,요르단,출항,154.0,154.0,0.0,458.0,458.0,0.0,2020_2021 12월.xlsx
2021,2,우루과이,출항,99.0,99.0,0.0,437.0,437.0,0.0,2020_2021 12월.xlsx
2021,2,우크라이나,출항,47.0,47.0,0.0,175.25,167.25,8.0,2020_2021 12월.xlsx
2021,2,이라크,출항,140.0,140.0,0.0,267.0,267.0,0.0,2020_2021 12월.xlsx
2021,2,이란,출항,1.0,1.0,0.0,1.0,1.0,0.0,2020_2021 12월.xlsx
2021,2,이스라엘,출항,1183.0,1165.0,18.0,2174.0,2135.0,39.0,2020_2021 12월.xlsx
2021,2,이집트,출항,3328.0,3150.0,178.0,6927.0,6743.0,184.0,2020_2021 12월.xlsx
2021,2,이탈리아,출항,2973.0,2960.0,13.0,7157.0,7126.0,31.0,2020_2021 12월.xlsx
2021,2,인도,출항,14130.0,14123.0,7.0,28496.0,28473.0,23.0,2020_2021 12월.xlsx
2021,2,인도네시아,출항,8204.5,8200.5,4.0,17643.25,17636.25,7.0,2020_2021 12월.xlsx
2021,2,일본,출항,32711.5,25368.5,7343.0,65647.5,52602.5,13045.0,2020_2021 12월.xlsx
2021,2,자메이카,출항,168.0,168.0,0.0,723.0,315.0,408.0,2020_2021 12월.xlsx
2021,2,조지아,출항,4.0,4.0,0.0,15.0,15.0,0.0,2020_2021 12월.xlsx
2021,2,중국,출항,75024.75,44713.5,30311.25,172875.75,96896.25,75979.5,2020_2021 12월.xlsx
2021,2,지부티,출항,12.0,12.0,0.0,48.0,48.0,0.0,2020_2021 12월.xlsx
2021,2,칠레,출항,1580.0,1489.0,91.0,3306.0,3083.0,223.0,2020_2021 12월.xlsx
2021,2,카메룬,출항,7.0,7.0,0.0,21.0,21.0,0.0,2020_2021 12월.xlsx
2021,2,카타르,출항,468.5,452.5,16.0,933.75,903.75,30.0,2020_2021 12월.xlsx
2021,2,캄보디아,출항,246.0,246.0,0.0,649.0,649.0,0.0,2020_2021 12월.xlsx
2021,2,캐나다,출항,9592.0,9592.0,0.0,20629.0,20629.0,0.0,2020_2021 12월.xlsx
2021,2,케냐,출항,105.0,105.0,0.0,185.0,185.0,0.0,2020_2021 12월.xlsx
2021,2,케이맨 제도,출항,1.0,1.0,0.0,1.0,1.0,0.0,2020_2021 12월.xlsx
2021,2,코스타리카,출항,93.0,89.0,4.0,133.0,129.0,4.0,2020_2021 12월.xlsx
2021,2,코트디부아르,출항,48.0,48.0,0.0,116.0,116.0,0.0,2020_2021 12월.xlsx
2021,2,콜롬비아,출항,1372.0,1364.0,8.0,2574.0,2566.0,8.0,2020_2021 12월.xlsx
2021,2,콩고,출항,6.0,6.0,0.0,13.0,13.0,0.0,2020_2021 12월.xlsx
2021,2,콩고 민주 공화국,출항,,,,26.0,26.0,0.0,2020_2021 12월.xlsx
2021,2,쿠바,출항,8.0,8.0,0.0,8.0,8.0,0.0,2020_2021 12월.xlsx
2021,2,쿠웨이트,출항,139.0,139.0,0.0,258.0,258.0,0.0,2020_2021 12월.xlsx
2021,2,크로아티아,출항,947.0,947.0,0.0,1694.0,1694.0,0.0,2020_2021 12월.xlsx
2021,2,키리바시,출항,5.0,5.0,0.0,10.0,10.0,0.0,2020_2021 12월.xlsx
2021,2,키프로스,출항,5.0,5.0,0.0,5.0,5.0,0.0,2020_2021 12월.xlsx
2021,2,탄자니아,출항,24.0,24.0,0.0,44.0,44.0,0.0,2020_2021 12월.xlsx
2021,2,태국,출항,8972.0,8591.0,381.0,17971.75,17177.75,794.0,2020_2021 12월.xlsx
2021,2,토고,출항,128.0,128.0,0.0,330.0,330.0,0.0,2020_2021 12월.xlsx
2021,2,튀니지,출항,64.0,64.0,0.0,98.0,98.0,0.0,2020_2021 12월.xlsx
2021,2,튀르키예,출항,6541.0,6541.0,0.0,13060.0,13060.0,0.0,2020_2021 12월.xlsx
2021,2,트리니다드 토바고,출항,28.0,28.0,0.0,53.0,53.0,0.0,2020_2021 12월.xlsx
2021,2,파나마,출항,2362.0,1476.0,886.0,4136.0,2458.0,1678.0,2020_2021 12월.xlsx
2021,2,파키스탄,출항,1676.25,1676.25,0.0,3611.25,3611.25,0.0,2020_2021 12월.xlsx
2021,2,파푸아 뉴기니,출항,181.0,153.0,28.0,217.0,189.0,28.0,2020_2021 12월.xlsx
2021,2,팔라우,출항,9.0,7.0,2.0,13.0,11.0,2.0,2020_2021 12월.xlsx
2021,2,페루,출항,2094.0,1096.0,998.0,3101.0,2093.0,1008.0,2020_2021 12월.xlsx
2021,2,포르투갈,출항,158.0,158.0,0.0,386.0,386.0,0.0,2020_2021 12월.xlsx
2021,2,폴란드,출항,312.0,312.0,0.0,968.75,968.75,0.0,2020_2021 12월.xlsx
2021,2,푸에르토리코,출항,20.0,20.0,0.0,30.0,30.0,0.0,2020_2021 12월.xlsx
2021,2,프랑스,출항,1216.0,1212.0,4.0,2795.25,2756.25,39.0,2020_2021 12월.xlsx
2021,2,프랑스령 기아나,출항,2.0,2.0,0.0,3.0,3.0,0.0,2020_2021 12월.xlsx
2021,2,프랑스령 폴리네시아,출항,6.0,6.0,0.0,9.0,9.0,0.0,2020_2021 12월.xlsx
2021,2,피지,출항,14.0,14.0,0.0,60.0,60.0,0.0,2020_2021 12월.xlsx
2021,2,핀란드,출항,30.0,30.0,0.0,74.0,74.0,0.0,2020_2021 12월.xlsx
2021,2,필리핀,출항,4257.0,4257.0,0.0,8038.0,8038.0,0.0,2020_2021 12월.xlsx
2021,2,헝가리,출항,,,,28.0,28.0,0.0,2020_2021 12월.xlsx
2021,2,호주,출항,3971.0,3819.0,152.0,10132.25,9820.25,312.0,2020_2021 12월.xlsx
2021,2,홍콩,출항,5046.5,4672.5,374.0,11558.75,10657.75,901.0,2020_2021 12월.xlsx
2021,2,가나,출항환적,21.0,21.0,0.0,100.0,100.0,0.0,2020_2021 12월.xlsx
2021,2,가봉,출항환적,3.0,3.0,0.0,3.0,3.0,0.0,2020_2021 12월.xlsx
2021,2,가이아나,출항환적,113.0,113.0,0.0,326.0,326.0,0.0,2020_2021 12월.xlsx
2021,2,과들루프,출항환적,27.0,27.0,0.0,29.0,29.0,0.0,2020_2021 12월.xlsx
2021,2,과테말라,출항환적,1296.0,1296.0,0.0,3275.0,3275.0,0.0,2020_2021 12월.xlsx
2021,2,괌,출항환적,501.25,501.25,0.0,787.25,787.25,0.0,2020_2021 12월.xlsx
2021,2,그레나다,출항환적,9.0,9.0,0.0,27.0,27.0,0.0,2020_2021 12월.xlsx
2021,2,그리스,출항환적,561.0,561.0,0.0,1418.0,1418.0,0.0,2020_2021 12월.xlsx
2021,2,기니,출항환적,12.0,12.0,0.0,16.0,16.0,0.0,2020_2021 12월.xlsx
2021,2,나미비아,출항환적,46.0,46.0,0.0,128.0,128.0,0.0,2020_2021 12월.xlsx
2021,2,나우루,출항환적,15.0,15.0,0.0,21.0,21.0,0.0,2020_2021 12월.xlsx
2021,2,나이지리아,출항환적,201.0,201.0,0.0,353.0,353.0,0.0,2020_2021 12월.xlsx
2021,2,남아프리카,출항환적,289.0,289.0,0.0,408.0,408.0,0.0,2020_2021 12월.xlsx
2021,2,네덜란드,출항환적,2380.0,2380.0,0.0,4765.5,4765.5,0.0,2020_2021 12월.xlsx
2021,2,노르웨이,출항환적,3.0,3.0,0.0,14.0,14.0,0.0,2020_2021 12월.xlsx
2021,2,뉴질랜드,출항환적,1746.0,1391.0,355.0,2294.0,1933.0,361.0,2020_2021 12월.xlsx
2021,2,뉴칼레도니아,출항환적,457.0,457.0,0.0,791.0,788.0,3.0,2020_2021 12월.xlsx
2021,2,니카라과,출항환적,157.0,157.0,0.0,423.0,423.0,0.0,2020_2021 12월.xlsx
2021,2,대만,출항환적,4683.5,4670.0,13.5,9498.5,9483.0,15.5,2020_2021 12월.xlsx
2021,2,대한민국,출항환적,16848.25,16812.25,36.0,32568.0,32432.0,136.0,2020_2021 12월.xlsx
2021,2,덴마크,출항환적,15.0,15.0,0.0,132.0,132.0,0.0,2020_2021 12월.xlsx
2021,2,도미니카 공화국,출항환적,1503.0,1503.0,0.0,3278.25,3228.25,50.0,2020_2021 12월.xlsx
2021,2,도미니카 연방,출항환적,22.0,22.0,0.0,41.0,41.0,0.0,2020_2021 12월.xlsx
2021,2,독일,출항환적,1508.0,1508.0,0.0,3551.0,3551.0,0.0,2020_2021 12월.xlsx
2021,2,라트비아,출항환적,5.0,5.0,0.0,10.0,10.0,0.0,2020_2021 12월.xlsx
2021,2,러시아,출항환적,17646.25,17280.25,366.0,36506.5,35808.5,698.0,2020_2021 12월.xlsx
2021,2,레바논,출항환적,232.5,232.5,0.0,617.75,617.75,0.0,2020_2021 12월.xlsx
2021,2,레위니옹,출항환적,1.0,1.0,0.0,1.0,1.0,0.0,2020_2021 12월.xlsx
2021,2,루마니아,출항환적,141.0,141.0,0.0,426.0,426.0,0.0,2020_2021 12월.xlsx
2021,2,리비아,출항환적,128.0,128.0,0.0,128.0,128.0,0.0,2020_2021 12월.xlsx
2021,2,마다가스카르,출항환적,7.0,7.0,0.0,8.0,8.0,0.0,2020_2021 12월.xlsx
2021,2,마르티니크,출항환적,37.0,37.0,0.0,42.0,42.0,0.0,2020_2021 12월.xlsx
2021,2,마샬 제도,출항환적,90.0,90.0,0.0,205.0,205.0,0.0,2020_2021 12월.xlsx
2021,2,말레이시아,출항환적,3989.0,3887.0,102.0,6409.0,6296.0,113.0,2020_2021 12월.xlsx
2021,2,멕시코,출항환적,22390.0,22156.0,234.0,51712.0,51404.0,308.0,2020_2021 12월.xlsx
2021,2,모로코,출항환적,519.0,519.0,0.0,1154.0,1154.0,0.0,2020_2021 12월.xlsx
2021,2,모리셔스,출항환적,26.0,26.0,0.0,34.0,34.0,0.0,2020_2021 12월.xlsx
2021,2,모리타니,출항환적,11.0,11.0,0.0,11.0,11.0,0.0,2020_2021 12월.xlsx
2021,2,모잠비크,출항환적,30.0,30.0,0.0,30.0,30.0,0.0,2020_2021 12월.xlsx
2021,2,몬테네그로,출항환적,14.0,14.0,0.0,15.0,15.0,0.0,2020_2021 12월.xlsx
2021,2,몰디브,출항환적,1.0,1.0,0.0,9.0,9.0,0.0,2020_2021 12월.xlsx
2021,2,몰타,출항환적,21.0,21.0,0.0,25.5,25.5,0.0,2020_2021 12월.xlsx
2021,2,미국,출항환적,92671.5,92639.5,32.0,174672.5,174511.5,161.0,2020_2021 12월.xlsx
2021,2,미국령 버진아일랜드,출항환적,3.0,3.0,0.0,5.0,5.0,0.0,2020_2021 12월.xlsx
2021,2,미얀마,출항환적,42.0,42.0,0.0,99.0,99.0,0.0,2020_2021 12월.xlsx
2021,2,미크로네시아,출항환적,150.0,150.0,0.0,232.0,232.0,0.0,2020_2021 12월.xlsx
2021,2,바누아투,출항환적,334.0,334.0,0.0,649.0,649.0,0.0,2020_2021 12월.xlsx
2021,2,바레인,출항환적,3.0,3.0,0.0,5.0,5.0,0.0,2020_2021 12월.xlsx
2021,2,바베이도스,출항환적,75.0,75.0,0.0,159.0,159.0,0.0,2020_2021 12월.xlsx
2021,2,바하마,출항환적,3605.0,90.0,3515.0,11576.0,115.0,11461.0,2020_2021 12월.xlsx
2021,2,방글라데시,출항환적,22.0,22.0,0.0,65.0,65.0,0.0,2020_2021 12월.xlsx
2021,2,베냉,출항환적,7.0,7.0,0.0,8.0,8.0,0.0,2020_2021 12월.xlsx
2021,2,베네수엘라,출항환적,337.0,337.0,0.0,894.0,894.0,0.0,2020_2021 12월.xlsx
2021,2,베트남,출항환적,6617.25,6528.25,89.0,16060.25,15961.25,99.0,2020_2021 12월.xlsx
2021,2,벨기에,출항환적,728.0,728.0,0.0,1369.25,1369.25,0.0,2020_2021 12월.xlsx
2021,2,벨리즈,출항환적,14.0,14.0,0.0,61.0,61.0,0.0,2020_2021 12월.xlsx
2021,2,북마리아나 제도,출항환적,101.5,101.5,0.0,164.5,164.5,0.0,2020_2021 12월.xlsx
2021,2,불가리아,출항환적,31.0,31.0,0.0,49.0,49.0,0.0,2020_2021 12월.xlsx
2021,2,브라질,출항환적,3948.0,3948.0,0.0,10291.0,10291.0,0.0,2020_2021 12월.xlsx
2021,2,사모아,출항환적,345.0,345.0,0.0,724.0,724.0,0.0,2020_2021 12월.xlsx
2021,2,사우디아라비아,출항환적,1886.0,1886.0,0.0,3501.5,3501.5,0.0,2020_2021 12월.xlsx
2021,2,세네갈,출항환적,12.0,12.0,0.0,30.0,30.0,0.0,2020_2021 12월.xlsx
2021,2,세인트 빈센트 그레나딘,출항환적,3.0,3.0,0.0,10.0,10.0,0.0,2020_2021 12월.xlsx
2021,2,세인트루시아,출항환적,5.0,5.0,0.0,19.0,19.0,0.0,2020_2021 12월.xlsx
2021,2,세인트키츠 네비스,출항환적,14.0,14.0,0.0,18.0,18.0,0.0,2020_2021 12월.xlsx
2021,2,소말리아,출항환적,,,,12.0,12.0,0.0,2020_2021 12월.xlsx
2021,2,솔로몬제도,출항환적,281.0,281.0,0.0,553.0,553.0,0.0,2020_2021 12월.xlsx
2021,2,수단,출항환적,5.0,5.0,0.0,13.0,13.0,0.0,2020_2021 12월.xlsx
2021,2,수리남,출항환적,152.0,152.0,0.0,457.0,457.0,0.0,2020_2021 12월.xlsx
2021,2,스리랑카,출항환적,94.0,94.0,0.0,147.0,147.0,0.0,2020_2021 12월.xlsx
2021,2,스웨덴,출항환적,261.0,261.0,0.0,451.0,451.0,0.0,2020_2021 12월.xlsx
2021,2,스페인,출항환적,2432.0,2432.0,0.0,4134.0,4134.0,0.0,2020_2021 12월.xlsx
2021,2,슬로베니아,출항환적,369.0,369.0,0.0,1023.5,1023.5,0.0,2020_2021 12월.xlsx
2021,2,시리아,출항환적,31.0,31.0,0.0,110.0,110.0,0.0,2020_2021 12월.xlsx
2021,2,시에라 리온,출항환적,,,,2.0,2.0,0.0,2020_2021 12월.xlsx
2021,2,싱가포르,출항환적,4928.75,4237.75,691.0,10991.0,10089.0,902.0,2020_2021 12월.xlsx
2021,2,아랍에미리트연합국,출항환적,3744.0,3744.0,0.0,6944.0,6944.0,0.0,2020_2021 12월.xlsx
2021,2,아루바,출항환적,14.0,14.0,0.0,42.0,42.0,0.0,2020_2021 12월.xlsx
2021,2,아르헨티나,출항환적,769.0,769.0,0.0,1777.0,1777.0,0.0,2020_2021 12월.xlsx
2021,2,아메리칸사모아,출항환적,91.0,91.0,0.0,141.0,141.0,0.0,2020_2021 12월.xlsx
2021,2,아이티,출항환적,102.0,102.0,0.0,251.0,251.0,0.0,2020_2021 12월.xlsx
2021,2,아일랜드,출항환적,21.0,21.0,0.0,46.0,46.0,0.0,2020_2021 12월.xlsx
2021,2,알바니아,출항환적,3.0,3.0,0.0,4.0,4.0,0.0,2020_2021 12월.xlsx
2021,2,알제리,출항환적,294.5,294.5,0.0,328.5,328.5,0.0,2020_2021 12월.xlsx
2021,2,앙골라,출항환적,1.0,1.0,0.0,11.0,11.0,0.0,2020_2021 12월.xlsx
2021,2,앤티가 바부다,출항환적,15.0,15.0,0.0,23.0,23.0,0.0,2020_2021 12월.xlsx
2021,2,앤틸리스제도,출항환적,17.0,17.0,0.0,71.0,71.0,0.0,2020_2021 12월.xlsx
2021,2,앵귈라,출항환적,,,,2.0,2.0,0.0,2020_2021 12월.xlsx
2021,2,에스토니아,출항환적,,,,8.0,8.0,0.0,2020_2021 12월.xlsx
2021,2,에콰도르,출항환적,6044.0,2422.0,3622.0,9162.0,5488.0,3674.0,2020_2021 12월.xlsx
2021,2,엘살바도르,출항환적,449.0,449.0,0.0,889.0,889.0,0.0,2020_2021 12월.xlsx
2021,2,영국,출항환적,1456.0,1455.0,1.0,3363.0,3362.0,1.0,2020_2021 12월.xlsx
2021,2,영국령 버진아일랜드,출항환적,,,,4.0,4.0,0.0,2020_2021 12월.xlsx
2021,2,예멘,출항환적,1.0,1.0,0.0,9.0,9.0,0.0,2020_2021 12월.xlsx
2021,2,오만,출항환적,538.0,538.0,0.0,1038.5,1038.5,0.0,2020_2021 12월.xlsx
2021,2,온두라스,출항환적,670.0,208.0,462.0,892.0,430.0,462.0,2020_2021 12월.xlsx
2021,2,요르단,출항환적,227.0,227.0,0.0,465.0,465.0,0.0,2020_2021 12월.xlsx
2021,2,우루과이,출항환적,186.0,186.0,0.0,486.0,486.0,0.0,2020_2021 12월.xlsx
2021,2,우크라이나,출항환적,156.0,156.0,0.0,426.25,426.25,0.0,2020_2021 12월.xlsx
2021,2,이라크,출항환적,8.0,8.0,0.0,22.0,22.0,0.0,2020_2021 12월.xlsx
2021,2,이란,출항환적,14.0,14.0,0.0,14.0,14.0,0.0,2020_2021 12월.xlsx
2021,2,이스라엘,출항환적,1168.0,556.0,612.0,1760.0,1140.0,620.0,2020_2021 12월.xlsx
2021,2,이집트,출항환적,1112.0,992.0,120.0,2528.0,2356.0,172.0,2020_2021 12월.xlsx
2021,2,이탈리아,출항환적,1899.0,1899.0,0.0,3583.0,3572.0,11.0,2020_2021 12월.xlsx
2021,2,인도,출항환적,3436.0,3421.0,15.0,7476.25,7456.25,20.0,2020_2021 12월.xlsx
2021,2,인도네시아,출항환적,3648.0,3635.0,13.0,7909.0,7895.0,14.0,2020_2021 12월.xlsx
2021,2,일본,출항환적,73880.0,72659.0,1221.0,158294.0,156528.0,1766.0,2020_2021 12월.xlsx
2021,2,자메이카,출항환적,997.5,997.5,0.0,2220.75,2220.75,0.0,2020_2021 12월.xlsx
2021,2,적도 기니,출항환적,4.0,4.0,0.0,8.0,8.0,0.0,2020_2021 12월.xlsx
2021,2,조지아,출항환적,45.25,45.25,0.0,161.25,161.25,0.0,2020_2021 12월.xlsx
2021,2,중국,출항환적,71004.75,67883.75,3121.0,168805.0,158644.75,10160.25,2020_2021 12월.xlsx
2021,2,지부티,출항환적,3.0,3.0,0.0,6.0,6.0,0.0,2020_2021 12월.xlsx
2021,2,칠레,출항환적,17168.0,17084.0,84.0,35594.25,34998.25,596.0,2020_2021 12월.xlsx
2021,2,카메룬,출항환적,9.0,9.0,0.0,21.0,21.0,0.0,2020_2021 12월.xlsx
2021,2,카타르,출항환적,163.25,163.25,0.0,408.25,408.25,0.0,2020_2021 12월.xlsx
2021,2,캄보디아,출항환적,21.25,21.25,0.0,56.25,56.25,0.0,2020_2021 12월.xlsx
2021,2,캐나다,출항환적,26568.75,26568.75,0.0,57708.0,57594.0,114.0,2020_2021 12월.xlsx
2021,2,케냐,출항환적,30.0,30.0,0.0,54.0,54.0,0.0,2020_2021 12월.xlsx
2021,2,케이맨 제도,출항환적,,,,11.0,11.0,0.0,2020_2021 12월.xlsx
2021,2,코스타리카,출항환적,854.25,618.25,236.0,1523.25,1287.25,236.0,2020_2021 12월.xlsx
2021,2,코트디부아르,출항환적,13.0,13.0,0.0,72.0,72.0,0.0,2020_2021 12월.xlsx
2021,2,콜롬비아,출항환적,8791.25,8791.25,0.0,17235.0,17235.0,0.0,2020_2021 12월.xlsx
2021,2,콩고,출항환적,4.0,4.0,0.0,4.0,4.0,0.0,2020_2021 12월.xlsx
2021,2,콩고 민주 공화국,출항환적,2.0,2.0,0.0,2.0,2.0,0.0,2020_2021 12월.xlsx
2021,2,쿠바,출항환적,196.0,196.0,0.0,537.0,537.0,0.0,2020_2021 12월.xlsx
2021,2,쿠웨이트,출항환적,8.0,8.0,0.0,37.0,37.0,0.0,2020_2021 12월.xlsx
2021,2,쿡 제도,출항환적,1.0,1.0,0.0,1.0,1.0,0.0,2020_2021 12월.xlsx
2021,2,크로아티아,출항환적,53.0,53.0,0.0,315.5,315.5,0.0,2020_2021 12월.xlsx
2021,2,키리바시,출항환적,282.0,282.0,0.0,427.0,427.0,0.0,2020_2021 12월.xlsx
2021,2,키프로스,출항환적,6.0,6.0,0.0,9.0,9.0,0.0,2020_2021 12월.xlsx
2021,2,탄자니아,출항환적,21.0,21.0,0.0,29.0,29.0,0.0,2020_2021 12월.xlsx
2021,2,태국,출항환적,6542.0,6302.0,240.0,13196.0,12836.0,360.0,2020_2021 12월.xlsx
2021,2,토고,출항환적,2.0,2.0,0.0,3.0,3.0,0.0,2020_2021 12월.xlsx
2021,2,통가,출항환적,145.0,145.0,0.0,238.0,238.0,0.0,2020_2021 12월.xlsx
2021,2,튀니지,출항환적,35.0,35.0,0.0,55.0,55.0,0.0,2020_2021 12월.xlsx
2021,2,튀르키예,출항환적,2447.0,2447.0,0.0,4909.0,4909.0,0.0,2020_2021 12월.xlsx
2021,2,트리니다드 토바고,출항환적,319.0,319.0,0.0,653.0,653.0,0.0,2020_2021 12월.xlsx
2021,2,파나마,출항환적,3726.0,3725.0,1.0,6752.75,6483.75,269.0,2020_2021 12월.xlsx
2021,2,파라과이,출항환적,1.0,1.0,0.0,3.0,3.0,0.0,2020_2021 12월.xlsx
2021,2,파키스탄,출항환적,236.0,236.0,0.0,680.0,680.0,0.0,2020_2021 12월.xlsx
2021,2,파푸아 뉴기니,출항환적,822.0,822.0,0.0,989.0,989.0,0.0,2020_2021 12월.xlsx
2021,2,팔라우,출항환적,21.0,21.0,0.0,35.0,35.0,0.0,2020_2021 12월.xlsx
2021,2,페루,출항환적,7530.0,6420.0,1110.0,15602.0,14492.0,1110.0,2020_2021 12월.xlsx
2021,2,포르투갈,출항환적,8.0,8.0,0.0,14.0,14.0,0.0,2020_2021 12월.xlsx
2021,2,폴란드,출항환적,81.0,81.0,0.0,412.0,412.0,0.0,2020_2021 12월.xlsx
2021,2,푸에르토리코,출항환적,655.0,655.0,0.0,1137.0,1137.0,0.0,2020_2021 12월.xlsx
2021,2,프랑스,출항환적,1522.25,1522.25,0.0,2526.25,2525.25,1.0,2020_2021 12월.xlsx
2021,2,프랑스령 기아나,출항환적,7.0,7.0,0.0,16.0,16.0,0.0,2020_2021 12월.xlsx
2021,2,프랑스령 폴리네시아,출항환적,27.0,27.0,0.0,87.0,87.0,0.0,2020_2021 12월.xlsx
2021,2,피지,출항환적,661.0,661.0,0.0,1175.0,1175.0,0.0,2020_2021 12월.xlsx
2021,2,핀란드,출항환적,30.0,30.0,0.0,42.0,42.0,0.0,2020_2021 12월.xlsx
2021,2,필리핀,출항환적,5423.75,5423.75,0.0,10075.25,10075.25,0.0,2020_2021 12월.xlsx
2021,2,호주,출항환적,1885.0,1247.0,638.0,4377.0,3324.0,1053.0,2020_2021 12월.xlsx
2021,2,홍콩,출항환적,2158.0,2158.0,0.0,4135.0,4035.0,100.0,2020_2021 12월.xlsx
2021,3,가나,입항,16.0,14.0,2.0,45.0,43.0,2.0,2020_2021 11월.xlsx
2021,3,감비아,입항,4.0,4.0,0.0,6.0,6.0,0.0,2020_2021 11월.xlsx
2021,3,과테말라,입항,653.25,359.0,294.25,1161.25,813.0,348.25,2020_2021 11월.xlsx
2021,3,괌,입항,269.0,155.0,114.0,1031.25,325.0,706.25,2020_2021 11월.xlsx
2021,3,그리스,입항,1355.0,526.0,829.0,4290.0,1131.0,3159.0,2020_2021 11월.xlsx
2021,3,기니,입항,188.0,188.0,0.0,383.0,383.0,0.0,2020_2021 11월.xlsx
2021,3,기니비사우,입항,4.0,4.0,0.0,20.0,20.0,0.0,2020_2021 11월.xlsx
2021,3,나미비아,입항,4.0,4.0,0.0,49.0,49.0,0.0,2020_2021 11월.xlsx
2021,3,나이지리아,입항,44.0,44.0,0.0,98.0,98.0,0.0,2020_2021 11월.xlsx
2021,3,남아프리카,입항,976.0,899.0,77.0,2131.0,1989.0,142.0,2020_2021 11월.xlsx
2021,3,네덜란드,입항,6781.75,6368.75,413.0,20935.0,18075.0,2860.0,2020_2021 11월.xlsx
2021,3,노르웨이,입항,1056.0,1056.0,0.0,2651.0,2633.0,18.0,2020_2021 11월.xlsx
2021,3,뉴질랜드,입항,1996.0,1921.0,75.0,6958.0,6297.0,661.0,2020_2021 11월.xlsx
2021,3,뉴칼레도니아,입항,152.0,21.0,131.0,744.0,41.0,703.0,2020_2021 11월.xlsx
2021,3,니카라과,입항,37.0,37.0,0.0,73.0,73.0,0.0,2020_2021 11월.xlsx
2021,3,대만,입항,8806.5,4412.0,4394.5,22734.5,14033.0,8701.5,2020_2021 11월.xlsx
2021,3,대한민국,입항,9617.0,0.0,9617.0,24644.0,0.0,24644.0,2020_2021 11월.xlsx
2021,3,덴마크,입항,1009.0,1009.0,0.0,2826.0,2826.0,0.0,2020_2021 11월.xlsx
2021,3,도미니카 공화국,입항,66.0,66.0,0.0,178.0,171.0,7.0,2020_2021 11월.xlsx
2021,3,독일,입항,6888.0,6709.0,179.0,23157.25,21237.25,1920.0,2020_2021 11월.xlsx
2021,3,라이베리아,입항,5.0,5.0,0.0,10.0,10.0,0.0,2020_2021 11월.xlsx
2021,3,라트비아,입항,736.0,736.0,0.0,2558.0,2558.0,0.0,2020_2021 11월.xlsx
2021,3,러시아,입항,11123.0,4612.0,6511.0,24504.0,10388.0,14116.0,2020_2021 11월.xlsx
2021,3,레바논,입항,129.0,129.0,0.0,318.0,308.0,10.0,2020_2021 11월.xlsx
2021,3,레위니옹,입항,1.0,1.0,0.0,7.0,7.0,0.0,2020_2021 11월.xlsx
2021,3,루마니아,입항,561.0,311.0,250.0,1320.0,650.0,670.0,2020_2021 11월.xlsx
2021,3,리비아,입항,104.0,104.0,0.0,126.0,126.0,0.0,2020_2021 11월.xlsx
2021,3,리투아니아,입항,316.0,316.0,0.0,927.5,923.5,4.0,2020_2021 11월.xlsx
2021,3,마다가스카르,입항,9.0,9.0,0.0,19.0,19.0,0.0,2020_2021 11월.xlsx
2021,3,마샬 제도,입항,404.0,1.0,403.0,1241.0,4.0,1237.0,2020_2021 11월.xlsx
2021,3,말레이시아,입항,8858.75,5616.0,3242.75,23867.75,15580.0,8287.75,2020_2021 11월.xlsx
2021,3,멕시코,입항,10733.0,3208.0,7525.0,25544.0,7730.0,17814.0,2020_2021 11월.xlsx
2021,3,모로코,입항,510.0,235.0,275.0,1365.0,496.0,869.0,2020_2021 11월.xlsx
2021,3,모리셔스,입항,13.0,13.0,0.0,22.0,22.0,0.0,2020_2021 11월.xlsx
2021,3,모리타니,입항,22.0,22.0,0.0,31.0,31.0,0.0,2020_2021 11월.xlsx
2021,3,모잠비크,입항,21.0,21.0,0.0,301.0,301.0,0.0,2020_2021 11월.xlsx
2021,3,몬테네그로,입항,101.0,101.0,0.0,226.0,226.0,0.0,2020_2021 11월.xlsx
2021,3,몰타,입항,108.0,0.0,108.0,214.0,81.0,133.0,2020_2021 11월.xlsx
2021,3,미국,입항,63886.75,43353.25,20533.5,179012.5,115923.0,63089.5,2020_2021 11월.xlsx
2021,3,미얀마,입항,296.0,296.0,0.0,1228.0,1220.0,8.0,2020_2021 11월.xlsx
2021,3,미크로네시아,입항,2.0,0.0,2.0,20.0,10.0,10.0,2020_2021 11월.xlsx
2021,3,바누아투,입항,6.0,0.0,6.0,342.0,2.0,340.0,2020_2021 11월.xlsx
2021,3,바레인,입항,260.0,260.0,0.0,635.0,635.0,0.0,2020_2021 11월.xlsx
2021,3,바하마,입항,1.0,1.0,0.0,3.0,3.0,0.0,2020_2021 11월.xlsx
2021,3,방글라데시,입항,854.0,854.0,0.0,2064.0,1997.0,67.0,2020_2021 11월.xlsx
2021,3,베냉,입항,4.0,0.0,4.0,4.0,0.0,4.0,2020_2021 11월.xlsx
2021,3,베네수엘라,입항,30.0,30.0,0.0,94.0,94.0,0.0,2020_2021 11월.xlsx
2021,3,베트남,입항,16254.0,13668.0,2586.0,42900.5,37121.0,5779.5,2020_2021 11월.xlsx
2021,3,벨기에,입항,2737.75,2735.75,2.0,8991.0,8215.0,776.0,2020_2021 11월.xlsx
2021,3,북마리아나 제도,입항,1203.75,3.0,1200.75,3014.0,24.0,2990.0,2020_2021 11월.xlsx
2021,3,불가리아,입항,45.0,45.0,0.0,333.0,333.0,0.0,2020_2021 11월.xlsx
2021,3,브라질,입항,2887.0,2000.0,887.0,10353.0,6229.0,4124.0,2020_2021 11월.xlsx
2021,3,브루나이,입항,3.0,3.0,0.0,9.0,9.0,0.0,2020_2021 11월.xlsx
2021,3,사모아,입항,109.0,1.0,108.0,201.0,4.0,197.0,2020_2021 11월.xlsx
2021,3,사우디아라비아,입항,2217.0,910.0,1307.0,4740.0,1856.0,2884.0,2020_2021 11월.xlsx
2021,3,세네갈,입항,63.0,63.0,0.0,136.0,136.0,0.0,2020_2021 11월.xlsx
2021,3,세르비아,입항,,,,2.0,2.0,0.0,2020_2021 11월.xlsx
2021,3,세이셸,입항,12.0,12.0,0.0,12.0,12.0,0.0,2020_2021 11월.xlsx
2021,3,솔로몬제도,입항,,,,28.0,0.0,28.0,2020_2021 11월.xlsx
2021,3,수단,입항,22.0,22.0,0.0,65.0,65.0,0.0,2020_2021 11월.xlsx
2021,3,수리남,입항,41.0,41.0,0.0,93.0,93.0,0.0,2020_2021 11월.xlsx
2021,3,스리랑카,입항,428.0,401.0,27.0,973.0,907.0,66.0,2020_2021 11월.xlsx
2021,3,스웨덴,입항,1336.0,1336.0,0.0,3545.0,3509.0,36.0,2020_2021 11월.xlsx
2021,3,스위스,입항,3.0,3.0,0.0,8.0,8.0,0.0,2020_2021 11월.xlsx
2021,3,스페인,입항,4400.25,3632.0,768.25,10897.25,9627.0,1270.25,2020_2021 11월.xlsx
2021,3,슬로베니아,입항,1348.5,1334.5,14.0,3728.25,3673.25,55.0,2020_2021 11월.xlsx
2021,3,시에라 리온,입항,28.0,28.0,0.0,49.0,49.0,0.0,2020_2021 11월.xlsx
2021,3,싱가포르,입항,7674.5,3432.0,4242.5,18360.5,9314.0,9046.5,2020_2021 11월.xlsx
2021,3,아랍에미리트연합국,입항,4752.0,1345.0,3407.0,15948.25,3936.0,12012.25,2020_2021 11월.xlsx
2021,3,아루바,입항,,,,1.0,1.0,0.0,2020_2021 11월.xlsx
2021,3,아르헨티나,입항,563.0,144.0,419.0,1832.0,480.0,1352.0,2020_2021 11월.xlsx
2021,3,아메리칸사모아,입항,19.0,19.0,0.0,249.0,57.0,192.0,2020_2021 11월.xlsx
2021,3,아이티,입항,5.0,5.0,0.0,8.0,8.0,0.0,2020_2021 11월.xlsx
2021,3,아일랜드,입항,129.0,129.0,0.0,473.0,473.0,0.0,2020_2021 11월.xlsx
2021,3,알바니아,입항,,,,196.0,196.0,0.0,2020_2021 11월.xlsx
2021,3,알제리,입항,1.0,1.0,0.0,2.0,2.0,0.0,2020_2021 11월.xlsx
2021,3,앙골라,입항,32.0,32.0,0.0,37.0,37.0,0.0,2020_2021 11월.xlsx
2021,3,앤틸리스제도,입항,2.0,2.0,0.0,4.0,4.0,0.0,2020_2021 11월.xlsx
2021,3,에스토니아,입항,300.0,298.0,2.0,842.0,840.0,2.0,2020_2021 11월.xlsx
2021,3,에콰도르,입항,1371.0,519.0,852.0,2910.0,970.0,1940.0,2020_2021 11월.xlsx
2021,3,엘살바도르,입항,139.0,120.0,19.0,1396.0,227.0,1169.0,2020_2021 11월.xlsx
2021,3,영국,입항,1893.0,1711.0,182.0,5593.25,4455.25,1138.0,2020_2021 11월.xlsx
2021,3,예멘,입항,186.0,186.0,0.0,371.0,371.0,0.0,2020_2021 11월.xlsx
2021,3,오만,입항,1055.0,420.0,635.0,3312.0,1061.0,2251.0,2020_2021 11월.xlsx
2021,3,온두라스,입항,110.0,110.0,0.0,213.0,213.0,0.0,2020_2021 11월.xlsx
2021,3,요르단,입항,177.0,177.0,0.0,540.0,492.0,48.0,2020_2021 11월.xlsx
2021,3,우루과이,입항,491.0,175.0,316.0,673.0,303.0,370.0,2020_2021 11월.xlsx
2021,3,우크라이나,입항,1487.0,226.0,1261.0,2096.0,764.0,1332.0,2020_2021 11월.xlsx
2021,3,이라크,입항,,,,16.0,0.0,16.0,2020_2021 11월.xlsx
2021,3,이란,입항,,,,42.0,2.0,40.0,2020_2021 11월.xlsx
2021,3,이스라엘,입항,453.0,443.0,10.0,1625.0,1445.0,180.0,2020_2021 11월.xlsx
2021,3,이집트,입항,2327.0,540.0,1787.0,5071.5,1112.0,3959.5,2020_2021 11월.xlsx
2021,3,이탈리아,입항,7144.5,5460.5,1684.0,16211.0,14246.0,1965.0,2020_2021 11월.xlsx
2021,3,인도,입항,12454.25,7565.25,4889.0,35478.75,20192.25,15286.5,2020_2021 11월.xlsx
2021,3,인도네시아,입항,8006.0,6875.25,1130.75,22567.75,17559.0,5008.75,2020_2021 11월.xlsx
2021,3,일본,입항,71455.0,23642.0,47813.0,198817.5,62117.5,136700.0,2020_2021 11월.xlsx
2021,3,자메이카,입항,1037.0,10.0,1027.0,3377.0,31.0,3346.0,2020_2021 11월.xlsx
2021,3,적도 기니,입항,,,,3.0,3.0,0.0,2020_2021 11월.xlsx
2021,3,조지아,입항,10.0,10.0,0.0,29.0,29.0,0.0,2020_2021 11월.xlsx
2021,3,중국,입항,137467.0,85616.0,51851.0,318188.0,222946.0,95242.0,2020_2021 11월.xlsx
2021,3,지부티,입항,108.0,108.0,0.0,212.0,212.0,0.0,2020_2021 11월.xlsx
2021,3,체코,입항,3.0,3.0,0.0,7.0,7.0,0.0,2020_2021 11월.xlsx
2021,3,칠레,입항,5481.0,5451.0,30.0,20416.0,16274.0,4142.0,2020_2021 11월.xlsx
2021,3,카메룬,입항,2.0,2.0,0.0,4.0,4.0,0.0,2020_2021 11월.xlsx
2021,3,카타르,입항,675.0,565.0,110.0,1586.0,1350.0,236.0,2020_2021 11월.xlsx
2021,3,캄보디아,입항,139.0,139.0,0.0,507.0,507.0,0.0,2020_2021 11월.xlsx
2021,3,캐나다,입항,13683.25,5814.25,7869.0,28709.5,14841.5,13868.0,2020_2021 11월.xlsx
2021,3,케냐,입항,72.0,72.0,0.0,132.0,132.0,0.0,2020_2021 11월.xlsx
2021,3,코스타리카,입항,139.0,132.0,7.0,263.0,253.0,10.0,2020_2021 11월.xlsx
2021,3,코트디부아르,입항,16.0,13.0,3.0,21.0,18.0,3.0,2020_2021 11월.xlsx
2021,3,콜롬비아,입항,1717.0,634.0,1083.0,3033.0,1462.0,1571.0,2020_2021 11월.xlsx
2021,3,콩고,입항,3.0,3.0,0.0,18.0,18.0,0.0,2020_2021 11월.xlsx
2021,3,콩고 민주 공화국,입항,5.0,5.0,0.0,17.0,17.0,0.0,2020_2021 11월.xlsx
2021,3,쿠바,입항,,,,10.0,10.0,0.0,2020_2021 11월.xlsx
2021,3,쿠웨이트,입항,65.0,65.0,0.0,226.0,222.0,4.0,2020_2021 11월.xlsx
2021,3,퀴라소,입항,10.0,10.0,0.0,10.0,10.0,0.0,2020_2021 11월.xlsx
2021,3,크로아티아,입항,205.0,204.0,1.0,533.0,528.0,5.0,2020_2021 11월.xlsx
2021,3,키리바시,입항,2.0,0.0,2.0,10.0,1.0,9.0,2020_2021 11월.xlsx
2021,3,키프로스,입항,7.0,7.0,0.0,30.0,30.0,0.0,2020_2021 11월.xlsx
2021,3,탄자니아,입항,443.0,443.0,0.0,1141.0,1141.0,0.0,2020_2021 11월.xlsx
2021,3,태국,입항,6807.25,6643.0,164.25,20465.75,19545.0,920.75,2020_2021 11월.xlsx
2021,3,토고,입항,38.0,38.0,0.0,64.0,64.0,0.0,2020_2021 11월.xlsx
2021,3,통가,입항,40.0,0.0,40.0,87.0,7.0,80.0,2020_2021 11월.xlsx
2021,3,튀니지,입항,56.0,56.0,0.0,220.0,220.0,0.0,2020_2021 11월.xlsx
2021,3,튀르키예,입항,3358.25,1851.25,1507.0,7084.75,5007.75,2077.0,2020_2021 11월.xlsx
2021,3,트리니다드 토바고,입항,51.0,51.0,0.0,144.0,144.0,0.0,2020_2021 11월.xlsx
2021,3,파나마,입항,235.0,66.0,169.0,1818.0,154.0,1664.0,2020_2021 11월.xlsx
2021,3,파라과이,입항,35.0,35.0,0.0,88.0,88.0,0.0,2020_2021 11월.xlsx
2021,3,파키스탄,입항,1897.0,579.0,1318.0,6661.0,1631.0,5030.0,2020_2021 11월.xlsx
2021,3,파푸아 뉴기니,입항,41.0,41.0,0.0,95.0,95.0,0.0,2020_2021 11월.xlsx
2021,3,팔라우,입항,,,,1.0,1.0,0.0,2020_2021 11월.xlsx
2021,3,페루,입항,1912.0,1733.0,179.0,6089.0,4876.0,1213.0,2020_2021 11월.xlsx
2021,3,포르투갈,입항,227.0,225.0,2.0,778.0,775.0,3.0,2020_2021 11월.xlsx
2021,3,폴란드,입항,994.0,994.0,0.0,3080.5,3075.5,5.0,2020_2021 11월.xlsx
2021,3,푸에르토리코,입항,157.0,157.0,0.0,439.0,439.0,0.0,2020_2021 11월.xlsx
2021,3,프랑스,입항,2923.0,2665.0,258.0,8431.0,7522.0,909.0,2020_2021 11월.xlsx
2021,3,프랑스령 폴리네시아,입항,3.0,3.0,0.0,484.0,10.0,474.0,2020_2021 11월.xlsx
2021,3,피지,입항,61.0,9.0,52.0,396.0,36.0,360.0,2020_2021 11월.xlsx
2021,3,핀란드,입항,1275.0,1275.0,0.0,2723.0,2709.0,14.0,2020_2021 11월.xlsx
2021,3,필리핀,입항,5667.0,2749.0,2918.0,13374.0,6837.0,6537.0,2020_2021 11월.xlsx
2021,3,헝가리,입항,4.0,4.0,0.0,52.0,52.0,0.0,2020_2021 11월.xlsx
2021,3,호주,입항,17590.0,7542.0,10048.0,41942.0,18491.0,23451.0,2020_2021 11월.xlsx
2021,3,홍콩,입항,4582.75,3662.0,920.75,12351.75,10462.0,1889.75,2020_2021 11월.xlsx
2021,3,가나,입항환적,13.0,13.0,0.0,75.0,75.0,0.0,2020_2021 11월.xlsx
2021,3,가봉,입항환적,,,,86.0,86.0,0.0,2020_2021 11월.xlsx
2021,3,가이아나,입항환적,346.0,346.0,0.0,622.0,622.0,0.0,2020_2021 11월.xlsx
2021,3,과테말라,입항환적,758.0,758.0,0.0,1790.0,1788.0,2.0,2020_2021 11월.xlsx
2021,3,괌,입항환적,234.25,234.25,0.0,587.75,578.75,9.0,2020_2021 11월.xlsx
2021,3,그리스,입항환적,448.0,448.0,0.0,899.0,899.0,0.0,2020_2021 11월.xlsx
2021,3,기니,입항환적,,,,14.0,14.0,0.0,2020_2021 11월.xlsx
2021,3,나이지리아,입항환적,79.0,79.0,0.0,189.0,189.0,0.0,2020_2021 11월.xlsx
2021,3,남아프리카,입항환적,333.0,333.0,0.0,918.0,918.0,0.0,2020_2021 11월.xlsx
2021,3,네덜란드,입항환적,2921.0,2905.0,16.0,9045.0,9029.0,16.0,2020_2021 11월.xlsx
2021,3,노르웨이,입항환적,164.0,164.0,0.0,818.0,818.0,0.0,2020_2021 11월.xlsx
2021,3,뉴질랜드,입항환적,1394.0,1227.0,167.0,4125.0,3956.0,169.0,2020_2021 11월.xlsx
2021,3,뉴칼레도니아,입항환적,249.0,249.0,0.0,790.0,783.0,7.0,2020_2021 11월.xlsx
2021,3,니카라과,입항환적,341.0,341.0,0.0,793.0,793.0,0.0,2020_2021 11월.xlsx
2021,3,대만,입항환적,5003.25,4987.25,16.0,15286.0,15256.0,30.0,2020_2021 11월.xlsx
2021,3,대한민국,입항환적,8679.0,8519.0,160.0,29268.0,27689.0,1579.0,2020_2021 11월.xlsx
2021,3,덴마크,입항환적,349.0,349.0,0.0,1031.0,1007.0,24.0,2020_2021 11월.xlsx
2021,3,도미니카 공화국,입항환적,94.0,94.0,0.0,379.0,379.0,0.0,2020_2021 11월.xlsx
2021,3,독일,입항환적,2223.25,2223.25,0.0,7066.5,7058.5,8.0,2020_2021 11월.xlsx
2021,3,동티모르,입항환적,,,,4.0,4.0,0.0,2020_2021 11월.xlsx
2021,3,라이베리아,입항환적,,,,1.0,1.0,0.0,2020_2021 11월.xlsx
2021,3,라트비아,입항환적,155.0,155.0,0.0,810.0,810.0,0.0,2020_2021 11월.xlsx
2021,3,러시아,입항환적,23110.0,22705.0,405.0,46652.0,45625.0,1027.0,2020_2021 11월.xlsx
2021,3,레바논,입항환적,7.0,7.0,0.0,10.0,10.0,0.0,2020_2021 11월.xlsx
2021,3,루마니아,입항환적,462.0,462.0,0.0,1444.0,1444.0,0.0,2020_2021 11월.xlsx
2021,3,리비아,입항환적,2.0,2.0,0.0,2.0,2.0,0.0,2020_2021 11월.xlsx
2021,3,리투아니아,입항환적,85.0,85.0,0.0,164.0,163.0,1.0,2020_2021 11월.xlsx
2021,3,마다가스카르,입항환적,4.0,4.0,0.0,7.0,7.0,0.0,2020_2021 11월.xlsx
2021,3,마샬 제도,입항환적,84.0,84.0,0.0,171.0,169.0,2.0,2020_2021 11월.xlsx
2021,3,말레이시아,입항환적,8359.0,8357.0,2.0,23921.75,23370.75,551.0,2020_2021 11월.xlsx
2021,3,멕시코,입항환적,5540.5,5391.0,149.5,13220.0,12654.0,566.0,2020_2021 11월.xlsx
2021,3,모로코,입항환적,69.0,67.0,2.0,234.0,232.0,2.0,2020_2021 11월.xlsx
2021,3,모리셔스,입항환적,52.0,52.0,0.0,129.0,129.0,0.0,2020_2021 11월.xlsx
2021,3,모리타니,입항환적,31.0,31.0,0.0,44.0,44.0,0.0,2020_2021 11월.xlsx
2021,3,모잠비크,입항환적,72.0,72.0,0.0,159.0,159.0,0.0,2020_2021 11월.xlsx
2021,3,몬테네그로,입항환적,,,,6.0,6.0,0.0,2020_2021 11월.xlsx
2021,3,몰타,입항환적,6.0,6.0,0.0,323.0,323.0,0.0,2020_2021 11월.xlsx
2021,3,미국,입항환적,45608.75,44543.75,1065.0,126787.75,121288.75,5499.0,2020_2021 11월.xlsx
2021,3,미얀마,입항환적,274.0,274.0,0.0,645.0,635.0,10.0,2020_2021 11월.xlsx
2021,3,미크로네시아,입항환적,2.0,1.0,1.0,4.0,3.0,1.0,2020_2021 11월.xlsx
2021,3,바누아투,입항환적,1.0,0.0,1.0,29.0,9.0,20.0,2020_2021 11월.xlsx
2021,3,바레인,입항환적,25.0,25.0,0.0,133.0,133.0,0.0,2020_2021 11월.xlsx
2021,3,바하마,입항환적,7.0,7.0,0.0,11.0,11.0,0.0,2020_2021 11월.xlsx
2021,3,방글라데시,입항환적,504.0,504.0,0.0,1578.75,1578.75,0.0,2020_2021 11월.xlsx
2021,3,베네수엘라,입항환적,94.0,94.0,0.0,298.0,298.0,0.0,2020_2021 11월.xlsx
2021,3,베트남,입항환적,8426.0,8419.0,7.0,26931.5,26910.5,21.0,2020_2021 11월.xlsx
2021,3,벨기에,입항환적,1392.0,1392.0,0.0,4763.0,4763.0,0.0,2020_2021 11월.xlsx
2021,3,벨리즈,입항환적,376.0,376.0,0.0,534.0,534.0,0.0,2020_2021 11월.xlsx
2021,3,북마리아나 제도,입항환적,184.0,2.0,182.0,216.0,2.0,214.0,2020_2021 11월.xlsx
2021,3,불가리아,입항환적,96.0,96.0,0.0,267.0,267.0,0.0,2020_2021 11월.xlsx
2021,3,브라질,입항환적,7028.0,7028.0,0.0,18970.0,17858.0,1112.0,2020_2021 11월.xlsx
2021,3,브루나이,입항환적,36.0,36.0,0.0,81.0,81.0,0.0,2020_2021 11월.xlsx
2021,3,사모아,입항환적,4.0,4.0,0.0,28.0,28.0,0.0,2020_2021 11월.xlsx
2021,3,사우디아라비아,입항환적,603.0,603.0,0.0,2123.0,2123.0,0.0,2020_2021 11월.xlsx
2021,3,세네갈,입항환적,21.0,21.0,0.0,25.0,25.0,0.0,2020_2021 11월.xlsx
2021,3,세이셸,입항환적,,,,4.0,4.0,0.0,2020_2021 11월.xlsx
2021,3,세인트루시아,입항환적,,,,12.0,12.0,0.0,2020_2021 11월.xlsx
2021,3,소말리아,입항환적,,,,1.0,1.0,0.0,2020_2021 11월.xlsx
2021,3,솔로몬제도,입항환적,4.0,4.0,0.0,10.0,10.0,0.0,2020_2021 11월.xlsx
2021,3,수단,입항환적,377.0,377.0,0.0,537.0,537.0,0.0,2020_2021 11월.xlsx
2021,3,수리남,입항환적,12.0,12.0,0.0,123.0,123.0,0.0,2020_2021 11월.xlsx
2021,3,스리랑카,입항환적,418.0,418.0,0.0,1085.25,1085.25,0.0,2020_2021 11월.xlsx
2021,3,스웨덴,입항환적,644.0,644.0,0.0,1953.0,1953.0,0.0,2020_2021 11월.xlsx
2021,3,스페인,입항환적,2333.25,2333.25,0.0,5704.25,5704.25,0.0,2020_2021 11월.xlsx
2021,3,슬로베니아,입항환적,516.0,516.0,0.0,2086.0,2086.0,0.0,2020_2021 11월.xlsx
2021,3,시에라 리온,입항환적,,,,30.0,30.0,0.0,2020_2021 11월.xlsx
2021,3,싱가포르,입항환적,2686.0,2567.0,119.0,8254.5,6299.5,1955.0,2020_2021 11월.xlsx
2021,3,아랍에미리트연합국,입항환적,2415.0,2365.0,50.0,5568.25,5518.25,50.0,2020_2021 11월.xlsx
2021,3,아르헨티나,입항환적,951.0,946.0,5.0,2944.0,2933.0,11.0,2020_2021 11월.xlsx
2021,3,아메리칸사모아,입항환적,,,,4.0,4.0,0.0,2020_2021 11월.xlsx
2021,3,아이티,입항환적,18.0,18.0,0.0,18.0,18.0,0.0,2020_2021 11월.xlsx
2021,3,아일랜드,입항환적,44.0,44.0,0.0,215.0,215.0,0.0,2020_2021 11월.xlsx
2021,3,알바니아,입항환적,52.0,52.0,0.0,164.0,164.0,0.0,2020_2021 11월.xlsx
2021,3,앙골라,입항환적,8.0,8.0,0.0,8.0,8.0,0.0,2020_2021 11월.xlsx
2021,3,에스토니아,입항환적,35.0,35.0,0.0,89.0,89.0,0.0,2020_2021 11월.xlsx
2021,3,에콰도르,입항환적,4418.0,4418.0,0.0,11040.0,10980.0,60.0,2020_2021 11월.xlsx
2021,3,엘살바도르,입항환적,154.0,154.0,0.0,300.0,292.0,8.0,2020_2021 11월.xlsx
2021,3,영국,입항환적,765.0,765.0,0.0,1884.0,1884.0,0.0,2020_2021 11월.xlsx
2021,3,예멘,입항환적,,,,4.0,4.0,0.0,2020_2021 11월.xlsx
2021,3,오만,입항환적,708.0,708.0,0.0,1529.0,1529.0,0.0,2020_2021 11월.xlsx
2021,3,온두라스,입항환적,72.0,72.0,0.0,224.0,224.0,0.0,2020_2021 11월.xlsx
2021,3,요르단,입항환적,28.0,28.0,0.0,79.0,79.0,0.0,2020_2021 11월.xlsx
2021,3,우루과이,입항환적,520.0,520.0,0.0,1450.0,1450.0,0.0,2020_2021 11월.xlsx
2021,3,우크라이나,입항환적,580.0,580.0,0.0,2276.0,2096.0,180.0,2020_2021 11월.xlsx
2021,3,원양어획지역,입항환적,216.0,216.0,0.0,276.0,276.0,0.0,2020_2021 11월.xlsx
2021,3,이스라엘,입항환적,311.0,311.0,0.0,1453.0,764.0,689.0,2020_2021 11월.xlsx
2021,3,이집트,입항환적,853.0,853.0,0.0,2030.0,2029.0,1.0,2020_2021 11월.xlsx
2021,3,이탈리아,입항환적,3167.0,2969.0,198.0,7667.0,7406.0,261.0,2020_2021 11월.xlsx
2021,3,인도,입항환적,6241.25,6234.25,7.0,15035.75,14688.75,347.0,2020_2021 11월.xlsx
2021,3,인도네시아,입항환적,14678.5,14676.5,2.0,35531.25,35521.25,10.0,2020_2021 11월.xlsx
2021,3,일본,입항환적,73599.0,69338.0,4261.0,183279.5,170411.5,12868.0,2020_2021 11월.xlsx
2021,3,자메이카,입항환적,,,,6.0,1.0,5.0,2020_2021 11월.xlsx
2021,3,조지아,입항환적,24.0,24.0,0.0,71.0,71.0,0.0,2020_2021 11월.xlsx
2021,3,중국,입항환적,202772.0,192819.25,9952.75,639468.5,618172.25,21296.25,2020_2021 11월.xlsx
2021,3,지부티,입항환적,10.0,10.0,0.0,59.0,59.0,0.0,2020_2021 11월.xlsx
2021,3,칠레,입항환적,8364.0,8354.0,10.0,26971.0,26930.0,41.0,2020_2021 11월.xlsx
2021,3,카메룬,입항환적,,,,54.0,54.0,0.0,2020_2021 11월.xlsx
2021,3,카타르,입항환적,405.0,405.0,0.0,639.0,639.0,0.0,2020_2021 11월.xlsx
2021,3,캄보디아,입항환적,560.0,560.0,0.0,1332.0,1332.0,0.0,2020_2021 11월.xlsx
2021,3,캐나다,입항환적,15714.75,15666.75,48.0,39934.0,39886.0,48.0,2020_2021 11월.xlsx
2021,3,케냐,입항환적,131.0,131.0,0.0,214.0,214.0,0.0,2020_2021 11월.xlsx
2021,3,코스타리카,입항환적,582.0,582.0,0.0,1393.0,1393.0,0.0,2020_2021 11월.xlsx
2021,3,코트디부아르,입항환적,1.0,1.0,0.0,46.0,46.0,0.0,2020_2021 11월.xlsx
2021,3,콜롬비아,입항환적,715.0,685.0,30.0,1507.0,1473.0,34.0,2020_2021 11월.xlsx
2021,3,쿠바,입항환적,10.0,10.0,0.0,201.0,201.0,0.0,2020_2021 11월.xlsx
2021,3,쿠웨이트,입항환적,8.0,8.0,0.0,34.0,34.0,0.0,2020_2021 11월.xlsx
2021,3,퀴라소,입항환적,2.0,2.0,0.0,10.0,10.0,0.0,2020_2021 11월.xlsx
2021,3,크로아티아,입항환적,93.0,93.0,0.0,281.0,280.0,1.0,2020_2021 11월.xlsx
2021,3,키리바시,입항환적,,,,4.0,4.0,0.0,2020_2021 11월.xlsx
2021,3,키프로스,입항환적,57.0,57.0,0.0,63.0,63.0,0.0,2020_2021 11월.xlsx
2021,3,탄자니아,입항환적,13.0,13.0,0.0,75.0,75.0,0.0,2020_2021 11월.xlsx
2021,3,태국,입항환적,9345.0,9314.0,31.0,25805.0,25771.0,34.0,2020_2021 11월.xlsx
2021,3,토고,입항환적,4.0,4.0,0.0,4.0,4.0,0.0,2020_2021 11월.xlsx
2021,3,튀니지,입항환적,3.0,3.0,0.0,33.0,33.0,0.0,2020_2021 11월.xlsx
2021,3,튀르키예,입항환적,3371.25,3371.25,0.0,8828.0,8828.0,0.0,2020_2021 11월.xlsx
2021,3,트리니다드 토바고,입항환적,16.0,16.0,0.0,17.0,17.0,0.0,2020_2021 11월.xlsx
2021,3,파나마,입항환적,225.0,225.0,0.0,2960.0,2114.0,846.0,2020_2021 11월.xlsx
2021,3,파라과이,입항환적,1.0,1.0,0.0,20.0,20.0,0.0,2020_2021 11월.xlsx
2021,3,파키스탄,입항환적,1118.5,1116.5,2.0,3162.5,3004.5,158.0,2020_2021 11월.xlsx
2021,3,파푸아 뉴기니,입항환적,10.0,10.0,0.0,16.0,16.0,0.0,2020_2021 11월.xlsx
2021,3,페루,입항환적,3280.0,3276.0,4.0,7687.0,7683.0,4.0,2020_2021 11월.xlsx
2021,3,포르투갈,입항환적,80.0,80.0,0.0,298.0,298.0,0.0,2020_2021 11월.xlsx
2021,3,폴란드,입항환적,141.0,141.0,0.0,491.0,491.0,0.0,2020_2021 11월.xlsx
2021,3,푸에르토리코,입항환적,177.0,177.0,0.0,307.0,307.0,0.0,2020_2021 11월.xlsx
2021,3,프랑스,입항환적,1920.0,1920.0,0.0,4603.0,4569.0,34.0,2020_2021 11월.xlsx
2021,3,프랑스령 폴리네시아,입항환적,,,,1.0,1.0,0.0,2020_2021 11월.xlsx
2021,3,피지,입항환적,10.0,10.0,0.0,114.0,114.0,0.0,2020_2021 11월.xlsx
2021,3,핀란드,입항환적,1398.0,1398.0,0.0,3412.0,3412.0,0.0,2020_2021 11월.xlsx
2021,3,필리핀,입항환적,7872.25,7415.25,457.0,19417.0,18660.0,757.0,2020_2021 11월.xlsx
2021,3,헝가리,입항환적,2.0,2.0,0.0,4.0,4.0,0.0,2020_2021 11월.xlsx
2021,3,호주,입항환적,7004.0,6964.0,40.0,17911.0,17868.0,43.0,2020_2021 11월.xlsx
2021,3,홍콩,입항환적,2239.0,2239.0,0.0,10415.0,9581.0,834.0,2020_2021 11월.xlsx
2021,3,가나,출항,432.0,432.0,0.0,733.0,733.0,0.0,2020_2021 11월.xlsx
2021,3,가봉,출항,11.0,11.0,0.0,14.0,14.0,0.0,2020_2021 11월.xlsx
2021,3,가이아나,출항,16.0,16.0,0.0,45.0,45.0,0.0,2020_2021 11월.xlsx
2021,3,과들루프,출항,2.0,2.0,0.0,4.0,4.0,0.0,2020_2021 11월.xlsx
2021,3,과테말라,출항,302.0,302.0,0.0,801.0,801.0,0.0,2020_2021 11월.xlsx
2021,3,괌,출항,182.25,162.25,20.0,551.75,499.75,52.0,2020_2021 11월.xlsx
2021,3,그레나다,출항,3.0,3.0,0.0,7.0,7.0,0.0,2020_2021 11월.xlsx
2021,3,그리스,출항,1020.5,1020.5,0.0,2837.5,2833.5,4.0,2020_2021 11월.xlsx
2021,3,기니,출항,27.0,27.0,0.0,36.0,36.0,0.0,2020_2021 11월.xlsx
2021,3,나미비아,출항,2.0,2.0,0.0,2.0,2.0,0.0,2020_2021 11월.xlsx
2021,3,나이지리아,출항,459.75,459.75,0.0,678.75,678.75,0.0,2020_2021 11월.xlsx
2021,3,남아프리카,출항,510.0,510.0,0.0,1009.0,1008.0,1.0,2020_2021 11월.xlsx
2021,3,네덜란드,출항,11194.0,11112.0,82.0,27680.0,27510.0,170.0,2020_2021 11월.xlsx
2021,3,노르웨이,출항,31.25,31.25,0.0,103.25,103.25,0.0,2020_2021 11월.xlsx
2021,3,뉴질랜드,출항,979.0,979.0,0.0,3171.0,3077.0,94.0,2020_2021 11월.xlsx
2021,3,뉴칼레도니아,출항,18.0,18.0,0.0,64.0,64.0,0.0,2020_2021 11월.xlsx
2021,3,니카라과,출항,28.0,28.0,0.0,81.0,81.0,0.0,2020_2021 11월.xlsx
2021,3,대만,출항,11760.75,11171.75,589.0,32966.5,31064.5,1902.0,2020_2021 11월.xlsx
2021,3,대한민국,출항,8638.0,33.0,8605.0,24872.0,223.0,24649.0,2020_2021 11월.xlsx
2021,3,덴마크,출항,146.0,146.0,0.0,343.0,343.0,0.0,2020_2021 11월.xlsx
2021,3,도미니카 공화국,출항,214.0,214.0,0.0,899.0,509.0,390.0,2020_2021 11월.xlsx
2021,3,독일,출항,8963.5,8919.5,44.0,22410.5,22322.5,88.0,2020_2021 11월.xlsx
2021,3,라트비아,출항,45.0,45.0,0.0,125.0,125.0,0.0,2020_2021 11월.xlsx
2021,3,러시아,출항,15349.25,15347.25,2.0,34772.25,34096.25,676.0,2020_2021 11월.xlsx
2021,3,레바논,출항,168.5,168.5,0.0,368.5,368.5,0.0,2020_2021 11월.xlsx
2021,3,레위니옹,출항,30.0,30.0,0.0,43.0,43.0,0.0,2020_2021 11월.xlsx
2021,3,루마니아,출항,399.0,399.0,0.0,940.0,940.0,0.0,2020_2021 11월.xlsx
2021,3,리비아,출항,210.0,210.0,0.0,279.0,279.0,0.0,2020_2021 11월.xlsx
2021,3,리투아니아,출항,219.0,219.0,0.0,626.0,626.0,0.0,2020_2021 11월.xlsx
2021,3,마다가스카르,출항,23.0,23.0,0.0,46.0,46.0,0.0,2020_2021 11월.xlsx
2021,3,마르티니크,출항,4.0,4.0,0.0,4.0,4.0,0.0,2020_2021 11월.xlsx
2021,3,마샬 제도,출항,74.0,20.0,54.0,159.0,59.0,100.0,2020_2021 11월.xlsx
2021,3,마요트,출항,,,,2.0,2.0,0.0,2020_2021 11월.xlsx
2021,3,말레이시아,출항,8279.5,8199.5,80.0,25106.5,24713.5,393.0,2020_2021 11월.xlsx
2021,3,멕시코,출항,16173.0,15465.0,708.0,45547.0,43897.0,1650.0,2020_2021 11월.xlsx
2021,3,모로코,출항,449.25,449.25,0.0,785.25,785.25,0.0,2020_2021 11월.xlsx
2021,3,모리셔스,출항,14.0,14.0,0.0,25.0,25.0,0.0,2020_2021 11월.xlsx
2021,3,모리타니,출항,3.0,3.0,0.0,7.0,7.0,0.0,2020_2021 11월.xlsx
2021,3,모잠비크,출항,170.0,170.0,0.0,295.0,295.0,0.0,2020_2021 11월.xlsx
2021,3,몬테네그로,출항,7.0,7.0,0.0,11.0,11.0,0.0,2020_2021 11월.xlsx
2021,3,몰디브,출항,3.0,3.0,0.0,19.0,19.0,0.0,2020_2021 11월.xlsx
2021,3,몰타,출항,929.0,929.0,0.0,1499.0,1459.0,40.0,2020_2021 11월.xlsx
2021,3,미국,출항,77576.0,76607.0,969.0,223111.5,221118.5,1993.0,2020_2021 11월.xlsx
2021,3,미얀마,출항,,,,98.0,98.0,0.0,2020_2021 11월.xlsx
2021,3,미크로네시아,출항,17.0,15.0,2.0,73.0,61.0,12.0,2020_2021 11월.xlsx
2021,3,바누아투,출항,6.0,6.0,0.0,35.0,18.0,17.0,2020_2021 11월.xlsx
2021,3,바레인,출항,25.0,25.0,0.0,104.0,104.0,0.0,2020_2021 11월.xlsx
2021,3,바베이도스,출항,1.0,1.0,0.0,12.0,12.0,0.0,2020_2021 11월.xlsx
2021,3,바하마,출항,2234.0,6.0,2228.0,5827.0,11.0,5816.0,2020_2021 11월.xlsx
2021,3,방글라데시,출항,140.0,140.0,0.0,281.0,281.0,0.0,2020_2021 11월.xlsx
2021,3,베냉,출항,11.0,11.0,0.0,14.0,14.0,0.0,2020_2021 11월.xlsx
2021,3,베네수엘라,출항,28.0,28.0,0.0,62.0,62.0,0.0,2020_2021 11월.xlsx
2021,3,베트남,출항,23336.0,23001.0,335.0,66619.75,64194.75,2425.0,2020_2021 11월.xlsx
2021,3,벨기에,출항,2335.25,2325.25,10.0,5043.25,5021.25,22.0,2020_2021 11월.xlsx
2021,3,벨리즈,출항,1.0,1.0,0.0,4.0,4.0,0.0,2020_2021 11월.xlsx
2021,3,북마리아나 제도,출항,77.0,77.0,0.0,228.0,228.0,0.0,2020_2021 11월.xlsx
2021,3,불가리아,출항,101.0,101.0,0.0,201.0,201.0,0.0,2020_2021 11월.xlsx
2021,3,브라질,출항,7159.0,7151.0,8.0,18295.0,18285.0,10.0,2020_2021 11월.xlsx
2021,3,사모아,출항,17.0,17.0,0.0,31.0,29.0,2.0,2020_2021 11월.xlsx
2021,3,사우디아라비아,출항,5150.25,5150.25,0.0,11470.0,11470.0,0.0,2020_2021 11월.xlsx
2021,3,세네갈,출항,66.0,66.0,0.0,108.0,96.0,12.0,2020_2021 11월.xlsx
2021,3,세이셸,출항,17.0,17.0,0.0,30.0,30.0,0.0,2020_2021 11월.xlsx
2021,3,세인트루시아,출항,5.0,5.0,0.0,15.0,15.0,0.0,2020_2021 11월.xlsx
2021,3,세인트키츠 네비스,출항,,,,1.0,1.0,0.0,2020_2021 11월.xlsx
2021,3,소말리아,출항,22.0,22.0,0.0,28.0,28.0,0.0,2020_2021 11월.xlsx
2021,3,솔로몬제도,출항,13.0,13.0,0.0,47.0,47.0,0.0,2020_2021 11월.xlsx
2021,3,수리남,출항,4.0,4.0,0.0,8.0,8.0,0.0,2020_2021 11월.xlsx
2021,3,스리랑카,출항,1380.0,1364.0,16.0,2953.0,2937.0,16.0,2020_2021 11월.xlsx
2021,3,스웨덴,출항,503.0,503.0,0.0,1140.0,1140.0,0.0,2020_2021 11월.xlsx
2021,3,스페인,출항,4258.0,4140.0,118.0,9904.0,9636.0,268.0,2020_2021 11월.xlsx
2021,3,슬로베니아,출항,10228.0,10224.0,4.0,27698.5,27574.5,124.0,2020_2021 11월.xlsx
2021,3,시리아,출항,29.0,29.0,0.0,92.0,92.0,0.0,2020_2021 11월.xlsx
2021,3,시에라 리온,출항,14.0,14.0,0.0,14.0,14.0,0.0,2020_2021 11월.xlsx
2021,3,싱가포르,출항,7963.25,7618.25,345.0,20971.5,20251.25,720.25,2020_2021 11월.xlsx
2021,3,아랍에미리트연합국,출항,6404.25,6319.25,85.0,16405.5,16283.5,122.0,2020_2021 11월.xlsx
2021,3,아루바,출항,,,,1.0,1.0,0.0,2020_2021 11월.xlsx
2021,3,아르헨티나,출항,833.0,833.0,0.0,1784.0,1784.0,0.0,2020_2021 11월.xlsx
2021,3,아메리칸사모아,출항,52.0,52.0,0.0,153.0,153.0,0.0,2020_2021 11월.xlsx
2021,3,아이티,출항,2.0,2.0,0.0,34.0,34.0,0.0,2020_2021 11월.xlsx
2021,3,아일랜드,출항,41.0,41.0,0.0,94.0,94.0,0.0,2020_2021 11월.xlsx
2021,3,알바니아,출항,11.0,11.0,0.0,43.0,43.0,0.0,2020_2021 11월.xlsx
2021,3,알제리,출항,185.0,185.0,0.0,359.75,359.75,0.0,2020_2021 11월.xlsx
2021,3,앙골라,출항,487.0,487.0,0.0,659.0,659.0,0.0,2020_2021 11월.xlsx
2021,3,앤틸리스제도,출항,3.0,3.0,0.0,10.0,10.0,0.0,2020_2021 11월.xlsx
2021,3,에스토니아,출항,48.0,48.0,0.0,94.0,94.0,0.0,2020_2021 11월.xlsx
2021,3,에콰도르,출항,1253.0,595.0,658.0,5822.0,1554.0,4268.0,2020_2021 11월.xlsx
2021,3,엘살바도르,출항,30.0,30.0,0.0,138.0,138.0,0.0,2020_2021 11월.xlsx
2021,3,영국,출항,2614.5,2613.5,1.0,7016.5,6927.5,89.0,2020_2021 11월.xlsx
2021,3,영국령 버진아일랜드,출항,,,,1.0,1.0,0.0,2020_2021 11월.xlsx
2021,3,예멘,출항,15.0,15.0,0.0,74.0,74.0,0.0,2020_2021 11월.xlsx
2021,3,오만,출항,215.0,215.0,0.0,645.0,645.0,0.0,2020_2021 11월.xlsx
2021,3,온두라스,출항,52.0,52.0,0.0,430.0,132.0,298.0,2020_2021 11월.xlsx
2021,3,요르단,출항,341.0,341.0,0.0,799.0,799.0,0.0,2020_2021 11월.xlsx
2021,3,우루과이,출항,330.0,330.0,0.0,767.0,767.0,0.0,2020_2021 11월.xlsx
2021,3,우크라이나,출항,182.0,180.0,2.0,357.25,347.25,10.0,2020_2021 11월.xlsx
2021,3,이라크,출항,206.0,206.0,0.0,473.0,473.0,0.0,2020_2021 11월.xlsx
2021,3,이란,출항,,,,1.0,1.0,0.0,2020_2021 11월.xlsx
2021,3,이스라엘,출항,1110.0,1090.0,20.0,3284.0,3225.0,59.0,2020_2021 11월.xlsx
2021,3,이집트,출항,4820.25,4722.25,98.0,11747.25,11465.25,282.0,2020_2021 11월.xlsx
2021,3,이탈리아,출항,4453.0,4453.0,0.0,11610.0,11579.0,31.0,2020_2021 11월.xlsx
2021,3,인도,출항,16574.0,16377.0,197.0,45070.0,44850.0,220.0,2020_2021 11월.xlsx
2021,3,인도네시아,출항,9361.25,9185.25,176.0,27004.5,26821.5,183.0,2020_2021 11월.xlsx
2021,3,일본,출항,40081.0,30627.5,9453.5,105728.5,83230.0,22498.5,2020_2021 11월.xlsx
2021,3,자메이카,출항,253.0,253.0,0.0,976.0,568.0,408.0,2020_2021 11월.xlsx
2021,3,조지아,출항,22.0,22.0,0.0,37.0,37.0,0.0,2020_2021 11월.xlsx
2021,3,중국,출항,101591.0,64017.0,37574.0,274466.75,160913.25,113553.5,2020_2021 11월.xlsx
2021,3,지부티,출항,,,,48.0,48.0,0.0,2020_2021 11월.xlsx
2021,3,칠레,출항,2381.0,2191.0,190.0,5687.0,5274.0,413.0,2020_2021 11월.xlsx
2021,3,카메룬,출항,46.0,46.0,0.0,67.0,67.0,0.0,2020_2021 11월.xlsx
2021,3,카타르,출항,479.5,459.5,20.0,1413.25,1363.25,50.0,2020_2021 11월.xlsx
2021,3,캄보디아,출항,394.0,394.0,0.0,1043.0,1043.0,0.0,2020_2021 11월.xlsx
2021,3,캐나다,출항,13594.25,13590.25,4.0,34223.25,34219.25,4.0,2020_2021 11월.xlsx
2021,3,케냐,출항,166.0,166.0,0.0,351.0,351.0,0.0,2020_2021 11월.xlsx
2021,3,케이맨 제도,출항,1.0,1.0,0.0,2.0,2.0,0.0,2020_2021 11월.xlsx
2021,3,코스타리카,출항,64.0,64.0,0.0,197.0,193.0,4.0,2020_2021 11월.xlsx
2021,3,코트디부아르,출항,223.0,223.0,0.0,339.0,339.0,0.0,2020_2021 11월.xlsx
2021,3,콜롬비아,출항,1580.0,1540.0,40.0,4154.0,4106.0,48.0,2020_2021 11월.xlsx
2021,3,콩고,출항,10.0,10.0,0.0,23.0,23.0,0.0,2020_2021 11월.xlsx
2021,3,콩고 민주 공화국,출항,43.0,43.0,0.0,69.0,69.0,0.0,2020_2021 11월.xlsx
2021,3,쿠바,출항,5.0,5.0,0.0,13.0,13.0,0.0,2020_2021 11월.xlsx
2021,3,쿠웨이트,출항,150.0,150.0,0.0,408.0,408.0,0.0,2020_2021 11월.xlsx
2021,3,크로아티아,출항,1031.5,1031.5,0.0,2725.5,2725.5,0.0,2020_2021 11월.xlsx
2021,3,키리바시,출항,6.0,6.0,0.0,16.0,16.0,0.0,2020_2021 11월.xlsx
2021,3,키프로스,출항,10.0,10.0,0.0,15.0,15.0,0.0,2020_2021 11월.xlsx
2021,3,탄자니아,출항,163.0,163.0,0.0,207.0,207.0,0.0,2020_2021 11월.xlsx
2021,3,태국,출항,9286.5,8841.5,445.0,27258.25,26019.25,1239.0,2020_2021 11월.xlsx
2021,3,토고,출항,156.0,156.0,0.0,486.0,486.0,0.0,2020_2021 11월.xlsx
2021,3,튀니지,출항,79.0,79.0,0.0,177.0,177.0,0.0,2020_2021 11월.xlsx
2021,3,튀르키예,출항,10768.5,10768.5,0.0,23828.5,23828.5,0.0,2020_2021 11월.xlsx
2021,3,트리니다드 토바고,출항,28.0,28.0,0.0,81.0,81.0,0.0,2020_2021 11월.xlsx
2021,3,파나마,출항,1782.0,1350.0,432.0,5918.0,3808.0,2110.0,2020_2021 11월.xlsx
2021,3,파라과이,출항,17.0,17.0,0.0,17.0,17.0,0.0,2020_2021 11월.xlsx
2021,3,파키스탄,출항,2479.25,2463.25,16.0,6090.5,6074.5,16.0,2020_2021 11월.xlsx
2021,3,파푸아 뉴기니,출항,167.0,131.0,36.0,384.0,320.0,64.0,2020_2021 11월.xlsx
2021,3,팔라우,출항,2.0,2.0,0.0,15.0,13.0,2.0,2020_2021 11월.xlsx
2021,3,페루,출항,1585.0,1427.0,158.0,4686.0,3520.0,1166.0,2020_2021 11월.xlsx
2021,3,포르투갈,출항,139.0,139.0,0.0,525.0,525.0,0.0,2020_2021 11월.xlsx
2021,3,폴란드,출항,469.0,469.0,0.0,1437.75,1437.75,0.0,2020_2021 11월.xlsx
2021,3,푸에르토리코,출항,18.0,18.0,0.0,48.0,48.0,0.0,2020_2021 11월.xlsx
2021,3,프랑스,출항,1678.0,1647.0,31.0,4473.25,4403.25,70.0,2020_2021 11월.xlsx
2021,3,프랑스령 기아나,출항,1.0,1.0,0.0,4.0,4.0,0.0,2020_2021 11월.xlsx
2021,3,프랑스령 폴리네시아,출항,31.0,3.0,28.0,40.0,12.0,28.0,2020_2021 11월.xlsx
2021,3,피지,출항,49.0,49.0,0.0,109.0,109.0,0.0,2020_2021 11월.xlsx
2021,3,핀란드,출항,128.0,128.0,0.0,202.0,202.0,0.0,2020_2021 11월.xlsx
2021,3,필리핀,출항,3777.25,3767.25,10.0,11815.25,11805.25,10.0,2020_2021 11월.xlsx
2021,3,헝가리,출항,,,,28.0,28.0,0.0,2020_2021 11월.xlsx
2021,3,호주,출항,5248.0,4978.0,270.0,15380.25,14798.25,582.0,2020_2021 11월.xlsx
2021,3,홍콩,출항,6981.25,6437.25,544.0,18540.0,17095.0,1445.0,2020_2021 11월.xlsx
2021,3,가나,출항환적,50.0,50.0,0.0,150.0,150.0,0.0,2020_2021 11월.xlsx
2021,3,가봉,출항환적,,,,3.0,3.0,0.0,2020_2021 11월.xlsx
2021,3,가이아나,출항환적,126.0,126.0,0.0,452.0,452.0,0.0,2020_2021 11월.xlsx
2021,3,감비아,출항환적,2.0,2.0,0.0,2.0,2.0,0.0,2020_2021 11월.xlsx
2021,3,과들루프,출항환적,4.0,4.0,0.0,33.0,33.0,0.0,2020_2021 11월.xlsx
2021,3,과테말라,출항환적,1414.0,1414.0,0.0,4689.0,4689.0,0.0,2020_2021 11월.xlsx
2021,3,괌,출항환적,231.25,231.25,0.0,1018.5,1018.5,0.0,2020_2021 11월.xlsx
2021,3,그레나다,출항환적,11.0,11.0,0.0,38.0,38.0,0.0,2020_2021 11월.xlsx
2021,3,그리스,출항환적,391.0,391.0,0.0,1809.0,1809.0,0.0,2020_2021 11월.xlsx
2021,3,기니,출항환적,8.0,8.0,0.0,24.0,24.0,0.0,2020_2021 11월.xlsx
2021,3,나미비아,출항환적,22.0,22.0,0.0,150.0,150.0,0.0,2020_2021 11월.xlsx
2021,3,나우루,출항환적,12.0,12.0,0.0,33.0,33.0,0.0,2020_2021 11월.xlsx
2021,3,나이지리아,출항환적,90.0,90.0,0.0,443.0,443.0,0.0,2020_2021 11월.xlsx
2021,3,남아프리카,출항환적,180.0,180.0,0.0,588.0,588.0,0.0,2020_2021 11월.xlsx
2021,3,네덜란드,출항환적,2638.0,2633.0,5.0,7403.5,7398.5,5.0,2020_2021 11월.xlsx
2021,3,노르웨이,출항환적,18.0,18.0,0.0,32.0,32.0,0.0,2020_2021 11월.xlsx
2021,3,뉴질랜드,출항환적,691.0,691.0,0.0,2985.0,2624.0,361.0,2020_2021 11월.xlsx
2021,3,뉴칼레도니아,출항환적,167.0,167.0,0.0,958.0,955.0,3.0,2020_2021 11월.xlsx
2021,3,니카라과,출항환적,88.0,88.0,0.0,511.0,511.0,0.0,2020_2021 11월.xlsx
2021,3,대만,출항환적,9006.0,8858.0,148.0,18504.5,18341.0,163.5,2020_2021 11월.xlsx
2021,3,대한민국,출항환적,21708.5,21656.5,52.0,54276.5,54088.5,188.0,2020_2021 11월.xlsx
2021,3,덴마크,출항환적,64.0,64.0,0.0,196.0,196.0,0.0,2020_2021 11월.xlsx
2021,3,도미니카 공화국,출항환적,1040.25,1040.25,0.0,4318.5,4268.5,50.0,2020_2021 11월.xlsx
2021,3,도미니카 연방,출항환적,8.0,8.0,0.0,49.0,49.0,0.0,2020_2021 11월.xlsx
2021,3,독일,출항환적,2077.25,2061.25,16.0,5628.25,5612.25,16.0,2020_2021 11월.xlsx
2021,3,라트비아,출항환적,11.0,11.0,0.0,21.0,21.0,0.0,2020_2021 11월.xlsx
2021,3,러시아,출항환적,34844.0,34372.0,472.0,71350.5,70180.5,1170.0,2020_2021 11월.xlsx
2021,3,레바논,출항환적,296.0,296.0,0.0,913.75,913.75,0.0,2020_2021 11월.xlsx
2021,3,레위니옹,출항환적,1.0,1.0,0.0,2.0,2.0,0.0,2020_2021 11월.xlsx
2021,3,루마니아,출항환적,247.0,247.0,0.0,673.0,673.0,0.0,2020_2021 11월.xlsx
2021,3,리비아,출항환적,64.0,64.0,0.0,192.0,192.0,0.0,2020_2021 11월.xlsx
2021,3,리투아니아,출항환적,7.0,7.0,0.0,7.0,7.0,0.0,2020_2021 11월.xlsx
2021,3,마다가스카르,출항환적,2.0,2.0,0.0,10.0,10.0,0.0,2020_2021 11월.xlsx
2021,3,마르티니크,출항환적,14.0,14.0,0.0,56.0,56.0,0.0,2020_2021 11월.xlsx
2021,3,마샬 제도,출항환적,114.0,114.0,0.0,319.0,319.0,0.0,2020_2021 11월.xlsx
2021,3,말레이시아,출항환적,4228.0,4192.0,36.0,10637.0,10488.0,149.0,2020_2021 11월.xlsx
2021,3,멕시코,출항환적,20341.0,19601.0,740.0,72053.0,71005.0,1048.0,2020_2021 11월.xlsx
2021,3,모로코,출항환적,317.0,317.0,0.0,1471.0,1471.0,0.0,2020_2021 11월.xlsx
2021,3,모리셔스,출항환적,4.0,4.0,0.0,38.0,38.0,0.0,2020_2021 11월.xlsx
2021,3,모리타니,출항환적,14.0,14.0,0.0,25.0,25.0,0.0,2020_2021 11월.xlsx
2021,3,모잠비크,출항환적,7.0,7.0,0.0,37.0,37.0,0.0,2020_2021 11월.xlsx
2021,3,몬테네그로,출항환적,3.0,3.0,0.0,18.0,18.0,0.0,2020_2021 11월.xlsx
2021,3,몰디브,출항환적,2.0,2.0,0.0,11.0,11.0,0.0,2020_2021 11월.xlsx
2021,3,몰타,출항환적,14.0,14.0,0.0,39.5,39.5,0.0,2020_2021 11월.xlsx
2021,3,미국,출항환적,82569.0,82412.0,157.0,257241.5,256923.5,318.0,2020_2021 11월.xlsx
2021,3,미국령 버진아일랜드,출항환적,4.0,4.0,0.0,9.0,9.0,0.0,2020_2021 11월.xlsx
2021,3,미얀마,출항환적,76.0,76.0,0.0,175.0,175.0,0.0,2020_2021 11월.xlsx
2021,3,미크로네시아,출항환적,91.0,91.0,0.0,323.0,323.0,0.0,2020_2021 11월.xlsx
2021,3,바누아투,출항환적,168.0,168.0,0.0,817.0,817.0,0.0,2020_2021 11월.xlsx
2021,3,바레인,출항환적,3.0,3.0,0.0,8.0,8.0,0.0,2020_2021 11월.xlsx
2021,3,바베이도스,출항환적,114.0,114.0,0.0,273.0,273.0,0.0,2020_2021 11월.xlsx
2021,3,바하마,출항환적,6290.25,117.0,6173.25,17866.25,232.0,17634.25,2020_2021 11월.xlsx
2021,3,방글라데시,출항환적,46.0,46.0,0.0,111.0,111.0,0.0,2020_2021 11월.xlsx
2021,3,베냉,출항환적,12.0,12.0,0.0,20.0,20.0,0.0,2020_2021 11월.xlsx
2021,3,베네수엘라,출항환적,581.0,581.0,0.0,1475.0,1475.0,0.0,2020_2021 11월.xlsx
2021,3,베트남,출항환적,8789.5,8761.5,28.0,24849.75,24722.75,127.0,2020_2021 11월.xlsx
2021,3,벨기에,출항환적,936.0,936.0,0.0,2305.25,2305.25,0.0,2020_2021 11월.xlsx
2021,3,벨리즈,출항환적,6.0,6.0,0.0,67.0,67.0,0.0,2020_2021 11월.xlsx
2021,3,북마리아나 제도,출항환적,67.25,67.25,0.0,231.75,231.75,0.0,2020_2021 11월.xlsx
2021,3,불가리아,출항환적,57.0,57.0,0.0,106.0,106.0,0.0,2020_2021 11월.xlsx
2021,3,브라질,출항환적,4763.0,4763.0,0.0,15054.0,15054.0,0.0,2020_2021 11월.xlsx
2021,3,사모아,출항환적,216.0,216.0,0.0,940.0,940.0,0.0,2020_2021 11월.xlsx
2021,3,사우디아라비아,출항환적,1612.5,1612.5,0.0,5114.0,5114.0,0.0,2020_2021 11월.xlsx
2021,3,세네갈,출항환적,7.0,7.0,0.0,37.0,37.0,0.0,2020_2021 11월.xlsx
2021,3,세인트 빈센트 그레나딘,출항환적,5.0,5.0,0.0,15.0,15.0,0.0,2020_2021 11월.xlsx
2021,3,세인트루시아,출항환적,6.0,6.0,0.0,25.0,25.0,0.0,2020_2021 11월.xlsx
2021,3,세인트키츠 네비스,출항환적,,,,18.0,18.0,0.0,2020_2021 11월.xlsx
2021,3,소말리아,출항환적,,,,12.0,12.0,0.0,2020_2021 11월.xlsx
2021,3,솔로몬제도,출항환적,,,,553.0,553.0,0.0,2020_2021 11월.xlsx
2021,3,수단,출항환적,36.0,36.0,0.0,49.0,49.0,0.0,2020_2021 11월.xlsx
2021,3,수리남,출항환적,112.0,112.0,0.0,569.0,569.0,0.0,2020_2021 11월.xlsx
2021,3,스리랑카,출항환적,384.0,384.0,0.0,531.0,531.0,0.0,2020_2021 11월.xlsx
2021,3,스웨덴,출항환적,129.0,129.0,0.0,580.0,580.0,0.0,2020_2021 11월.xlsx
2021,3,스페인,출항환적,1975.0,1875.0,100.0,6109.0,6009.0,100.0,2020_2021 11월.xlsx
2021,3,슬로베니아,출항환적,247.0,247.0,0.0,1270.5,1270.5,0.0,2020_2021 11월.xlsx
2021,3,시리아,출항환적,45.0,45.0,0.0,155.0,155.0,0.0,2020_2021 11월.xlsx
2021,3,시에라 리온,출항환적,17.0,17.0,0.0,19.0,19.0,0.0,2020_2021 11월.xlsx
2021,3,싱가포르,출항환적,6777.0,6722.0,55.0,17768.0,16811.0,957.0,2020_2021 11월.xlsx
2021,3,아랍에미리트연합국,출항환적,4040.75,3798.75,242.0,10984.75,10742.75,242.0,2020_2021 11월.xlsx
2021,3,아루바,출항환적,,,,42.0,42.0,0.0,2020_2021 11월.xlsx
2021,3,아르헨티나,출항환적,929.0,929.0,0.0,2706.0,2706.0,0.0,2020_2021 11월.xlsx
2021,3,아메리칸사모아,출항환적,51.0,51.0,0.0,192.0,192.0,0.0,2020_2021 11월.xlsx
2021,3,아이티,출항환적,124.0,124.0,0.0,375.0,375.0,0.0,2020_2021 11월.xlsx
2021,3,아일랜드,출항환적,13.0,13.0,0.0,59.0,59.0,0.0,2020_2021 11월.xlsx
2021,3,알바니아,출항환적,,,,4.0,4.0,0.0,2020_2021 11월.xlsx
2021,3,알제리,출항환적,180.0,180.0,0.0,508.5,508.5,0.0,2020_2021 11월.xlsx
2021,3,앙골라,출항환적,2.0,2.0,0.0,13.0,13.0,0.0,2020_2021 11월.xlsx
2021,3,앤티가 바부다,출항환적,11.0,11.0,0.0,34.0,34.0,0.0,2020_2021 11월.xlsx
2021,3,앤틸리스제도,출항환적,,,,71.0,71.0,0.0,2020_2021 11월.xlsx
2021,3,앵귈라,출항환적,,,,2.0,2.0,0.0,2020_2021 11월.xlsx
2021,3,에리트레아,출항환적,7.0,7.0,0.0,7.0,7.0,0.0,2020_2021 11월.xlsx
2021,3,에스토니아,출항환적,12.0,12.0,0.0,20.0,20.0,0.0,2020_2021 11월.xlsx
2021,3,에콰도르,출항환적,1804.0,1640.0,164.0,10966.0,7128.0,3838.0,2020_2021 11월.xlsx
2021,3,엘살바도르,출항환적,270.0,270.0,0.0,1159.0,1159.0,0.0,2020_2021 11월.xlsx
2021,3,영국,출항환적,1185.0,1185.0,0.0,4548.0,4547.0,1.0,2020_2021 11월.xlsx
2021,3,영국령 버진아일랜드,출항환적,,,,4.0,4.0,0.0,2020_2021 11월.xlsx
2021,3,예멘,출항환적,8.0,8.0,0.0,17.0,17.0,0.0,2020_2021 11월.xlsx
2021,3,오만,출항환적,385.0,385.0,0.0,1423.5,1423.5,0.0,2020_2021 11월.xlsx
2021,3,온두라스,출항환적,246.0,246.0,0.0,1138.0,676.0,462.0,2020_2021 11월.xlsx
2021,3,요르단,출항환적,235.0,235.0,0.0,700.0,700.0,0.0,2020_2021 11월.xlsx
2021,3,우루과이,출항환적,181.0,181.0,0.0,667.0,667.0,0.0,2020_2021 11월.xlsx
2021,3,우크라이나,출항환적,349.25,349.25,0.0,775.5,775.5,0.0,2020_2021 11월.xlsx
2021,3,원양어획지역,출항환적,6.0,6.0,0.0,6.0,6.0,0.0,2020_2021 11월.xlsx
2021,3,이라크,출항환적,30.0,30.0,0.0,52.0,52.0,0.0,2020_2021 11월.xlsx
2021,3,이란,출항환적,,,,14.0,14.0,0.0,2020_2021 11월.xlsx
2021,3,이스라엘,출항환적,711.0,615.0,96.0,2471.0,1755.0,716.0,2020_2021 11월.xlsx
2021,3,이집트,출항환적,1893.0,1545.0,348.0,4421.0,3901.0,520.0,2020_2021 11월.xlsx
2021,3,이탈리아,출항환적,1599.0,1599.0,0.0,5182.0,5171.0,11.0,2020_2021 11월.xlsx
2021,3,인도,출항환적,3259.0,3230.0,29.0,10735.25,10686.25,49.0,2020_2021 11월.xlsx
2021,3,인도네시아,출항환적,4629.0,4628.0,1.0,12538.0,12523.0,15.0,2020_2021 11월.xlsx
2021,3,일본,출항환적,87705.75,86923.75,782.0,245999.75,243451.75,2548.0,2020_2021 11월.xlsx
2021,3,자메이카,출항환적,921.25,920.25,1.0,3142.0,3141.0,1.0,2020_2021 11월.xlsx
2021,3,적도 기니,출항환적,,,,8.0,8.0,0.0,2020_2021 11월.xlsx
2021,3,조지아,출항환적,138.25,138.25,0.0,299.5,299.5,0.0,2020_2021 11월.xlsx
2021,3,중국,출항환적,103022.5,97227.75,5794.75,271827.5,255872.5,15955.0,2020_2021 11월.xlsx
2021,3,지부티,출항환적,,,,6.0,6.0,0.0,2020_2021 11월.xlsx
2021,3,칠레,출항환적,12098.0,11392.0,706.0,47692.25,46390.25,1302.0,2020_2021 11월.xlsx
2021,3,카메룬,출항환적,15.0,15.0,0.0,36.0,36.0,0.0,2020_2021 11월.xlsx
2021,3,카타르,출항환적,283.0,283.0,0.0,691.25,691.25,0.0,2020_2021 11월.xlsx
2021,3,캄보디아,출항환적,59.25,59.25,0.0,115.5,115.5,0.0,2020_2021 11월.xlsx
2021,3,캐나다,출항환적,31176.0,31176.0,0.0,88884.0,88770.0,114.0,2020_2021 11월.xlsx
2021,3,케냐,출항환적,55.0,55.0,0.0,109.0,109.0,0.0,2020_2021 11월.xlsx
2021,3,케이맨 제도,출항환적,2.0,2.0,0.0,13.0,13.0,0.0,2020_2021 11월.xlsx
2021,3,코스타리카,출항환적,482.0,482.0,0.0,2005.25,1769.25,236.0,2020_2021 11월.xlsx
2021,3,코트디부아르,출항환적,149.0,149.0,0.0,221.0,221.0,0.0,2020_2021 11월.xlsx
2021,3,콜롬비아,출항환적,5771.0,5771.0,0.0,23006.0,23006.0,0.0,2020_2021 11월.xlsx
2021,3,콩고,출항환적,,,,4.0,4.0,0.0,2020_2021 11월.xlsx
2021,3,콩고 민주 공화국,출항환적,2.0,2.0,0.0,4.0,4.0,0.0,2020_2021 11월.xlsx
2021,3,쿠바,출항환적,185.0,185.0,0.0,722.0,722.0,0.0,2020_2021 11월.xlsx
2021,3,쿠웨이트,출항환적,10.0,10.0,0.0,47.0,47.0,0.0,2020_2021 11월.xlsx
2021,3,쿡 제도,출항환적,,,,1.0,1.0,0.0,2020_2021 11월.xlsx
2021,3,크로아티아,출항환적,59.0,59.0,0.0,374.5,374.5,0.0,2020_2021 11월.xlsx
2021,3,키리바시,출항환적,167.0,167.0,0.0,594.0,594.0,0.0,2020_2021 11월.xlsx
2021,3,키프로스,출항환적,24.0,24.0,0.0,33.0,33.0,0.0,2020_2021 11월.xlsx
2021,3,탄자니아,출항환적,30.0,30.0,0.0,59.0,59.0,0.0,2020_2021 11월.xlsx
2021,3,태국,출항환적,6289.0,6189.0,100.0,19485.0,19025.0,460.0,2020_2021 11월.xlsx
2021,3,토고,출항환적,3.0,3.0,0.0,6.0,6.0,0.0,2020_2021 11월.xlsx
2021,3,통가,출항환적,65.0,65.0,0.0,303.0,303.0,0.0,2020_2021 11월.xlsx
2021,3,튀니지,출항환적,144.0,144.0,0.0,199.0,199.0,0.0,2020_2021 11월.xlsx
2021,3,튀르키예,출항환적,3114.0,3114.0,0.0,8023.0,8023.0,0.0,2020_2021 11월.xlsx
2021,3,트리니다드 토바고,출항환적,347.0,347.0,0.0,1000.0,1000.0,0.0,2020_2021 11월.xlsx
2021,3,파나마,출항환적,2679.0,2679.0,0.0,9431.75,9162.75,269.0,2020_2021 11월.xlsx
2021,3,파라과이,출항환적,4.0,4.0,0.0,7.0,7.0,0.0,2020_2021 11월.xlsx
2021,3,파키스탄,출항환적,608.0,608.0,0.0,1288.0,1288.0,0.0,2020_2021 11월.xlsx
2021,3,파푸아 뉴기니,출항환적,41.0,41.0,0.0,1030.0,1030.0,0.0,2020_2021 11월.xlsx
2021,3,팔라우,출항환적,4.0,4.0,0.0,39.0,39.0,0.0,2020_2021 11월.xlsx
2021,3,페루,출항환적,4517.0,4517.0,0.0,20119.0,19009.0,1110.0,2020_2021 11월.xlsx
2021,3,포르투갈,출항환적,58.0,58.0,0.0,72.0,72.0,0.0,2020_2021 11월.xlsx
2021,3,폴란드,출항환적,146.0,146.0,0.0,558.0,558.0,0.0,2020_2021 11월.xlsx
2021,3,푸에르토리코,출항환적,195.0,195.0,0.0,1332.0,1332.0,0.0,2020_2021 11월.xlsx
2021,3,프랑스,출항환적,1347.0,1347.0,0.0,3873.25,3872.25,1.0,2020_2021 11월.xlsx
2021,3,프랑스령 기아나,출항환적,15.0,15.0,0.0,31.0,31.0,0.0,2020_2021 11월.xlsx
2021,3,프랑스령 폴리네시아,출항환적,80.0,80.0,0.0,167.0,167.0,0.0,2020_2021 11월.xlsx
2021,3,피지,출항환적,440.0,440.0,0.0,1615.0,1615.0,0.0,2020_2021 11월.xlsx
2021,3,핀란드,출항환적,15.0,15.0,0.0,57.0,57.0,0.0,2020_2021 11월.xlsx
2021,3,필리핀,출항환적,6107.0,6107.0,0.0,16182.25,16182.25,0.0,2020_2021 11월.xlsx
2021,3,호주,출항환적,2451.0,2449.0,2.0,6828.0,5773.0,1055.0,2020_2021 11월.xlsx
2021,3,홍콩,출항환적,5423.5,5323.5,100.0,9558.5,9358.5,200.0,2020_2021 11월.xlsx
2021,4,가나,입항,16.0,16.0,0.0,61.0,59.0,2.0,2020_2021 10월.xlsx
2021,4,감비아,입항,9.0,9.0,0.0,15.0,15.0,0.0,2020_2021 10월.xlsx
2021,4,과테말라,입항,437.0,326.0,111.0,1598.25,1139.0,459.25,2020_2021 10월.xlsx
2021,4,괌,입항,869.5,45.0,824.5,1900.75,370.0,1530.75,2020_2021 10월.xlsx
2021,4,그리스,입항,1204.0,326.0,878.0,5494.0,1457.0,4037.0,2020_2021 10월.xlsx
2021,4,기니,입항,76.0,76.0,0.0,459.0,459.0,0.0,2020_2021 10월.xlsx
2021,4,기니비사우,입항,6.0,6.0,0.0,26.0,26.0,0.0,2020_2021 10월.xlsx
2021,4,나미비아,입항,,,,49.0,49.0,0.0,2020_2021 10월.xlsx
2021,4,나이지리아,입항,98.0,98.0,0.0,196.0,196.0,0.0,2020_2021 10월.xlsx
2021,4,남아프리카,입항,1227.0,1197.0,30.0,3358.0,3186.0,172.0,2020_2021 10월.xlsx
2021,4,네덜란드,입항,6657.0,6439.0,218.0,27592.0,24514.0,3078.0,2020_2021 10월.xlsx
2021,4,노르웨이,입항,692.0,684.0,8.0,3343.0,3317.0,26.0,2020_2021 10월.xlsx
2021,4,뉴질랜드,입항,3264.0,2855.0,409.0,10222.0,9152.0,1070.0,2020_2021 10월.xlsx
2021,4,뉴칼레도니아,입항,541.0,8.0,533.0,1285.0,49.0,1236.0,2020_2021 10월.xlsx
2021,4,니카라과,입항,21.0,21.0,0.0,94.0,94.0,0.0,2020_2021 10월.xlsx
2021,4,대만,입항,8597.0,4336.0,4261.0,31331.5,18369.0,12962.5,2020_2021 10월.xlsx
2021,4,대한민국,입항,6055.0,1.0,6054.0,30699.0,1.0,30698.0,2020_2021 10월.xlsx
2021,4,덴마크,입항,1024.0,1024.0,0.0,3850.0,3850.0,0.0,2020_2021 10월.xlsx
2021,4,도미니카 공화국,입항,57.0,57.0,0.0,235.0,228.0,7.0,2020_2021 10월.xlsx
2021,4,독일,입항,8313.5,8297.5,16.0,31470.75,29534.75,1936.0,2020_2021 10월.xlsx
2021,4,라이베리아,입항,5.0,5.0,0.0,15.0,15.0,0.0,2020_2021 10월.xlsx
2021,4,라트비아,입항,1062.0,1062.0,0.0,3620.0,3620.0,0.0,2020_2021 10월.xlsx
2021,4,러시아,입항,12439.5,4130.0,8309.5,36943.5,14518.0,22425.5,2020_2021 10월.xlsx
2021,4,레바논,입항,142.0,90.0,52.0,460.0,398.0,62.0,2020_2021 10월.xlsx
2021,4,레위니옹,입항,2.0,1.0,1.0,9.0,8.0,1.0,2020_2021 10월.xlsx
2021,4,루마니아,입항,701.0,252.0,449.0,2021.0,902.0,1119.0,2020_2021 10월.xlsx
2021,4,리비아,입항,38.0,38.0,0.0,164.0,164.0,0.0,2020_2021 10월.xlsx
2021,4,리투아니아,입항,388.0,388.0,0.0,1315.5,1311.5,4.0,2020_2021 10월.xlsx
2021,4,마다가스카르,입항,3.0,3.0,0.0,22.0,22.0,0.0,2020_2021 10월.xlsx
2021,4,마샬 제도,입항,389.0,1.0,388.0,1630.0,5.0,1625.0,2020_2021 10월.xlsx
2021,4,말레이시아,입항,9867.0,6118.0,3749.0,33734.75,21698.0,12036.75,2020_2021 10월.xlsx
2021,4,멕시코,입항,8297.5,1744.0,6553.5,33841.5,9474.0,24367.5,2020_2021 10월.xlsx
2021,4,모로코,입항,249.0,249.0,0.0,1614.0,745.0,869.0,2020_2021 10월.xlsx
2021,4,모리셔스,입항,,,,22.0,22.0,0.0,2020_2021 10월.xlsx
2021,4,모리타니,입항,27.0,27.0,0.0,58.0,58.0,0.0,2020_2021 10월.xlsx
2021,4,모잠비크,입항,34.0,34.0,0.0,335.0,335.0,0.0,2020_2021 10월.xlsx
2021,4,몬테네그로,입항,36.0,36.0,0.0,262.0,262.0,0.0,2020_2021 10월.xlsx
2021,4,몰타,입항,,,,214.0,81.0,133.0,2020_2021 10월.xlsx
2021,4,미국,입항,72779.5,50513.0,22266.5,251792.0,166436.0,85356.0,2020_2021 10월.xlsx
2021,4,미얀마,입항,224.0,224.0,0.0,1452.0,1444.0,8.0,2020_2021 10월.xlsx
2021,4,미크로네시아,입항,11.0,5.0,6.0,31.0,15.0,16.0,2020_2021 10월.xlsx
2021,4,바누아투,입항,625.0,1.0,624.0,967.0,3.0,964.0,2020_2021 10월.xlsx
2021,4,바레인,입항,222.0,222.0,0.0,857.0,857.0,0.0,2020_2021 10월.xlsx
2021,4,바하마,입항,,,,3.0,3.0,0.0,2020_2021 10월.xlsx
2021,4,방글라데시,입항,633.0,627.0,6.0,2697.0,2624.0,73.0,2020_2021 10월.xlsx
2021,4,베냉,입항,6.0,0.0,6.0,10.0,0.0,10.0,2020_2021 10월.xlsx
2021,4,베네수엘라,입항,22.0,22.0,0.0,116.0,116.0,0.0,2020_2021 10월.xlsx
2021,4,베트남,입항,14551.75,13058.0,1493.75,57452.25,50179.0,7273.25,2020_2021 10월.xlsx
2021,4,벨기에,입항,3102.0,3081.0,21.0,12093.0,11296.0,797.0,2020_2021 10월.xlsx
2021,4,북마리아나 제도,입항,875.25,18.0,857.25,3889.25,42.0,3847.25,2020_2021 10월.xlsx
2021,4,불가리아,입항,44.0,44.0,0.0,377.0,377.0,0.0,2020_2021 10월.xlsx
2021,4,브라질,입항,3964.0,3002.0,962.0,14317.0,9231.0,5086.0,2020_2021 10월.xlsx
2021,4,브루나이,입항,3.0,3.0,0.0,12.0,12.0,0.0,2020_2021 10월.xlsx
2021,4,사모아,입항,253.0,2.0,251.0,454.0,6.0,448.0,2020_2021 10월.xlsx
2021,4,사우디아라비아,입항,1353.0,439.0,914.0,6093.0,2295.0,3798.0,2020_2021 10월.xlsx
2021,4,세네갈,입항,45.0,45.0,0.0,181.0,181.0,0.0,2020_2021 10월.xlsx
2021,4,세르비아,입항,,,,2.0,2.0,0.0,2020_2021 10월.xlsx
2021,4,세이셸,입항,5.0,5.0,0.0,17.0,17.0,0.0,2020_2021 10월.xlsx
2021,4,소말리아,입항,33.0,0.0,33.0,33.0,0.0,33.0,2020_2021 10월.xlsx
2021,4,솔로몬제도,입항,,,,28.0,0.0,28.0,2020_2021 10월.xlsx
2021,4,수단,입항,23.0,23.0,0.0,88.0,88.0,0.0,2020_2021 10월.xlsx
2021,4,수리남,입항,32.0,32.0,0.0,125.0,125.0,0.0,2020_2021 10월.xlsx
2021,4,스리랑카,입항,426.0,424.0,2.0,1399.0,1331.0,68.0,2020_2021 10월.xlsx
2021,4,스웨덴,입항,1435.0,1435.0,0.0,4980.0,4944.0,36.0,2020_2021 10월.xlsx
2021,4,스위스,입항,2.0,2.0,0.0,10.0,10.0,0.0,2020_2021 10월.xlsx
2021,4,스페인,입항,3606.0,3493.0,113.0,14503.25,13120.0,1383.25,2020_2021 10월.xlsx
2021,4,슬로베니아,입항,1349.25,1349.25,0.0,5077.5,5022.5,55.0,2020_2021 10월.xlsx
2021,4,시에라 리온,입항,22.0,22.0,0.0,71.0,71.0,0.0,2020_2021 10월.xlsx
2021,4,싱가포르,입항,3561.75,3023.0,538.75,21922.25,12337.0,9585.25,2020_2021 10월.xlsx
2021,4,아랍에미리트연합국,입항,4818.5,1267.0,3551.5,20766.75,5203.0,15563.75,2020_2021 10월.xlsx
2021,4,아루바,입항,,,,1.0,1.0,0.0,2020_2021 10월.xlsx
2021,4,아르헨티나,입항,1461.0,467.0,994.0,3293.0,947.0,2346.0,2020_2021 10월.xlsx
2021,4,아메리칸사모아,입항,24.0,23.0,1.0,273.0,80.0,193.0,2020_2021 10월.xlsx
2021,4,아이티,입항,5.0,5.0,0.0,13.0,13.0,0.0,2020_2021 10월.xlsx
2021,4,아일랜드,입항,156.0,156.0,0.0,629.0,629.0,0.0,2020_2021 10월.xlsx
2021,4,알바니아,입항,158.0,158.0,0.0,354.0,354.0,0.0,2020_2021 10월.xlsx
2021,4,알제리,입항,,,,2.0,2.0,0.0,2020_2021 10월.xlsx
2021,4,앙골라,입항,,,,37.0,37.0,0.0,2020_2021 10월.xlsx
2021,4,앤틸리스제도,입항,,,,4.0,4.0,0.0,2020_2021 10월.xlsx
2021,4,에스토니아,입항,204.0,204.0,0.0,1046.0,1044.0,2.0,2020_2021 10월.xlsx
2021,4,에콰도르,입항,619.0,392.0,227.0,3529.0,1362.0,2167.0,2020_2021 10월.xlsx
2021,4,엘살바도르,입항,73.0,72.0,1.0,1469.0,299.0,1170.0,2020_2021 10월.xlsx
2021,4,영국,입항,2631.0,1743.0,888.0,8224.25,6198.25,2026.0,2020_2021 10월.xlsx
2021,4,예멘,입항,251.0,251.0,0.0,622.0,622.0,0.0,2020_2021 10월.xlsx
2021,4,오만,입항,534.0,209.0,325.0,3846.0,1270.0,2576.0,2020_2021 10월.xlsx
2021,4,온두라스,입항,142.0,142.0,0.0,355.0,355.0,0.0,2020_2021 10월.xlsx
2021,4,요르단,입항,258.0,133.0,125.0,798.0,625.0,173.0,2020_2021 10월.xlsx
2021,4,우루과이,입항,128.0,89.0,39.0,801.0,392.0,409.0,2020_2021 10월.xlsx
2021,4,우크라이나,입항,218.0,210.0,8.0,2314.0,974.0,1340.0,2020_2021 10월.xlsx
2021,4,이라크,입항,,,,16.0,0.0,16.0,2020_2021 10월.xlsx
2021,4,이란,입항,40.0,0.0,40.0,82.0,2.0,80.0,2020_2021 10월.xlsx
2021,4,이스라엘,입항,974.0,450.0,524.0,2599.0,1895.0,704.0,2020_2021 10월.xlsx
2021,4,이집트,입항,1645.0,387.0,1258.0,6716.5,1499.0,5217.5,2020_2021 10월.xlsx
2021,4,이탈리아,입항,4987.25,4971.25,16.0,21198.25,19217.25,1981.0,2020_2021 10월.xlsx
2021,4,인도,입항,9342.0,7335.0,2007.0,44820.75,27527.25,17293.5,2020_2021 10월.xlsx
2021,4,인도네시아,입항,8300.25,6448.75,1851.5,30868.0,24007.75,6860.25,2020_2021 10월.xlsx
2021,4,일본,입항,67225.5,22347.5,44878.0,266043.0,84465.0,181578.0,2020_2021 10월.xlsx
2021,4,자메이카,입항,3.0,3.0,0.0,3380.0,34.0,3346.0,2020_2021 10월.xlsx
2021,4,적도 기니,입항,,,,3.0,3.0,0.0,2020_2021 10월.xlsx
2021,4,조지아,입항,23.0,23.0,0.0,52.0,52.0,0.0,2020_2021 10월.xlsx
2021,4,중국,입항,112438.5,83338.75,29099.75,430626.5,306284.75,124341.75,2020_2021 10월.xlsx
2021,4,지부티,입항,93.0,93.0,0.0,305.0,305.0,0.0,2020_2021 10월.xlsx
2021,4,체코,입항,,,,7.0,7.0,0.0,2020_2021 10월.xlsx
2021,4,칠레,입항,6688.0,6309.0,379.0,27104.0,22583.0,4521.0,2020_2021 10월.xlsx
2021,4,카메룬,입항,4.0,4.0,0.0,8.0,8.0,0.0,2020_2021 10월.xlsx
2021,4,카타르,입항,234.0,217.0,17.0,1820.0,1567.0,253.0,2020_2021 10월.xlsx
2021,4,캄보디아,입항,164.0,164.0,0.0,671.0,671.0,0.0,2020_2021 10월.xlsx
2021,4,캐나다,입항,11443.0,5874.0,5569.0,40152.5,20715.5,19437.0,2020_2021 10월.xlsx
2021,4,케냐,입항,38.0,38.0,0.0,170.0,170.0,0.0,2020_2021 10월.xlsx
2021,4,코스타리카,입항,171.0,171.0,0.0,434.0,424.0,10.0,2020_2021 10월.xlsx
2021,4,코트디부아르,입항,12.0,12.0,0.0,33.0,30.0,3.0,2020_2021 10월.xlsx
2021,4,콜롬비아,입항,1410.0,703.0,707.0,4443.0,2165.0,2278.0,2020_2021 10월.xlsx
2021,4,콩고,입항,9.0,9.0,0.0,27.0,27.0,0.0,2020_2021 10월.xlsx
2021,4,콩고 민주 공화국,입항,10.0,10.0,0.0,27.0,27.0,0.0,2020_2021 10월.xlsx
2021,4,쿠바,입항,18.0,18.0,0.0,28.0,28.0,0.0,2020_2021 10월.xlsx
2021,4,쿠웨이트,입항,34.0,30.0,4.0,260.0,252.0,8.0,2020_2021 10월.xlsx
2021,4,퀴라소,입항,,,,10.0,10.0,0.0,2020_2021 10월.xlsx
2021,4,크로아티아,입항,226.0,222.0,4.0,759.0,750.0,9.0,2020_2021 10월.xlsx
2021,4,키리바시,입항,549.0,0.0,549.0,559.0,1.0,558.0,2020_2021 10월.xlsx
2021,4,키프로스,입항,22.0,22.0,0.0,52.0,52.0,0.0,2020_2021 10월.xlsx
2021,4,탄자니아,입항,358.0,358.0,0.0,1499.0,1499.0,0.0,2020_2021 10월.xlsx
2021,4,태국,입항,6555.0,6358.0,197.0,27020.75,25903.0,1117.75,2020_2021 10월.xlsx
2021,4,토고,입항,37.0,37.0,0.0,101.0,101.0,0.0,2020_2021 10월.xlsx
2021,4,통가,입항,27.0,1.0,26.0,114.0,8.0,106.0,2020_2021 10월.xlsx
2021,4,튀니지,입항,22.0,22.0,0.0,242.0,242.0,0.0,2020_2021 10월.xlsx
2021,4,튀르키예,입항,1700.25,1354.25,346.0,8785.0,6362.0,2423.0,2020_2021 10월.xlsx
2021,4,트리니다드 토바고,입항,23.0,23.0,0.0,167.0,167.0,0.0,2020_2021 10월.xlsx
2021,4,파나마,입항,4845.0,45.0,4800.0,6663.0,199.0,6464.0,2020_2021 10월.xlsx
2021,4,파라과이,입항,30.0,30.0,0.0,118.0,118.0,0.0,2020_2021 10월.xlsx
2021,4,파키스탄,입항,1135.0,524.0,611.0,7796.0,2155.0,5641.0,2020_2021 10월.xlsx
2021,4,파푸아 뉴기니,입항,19.0,19.0,0.0,114.0,114.0,0.0,2020_2021 10월.xlsx
2021,4,팔라우,입항,,,,1.0,1.0,0.0,2020_2021 10월.xlsx
2021,4,페루,입항,1665.0,1183.0,482.0,7754.0,6059.0,1695.0,2020_2021 10월.xlsx
2021,4,포르투갈,입항,228.0,227.0,1.0,1006.0,1002.0,4.0,2020_2021 10월.xlsx
2021,4,폴란드,입항,1224.0,1224.0,0.0,4304.5,4299.5,5.0,2020_2021 10월.xlsx
2021,4,푸에르토리코,입항,164.0,164.0,0.0,603.0,603.0,0.0,2020_2021 10월.xlsx
2021,4,프랑스,입항,2697.0,2656.0,41.0,11128.0,10178.0,950.0,2020_2021 10월.xlsx
2021,4,프랑스령 폴리네시아,입항,263.0,8.0,255.0,747.0,18.0,729.0,2020_2021 10월.xlsx
2021,4,피지,입항,61.0,22.0,39.0,457.0,58.0,399.0,2020_2021 10월.xlsx
2021,4,핀란드,입항,1115.0,1101.0,14.0,3838.0,3810.0,28.0,2020_2021 10월.xlsx
2021,4,필리핀,입항,5608.25,2388.0,3220.25,18982.25,9225.0,9757.25,2020_2021 10월.xlsx
2021,4,헝가리,입항,5.0,5.0,0.0,57.0,57.0,0.0,2020_2021 10월.xlsx
2021,4,호주,입항,12117.0,6075.0,6042.0,54059.0,24566.0,29493.0,2020_2021 10월.xlsx
2021,4,홍콩,입항,4183.0,3429.0,754.0,16534.75,13891.0,2643.75,2020_2021 10월.xlsx
2021,4,가나,입항환적,108.0,108.0,0.0,183.0,183.0,0.0,2020_2021 10월.xlsx
2021,4,가봉,입항환적,,,,86.0,86.0,0.0,2020_2021 10월.xlsx
2021,4,가이아나,입항환적,152.0,152.0,0.0,774.0,774.0,0.0,2020_2021 10월.xlsx
2021,4,과테말라,입항환적,463.0,463.0,0.0,2253.0,2251.0,2.0,2020_2021 10월.xlsx
2021,4,괌,입항환적,161.25,145.25,16.0,749.0,724.0,25.0,2020_2021 10월.xlsx
2021,4,그리스,입항환적,439.5,435.0,4.5,1338.5,1334.0,4.5,2020_2021 10월.xlsx
2021,4,기니,입항환적,,,,14.0,14.0,0.0,2020_2021 10월.xlsx
2021,4,나미비아,입항환적,5.0,5.0,0.0,5.0,5.0,0.0,2020_2021 10월.xlsx
2021,4,나이지리아,입항환적,129.0,129.0,0.0,318.0,318.0,0.0,2020_2021 10월.xlsx
2021,4,남아프리카,입항환적,419.0,419.0,0.0,1337.0,1337.0,0.0,2020_2021 10월.xlsx
2021,4,네덜란드,입항환적,2541.0,2541.0,0.0,11586.0,11570.0,16.0,2020_2021 10월.xlsx
2021,4,노르웨이,입항환적,244.0,244.0,0.0,1062.0,1062.0,0.0,2020_2021 10월.xlsx
2021,4,뉴질랜드,입항환적,2308.0,2308.0,0.0,6433.0,6264.0,169.0,2020_2021 10월.xlsx
2021,4,뉴칼레도니아,입항환적,198.0,198.0,0.0,988.0,981.0,7.0,2020_2021 10월.xlsx
2021,4,니카라과,입항환적,462.0,460.0,2.0,1255.0,1253.0,2.0,2020_2021 10월.xlsx
2021,4,대만,입항환적,4884.0,4828.0,56.0,20170.0,20084.0,86.0,2020_2021 10월.xlsx
2021,4,대한민국,입항환적,8787.0,8418.0,369.0,38055.0,36107.0,1948.0,2020_2021 10월.xlsx
2021,4,덴마크,입항환적,202.0,202.0,0.0,1233.0,1209.0,24.0,2020_2021 10월.xlsx
2021,4,도미니카 공화국,입항환적,55.0,55.0,0.0,434.0,434.0,0.0,2020_2021 10월.xlsx
2021,4,독일,입항환적,2568.0,2568.0,0.0,9634.5,9626.5,8.0,2020_2021 10월.xlsx
2021,4,동티모르,입항환적,1.0,1.0,0.0,5.0,5.0,0.0,2020_2021 10월.xlsx
2021,4,라이베리아,입항환적,,,,1.0,1.0,0.0,2020_2021 10월.xlsx
2021,4,라트비아,입항환적,309.0,309.0,0.0,1119.0,1119.0,0.0,2020_2021 10월.xlsx
2021,4,러시아,입항환적,15256.0,14746.0,510.0,61908.0,60371.0,1537.0,2020_2021 10월.xlsx
2021,4,레바논,입항환적,,,,10.0,10.0,0.0,2020_2021 10월.xlsx
2021,4,루마니아,입항환적,716.75,716.75,0.0,2160.75,2160.75,0.0,2020_2021 10월.xlsx
2021,4,리비아,입항환적,4.0,4.0,0.0,6.0,6.0,0.0,2020_2021 10월.xlsx
2021,4,리투아니아,입항환적,37.0,37.0,0.0,201.0,200.0,1.0,2020_2021 10월.xlsx
2021,4,마다가스카르,입항환적,10.0,10.0,0.0,17.0,17.0,0.0,2020_2021 10월.xlsx
2021,4,마샬 제도,입항환적,24.0,24.0,0.0,195.0,193.0,2.0,2020_2021 10월.xlsx
2021,4,말레이시아,입항환적,8420.0,8407.0,13.0,32341.75,31777.75,564.0,2020_2021 10월.xlsx
2021,4,멕시코,입항환적,3960.25,3826.0,134.25,17180.25,16480.0,700.25,2020_2021 10월.xlsx
2021,4,모로코,입항환적,108.0,108.0,0.0,342.0,340.0,2.0,2020_2021 10월.xlsx
2021,4,모리셔스,입항환적,13.0,13.0,0.0,142.0,142.0,0.0,2020_2021 10월.xlsx
2021,4,모리타니,입항환적,4.0,4.0,0.0,48.0,48.0,0.0,2020_2021 10월.xlsx
2021,4,모잠비크,입항환적,83.0,83.0,0.0,242.0,242.0,0.0,2020_2021 10월.xlsx
2021,4,몬테네그로,입항환적,4.0,4.0,0.0,10.0,10.0,0.0,2020_2021 10월.xlsx
2021,4,몰타,입항환적,3.0,3.0,0.0,326.0,326.0,0.0,2020_2021 10월.xlsx
2021,4,미국,입항환적,57281.25,52185.75,5095.5,184069.0,173474.5,10594.5,2020_2021 10월.xlsx
2021,4,미얀마,입항환적,42.0,42.0,0.0,687.0,677.0,10.0,2020_2021 10월.xlsx
2021,4,미크로네시아,입항환적,13.0,13.0,0.0,17.0,16.0,1.0,2020_2021 10월.xlsx
2021,4,바누아투,입항환적,33.0,26.0,7.0,62.0,35.0,27.0,2020_2021 10월.xlsx
2021,4,바레인,입항환적,18.0,18.0,0.0,151.0,151.0,0.0,2020_2021 10월.xlsx
2021,4,바하마,입항환적,,,,11.0,11.0,0.0,2020_2021 10월.xlsx
2021,4,방글라데시,입항환적,445.25,445.25,0.0,2024.0,2024.0,0.0,2020_2021 10월.xlsx
2021,4,베냉,입항환적,58.0,58.0,0.0,58.0,58.0,0.0,2020_2021 10월.xlsx
2021,4,베네수엘라,입항환적,76.0,76.0,0.0,374.0,374.0,0.0,2020_2021 10월.xlsx
2021,4,베트남,입항환적,10139.5,10139.5,0.0,37071.0,37050.0,21.0,2020_2021 10월.xlsx
2021,4,벨기에,입항환적,2314.0,2314.0,0.0,7077.0,7077.0,0.0,2020_2021 10월.xlsx
2021,4,벨리즈,입항환적,104.0,104.0,0.0,638.0,638.0,0.0,2020_2021 10월.xlsx
2021,4,북마리아나 제도,입항환적,1.0,1.0,0.0,217.0,3.0,214.0,2020_2021 10월.xlsx
2021,4,불가리아,입항환적,33.0,33.0,0.0,300.0,300.0,0.0,2020_2021 10월.xlsx
2021,4,브라질,입항환적,6953.0,6923.0,30.0,25923.0,24781.0,1142.0,2020_2021 10월.xlsx
2021,4,브루나이,입항환적,25.0,25.0,0.0,106.0,106.0,0.0,2020_2021 10월.xlsx
2021,4,사모아,입항환적,13.0,13.0,0.0,41.0,41.0,0.0,2020_2021 10월.xlsx
2021,4,사우디아라비아,입항환적,724.0,722.0,2.0,2847.0,2845.0,2.0,2020_2021 10월.xlsx
2021,4,세네갈,입항환적,134.0,134.0,0.0,159.0,159.0,0.0,2020_2021 10월.xlsx
2021,4,세이셸,입항환적,,,,4.0,4.0,0.0,2020_2021 10월.xlsx
2021,4,세인트루시아,입항환적,4.0,4.0,0.0,16.0,16.0,0.0,2020_2021 10월.xlsx
2021,4,소말리아,입항환적,,,,1.0,1.0,0.0,2020_2021 10월.xlsx
2021,4,솔로몬제도,입항환적,1.0,1.0,0.0,11.0,11.0,0.0,2020_2021 10월.xlsx
2021,4,수단,입항환적,370.0,370.0,0.0,907.0,907.0,0.0,2020_2021 10월.xlsx
2021,4,수리남,입항환적,10.0,10.0,0.0,133.0,133.0,0.0,2020_2021 10월.xlsx
2021,4,스리랑카,입항환적,298.25,298.25,0.0,1383.5,1383.5,0.0,2020_2021 10월.xlsx
2021,4,스웨덴,입항환적,794.0,794.0,0.0,2747.0,2747.0,0.0,2020_2021 10월.xlsx
2021,4,스페인,입항환적,1674.0,1674.0,0.0,7378.25,7378.25,0.0,2020_2021 10월.xlsx
2021,4,슬로베니아,입항환적,732.0,732.0,0.0,2818.0,2818.0,0.0,2020_2021 10월.xlsx
2021,4,시에라 리온,입항환적,1.0,1.0,0.0,31.0,31.0,0.0,2020_2021 10월.xlsx
2021,4,싱가포르,입항환적,2018.0,2002.0,16.0,10272.5,8301.5,1971.0,2020_2021 10월.xlsx
2021,4,아랍에미리트연합국,입항환적,1460.0,1318.0,142.0,7028.25,6836.25,192.0,2020_2021 10월.xlsx
2021,4,아르헨티나,입항환적,650.0,622.0,28.0,3594.0,3555.0,39.0,2020_2021 10월.xlsx
2021,4,아메리칸사모아,입항환적,,,,4.0,4.0,0.0,2020_2021 10월.xlsx
2021,4,아이티,입항환적,10.0,10.0,0.0,28.0,28.0,0.0,2020_2021 10월.xlsx
2021,4,아일랜드,입항환적,62.0,62.0,0.0,277.0,277.0,0.0,2020_2021 10월.xlsx
2021,4,알바니아,입항환적,70.0,70.0,0.0,234.0,234.0,0.0,2020_2021 10월.xlsx
2021,4,앙골라,입항환적,,,,8.0,8.0,0.0,2020_2021 10월.xlsx
2021,4,에스토니아,입항환적,41.0,41.0,0.0,130.0,130.0,0.0,2020_2021 10월.xlsx
2021,4,에콰도르,입항환적,3676.0,3620.0,56.0,14716.0,14600.0,116.0,2020_2021 10월.xlsx
2021,4,엘살바도르,입항환적,38.0,38.0,0.0,338.0,330.0,8.0,2020_2021 10월.xlsx
2021,4,영국,입항환적,804.25,804.25,0.0,2688.25,2688.25,0.0,2020_2021 10월.xlsx
2021,4,예멘,입항환적,1.0,1.0,0.0,5.0,5.0,0.0,2020_2021 10월.xlsx
2021,4,오만,입항환적,140.0,140.0,0.0,1669.0,1669.0,0.0,2020_2021 10월.xlsx
2021,4,온두라스,입항환적,38.0,38.0,0.0,262.0,262.0,0.0,2020_2021 10월.xlsx
2021,4,요르단,입항환적,80.0,80.0,0.0,159.0,159.0,0.0,2020_2021 10월.xlsx
2021,4,우루과이,입항환적,447.0,447.0,0.0,1897.0,1897.0,0.0,2020_2021 10월.xlsx
2021,4,우크라이나,입항환적,314.0,314.0,0.0,2590.0,2410.0,180.0,2020_2021 10월.xlsx
2021,4,원양어획지역,입항환적,76.0,76.0,0.0,352.0,352.0,0.0,2020_2021 10월.xlsx
2021,4,이스라엘,입항환적,429.0,429.0,0.0,1882.0,1193.0,689.0,2020_2021 10월.xlsx
2021,4,이집트,입항환적,1223.0,1223.0,0.0,3253.0,3252.0,1.0,2020_2021 10월.xlsx
2021,4,이탈리아,입항환적,2456.0,2430.0,26.0,10123.0,9836.0,287.0,2020_2021 10월.xlsx
2021,4,인도,입항환적,5928.0,5926.0,2.0,20963.75,20614.75,349.0,2020_2021 10월.xlsx
2021,4,인도네시아,입항환적,12370.75,12370.75,0.0,47902.0,47892.0,10.0,2020_2021 10월.xlsx
2021,4,일본,입항환적,70086.5,65120.5,4966.0,253366.0,235532.0,17834.0,2020_2021 10월.xlsx
2021,4,자메이카,입항환적,2.0,2.0,0.0,8.0,3.0,5.0,2020_2021 10월.xlsx
2021,4,조지아,입항환적,4.0,4.0,0.0,75.0,75.0,0.0,2020_2021 10월.xlsx
2021,4,중국,입항환적,240316.5,236222.25,4094.25,879785.0,854394.5,25390.5,2020_2021 10월.xlsx
2021,4,지부티,입항환적,26.0,26.0,0.0,85.0,85.0,0.0,2020_2021 10월.xlsx
2021,4,칠레,입항환적,7031.0,7031.0,0.0,34002.0,33961.0,41.0,2020_2021 10월.xlsx
2021,4,카메룬,입항환적,,,,54.0,54.0,0.0,2020_2021 10월.xlsx
2021,4,카타르,입항환적,468.0,436.0,32.0,1107.0,1075.0,32.0,2020_2021 10월.xlsx
2021,4,캄보디아,입항환적,645.0,645.0,0.0,1977.0,1977.0,0.0,2020_2021 10월.xlsx
2021,4,캐나다,입항환적,19753.75,19242.75,511.0,59687.75,59128.75,559.0,2020_2021 10월.xlsx
2021,4,케냐,입항환적,99.0,99.0,0.0,313.0,313.0,0.0,2020_2021 10월.xlsx
2021,4,코스타리카,입항환적,529.0,529.0,0.0,1922.0,1922.0,0.0,2020_2021 10월.xlsx
2021,4,코트디부아르,입항환적,1.0,1.0,0.0,47.0,47.0,0.0,2020_2021 10월.xlsx
2021,4,콜롬비아,입항환적,517.0,517.0,0.0,2024.0,1990.0,34.0,2020_2021 10월.xlsx
2021,4,쿠바,입항환적,124.0,124.0,0.0,325.0,325.0,0.0,2020_2021 10월.xlsx
2021,4,쿠웨이트,입항환적,17.0,17.0,0.0,51.0,51.0,0.0,2020_2021 10월.xlsx
2021,4,퀴라소,입항환적,,,,10.0,10.0,0.0,2020_2021 10월.xlsx
2021,4,크로아티아,입항환적,157.0,157.0,0.0,438.0,437.0,1.0,2020_2021 10월.xlsx
2021,4,키리바시,입항환적,,,,4.0,4.0,0.0,2020_2021 10월.xlsx
2021,4,키프로스,입항환적,18.0,18.0,0.0,81.0,81.0,0.0,2020_2021 10월.xlsx
2021,4,탄자니아,입항환적,2.0,2.0,0.0,77.0,77.0,0.0,2020_2021 10월.xlsx
2021,4,태국,입항환적,8121.0,8088.0,33.0,33926.0,33859.0,67.0,2020_2021 10월.xlsx
2021,4,토고,입항환적,1.0,1.0,0.0,5.0,5.0,0.0,2020_2021 10월.xlsx
2021,4,통가,입항환적,2.0,2.0,0.0,2.0,2.0,0.0,2020_2021 10월.xlsx
2021,4,튀니지,입항환적,25.0,25.0,0.0,58.0,58.0,0.0,2020_2021 10월.xlsx
2021,4,튀르키예,입항환적,1884.0,1884.0,0.0,10712.0,10712.0,0.0,2020_2021 10월.xlsx
2021,4,트리니다드 토바고,입항환적,5.0,5.0,0.0,22.0,22.0,0.0,2020_2021 10월.xlsx
2021,4,파나마,입항환적,583.0,417.0,166.0,3543.0,2531.0,1012.0,2020_2021 10월.xlsx
2021,4,파라과이,입항환적,2.0,2.0,0.0,22.0,22.0,0.0,2020_2021 10월.xlsx
2021,4,파키스탄,입항환적,1319.25,1319.25,0.0,4481.75,4323.75,158.0,2020_2021 10월.xlsx
2021,4,파푸아 뉴기니,입항환적,4.0,4.0,0.0,20.0,20.0,0.0,2020_2021 10월.xlsx
2021,4,페루,입항환적,3537.0,3537.0,0.0,11224.0,11220.0,4.0,2020_2021 10월.xlsx
2021,4,포르투갈,입항환적,112.0,112.0,0.0,410.0,410.0,0.0,2020_2021 10월.xlsx
2021,4,폴란드,입항환적,192.0,192.0,0.0,683.0,683.0,0.0,2020_2021 10월.xlsx
2021,4,푸에르토리코,입항환적,97.0,97.0,0.0,404.0,404.0,0.0,2020_2021 10월.xlsx
2021,4,프랑스,입항환적,1428.0,1428.0,0.0,6031.0,5997.0,34.0,2020_2021 10월.xlsx
2021,4,프랑스령 폴리네시아,입항환적,5.0,1.0,4.0,6.0,2.0,4.0,2020_2021 10월.xlsx
2021,4,피지,입항환적,23.0,21.0,2.0,137.0,135.0,2.0,2020_2021 10월.xlsx
2021,4,핀란드,입항환적,1373.0,1373.0,0.0,4785.0,4785.0,0.0,2020_2021 10월.xlsx
2021,4,필리핀,입항환적,6072.25,5568.25,504.0,25489.25,24228.25,1261.0,2020_2021 10월.xlsx
2021,4,헝가리,입항환적,,,,4.0,4.0,0.0,2020_2021 10월.xlsx
2021,4,호주,입항환적,10303.0,9174.0,1129.0,28214.0,27042.0,1172.0,2020_2021 10월.xlsx
2021,4,홍콩,입항환적,3463.75,3447.75,16.0,13878.75,13028.75,850.0,2020_2021 10월.xlsx
2021,4,가나,출항,232.0,232.0,0.0,965.0,965.0,0.0,2020_2021 10월.xlsx
2021,4,가봉,출항,3.0,3.0,0.0,17.0,17.0,0.0,2020_2021 10월.xlsx
2021,4,가이아나,출항,21.0,21.0,0.0,66.0,66.0,0.0,2020_2021 10월.xlsx
2021,4,과들루프,출항,1.0,1.0,0.0,5.0,5.0,0.0,2020_2021 10월.xlsx
2021,4,과테말라,출항,346.0,346.0,0.0,1147.0,1147.0,0.0,2020_2021 10월.xlsx
2021,4,괌,출항,270.25,246.25,24.0,822.0,746.0,76.0,2020_2021 10월.xlsx
2021,4,그레나다,출항,,,,7.0,7.0,0.0,2020_2021 10월.xlsx
2021,4,그리스,출항,705.0,705.0,0.0,3542.5,3538.5,4.0,2020_2021 10월.xlsx
2021,4,기니,출항,3.0,3.0,0.0,39.0,39.0,0.0,2020_2021 10월.xlsx
2021,4,나미비아,출항,,,,2.0,2.0,0.0,2020_2021 10월.xlsx
2021,4,나이지리아,출항,164.0,164.0,0.0,842.75,842.75,0.0,2020_2021 10월.xlsx
2021,4,남아프리카,출항,337.0,337.0,0.0,1346.0,1345.0,1.0,2020_2021 10월.xlsx
2021,4,네덜란드,출항,7920.0,7917.0,3.0,35600.0,35427.0,173.0,2020_2021 10월.xlsx
2021,4,노르웨이,출항,15.0,15.0,0.0,118.25,118.25,0.0,2020_2021 10월.xlsx
2021,4,뉴질랜드,출항,1351.0,1351.0,0.0,4522.0,4428.0,94.0,2020_2021 10월.xlsx
2021,4,뉴칼레도니아,출항,175.0,21.0,154.0,239.0,85.0,154.0,2020_2021 10월.xlsx
2021,4,니카라과,출항,53.0,53.0,0.0,134.0,134.0,0.0,2020_2021 10월.xlsx
2021,4,대만,출항,10825.25,9763.25,1062.0,43791.75,40827.75,2964.0,2020_2021 10월.xlsx
2021,4,대한민국,출항,8480.0,116.0,8364.0,33352.0,339.0,33013.0,2020_2021 10월.xlsx
2021,4,덴마크,출항,104.0,104.0,0.0,447.0,447.0,0.0,2020_2021 10월.xlsx
2021,4,도미니카 공화국,출항,163.0,163.0,0.0,1062.0,672.0,390.0,2020_2021 10월.xlsx
2021,4,독일,출항,6189.0,6179.0,10.0,28599.5,28501.5,98.0,2020_2021 10월.xlsx
2021,4,라이베리아,출항,8.0,8.0,0.0,8.0,8.0,0.0,2020_2021 10월.xlsx
2021,4,라트비아,출항,30.0,30.0,0.0,155.0,155.0,0.0,2020_2021 10월.xlsx
2021,4,러시아,출항,12883.5,12783.5,100.0,47655.75,46879.75,776.0,2020_2021 10월.xlsx
2021,4,레바논,출항,130.0,130.0,0.0,498.5,498.5,0.0,2020_2021 10월.xlsx
2021,4,레위니옹,출항,12.0,12.0,0.0,55.0,55.0,0.0,2020_2021 10월.xlsx
2021,4,루마니아,출항,262.0,262.0,0.0,1202.0,1202.0,0.0,2020_2021 10월.xlsx
2021,4,리비아,출항,116.0,116.0,0.0,395.0,395.0,0.0,2020_2021 10월.xlsx
2021,4,리투아니아,출항,33.0,33.0,0.0,659.0,659.0,0.0,2020_2021 10월.xlsx
2021,4,마다가스카르,출항,9.0,9.0,0.0,55.0,55.0,0.0,2020_2021 10월.xlsx
2021,4,마르티니크,출항,,,,4.0,4.0,0.0,2020_2021 10월.xlsx
2021,4,마샬 제도,출항,60.0,24.0,36.0,219.0,83.0,136.0,2020_2021 10월.xlsx
2021,4,마요트,출항,66.0,66.0,0.0,68.0,68.0,0.0,2020_2021 10월.xlsx
2021,4,말레이시아,출항,8208.5,8154.5,54.0,33315.0,32868.0,447.0,2020_2021 10월.xlsx
2021,4,멕시코,출항,14802.0,14688.0,114.0,60349.0,58585.0,1764.0,2020_2021 10월.xlsx
2021,4,모로코,출항,261.0,261.0,0.0,1046.25,1046.25,0.0,2020_2021 10월.xlsx
2021,4,모리셔스,출항,12.0,12.0,0.0,37.0,37.0,0.0,2020_2021 10월.xlsx
2021,4,모리타니,출항,,,,7.0,7.0,0.0,2020_2021 10월.xlsx
2021,4,모잠비크,출항,28.0,28.0,0.0,323.0,323.0,0.0,2020_2021 10월.xlsx
2021,4,몬테네그로,출항,,,,11.0,11.0,0.0,2020_2021 10월.xlsx
2021,4,몰디브,출항,,,,19.0,19.0,0.0,2020_2021 10월.xlsx
2021,4,몰타,출항,23.0,23.0,0.0,1522.0,1482.0,40.0,2020_2021 10월.xlsx
2021,4,미국,출항,70476.75,69709.75,767.0,293588.25,290828.25,2760.0,2020_2021 10월.xlsx
2021,4,미얀마,출항,,,,98.0,98.0,0.0,2020_2021 10월.xlsx
2021,4,미크로네시아,출항,30.0,30.0,0.0,103.0,91.0,12.0,2020_2021 10월.xlsx
2021,4,바누아투,출항,93.0,16.0,77.0,128.0,34.0,94.0,2020_2021 10월.xlsx
2021,4,바레인,출항,14.0,14.0,0.0,118.0,118.0,0.0,2020_2021 10월.xlsx
2021,4,바베이도스,출항,,,,12.0,12.0,0.0,2020_2021 10월.xlsx
2021,4,바하마,출항,1085.0,3.0,1082.0,6912.0,14.0,6898.0,2020_2021 10월.xlsx
2021,4,방글라데시,출항,64.0,64.0,0.0,345.0,345.0,0.0,2020_2021 10월.xlsx
2021,4,베냉,출항,5.0,5.0,0.0,19.0,19.0,0.0,2020_2021 10월.xlsx
2021,4,베네수엘라,출항,35.0,35.0,0.0,97.0,97.0,0.0,2020_2021 10월.xlsx
2021,4,베트남,출항,22337.75,21598.75,739.0,88957.5,85793.5,3164.0,2020_2021 10월.xlsx
2021,4,벨기에,출항,1366.0,1362.0,4.0,6409.25,6383.25,26.0,2020_2021 10월.xlsx
2021,4,벨리즈,출항,2.0,2.0,0.0,6.0,6.0,0.0,2020_2021 10월.xlsx
2021,4,북마리아나 제도,출항,85.0,85.0,0.0,313.0,313.0,0.0,2020_2021 10월.xlsx
2021,4,불가리아,출항,33.0,33.0,0.0,234.0,234.0,0.0,2020_2021 10월.xlsx
2021,4,브라질,출항,5778.0,5773.0,5.0,24073.0,24058.0,15.0,2020_2021 10월.xlsx
2021,4,사모아,출항,17.0,17.0,0.0,48.0,46.0,2.0,2020_2021 10월.xlsx
2021,4,사우디아라비아,출항,3043.0,3043.0,0.0,14513.0,14513.0,0.0,2020_2021 10월.xlsx
2021,4,세네갈,출항,63.0,63.0,0.0,171.0,159.0,12.0,2020_2021 10월.xlsx
2021,4,세이셸,출항,11.0,11.0,0.0,41.0,41.0,0.0,2020_2021 10월.xlsx
2021,4,세인트루시아,출항,,,,15.0,15.0,0.0,2020_2021 10월.xlsx
2021,4,세인트키츠 네비스,출항,1.0,1.0,0.0,2.0,2.0,0.0,2020_2021 10월.xlsx
2021,4,소말리아,출항,4.0,4.0,0.0,32.0,32.0,0.0,2020_2021 10월.xlsx
2021,4,솔로몬제도,출항,14.0,14.0,0.0,61.0,61.0,0.0,2020_2021 10월.xlsx
2021,4,수리남,출항,,,,8.0,8.0,0.0,2020_2021 10월.xlsx
2021,4,스리랑카,출항,742.25,742.25,0.0,3695.25,3679.25,16.0,2020_2021 10월.xlsx
2021,4,스웨덴,출항,266.0,266.0,0.0,1406.0,1406.0,0.0,2020_2021 10월.xlsx
2021,4,스페인,출항,2649.0,2619.0,30.0,12553.0,12255.0,298.0,2020_2021 10월.xlsx
2021,4,슬로베니아,출항,8894.5,8894.5,0.0,36593.0,36469.0,124.0,2020_2021 10월.xlsx
2021,4,시리아,출항,17.0,17.0,0.0,109.0,109.0,0.0,2020_2021 10월.xlsx
2021,4,시에라 리온,출항,6.0,6.0,0.0,20.0,20.0,0.0,2020_2021 10월.xlsx
2021,4,싱가포르,출항,4993.25,4921.25,72.0,25964.75,25172.5,792.25,2020_2021 10월.xlsx
2021,4,아랍에미리트연합국,출항,4500.25,4496.25,4.0,20905.75,20779.75,126.0,2020_2021 10월.xlsx
2021,4,아루바,출항,,,,1.0,1.0,0.0,2020_2021 10월.xlsx
2021,4,아르헨티나,출항,562.0,557.0,5.0,2346.0,2341.0,5.0,2020_2021 10월.xlsx
2021,4,아메리칸사모아,출항,95.0,95.0,0.0,248.0,248.0,0.0,2020_2021 10월.xlsx
2021,4,아이티,출항,13.0,13.0,0.0,47.0,47.0,0.0,2020_2021 10월.xlsx
2021,4,아일랜드,출항,9.0,9.0,0.0,103.0,103.0,0.0,2020_2021 10월.xlsx
2021,4,알바니아,출항,9.0,9.0,0.0,52.0,52.0,0.0,2020_2021 10월.xlsx
2021,4,알제리,출항,169.0,169.0,0.0,528.75,528.75,0.0,2020_2021 10월.xlsx
2021,4,앙골라,출항,9.0,9.0,0.0,668.0,668.0,0.0,2020_2021 10월.xlsx
2021,4,앤틸리스제도,출항,,,,10.0,10.0,0.0,2020_2021 10월.xlsx
2021,4,에스토니아,출항,8.0,8.0,0.0,102.0,102.0,0.0,2020_2021 10월.xlsx
2021,4,에콰도르,출항,1910.0,670.0,1240.0,7732.0,2224.0,5508.0,2020_2021 10월.xlsx
2021,4,엘살바도르,출항,59.0,59.0,0.0,197.0,197.0,0.0,2020_2021 10월.xlsx
2021,4,영국,출항,1942.0,1941.0,1.0,8958.5,8868.5,90.0,2020_2021 10월.xlsx
2021,4,영국령 버진아일랜드,출항,,,,1.0,1.0,0.0,2020_2021 10월.xlsx
2021,4,예멘,출항,9.0,9.0,0.0,83.0,83.0,0.0,2020_2021 10월.xlsx
2021,4,오만,출항,186.25,186.25,0.0,831.25,831.25,0.0,2020_2021 10월.xlsx
2021,4,온두라스,출항,31.0,31.0,0.0,461.0,163.0,298.0,2020_2021 10월.xlsx
2021,4,요르단,출항,167.0,167.0,0.0,966.0,966.0,0.0,2020_2021 10월.xlsx
2021,4,우루과이,출항,297.0,297.0,0.0,1064.0,1064.0,0.0,2020_2021 10월.xlsx
2021,4,우크라이나,출항,119.0,117.0,2.0,476.25,464.25,12.0,2020_2021 10월.xlsx
2021,4,이라크,출항,78.0,78.0,0.0,551.0,551.0,0.0,2020_2021 10월.xlsx
2021,4,이란,출항,,,,1.0,1.0,0.0,2020_2021 10월.xlsx
2021,4,이스라엘,출항,774.0,740.0,34.0,4058.0,3965.0,93.0,2020_2021 10월.xlsx
2021,4,이집트,출항,3182.0,3182.0,0.0,14929.25,14647.25,282.0,2020_2021 10월.xlsx
2021,4,이탈리아,출항,3665.0,3665.0,0.0,15275.0,15244.0,31.0,2020_2021 10월.xlsx
2021,4,인도,출항,13855.75,13586.75,269.0,58925.75,58436.75,489.0,2020_2021 10월.xlsx
2021,4,인도네시아,출항,7800.5,7730.5,70.0,34805.0,34552.0,253.0,2020_2021 10월.xlsx
2021,4,일본,출항,34951.5,28224.5,6727.0,140680.0,111454.5,29225.5,2020_2021 10월.xlsx
2021,4,자메이카,출항,183.0,183.0,0.0,1159.0,751.0,408.0,2020_2021 10월.xlsx
2021,4,조지아,출항,4.0,4.0,0.0,41.0,41.0,0.0,2020_2021 10월.xlsx
2021,4,중국,출항,108626.75,58164.0,50462.75,383093.5,219077.25,164016.25,2020_2021 10월.xlsx
2021,4,지부티,출항,16.0,16.0,0.0,64.0,64.0,0.0,2020_2021 10월.xlsx
2021,4,칠레,출항,2293.0,2223.0,70.0,7980.0,7497.0,483.0,2020_2021 10월.xlsx
2021,4,카메룬,출항,20.0,20.0,0.0,87.0,87.0,0.0,2020_2021 10월.xlsx
2021,4,카타르,출항,350.0,334.0,16.0,1763.25,1697.25,66.0,2020_2021 10월.xlsx
2021,4,캄보디아,출항,294.0,294.0,0.0,1337.0,1337.0,0.0,2020_2021 10월.xlsx
2021,4,캐나다,출항,10693.25,10690.25,3.0,44916.5,44909.5,7.0,2020_2021 10월.xlsx
2021,4,케냐,출항,64.0,64.0,0.0,415.0,415.0,0.0,2020_2021 10월.xlsx
2021,4,케이맨 제도,출항,,,,2.0,2.0,0.0,2020_2021 10월.xlsx
2021,4,코스타리카,출항,106.0,106.0,0.0,303.0,299.0,4.0,2020_2021 10월.xlsx
2021,4,코트디부아르,출항,94.0,94.0,0.0,433.0,433.0,0.0,2020_2021 10월.xlsx
2021,4,콜롬비아,출항,2037.0,1728.0,309.0,6191.0,5834.0,357.0,2020_2021 10월.xlsx
2021,4,콩고,출항,3.0,3.0,0.0,26.0,26.0,0.0,2020_2021 10월.xlsx
2021,4,콩고 민주 공화국,출항,19.0,19.0,0.0,88.0,88.0,0.0,2020_2021 10월.xlsx
2021,4,쿠바,출항,,,,13.0,13.0,0.0,2020_2021 10월.xlsx
2021,4,쿠웨이트,출항,83.0,83.0,0.0,491.0,491.0,0.0,2020_2021 10월.xlsx
2021,4,크로아티아,출항,1072.0,1012.0,60.0,3797.5,3737.5,60.0,2020_2021 10월.xlsx
2021,4,키리바시,출항,4.0,4.0,0.0,20.0,20.0,0.0,2020_2021 10월.xlsx
2021,4,키프로스,출항,4.0,4.0,0.0,19.0,19.0,0.0,2020_2021 10월.xlsx
2021,4,탄자니아,출항,48.0,48.0,0.0,255.0,255.0,0.0,2020_2021 10월.xlsx
2021,4,태국,출항,9488.0,8432.0,1056.0,36746.25,34451.25,2295.0,2020_2021 10월.xlsx
2021,4,토고,출항,789.0,89.0,700.0,1275.0,575.0,700.0,2020_2021 10월.xlsx
2021,4,튀니지,출항,54.0,54.0,0.0,231.0,231.0,0.0,2020_2021 10월.xlsx
2021,4,튀르키예,출항,6480.0,6440.0,40.0,30308.5,30268.5,40.0,2020_2021 10월.xlsx
2021,4,트리니다드 토바고,출항,30.0,30.0,0.0,111.0,111.0,0.0,2020_2021 10월.xlsx
2021,4,파나마,출항,1269.0,1269.0,0.0,7187.0,5077.0,2110.0,2020_2021 10월.xlsx
2021,4,파라과이,출항,11.0,11.0,0.0,28.0,28.0,0.0,2020_2021 10월.xlsx
2021,4,파키스탄,출항,1946.5,1946.5,0.0,8037.0,8021.0,16.0,2020_2021 10월.xlsx
2021,4,파푸아 뉴기니,출항,82.0,82.0,0.0,466.0,402.0,64.0,2020_2021 10월.xlsx
2021,4,팔라우,출항,6.0,6.0,0.0,21.0,19.0,2.0,2020_2021 10월.xlsx
2021,4,페루,출항,1603.0,1479.0,124.0,6289.0,4999.0,1290.0,2020_2021 10월.xlsx
2021,4,포르투갈,출항,34.0,34.0,0.0,559.0,559.0,0.0,2020_2021 10월.xlsx
2021,4,폴란드,출항,299.0,299.0,0.0,1736.75,1736.75,0.0,2020_2021 10월.xlsx
2021,4,푸에르토리코,출항,18.0,18.0,0.0,66.0,66.0,0.0,2020_2021 10월.xlsx
2021,4,프랑스,출항,1220.0,1210.0,10.0,5693.25,5613.25,80.0,2020_2021 10월.xlsx
2021,4,프랑스령 기아나,출항,1.0,1.0,0.0,5.0,5.0,0.0,2020_2021 10월.xlsx
2021,4,프랑스령 폴리네시아,출항,10.0,10.0,0.0,50.0,22.0,28.0,2020_2021 10월.xlsx
2021,4,피지,출항,63.0,57.0,6.0,172.0,166.0,6.0,2020_2021 10월.xlsx
2021,4,핀란드,출항,28.0,28.0,0.0,230.0,230.0,0.0,2020_2021 10월.xlsx
2021,4,필리핀,출항,4184.25,4176.25,8.0,15999.5,15981.5,18.0,2020_2021 10월.xlsx
2021,4,헝가리,출항,,,,28.0,28.0,0.0,2020_2021 10월.xlsx
2021,4,호주,출항,4936.0,4748.0,188.0,20316.25,19546.25,770.0,2020_2021 10월.xlsx
2021,4,홍콩,출항,7306.25,7028.25,278.0,25846.25,24123.25,1723.0,2020_2021 10월.xlsx
2021,4,가나,출항환적,119.0,119.0,0.0,269.0,269.0,0.0,2020_2021 10월.xlsx
2021,4,가봉,출항환적,,,,3.0,3.0,0.0,2020_2021 10월.xlsx
2021,4,가이아나,출항환적,373.0,373.0,0.0,825.0,825.0,0.0,2020_2021 10월.xlsx
2021,4,감비아,출항환적,,,,2.0,2.0,0.0,2020_2021 10월.xlsx
2021,4,과들루프,출항환적,17.0,17.0,0.0,50.0,50.0,0.0,2020_2021 10월.xlsx
2021,4,과테말라,출항환적,2227.0,2227.0,0.0,6916.0,6916.0,0.0,2020_2021 10월.xlsx
2021,4,괌,출항환적,568.5,568.5,0.0,1587.0,1587.0,0.0,2020_2021 10월.xlsx
2021,4,그레나다,출항환적,34.0,34.0,0.0,72.0,72.0,0.0,2020_2021 10월.xlsx
2021,4,그리스,출항환적,1051.0,1051.0,0.0,2860.0,2860.0,0.0,2020_2021 10월.xlsx
2021,4,기니,출항환적,,,,24.0,24.0,0.0,2020_2021 10월.xlsx
2021,4,나미비아,출항환적,95.0,95.0,0.0,245.0,245.0,0.0,2020_2021 10월.xlsx
2021,4,나우루,출항환적,27.0,27.0,0.0,60.0,60.0,0.0,2020_2021 10월.xlsx
2021,4,나이지리아,출항환적,379.0,379.0,0.0,822.0,822.0,0.0,2020_2021 10월.xlsx
2021,4,남아프리카,출항환적,204.0,204.0,0.0,792.0,792.0,0.0,2020_2021 10월.xlsx
2021,4,네덜란드,출항환적,2412.0,2412.0,0.0,9815.5,9810.5,5.0,2020_2021 10월.xlsx
2021,4,노르웨이,출항환적,35.0,35.0,0.0,67.0,67.0,0.0,2020_2021 10월.xlsx
2021,4,뉴질랜드,출항환적,1126.0,1126.0,0.0,4111.0,3750.0,361.0,2020_2021 10월.xlsx
2021,4,뉴칼레도니아,출항환적,337.0,337.0,0.0,1295.0,1292.0,3.0,2020_2021 10월.xlsx
2021,4,니카라과,출항환적,452.0,452.0,0.0,963.0,963.0,0.0,2020_2021 10월.xlsx
2021,4,대만,출항환적,7871.5,7580.0,291.5,26376.0,25921.0,455.0,2020_2021 10월.xlsx
2021,4,대한민국,출항환적,18024.75,17330.75,694.0,72301.25,71419.25,882.0,2020_2021 10월.xlsx
2021,4,덴마크,출항환적,46.0,46.0,0.0,242.0,242.0,0.0,2020_2021 10월.xlsx
2021,4,도미니카 공화국,출항환적,1791.0,1791.0,0.0,6109.5,6059.5,50.0,2020_2021 10월.xlsx
2021,4,도미니카 연방,출항환적,8.0,8.0,0.0,57.0,57.0,0.0,2020_2021 10월.xlsx
2021,4,독일,출항환적,1858.25,1858.25,0.0,7486.5,7470.5,16.0,2020_2021 10월.xlsx
2021,4,동티모르,출항환적,39.0,39.0,0.0,39.0,39.0,0.0,2020_2021 10월.xlsx
2021,4,라트비아,출항환적,20.0,20.0,0.0,41.0,41.0,0.0,2020_2021 10월.xlsx
2021,4,러시아,출항환적,26672.25,26672.25,0.0,98022.75,96852.75,1170.0,2020_2021 10월.xlsx
2021,4,레바논,출항환적,233.5,233.5,0.0,1147.25,1147.25,0.0,2020_2021 10월.xlsx
2021,4,레위니옹,출항환적,,,,2.0,2.0,0.0,2020_2021 10월.xlsx
2021,4,루마니아,출항환적,169.0,169.0,0.0,842.0,842.0,0.0,2020_2021 10월.xlsx
2021,4,리비아,출항환적,87.0,87.0,0.0,279.0,279.0,0.0,2020_2021 10월.xlsx
2021,4,리투아니아,출항환적,59.0,59.0,0.0,66.0,66.0,0.0,2020_2021 10월.xlsx
2021,4,마다가스카르,출항환적,1.0,1.0,0.0,11.0,11.0,0.0,2020_2021 10월.xlsx
2021,4,마르티니크,출항환적,12.0,12.0,0.0,68.0,68.0,0.0,2020_2021 10월.xlsx
2021,4,마샬 제도,출항환적,89.0,89.0,0.0,408.0,408.0,0.0,2020_2021 10월.xlsx
2021,4,말레이시아,출항환적,3525.0,3525.0,0.0,14162.0,14013.0,149.0,2020_2021 10월.xlsx
2021,4,멕시코,출항환적,26977.25,26969.25,8.0,99030.25,97974.25,1056.0,2020_2021 10월.xlsx
2021,4,모로코,출항환적,514.0,514.0,0.0,1985.0,1985.0,0.0,2020_2021 10월.xlsx
2021,4,모리셔스,출항환적,18.0,18.0,0.0,56.0,56.0,0.0,2020_2021 10월.xlsx
2021,4,모리타니,출항환적,2.0,2.0,0.0,27.0,27.0,0.0,2020_2021 10월.xlsx
2021,4,모잠비크,출항환적,26.0,26.0,0.0,63.0,63.0,0.0,2020_2021 10월.xlsx
2021,4,몬테네그로,출항환적,22.0,22.0,0.0,40.0,40.0,0.0,2020_2021 10월.xlsx
2021,4,몰디브,출항환적,6.0,6.0,0.0,17.0,17.0,0.0,2020_2021 10월.xlsx
2021,4,몰타,출항환적,5.0,5.0,0.0,44.5,44.5,0.0,2020_2021 10월.xlsx
2021,4,미국,출항환적,81898.25,81870.25,28.0,339139.75,338793.75,346.0,2020_2021 10월.xlsx
2021,4,미국령 버진아일랜드,출항환적,14.0,14.0,0.0,23.0,23.0,0.0,2020_2021 10월.xlsx
2021,4,미얀마,출항환적,23.0,23.0,0.0,198.0,198.0,0.0,2020_2021 10월.xlsx
2021,4,미크로네시아,출항환적,96.0,96.0,0.0,419.0,419.0,0.0,2020_2021 10월.xlsx
2021,4,바누아투,출항환적,419.0,419.0,0.0,1236.0,1236.0,0.0,2020_2021 10월.xlsx
2021,4,바레인,출항환적,25.0,25.0,0.0,33.0,33.0,0.0,2020_2021 10월.xlsx
2021,4,바베이도스,출항환적,108.0,108.0,0.0,381.0,381.0,0.0,2020_2021 10월.xlsx
2021,4,바하마,출항환적,5232.0,115.0,5117.0,23098.25,347.0,22751.25,2020_2021 10월.xlsx
2021,4,방글라데시,출항환적,35.0,35.0,0.0,146.0,146.0,0.0,2020_2021 10월.xlsx
2021,4,베냉,출항환적,6.0,6.0,0.0,26.0,26.0,0.0,2020_2021 10월.xlsx
2021,4,베네수엘라,출항환적,1252.0,1252.0,0.0,2727.0,2727.0,0.0,2020_2021 10월.xlsx
2021,4,베트남,출항환적,11691.25,10054.25,1637.0,36541.0,34777.0,1764.0,2020_2021 10월.xlsx
2021,4,벨기에,출항환적,1281.0,1281.0,0.0,3586.25,3586.25,0.0,2020_2021 10월.xlsx
2021,4,벨리즈,출항환적,38.0,38.0,0.0,105.0,105.0,0.0,2020_2021 10월.xlsx
2021,4,북마리아나 제도,출항환적,107.0,107.0,0.0,338.75,338.75,0.0,2020_2021 10월.xlsx
2021,4,불가리아,출항환적,20.0,20.0,0.0,126.0,126.0,0.0,2020_2021 10월.xlsx
2021,4,브라질,출항환적,4331.0,4331.0,0.0,19385.0,19385.0,0.0,2020_2021 10월.xlsx
2021,4,사모아,출항환적,310.0,310.0,0.0,1250.0,1250.0,0.0,2020_2021 10월.xlsx
2021,4,사우디아라비아,출항환적,1638.25,1638.25,0.0,6752.25,6752.25,0.0,2020_2021 10월.xlsx
2021,4,세네갈,출항환적,7.0,7.0,0.0,44.0,44.0,0.0,2020_2021 10월.xlsx
2021,4,세이셸,출항환적,1.0,1.0,0.0,1.0,1.0,0.0,2020_2021 10월.xlsx
2021,4,세인트 빈센트 그레나딘,출항환적,13.0,13.0,0.0,28.0,28.0,0.0,2020_2021 10월.xlsx
2021,4,세인트루시아,출항환적,42.0,42.0,0.0,67.0,67.0,0.0,2020_2021 10월.xlsx
2021,4,세인트키츠 네비스,출항환적,36.0,36.0,0.0,54.0,54.0,0.0,2020_2021 10월.xlsx
2021,4,소말리아,출항환적,16.0,16.0,0.0,28.0,28.0,0.0,2020_2021 10월.xlsx
2021,4,솔로몬제도,출항환적,126.0,126.0,0.0,679.0,679.0,0.0,2020_2021 10월.xlsx
2021,4,수단,출항환적,60.0,60.0,0.0,109.0,109.0,0.0,2020_2021 10월.xlsx
2021,4,수리남,출항환적,222.0,222.0,0.0,791.0,791.0,0.0,2020_2021 10월.xlsx
2021,4,스리랑카,출항환적,175.0,175.0,0.0,706.0,706.0,0.0,2020_2021 10월.xlsx
2021,4,스웨덴,출항환적,117.0,117.0,0.0,697.0,697.0,0.0,2020_2021 10월.xlsx
2021,4,스페인,출항환적,1768.0,1768.0,0.0,7877.0,7777.0,100.0,2020_2021 10월.xlsx
2021,4,슬로베니아,출항환적,499.0,499.0,0.0,1769.5,1769.5,0.0,2020_2021 10월.xlsx
2021,4,시리아,출항환적,32.0,32.0,0.0,187.0,187.0,0.0,2020_2021 10월.xlsx
2021,4,시에라 리온,출항환적,,,,19.0,19.0,0.0,2020_2021 10월.xlsx
2021,4,싱가포르,출항환적,6175.0,5566.0,609.0,23943.0,22377.0,1566.0,2020_2021 10월.xlsx
2021,4,아랍에미리트연합국,출항환적,3549.5,3549.5,0.0,14534.25,14292.25,242.0,2020_2021 10월.xlsx
2021,4,아루바,출항환적,14.0,14.0,0.0,56.0,56.0,0.0,2020_2021 10월.xlsx
2021,4,아르헨티나,출항환적,709.0,709.0,0.0,3415.0,3415.0,0.0,2020_2021 10월.xlsx
2021,4,아메리칸사모아,출항환적,135.0,135.0,0.0,327.0,327.0,0.0,2020_2021 10월.xlsx
2021,4,아이티,출항환적,130.0,130.0,0.0,505.0,505.0,0.0,2020_2021 10월.xlsx
2021,4,아일랜드,출항환적,1.0,1.0,0.0,60.0,60.0,0.0,2020_2021 10월.xlsx
2021,4,알바니아,출항환적,8.0,8.0,0.0,12.0,12.0,0.0,2020_2021 10월.xlsx
2021,4,알제리,출항환적,153.75,153.75,0.0,662.25,662.25,0.0,2020_2021 10월.xlsx
2021,4,앙골라,출항환적,1.0,1.0,0.0,14.0,14.0,0.0,2020_2021 10월.xlsx
2021,4,앤티가 바부다,출항환적,26.0,26.0,0.0,60.0,60.0,0.0,2020_2021 10월.xlsx
2021,4,앤틸리스제도,출항환적,79.0,79.0,0.0,150.0,150.0,0.0,2020_2021 10월.xlsx
2021,4,앵귈라,출항환적,2.0,2.0,0.0,4.0,4.0,0.0,2020_2021 10월.xlsx
2021,4,에리트레아,출항환적,1.0,1.0,0.0,8.0,8.0,0.0,2020_2021 10월.xlsx
2021,4,에스토니아,출항환적,15.0,15.0,0.0,35.0,35.0,0.0,2020_2021 10월.xlsx
2021,4,에콰도르,출항환적,3061.0,3061.0,0.0,14027.0,10189.0,3838.0,2020_2021 10월.xlsx
2021,4,엘살바도르,출항환적,650.5,650.5,0.0,1809.5,1809.5,0.0,2020_2021 10월.xlsx
2021,4,영국,출항환적,863.0,863.0,0.0,5411.0,5410.0,1.0,2020_2021 10월.xlsx
2021,4,영국령 버진아일랜드,출항환적,2.0,2.0,0.0,6.0,6.0,0.0,2020_2021 10월.xlsx
2021,4,예멘,출항환적,,,,17.0,17.0,0.0,2020_2021 10월.xlsx
2021,4,오만,출항환적,422.0,422.0,0.0,1845.5,1845.5,0.0,2020_2021 10월.xlsx
2021,4,온두라스,출항환적,327.0,327.0,0.0,1465.0,1003.0,462.0,2020_2021 10월.xlsx
2021,4,요르단,출항환적,157.0,157.0,0.0,857.0,857.0,0.0,2020_2021 10월.xlsx
2021,4,우루과이,출항환적,139.0,139.0,0.0,806.0,806.0,0.0,2020_2021 10월.xlsx
2021,4,우크라이나,출항환적,345.25,345.25,0.0,1120.75,1120.75,0.0,2020_2021 10월.xlsx
2021,4,원양어획지역,출항환적,4.0,4.0,0.0,10.0,10.0,0.0,2020_2021 10월.xlsx
2021,4,이라크,출항환적,183.0,183.0,0.0,235.0,235.0,0.0,2020_2021 10월.xlsx
2021,4,이란,출항환적,,,,14.0,14.0,0.0,2020_2021 10월.xlsx
2021,4,이스라엘,출항환적,434.0,428.0,6.0,2905.0,2183.0,722.0,2020_2021 10월.xlsx
2021,4,이집트,출항환적,1365.0,1319.0,46.0,5786.0,5220.0,566.0,2020_2021 10월.xlsx
2021,4,이탈리아,출항환적,2470.0,2470.0,0.0,7652.0,7641.0,11.0,2020_2021 10월.xlsx
2021,4,인도,출항환적,4486.0,4477.0,9.0,15221.25,15163.25,58.0,2020_2021 10월.xlsx
2021,4,인도네시아,출항환적,4670.0,4670.0,0.0,17208.0,17193.0,15.0,2020_2021 10월.xlsx
2021,4,일본,출항환적,79657.0,78453.0,1204.0,325656.75,321904.75,3752.0,2020_2021 10월.xlsx
2021,4,자메이카,출항환적,1325.25,1325.25,0.0,4467.25,4466.25,1.0,2020_2021 10월.xlsx
2021,4,적도 기니,출항환적,,,,8.0,8.0,0.0,2020_2021 10월.xlsx
2021,4,조지아,출항환적,143.5,143.5,0.0,443.0,443.0,0.0,2020_2021 10월.xlsx
2021,4,중국,출항환적,94425.0,84533.0,9892.0,366252.5,340405.5,25847.0,2020_2021 10월.xlsx
2021,4,지부티,출항환적,6.0,6.0,0.0,12.0,12.0,0.0,2020_2021 10월.xlsx
2021,4,칠레,출항환적,17325.25,17077.25,248.0,65017.5,63467.5,1550.0,2020_2021 10월.xlsx
2021,4,카메룬,출항환적,44.0,44.0,0.0,80.0,80.0,0.0,2020_2021 10월.xlsx
2021,4,카타르,출항환적,183.0,183.0,0.0,874.25,874.25,0.0,2020_2021 10월.xlsx
2021,4,캄보디아,출항환적,63.5,63.5,0.0,179.0,179.0,0.0,2020_2021 10월.xlsx
2021,4,캐나다,출항환적,30160.5,30152.5,8.0,119044.5,118922.5,122.0,2020_2021 10월.xlsx
2021,4,케냐,출항환적,114.0,114.0,0.0,223.0,223.0,0.0,2020_2021 10월.xlsx
2021,4,케이맨 제도,출항환적,22.0,22.0,0.0,35.0,35.0,0.0,2020_2021 10월.xlsx
2021,4,코스타리카,출항환적,922.75,922.75,0.0,2928.0,2692.0,236.0,2020_2021 10월.xlsx
2021,4,코트디부아르,출항환적,94.0,94.0,0.0,315.0,315.0,0.0,2020_2021 10월.xlsx
2021,4,콜롬비아,출항환적,7672.0,7672.0,0.0,30678.0,30678.0,0.0,2020_2021 10월.xlsx
2021,4,콩고,출항환적,7.0,7.0,0.0,11.0,11.0,0.0,2020_2021 10월.xlsx
2021,4,콩고 민주 공화국,출항환적,6.0,6.0,0.0,10.0,10.0,0.0,2020_2021 10월.xlsx
2021,4,쿠바,출항환적,456.0,456.0,0.0,1178.0,1178.0,0.0,2020_2021 10월.xlsx
2021,4,쿠웨이트,출항환적,26.0,26.0,0.0,73.0,73.0,0.0,2020_2021 10월.xlsx
2021,4,쿡 제도,출항환적,,,,1.0,1.0,0.0,2020_2021 10월.xlsx
2021,4,퀴라소,출항환적,14.0,14.0,0.0,14.0,14.0,0.0,2020_2021 10월.xlsx
2021,4,크로아티아,출항환적,336.25,336.25,0.0,710.75,710.75,0.0,2020_2021 10월.xlsx
2021,4,키리바시,출항환적,259.0,259.0,0.0,853.0,853.0,0.0,2020_2021 10월.xlsx
2021,4,키프로스,출항환적,1.0,1.0,0.0,34.0,34.0,0.0,2020_2021 10월.xlsx
2021,4,탄자니아,출항환적,33.0,33.0,0.0,92.0,92.0,0.0,2020_2021 10월.xlsx
2021,4,태국,출항환적,8950.0,8927.0,23.0,28435.0,27952.0,483.0,2020_2021 10월.xlsx
2021,4,토고,출항환적,25.0,25.0,0.0,31.0,31.0,0.0,2020_2021 10월.xlsx
2021,4,통가,출항환적,126.0,126.0,0.0,429.0,429.0,0.0,2020_2021 10월.xlsx
2021,4,튀니지,출항환적,84.5,84.5,0.0,283.5,283.5,0.0,2020_2021 10월.xlsx
2021,4,튀르키예,출항환적,2285.5,2285.5,0.0,10308.5,10308.5,0.0,2020_2021 10월.xlsx
2021,4,트리니다드 토바고,출항환적,587.0,587.0,0.0,1587.0,1587.0,0.0,2020_2021 10월.xlsx
2021,4,파나마,출항환적,3617.0,3617.0,0.0,13048.75,12779.75,269.0,2020_2021 10월.xlsx
2021,4,파라과이,출항환적,73.0,73.0,0.0,80.0,80.0,0.0,2020_2021 10월.xlsx
2021,4,파키스탄,출항환적,375.0,375.0,0.0,1663.0,1663.0,0.0,2020_2021 10월.xlsx
2021,4,파푸아 뉴기니,출항환적,63.0,63.0,0.0,1093.0,1093.0,0.0,2020_2021 10월.xlsx
2021,4,팔라우,출항환적,15.0,15.0,0.0,54.0,54.0,0.0,2020_2021 10월.xlsx
2021,4,페루,출항환적,6354.0,6354.0,0.0,26473.0,25363.0,1110.0,2020_2021 10월.xlsx
2021,4,포르투갈,출항환적,24.0,24.0,0.0,96.0,96.0,0.0,2020_2021 10월.xlsx
2021,4,폴란드,출항환적,156.0,156.0,0.0,714.0,714.0,0.0,2020_2021 10월.xlsx
2021,4,푸에르토리코,출항환적,466.0,466.0,0.0,1798.0,1798.0,0.0,2020_2021 10월.xlsx
2021,4,프랑스,출항환적,1057.0,1057.0,0.0,4930.25,4929.25,1.0,2020_2021 10월.xlsx
2021,4,프랑스령 기아나,출항환적,3.0,3.0,0.0,34.0,34.0,0.0,2020_2021 10월.xlsx
2021,4,프랑스령 폴리네시아,출항환적,114.0,114.0,0.0,281.0,281.0,0.0,2020_2021 10월.xlsx
2021,4,피지,출항환적,647.0,646.0,1.0,2262.0,2261.0,1.0,2020_2021 10월.xlsx
2021,4,핀란드,출항환적,29.0,29.0,0.0,86.0,86.0,0.0,2020_2021 10월.xlsx
2021,4,필리핀,출항환적,6986.0,6986.0,0.0,23168.25,23168.25,0.0,2020_2021 10월.xlsx
2021,4,호주,출항환적,2174.0,2174.0,0.0,9002.0,7947.0,1055.0,2020_2021 10월.xlsx
2021,4,홍콩,출항환적,4798.0,4798.0,0.0,14356.5,14156.5,200.0,2020_2021 10월.xlsx
2021,5,가나,입항,48.0,48.0,0.0,109.0,107.0,2.0,2020_2021 9월.xlsx
2021,5,감비아,입항,15.0,15.0,0.0,30.0,30.0,0.0,2020_2021 9월.xlsx
2021,5,과테말라,입항,551.0,317.0,234.0,2149.25,1456.0,693.25,2020_2021 9월.xlsx
2021,5,괌,입항,429.25,56.25,373.0,2330.0,426.25,1903.75,2020_2021 9월.xlsx
2021,5,그리스,입항,910.0,380.0,530.0,6404.0,1837.0,4567.0,2020_2021 9월.xlsx
2021,5,기니,입항,80.0,80.0,0.0,539.0,539.0,0.0,2020_2021 9월.xlsx
2021,5,기니비사우,입항,8.0,8.0,0.0,34.0,34.0,0.0,2020_2021 9월.xlsx
2021,5,나미비아,입항,,,,49.0,49.0,0.0,2020_2021 9월.xlsx
2021,5,나이지리아,입항,155.0,155.0,0.0,351.0,351.0,0.0,2020_2021 9월.xlsx
2021,5,남아프리카,입항,651.0,621.0,30.0,4009.0,3807.0,202.0,2020_2021 9월.xlsx
2021,5,네덜란드,입항,8368.5,6640.0,1728.5,35960.5,31154.0,4806.5,2020_2021 9월.xlsx
2021,5,노르웨이,입항,588.0,564.0,24.0,3931.0,3881.0,50.0,2020_2021 9월.xlsx
2021,5,뉴질랜드,입항,2860.0,2568.0,292.0,13082.0,11720.0,1362.0,2020_2021 9월.xlsx
2021,5,뉴칼레도니아,입항,168.0,22.0,146.0,1453.0,71.0,1382.0,2020_2021 9월.xlsx
2021,5,니카라과,입항,8.0,8.0,0.0,102.0,102.0,0.0,2020_2021 9월.xlsx
2021,5,대만,입항,5702.75,4479.0,1223.75,37034.25,22848.0,14186.25,2020_2021 9월.xlsx
2021,5,대한민국,입항,4551.0,0.0,4551.0,35250.0,1.0,35249.0,2020_2021 9월.xlsx
2021,5,덴마크,입항,1139.0,1139.0,0.0,4989.0,4989.0,0.0,2020_2021 9월.xlsx
2021,5,도미니카 공화국,입항,168.0,166.0,2.0,403.0,394.0,9.0,2020_2021 9월.xlsx
2021,5,독일,입항,8831.5,8619.5,212.0,40302.25,38154.25,2148.0,2020_2021 9월.xlsx
2021,5,라이베리아,입항,1.0,1.0,0.0,16.0,16.0,0.0,2020_2021 9월.xlsx
2021,5,라트비아,입항,1073.0,1073.0,0.0,4693.0,4693.0,0.0,2020_2021 9월.xlsx
2021,5,러시아,입항,15475.25,4196.0,11279.25,52418.75,18714.0,33704.75,2020_2021 9월.xlsx
2021,5,레바논,입항,105.0,97.0,8.0,565.0,495.0,70.0,2020_2021 9월.xlsx
2021,5,레위니옹,입항,2.0,2.0,0.0,11.0,10.0,1.0,2020_2021 9월.xlsx
2021,5,루마니아,입항,843.0,204.0,639.0,2864.0,1106.0,1758.0,2020_2021 9월.xlsx
2021,5,리비아,입항,33.0,33.0,0.0,197.0,197.0,0.0,2020_2021 9월.xlsx
2021,5,리투아니아,입항,417.0,412.0,5.0,1732.5,1723.5,9.0,2020_2021 9월.xlsx
2021,5,마다가스카르,입항,2.0,2.0,0.0,24.0,24.0,0.0,2020_2021 9월.xlsx
2021,5,마샬 제도,입항,359.0,10.0,349.0,1989.0,15.0,1974.0,2020_2021 9월.xlsx
2021,5,말레이시아,입항,6709.0,5277.0,1432.0,40443.75,26975.0,13468.75,2020_2021 9월.xlsx
2021,5,멕시코,입항,10539.0,2388.0,8151.0,44380.5,11862.0,32518.5,2020_2021 9월.xlsx
2021,5,모로코,입항,196.0,196.0,0.0,1810.0,941.0,869.0,2020_2021 9월.xlsx
2021,5,모리셔스,입항,15.0,15.0,0.0,37.0,37.0,0.0,2020_2021 9월.xlsx
2021,5,모리타니,입항,57.0,57.0,0.0,115.0,115.0,0.0,2020_2021 9월.xlsx
2021,5,모잠비크,입항,39.0,39.0,0.0,374.0,374.0,0.0,2020_2021 9월.xlsx
2021,5,몬테네그로,입항,235.0,235.0,0.0,497.0,497.0,0.0,2020_2021 9월.xlsx
2021,5,몰타,입항,60.0,0.0,60.0,274.0,81.0,193.0,2020_2021 9월.xlsx
2021,5,미국,입항,75070.5,40961.0,34109.5,326862.5,207397.0,119465.5,2020_2021 9월.xlsx
2021,5,미얀마,입항,171.0,171.0,0.0,1623.0,1615.0,8.0,2020_2021 9월.xlsx
2021,5,미크로네시아,입항,18.0,16.0,2.0,49.0,31.0,18.0,2020_2021 9월.xlsx
2021,5,바누아투,입항,197.0,1.0,196.0,1164.0,4.0,1160.0,2020_2021 9월.xlsx
2021,5,바레인,입항,248.0,248.0,0.0,1105.0,1105.0,0.0,2020_2021 9월.xlsx
2021,5,바하마,입항,,,,3.0,3.0,0.0,2020_2021 9월.xlsx
2021,5,방글라데시,입항,392.0,392.0,0.0,3089.0,3016.0,73.0,2020_2021 9월.xlsx
2021,5,베냉,입항,,,,10.0,0.0,10.0,2020_2021 9월.xlsx
2021,5,베네수엘라,입항,15.0,15.0,0.0,131.0,131.0,0.0,2020_2021 9월.xlsx
2021,5,베트남,입항,15454.75,13089.0,2365.75,72907.0,63268.0,9639.0,2020_2021 9월.xlsx
2021,5,벨기에,입항,3588.0,3464.0,124.0,15681.0,14760.0,921.0,2020_2021 9월.xlsx
2021,5,북마리아나 제도,입항,1047.75,8.0,1039.75,4937.0,50.0,4887.0,2020_2021 9월.xlsx
2021,5,불가리아,입항,61.0,61.0,0.0,438.0,438.0,0.0,2020_2021 9월.xlsx
2021,5,브라질,입항,3019.0,2482.0,537.0,17336.0,11713.0,5623.0,2020_2021 9월.xlsx
2021,5,브루나이,입항,3.0,3.0,0.0,15.0,15.0,0.0,2020_2021 9월.xlsx
2021,5,사모아,입항,247.0,3.0,244.0,701.0,9.0,692.0,2020_2021 9월.xlsx
2021,5,사우디아라비아,입항,811.0,489.0,322.0,6904.0,2784.0,4120.0,2020_2021 9월.xlsx
2021,5,세네갈,입항,72.0,72.0,0.0,253.0,253.0,0.0,2020_2021 9월.xlsx
2021,5,세르비아,입항,,,,2.0,2.0,0.0,2020_2021 9월.xlsx
2021,5,세이셸,입항,,,,17.0,17.0,0.0,2020_2021 9월.xlsx
2021,5,세인트루시아,입항,2.0,2.0,0.0,2.0,2.0,0.0,2020_2021 9월.xlsx
2021,5,소말리아,입항,,,,33.0,0.0,33.0,2020_2021 9월.xlsx
2021,5,솔로몬제도,입항,,,,28.0,0.0,28.0,2020_2021 9월.xlsx
2021,5,수단,입항,15.0,15.0,0.0,103.0,103.0,0.0,2020_2021 9월.xlsx
2021,5,수리남,입항,16.0,16.0,0.0,141.0,141.0,0.0,2020_2021 9월.xlsx
2021,5,스리랑카,입항,522.0,372.0,150.0,1921.0,1703.0,218.0,2020_2021 9월.xlsx
2021,5,스웨덴,입항,1353.0,1341.0,12.0,6333.0,6285.0,48.0,2020_2021 9월.xlsx
2021,5,스위스,입항,,,,10.0,10.0,0.0,2020_2021 9월.xlsx
2021,5,스페인,입항,2837.0,2741.0,96.0,17340.25,15861.0,1479.25,2020_2021 9월.xlsx
2021,5,슬로베니아,입항,1586.25,1578.25,8.0,6663.75,6600.75,63.0,2020_2021 9월.xlsx
2021,5,시에라 리온,입항,11.0,11.0,0.0,82.0,82.0,0.0,2020_2021 9월.xlsx
2021,5,싱가포르,입항,4290.5,3105.0,1185.5,26212.75,15442.0,10770.75,2020_2021 9월.xlsx
2021,5,아랍에미리트연합국,입항,6057.25,1375.0,4682.25,26824.0,6578.0,20246.0,2020_2021 9월.xlsx
2021,5,아루바,입항,,,,1.0,1.0,0.0,2020_2021 9월.xlsx
2021,5,아르헨티나,입항,396.0,296.0,100.0,3689.0,1243.0,2446.0,2020_2021 9월.xlsx
2021,5,아메리칸사모아,입항,43.0,38.0,5.0,316.0,118.0,198.0,2020_2021 9월.xlsx
2021,5,아이슬란드,입항,2.0,2.0,0.0,2.0,2.0,0.0,2020_2021 9월.xlsx
2021,5,아이티,입항,,,,13.0,13.0,0.0,2020_2021 9월.xlsx
2021,5,아일랜드,입항,167.0,167.0,0.0,796.0,796.0,0.0,2020_2021 9월.xlsx
2021,5,알바니아,입항,1.0,1.0,0.0,355.0,355.0,0.0,2020_2021 9월.xlsx
2021,5,알제리,입항,1.0,1.0,0.0,3.0,3.0,0.0,2020_2021 9월.xlsx
2021,5,앙골라,입항,,,,37.0,37.0,0.0,2020_2021 9월.xlsx
2021,5,앤틸리스제도,입항,2.0,2.0,0.0,6.0,6.0,0.0,2020_2021 9월.xlsx
2021,5,에스토니아,입항,219.25,219.25,0.0,1265.25,1263.25,2.0,2020_2021 9월.xlsx
2021,5,에콰도르,입항,550.0,422.0,128.0,4079.0,1784.0,2295.0,2020_2021 9월.xlsx
2021,5,엘살바도르,입항,72.0,62.0,10.0,1541.0,361.0,1180.0,2020_2021 9월.xlsx
2021,5,영국,입항,2763.75,2013.5,750.25,10988.0,8211.75,2776.25,2020_2021 9월.xlsx
2021,5,예멘,입항,84.0,84.0,0.0,706.0,706.0,0.0,2020_2021 9월.xlsx
2021,5,오만,입항,773.0,349.0,424.0,4619.0,1619.0,3000.0,2020_2021 9월.xlsx
2021,5,온두라스,입항,142.0,142.0,0.0,497.0,497.0,0.0,2020_2021 9월.xlsx
2021,5,요르단,입항,132.0,132.0,0.0,930.0,757.0,173.0,2020_2021 9월.xlsx
2021,5,우루과이,입항,130.0,61.0,69.0,931.0,453.0,478.0,2020_2021 9월.xlsx
2021,5,우크라이나,입항,246.0,244.0,2.0,2560.0,1218.0,1342.0,2020_2021 9월.xlsx
2021,5,이라크,입항,,,,16.0,0.0,16.0,2020_2021 9월.xlsx
2021,5,이란,입항,42.0,2.0,40.0,124.0,4.0,120.0,2020_2021 9월.xlsx
2021,5,이스라엘,입항,386.0,386.0,0.0,2985.0,2281.0,704.0,2020_2021 9월.xlsx
2021,5,이집트,입항,954.0,296.0,658.0,7670.5,1795.0,5875.5,2020_2021 9월.xlsx
2021,5,이탈리아,입항,6398.0,5677.0,721.0,27596.25,24894.25,2702.0,2020_2021 9월.xlsx
2021,5,인도,입항,9615.5,7013.0,2602.5,54436.25,34540.25,19896.0,2020_2021 9월.xlsx
2021,5,인도네시아,입항,7962.25,5840.0,2122.25,38830.25,29847.75,8982.5,2020_2021 9월.xlsx
2021,5,일본,입항,73530.25,20875.0,52655.25,339573.25,105340.0,234233.25,2020_2021 9월.xlsx
2021,5,자메이카,입항,1643.0,38.0,1605.0,5023.0,72.0,4951.0,2020_2021 9월.xlsx
2021,5,적도 기니,입항,,,,3.0,3.0,0.0,2020_2021 9월.xlsx
2021,5,조지아,입항,14.0,14.0,0.0,66.0,66.0,0.0,2020_2021 9월.xlsx
2021,5,중국,입항,103077.5,84259.0,18818.5,533704.0,390543.75,143160.25,2020_2021 9월.xlsx
2021,5,지부티,입항,145.0,145.0,0.0,450.0,450.0,0.0,2020_2021 9월.xlsx
2021,5,체코,입항,,,,7.0,7.0,0.0,2020_2021 9월.xlsx
2021,5,칠레,입항,4108.0,3995.0,113.0,31212.0,26578.0,4634.0,2020_2021 9월.xlsx
2021,5,카메룬,입항,3.0,3.0,0.0,11.0,11.0,0.0,2020_2021 9월.xlsx
2021,5,카타르,입항,817.0,751.0,66.0,2637.0,2318.0,319.0,2020_2021 9월.xlsx
2021,5,캄보디아,입항,43.0,43.0,0.0,714.0,714.0,0.0,2020_2021 9월.xlsx
2021,5,캐나다,입항,10930.75,6275.75,4655.0,51083.25,26991.25,24092.0,2020_2021 9월.xlsx
2021,5,케냐,입항,21.0,21.0,0.0,191.0,191.0,0.0,2020_2021 9월.xlsx
2021,5,코스타리카,입항,193.0,193.0,0.0,627.0,617.0,10.0,2020_2021 9월.xlsx
2021,5,코트디부아르,입항,14.0,14.0,0.0,47.0,44.0,3.0,2020_2021 9월.xlsx
2021,5,콜롬비아,입항,1840.0,677.0,1163.0,6283.0,2842.0,3441.0,2020_2021 9월.xlsx
2021,5,콩고,입항,3.0,3.0,0.0,30.0,30.0,0.0,2020_2021 9월.xlsx
2021,5,콩고 민주 공화국,입항,2.0,2.0,0.0,29.0,29.0,0.0,2020_2021 9월.xlsx
2021,5,쿠바,입항,16.0,16.0,0.0,44.0,44.0,0.0,2020_2021 9월.xlsx
2021,5,쿠웨이트,입항,160.0,160.0,0.0,420.0,412.0,8.0,2020_2021 9월.xlsx
2021,5,퀴라소,입항,,,,10.0,10.0,0.0,2020_2021 9월.xlsx
2021,5,크로아티아,입항,213.0,213.0,0.0,972.0,963.0,9.0,2020_2021 9월.xlsx
2021,5,키리바시,입항,653.0,0.0,653.0,1212.0,1.0,1211.0,2020_2021 9월.xlsx
2021,5,키프로스,입항,8.0,8.0,0.0,60.0,60.0,0.0,2020_2021 9월.xlsx
2021,5,탄자니아,입항,249.0,249.0,0.0,1748.0,1748.0,0.0,2020_2021 9월.xlsx
2021,5,태국,입항,7463.75,7177.0,286.75,34484.5,33080.0,1404.5,2020_2021 9월.xlsx
2021,5,토고,입항,35.0,35.0,0.0,136.0,136.0,0.0,2020_2021 9월.xlsx
2021,5,통가,입항,137.0,2.0,135.0,251.0,10.0,241.0,2020_2021 9월.xlsx
2021,5,튀니지,입항,92.0,92.0,0.0,334.0,334.0,0.0,2020_2021 9월.xlsx
2021,5,튀르키예,입항,2491.0,2312.0,179.0,11276.0,8674.0,2602.0,2020_2021 9월.xlsx
2021,5,트리니다드 토바고,입항,51.0,51.0,0.0,218.0,218.0,0.0,2020_2021 9월.xlsx
2021,5,파나마,입항,914.0,76.0,838.0,7577.0,275.0,7302.0,2020_2021 9월.xlsx
2021,5,파라과이,입항,16.0,16.0,0.0,134.0,134.0,0.0,2020_2021 9월.xlsx
2021,5,파키스탄,입항,1184.0,482.0,702.0,8980.0,2637.0,6343.0,2020_2021 9월.xlsx
2021,5,파푸아 뉴기니,입항,30.0,30.0,0.0,144.0,144.0,0.0,2020_2021 9월.xlsx
2021,5,팔라우,입항,1.0,1.0,0.0,2.0,2.0,0.0,2020_2021 9월.xlsx
2021,5,페루,입항,1519.0,1472.0,47.0,9273.0,7531.0,1742.0,2020_2021 9월.xlsx
2021,5,포르투갈,입항,461.0,461.0,0.0,1467.0,1463.0,4.0,2020_2021 9월.xlsx
2021,5,폴란드,입항,1422.0,1410.0,12.0,5726.5,5709.5,17.0,2020_2021 9월.xlsx
2021,5,푸에르토리코,입항,139.0,139.0,0.0,742.0,742.0,0.0,2020_2021 9월.xlsx
2021,5,프랑스,입항,3123.0,3091.0,32.0,14251.0,13269.0,982.0,2020_2021 9월.xlsx
2021,5,프랑스령 폴리네시아,입항,9.0,9.0,0.0,756.0,27.0,729.0,2020_2021 9월.xlsx
2021,5,피지,입항,156.0,20.0,136.0,613.0,78.0,535.0,2020_2021 9월.xlsx
2021,5,핀란드,입항,1439.0,1439.0,0.0,5277.0,5249.0,28.0,2020_2021 9월.xlsx
2021,5,필리핀,입항,4939.0,1940.0,2999.0,23921.25,11165.0,12756.25,2020_2021 9월.xlsx
2021,5,헝가리,입항,2.0,2.0,0.0,59.0,59.0,0.0,2020_2021 9월.xlsx
2021,5,호주,입항,14061.0,6322.0,7739.0,68120.0,30888.0,37232.0,2020_2021 9월.xlsx
2021,5,홍콩,입항,6298.0,4423.0,1875.0,22832.75,18314.0,4518.75,2020_2021 9월.xlsx
2021,5,가나,입항환적,29.0,29.0,0.0,212.0,212.0,0.0,2020_2021 9월.xlsx
2021,5,가봉,입항환적,8.0,8.0,0.0,94.0,94.0,0.0,2020_2021 9월.xlsx
2021,5,가이아나,입항환적,196.0,196.0,0.0,970.0,970.0,0.0,2020_2021 9월.xlsx
2021,5,감비아,입항환적,4.0,4.0,0.0,4.0,4.0,0.0,2020_2021 9월.xlsx
2021,5,과테말라,입항환적,478.0,474.0,4.0,2731.0,2725.0,6.0,2020_2021 9월.xlsx
2021,5,괌,입항환적,147.5,147.5,0.0,896.5,871.5,25.0,2020_2021 9월.xlsx
2021,5,그리스,입항환적,468.0,468.0,0.0,1806.5,1802.0,4.5,2020_2021 9월.xlsx
2021,5,기니,입항환적,1.0,1.0,0.0,15.0,15.0,0.0,2020_2021 9월.xlsx
2021,5,나미비아,입항환적,45.0,45.0,0.0,50.0,50.0,0.0,2020_2021 9월.xlsx
2021,5,나이지리아,입항환적,319.0,319.0,0.0,637.0,637.0,0.0,2020_2021 9월.xlsx
2021,5,남아프리카,입항환적,415.0,415.0,0.0,1752.0,1752.0,0.0,2020_2021 9월.xlsx
2021,5,네덜란드,입항환적,2590.25,2500.25,90.0,14176.25,14070.25,106.0,2020_2021 9월.xlsx
2021,5,노르웨이,입항환적,155.0,155.0,0.0,1217.0,1217.0,0.0,2020_2021 9월.xlsx
2021,5,뉴질랜드,입항환적,1696.0,1695.0,1.0,8129.0,7959.0,170.0,2020_2021 9월.xlsx
2021,5,뉴칼레도니아,입항환적,67.0,65.0,2.0,1055.0,1046.0,9.0,2020_2021 9월.xlsx
2021,5,니카라과,입항환적,210.0,210.0,0.0,1465.0,1463.0,2.0,2020_2021 9월.xlsx
2021,5,대만,입항환적,6393.5,6227.5,166.0,26563.5,26311.5,252.0,2020_2021 9월.xlsx
2021,5,대한민국,입항환적,8023.0,7828.0,195.0,46078.0,43935.0,2143.0,2020_2021 9월.xlsx
2021,5,덴마크,입항환적,113.0,113.0,0.0,1346.0,1322.0,24.0,2020_2021 9월.xlsx
2021,5,도미니카 공화국,입항환적,10.0,10.0,0.0,444.0,444.0,0.0,2020_2021 9월.xlsx
2021,5,독일,입항환적,2314.25,2314.25,0.0,11948.75,11940.75,8.0,2020_2021 9월.xlsx
2021,5,동티모르,입항환적,,,,5.0,5.0,0.0,2020_2021 9월.xlsx
2021,5,라이베리아,입항환적,,,,1.0,1.0,0.0,2020_2021 9월.xlsx
2021,5,라트비아,입항환적,261.0,261.0,0.0,1380.0,1380.0,0.0,2020_2021 9월.xlsx
2021,5,러시아,입항환적,17643.0,16279.0,1364.0,79551.0,76650.0,2901.0,2020_2021 9월.xlsx
2021,5,레바논,입항환적,,,,10.0,10.0,0.0,2020_2021 9월.xlsx
2021,5,루마니아,입항환적,823.0,823.0,0.0,2983.75,2983.75,0.0,2020_2021 9월.xlsx
2021,5,리비아,입항환적,,,,6.0,6.0,0.0,2020_2021 9월.xlsx
2021,5,리투아니아,입항환적,184.0,84.0,100.0,385.0,284.0,101.0,2020_2021 9월.xlsx
2021,5,마다가스카르,입항환적,25.0,25.0,0.0,42.0,42.0,0.0,2020_2021 9월.xlsx
2021,5,마샬 제도,입항환적,38.0,38.0,0.0,233.0,231.0,2.0,2020_2021 9월.xlsx
2021,5,말레이시아,입항환적,6590.0,6580.0,10.0,38931.75,38357.75,574.0,2020_2021 9월.xlsx
2021,5,멕시코,입항환적,3518.5,3433.0,85.5,20698.75,19913.0,785.75,2020_2021 9월.xlsx
2021,5,모로코,입항환적,83.0,83.0,0.0,425.0,423.0,2.0,2020_2021 9월.xlsx
2021,5,모리셔스,입항환적,17.0,17.0,0.0,159.0,159.0,0.0,2020_2021 9월.xlsx
2021,5,모리타니,입항환적,1.0,1.0,0.0,49.0,49.0,0.0,2020_2021 9월.xlsx
2021,5,모잠비크,입항환적,14.0,14.0,0.0,256.0,256.0,0.0,2020_2021 9월.xlsx
2021,5,몬테네그로,입항환적,4.0,4.0,0.0,14.0,14.0,0.0,2020_2021 9월.xlsx
2021,5,몰디브,입항환적,3.0,3.0,0.0,3.0,3.0,0.0,2020_2021 9월.xlsx
2021,5,몰타,입항환적,11.0,11.0,0.0,337.0,337.0,0.0,2020_2021 9월.xlsx
2021,5,미국,입항환적,58098.75,50286.5,7812.25,242167.75,223761.0,18406.75,2020_2021 9월.xlsx
2021,5,미얀마,입항환적,51.0,51.0,0.0,738.0,728.0,10.0,2020_2021 9월.xlsx
2021,5,미크로네시아,입항환적,,,,17.0,16.0,1.0,2020_2021 9월.xlsx
2021,5,바누아투,입항환적,42.0,0.0,42.0,104.0,35.0,69.0,2020_2021 9월.xlsx
2021,5,바레인,입항환적,15.0,15.0,0.0,166.0,166.0,0.0,2020_2021 9월.xlsx
2021,5,바하마,입항환적,,,,11.0,11.0,0.0,2020_2021 9월.xlsx
2021,5,방글라데시,입항환적,643.0,643.0,0.0,2667.0,2667.0,0.0,2020_2021 9월.xlsx
2021,5,베냉,입항환적,18.0,18.0,0.0,76.0,76.0,0.0,2020_2021 9월.xlsx
2021,5,베네수엘라,입항환적,216.0,216.0,0.0,590.0,590.0,0.0,2020_2021 9월.xlsx
2021,5,베트남,입항환적,9651.25,9651.25,0.0,46722.25,46701.25,21.0,2020_2021 9월.xlsx
2021,5,벨기에,입항환적,1593.0,1593.0,0.0,8670.0,8670.0,0.0,2020_2021 9월.xlsx
2021,5,벨리즈,입항환적,176.0,176.0,0.0,814.0,814.0,0.0,2020_2021 9월.xlsx
2021,5,북마리아나 제도,입항환적,120.0,0.0,120.0,337.0,3.0,334.0,2020_2021 9월.xlsx
2021,5,불가리아,입항환적,143.0,143.0,0.0,443.0,443.0,0.0,2020_2021 9월.xlsx
2021,5,브라질,입항환적,5548.0,5548.0,0.0,31471.0,30329.0,1142.0,2020_2021 9월.xlsx
2021,5,브루나이,입항환적,,,,106.0,106.0,0.0,2020_2021 9월.xlsx
2021,5,사모아,입항환적,19.0,19.0,0.0,60.0,60.0,0.0,2020_2021 9월.xlsx
2021,5,사우디아라비아,입항환적,1066.0,666.0,400.0,3913.0,3511.0,402.0,2020_2021 9월.xlsx
2021,5,세네갈,입항환적,188.0,188.0,0.0,347.0,347.0,0.0,2020_2021 9월.xlsx
2021,5,세이셸,입항환적,,,,4.0,4.0,0.0,2020_2021 9월.xlsx
2021,5,세인트루시아,입항환적,8.0,8.0,0.0,24.0,24.0,0.0,2020_2021 9월.xlsx
2021,5,소말리아,입항환적,,,,1.0,1.0,0.0,2020_2021 9월.xlsx
2021,5,솔로몬제도,입항환적,2.0,2.0,0.0,13.0,13.0,0.0,2020_2021 9월.xlsx
2021,5,수단,입항환적,226.0,226.0,0.0,1133.0,1133.0,0.0,2020_2021 9월.xlsx
2021,5,수리남,입항환적,48.0,48.0,0.0,181.0,181.0,0.0,2020_2021 9월.xlsx
2021,5,스리랑카,입항환적,488.0,450.0,38.0,1871.5,1833.5,38.0,2020_2021 9월.xlsx
2021,5,스웨덴,입항환적,661.0,661.0,0.0,3408.0,3408.0,0.0,2020_2021 9월.xlsx
2021,5,스페인,입항환적,2134.0,2134.0,0.0,9512.25,9512.25,0.0,2020_2021 9월.xlsx
2021,5,슬로베니아,입항환적,1188.0,1188.0,0.0,4006.0,4006.0,0.0,2020_2021 9월.xlsx
2021,5,시에라 리온,입항환적,,,,31.0,31.0,0.0,2020_2021 9월.xlsx
2021,5,싱가포르,입항환적,1974.75,1947.75,27.0,12247.25,10249.25,1998.0,2020_2021 9월.xlsx
2021,5,아랍에미리트연합국,입항환적,2305.0,1653.0,652.0,9333.25,8489.25,844.0,2020_2021 9월.xlsx
2021,5,아르헨티나,입항환적,864.0,864.0,0.0,4458.0,4419.0,39.0,2020_2021 9월.xlsx
2021,5,아메리칸사모아,입항환적,1.0,1.0,0.0,5.0,5.0,0.0,2020_2021 9월.xlsx
2021,5,아이티,입항환적,2.0,2.0,0.0,30.0,30.0,0.0,2020_2021 9월.xlsx
2021,5,아일랜드,입항환적,24.0,24.0,0.0,301.0,301.0,0.0,2020_2021 9월.xlsx
2021,5,알바니아,입항환적,66.0,66.0,0.0,300.0,300.0,0.0,2020_2021 9월.xlsx
2021,5,앙골라,입항환적,,,,8.0,8.0,0.0,2020_2021 9월.xlsx
2021,5,에스토니아,입항환적,65.0,65.0,0.0,195.0,195.0,0.0,2020_2021 9월.xlsx
2021,5,에콰도르,입항환적,4191.0,4189.0,2.0,18907.0,18789.0,118.0,2020_2021 9월.xlsx
2021,5,엘살바도르,입항환적,105.0,105.0,0.0,443.0,435.0,8.0,2020_2021 9월.xlsx
2021,5,영국,입항환적,784.0,784.0,0.0,3472.25,3472.25,0.0,2020_2021 9월.xlsx
2021,5,예멘,입항환적,1.0,1.0,0.0,6.0,6.0,0.0,2020_2021 9월.xlsx
2021,5,오만,입항환적,372.0,372.0,0.0,2041.0,2041.0,0.0,2020_2021 9월.xlsx
2021,5,온두라스,입항환적,37.0,37.0,0.0,299.0,299.0,0.0,2020_2021 9월.xlsx
2021,5,요르단,입항환적,57.0,57.0,0.0,216.0,216.0,0.0,2020_2021 9월.xlsx
2021,5,우루과이,입항환적,484.0,484.0,0.0,2381.0,2381.0,0.0,2020_2021 9월.xlsx
2021,5,우크라이나,입항환적,1066.0,1066.0,0.0,3656.0,3476.0,180.0,2020_2021 9월.xlsx
2021,5,원양어획지역,입항환적,44.0,44.0,0.0,396.0,396.0,0.0,2020_2021 9월.xlsx
2021,5,이스라엘,입항환적,409.0,406.0,3.0,2291.0,1599.0,692.0,2020_2021 9월.xlsx
2021,5,이집트,입항환적,860.0,860.0,0.0,4113.0,4112.0,1.0,2020_2021 9월.xlsx
2021,5,이탈리아,입항환적,3925.0,3921.0,4.0,14048.0,13757.0,291.0,2020_2021 9월.xlsx
2021,5,인도,입항환적,6210.0,6190.0,20.0,27173.75,26804.75,369.0,2020_2021 9월.xlsx
2021,5,인도네시아,입항환적,11627.75,11618.75,9.0,59529.75,59510.75,19.0,2020_2021 9월.xlsx
2021,5,일본,입항환적,67175.75,60532.0,6643.75,320541.75,296064.0,24477.75,2020_2021 9월.xlsx
2021,5,자메이카,입항환적,27.0,5.0,22.0,35.0,8.0,27.0,2020_2021 9월.xlsx
2021,5,적도 기니,입항환적,137.0,137.0,0.0,137.0,137.0,0.0,2020_2021 9월.xlsx
2021,5,조지아,입항환적,32.0,32.0,0.0,107.0,107.0,0.0,2020_2021 9월.xlsx
2021,5,중국,입항환적,233685.25,231059.25,2626.0,1113470.25,1085453.75,28016.5,2020_2021 9월.xlsx
2021,5,지부티,입항환적,66.0,66.0,0.0,151.0,151.0,0.0,2020_2021 9월.xlsx
2021,5,칠레,입항환적,5370.0,5370.0,0.0,39372.0,39331.0,41.0,2020_2021 9월.xlsx
2021,5,카메룬,입항환적,50.0,50.0,0.0,104.0,104.0,0.0,2020_2021 9월.xlsx
2021,5,카타르,입항환적,191.0,191.0,0.0,1298.0,1266.0,32.0,2020_2021 9월.xlsx
2021,5,캄보디아,입항환적,347.0,347.0,0.0,2324.0,2324.0,0.0,2020_2021 9월.xlsx
2021,5,캐나다,입항환적,14639.25,14493.75,145.5,74327.0,73622.5,704.5,2020_2021 9월.xlsx
2021,5,케냐,입항환적,83.0,83.0,0.0,396.0,396.0,0.0,2020_2021 9월.xlsx
2021,5,코스타리카,입항환적,210.0,210.0,0.0,2132.0,2132.0,0.0,2020_2021 9월.xlsx
2021,5,코트디부아르,입항환적,70.0,70.0,0.0,117.0,117.0,0.0,2020_2021 9월.xlsx
2021,5,콜롬비아,입항환적,781.25,653.0,128.25,2805.25,2643.0,162.25,2020_2021 9월.xlsx
2021,5,콩고,입항환적,1.0,1.0,0.0,1.0,1.0,0.0,2020_2021 9월.xlsx
2021,5,쿠바,입항환적,10.0,10.0,0.0,335.0,335.0,0.0,2020_2021 9월.xlsx
2021,5,쿠웨이트,입항환적,13.0,13.0,0.0,64.0,64.0,0.0,2020_2021 9월.xlsx
2021,5,퀴라소,입항환적,2.0,2.0,0.0,12.0,12.0,0.0,2020_2021 9월.xlsx
2021,5,크로아티아,입항환적,300.0,299.0,1.0,738.0,736.0,2.0,2020_2021 9월.xlsx
2021,5,키리바시,입항환적,,,,4.0,4.0,0.0,2020_2021 9월.xlsx
2021,5,키프로스,입항환적,25.0,25.0,0.0,106.0,106.0,0.0,2020_2021 9월.xlsx
2021,5,탄자니아,입항환적,4.0,4.0,0.0,81.0,81.0,0.0,2020_2021 9월.xlsx
2021,5,태국,입항환적,8833.25,8816.25,17.0,42759.25,42675.25,84.0,2020_2021 9월.xlsx
2021,5,토고,입항환적,80.0,80.0,0.0,85.0,85.0,0.0,2020_2021 9월.xlsx
2021,5,통가,입항환적,,,,2.0,2.0,0.0,2020_2021 9월.xlsx
2021,5,튀니지,입항환적,17.0,17.0,0.0,75.0,75.0,0.0,2020_2021 9월.xlsx
2021,5,튀르키예,입항환적,4638.0,4418.0,220.0,15350.0,15130.0,220.0,2020_2021 9월.xlsx
2021,5,트리니다드 토바고,입항환적,2.0,2.0,0.0,24.0,24.0,0.0,2020_2021 9월.xlsx
2021,5,파나마,입항환적,803.0,803.0,0.0,4346.0,3334.0,1012.0,2020_2021 9월.xlsx
2021,5,파라과이,입항환적,2.0,2.0,0.0,24.0,24.0,0.0,2020_2021 9월.xlsx
2021,5,파키스탄,입항환적,1231.0,1231.0,0.0,5712.75,5554.75,158.0,2020_2021 9월.xlsx
2021,5,파푸아 뉴기니,입항환적,2.0,2.0,0.0,22.0,22.0,0.0,2020_2021 9월.xlsx
2021,5,페루,입항환적,2520.0,2520.0,0.0,13744.0,13740.0,4.0,2020_2021 9월.xlsx
2021,5,포르투갈,입항환적,93.0,93.0,0.0,503.0,503.0,0.0,2020_2021 9월.xlsx
2021,5,폴란드,입항환적,303.25,303.25,0.0,986.25,986.25,0.0,2020_2021 9월.xlsx
2021,5,푸에르토리코,입항환적,204.0,204.0,0.0,608.0,608.0,0.0,2020_2021 9월.xlsx
2021,5,프랑스,입항환적,2364.0,2164.0,200.0,8395.0,8161.0,234.0,2020_2021 9월.xlsx
2021,5,프랑스령 폴리네시아,입항환적,,,,6.0,2.0,4.0,2020_2021 9월.xlsx
2021,5,피지,입항환적,17.0,15.0,2.0,154.0,150.0,4.0,2020_2021 9월.xlsx
2021,5,핀란드,입항환적,1199.0,1199.0,0.0,5984.0,5984.0,0.0,2020_2021 9월.xlsx
2021,5,필리핀,입항환적,5137.0,5137.0,0.0,30626.25,29365.25,1261.0,2020_2021 9월.xlsx
2021,5,헝가리,입항환적,,,,4.0,4.0,0.0,2020_2021 9월.xlsx
2021,5,호주,입항환적,9173.0,8525.0,648.0,37387.0,35567.0,1820.0,2020_2021 9월.xlsx
2021,5,홍콩,입항환적,4268.0,4266.0,2.0,18146.75,17294.75,852.0,2020_2021 9월.xlsx
2021,5,가나,출항,268.0,268.0,0.0,1233.0,1233.0,0.0,2020_2021 9월.xlsx
2021,5,가봉,출항,,,,17.0,17.0,0.0,2020_2021 9월.xlsx
2021,5,가이아나,출항,10.0,10.0,0.0,76.0,76.0,0.0,2020_2021 9월.xlsx
2021,5,과들루프,출항,,,,5.0,5.0,0.0,2020_2021 9월.xlsx
2021,5,과테말라,출항,366.0,314.0,52.0,1513.0,1461.0,52.0,2020_2021 9월.xlsx
2021,5,괌,출항,250.25,230.25,20.0,1072.25,976.25,96.0,2020_2021 9월.xlsx
2021,5,그레나다,출항,,,,7.0,7.0,0.0,2020_2021 9월.xlsx
2021,5,그리스,출항,785.0,775.0,10.0,4327.5,4313.5,14.0,2020_2021 9월.xlsx
2021,5,기니,출항,7.0,7.0,0.0,46.0,46.0,0.0,2020_2021 9월.xlsx
2021,5,나미비아,출항,6.0,6.0,0.0,8.0,8.0,0.0,2020_2021 9월.xlsx
2021,5,나이지리아,출항,180.0,180.0,0.0,1022.75,1022.75,0.0,2020_2021 9월.xlsx
2021,5,남아프리카,출항,298.0,298.0,0.0,1644.0,1643.0,1.0,2020_2021 9월.xlsx
2021,5,네덜란드,출항,8113.0,8110.0,3.0,43713.0,43537.0,176.0,2020_2021 9월.xlsx
2021,5,노르웨이,출항,29.0,29.0,0.0,147.25,147.25,0.0,2020_2021 9월.xlsx
2021,5,뉴질랜드,출항,1658.0,1246.0,412.0,6180.0,5674.0,506.0,2020_2021 9월.xlsx
2021,5,뉴칼레도니아,출항,90.0,32.0,58.0,329.0,117.0,212.0,2020_2021 9월.xlsx
2021,5,니카라과,출항,28.0,28.0,0.0,162.0,162.0,0.0,2020_2021 9월.xlsx
2021,5,대만,출항,11256.5,10286.5,970.0,55048.25,51114.25,3934.0,2020_2021 9월.xlsx
2021,5,대한민국,출항,10523.25,44.0,10479.25,43875.25,383.0,43492.25,2020_2021 9월.xlsx
2021,5,덴마크,출항,77.0,77.0,0.0,524.0,524.0,0.0,2020_2021 9월.xlsx
2021,5,도미니카 공화국,출항,199.0,199.0,0.0,1261.0,871.0,390.0,2020_2021 9월.xlsx
2021,5,독일,출항,6929.5,6858.5,71.0,35529.0,35360.0,169.0,2020_2021 9월.xlsx
2021,5,라이베리아,출항,1.0,1.0,0.0,9.0,9.0,0.0,2020_2021 9월.xlsx
2021,5,라트비아,출항,24.0,24.0,0.0,179.0,179.0,0.0,2020_2021 9월.xlsx
2021,5,러시아,출항,15675.5,15645.5,30.0,63331.25,62525.25,806.0,2020_2021 9월.xlsx
2021,5,레바논,출항,83.25,83.25,0.0,581.75,581.75,0.0,2020_2021 9월.xlsx
2021,5,레위니옹,출항,6.0,6.0,0.0,61.0,61.0,0.0,2020_2021 9월.xlsx
2021,5,루마니아,출항,215.0,215.0,0.0,1417.0,1417.0,0.0,2020_2021 9월.xlsx
2021,5,리비아,출항,94.25,94.25,0.0,489.25,489.25,0.0,2020_2021 9월.xlsx
2021,5,리투아니아,출항,94.0,94.0,0.0,753.0,753.0,0.0,2020_2021 9월.xlsx
2021,5,마다가스카르,출항,9.0,9.0,0.0,64.0,64.0,0.0,2020_2021 9월.xlsx
2021,5,마르티니크,출항,1.0,1.0,0.0,5.0,5.0,0.0,2020_2021 9월.xlsx
2021,5,마샬 제도,출항,70.0,18.0,52.0,289.0,101.0,188.0,2020_2021 9월.xlsx
2021,5,마요트,출항,,,,68.0,68.0,0.0,2020_2021 9월.xlsx
2021,5,말레이시아,출항,7169.5,7118.5,51.0,40484.5,39986.5,498.0,2020_2021 9월.xlsx
2021,5,멕시코,출항,12561.0,12561.0,0.0,72910.0,71146.0,1764.0,2020_2021 9월.xlsx
2021,5,모로코,출항,201.25,201.25,0.0,1247.5,1247.5,0.0,2020_2021 9월.xlsx
2021,5,모리셔스,출항,7.0,7.0,0.0,44.0,44.0,0.0,2020_2021 9월.xlsx
2021,5,모리타니,출항,4.0,4.0,0.0,11.0,11.0,0.0,2020_2021 9월.xlsx
2021,5,모잠비크,출항,80.0,80.0,0.0,403.0,403.0,0.0,2020_2021 9월.xlsx
2021,5,몬테네그로,출항,1.0,1.0,0.0,12.0,12.0,0.0,2020_2021 9월.xlsx
2021,5,몰디브,출항,21.0,21.0,0.0,40.0,40.0,0.0,2020_2021 9월.xlsx
2021,5,몰타,출항,7.0,7.0,0.0,1529.0,1489.0,40.0,2020_2021 9월.xlsx
2021,5,미국,출항,89152.0,88090.0,1062.0,382740.25,378918.25,3822.0,2020_2021 9월.xlsx
2021,5,미얀마,출항,,,,98.0,98.0,0.0,2020_2021 9월.xlsx
2021,5,미크로네시아,출항,34.0,27.0,7.0,137.0,118.0,19.0,2020_2021 9월.xlsx
2021,5,바누아투,출항,3.0,3.0,0.0,131.0,37.0,94.0,2020_2021 9월.xlsx
2021,5,바레인,출항,15.0,15.0,0.0,133.0,133.0,0.0,2020_2021 9월.xlsx
2021,5,바베이도스,출항,,,,12.0,12.0,0.0,2020_2021 9월.xlsx
2021,5,바하마,출항,510.0,6.0,504.0,7422.0,20.0,7402.0,2020_2021 9월.xlsx
2021,5,방글라데시,출항,127.0,127.0,0.0,472.0,472.0,0.0,2020_2021 9월.xlsx
2021,5,베냉,출항,,,,19.0,19.0,0.0,2020_2021 9월.xlsx
2021,5,베네수엘라,출항,33.0,33.0,0.0,130.0,130.0,0.0,2020_2021 9월.xlsx
2021,5,베트남,출항,21777.5,21252.25,525.25,110735.0,107045.75,3689.25,2020_2021 9월.xlsx
2021,5,벨기에,출항,2177.0,2168.0,9.0,8586.25,8551.25,35.0,2020_2021 9월.xlsx
2021,5,벨리즈,출항,1.0,1.0,0.0,7.0,7.0,0.0,2020_2021 9월.xlsx
2021,5,북마리아나 제도,출항,60.0,60.0,0.0,373.0,373.0,0.0,2020_2021 9월.xlsx
2021,5,불가리아,출항,24.0,24.0,0.0,258.0,258.0,0.0,2020_2021 9월.xlsx
2021,5,브라질,출항,4539.0,4524.0,15.0,28612.0,28582.0,30.0,2020_2021 9월.xlsx
2021,5,사모아,출항,130.0,8.0,122.0,178.0,54.0,124.0,2020_2021 9월.xlsx
2021,5,사우디아라비아,출항,3971.25,3971.25,0.0,18484.25,18484.25,0.0,2020_2021 9월.xlsx
2021,5,세네갈,출항,9.0,9.0,0.0,180.0,168.0,12.0,2020_2021 9월.xlsx
2021,5,세이셸,출항,1.0,1.0,0.0,42.0,42.0,0.0,2020_2021 9월.xlsx
2021,5,세인트루시아,출항,1.0,1.0,0.0,16.0,16.0,0.0,2020_2021 9월.xlsx
2021,5,세인트키츠 네비스,출항,,,,2.0,2.0,0.0,2020_2021 9월.xlsx
2021,5,소말리아,출항,,,,32.0,32.0,0.0,2020_2021 9월.xlsx
2021,5,솔로몬제도,출항,11.0,11.0,0.0,72.0,72.0,0.0,2020_2021 9월.xlsx
2021,5,수단,출항,9.0,9.0,0.0,9.0,9.0,0.0,2020_2021 9월.xlsx
2021,5,수리남,출항,8.0,8.0,0.0,16.0,16.0,0.0,2020_2021 9월.xlsx
2021,5,스리랑카,출항,547.0,547.0,0.0,4242.25,4226.25,16.0,2020_2021 9월.xlsx
2021,5,스웨덴,출항,308.0,308.0,0.0,1714.0,1714.0,0.0,2020_2021 9월.xlsx
2021,5,스페인,출항,2510.0,2484.0,26.0,15063.0,14739.0,324.0,2020_2021 9월.xlsx
2021,5,슬로베니아,출항,9143.0,9143.0,0.0,45736.0,45612.0,124.0,2020_2021 9월.xlsx
2021,5,시리아,출항,24.0,24.0,0.0,133.0,133.0,0.0,2020_2021 9월.xlsx
2021,5,시에라 리온,출항,2.0,2.0,0.0,22.0,22.0,0.0,2020_2021 9월.xlsx
2021,5,싱가포르,출항,5959.0,5883.0,76.0,31923.75,31055.5,868.25,2020_2021 9월.xlsx
2021,5,아랍에미리트연합국,출항,5325.25,5317.25,8.0,26231.0,26097.0,134.0,2020_2021 9월.xlsx
2021,5,아루바,출항,,,,1.0,1.0,0.0,2020_2021 9월.xlsx
2021,5,아르헨티나,출항,464.0,454.0,10.0,2810.0,2795.0,15.0,2020_2021 9월.xlsx
2021,5,아메리칸사모아,출항,53.0,53.0,0.0,301.0,301.0,0.0,2020_2021 9월.xlsx
2021,5,아이티,출항,12.0,12.0,0.0,59.0,59.0,0.0,2020_2021 9월.xlsx
2021,5,아일랜드,출항,21.0,21.0,0.0,124.0,124.0,0.0,2020_2021 9월.xlsx
2021,5,알바니아,출항,2.0,2.0,0.0,54.0,54.0,0.0,2020_2021 9월.xlsx
2021,5,알제리,출항,70.0,70.0,0.0,598.75,598.75,0.0,2020_2021 9월.xlsx
2021,5,앙골라,출항,79.0,79.0,0.0,747.0,747.0,0.0,2020_2021 9월.xlsx
2021,5,앤틸리스제도,출항,5.0,5.0,0.0,15.0,15.0,0.0,2020_2021 9월.xlsx
2021,5,에스토니아,출항,26.5,26.5,0.0,128.5,128.5,0.0,2020_2021 9월.xlsx
2021,5,에콰도르,출항,1433.0,387.0,1046.0,9165.0,2611.0,6554.0,2020_2021 9월.xlsx
2021,5,엘살바도르,출항,70.0,70.0,0.0,267.0,267.0,0.0,2020_2021 9월.xlsx
2021,5,영국,출항,1807.75,1807.75,0.0,10766.25,10676.25,90.0,2020_2021 9월.xlsx
2021,5,영국령 버진아일랜드,출항,,,,1.0,1.0,0.0,2020_2021 9월.xlsx
2021,5,예멘,출항,2.0,2.0,0.0,85.0,85.0,0.0,2020_2021 9월.xlsx
2021,5,오만,출항,112.0,112.0,0.0,943.25,943.25,0.0,2020_2021 9월.xlsx
2021,5,온두라스,출항,45.0,45.0,0.0,506.0,208.0,298.0,2020_2021 9월.xlsx
2021,5,요르단,출항,268.0,268.0,0.0,1234.0,1234.0,0.0,2020_2021 9월.xlsx
2021,5,우루과이,출항,382.0,382.0,0.0,1446.0,1446.0,0.0,2020_2021 9월.xlsx
2021,5,우크라이나,출항,63.0,61.0,2.0,539.25,525.25,14.0,2020_2021 9월.xlsx
2021,5,이라크,출항,113.0,113.0,0.0,664.0,664.0,0.0,2020_2021 9월.xlsx
2021,5,이란,출항,4.0,4.0,0.0,5.0,5.0,0.0,2020_2021 9월.xlsx
2021,5,이스라엘,출항,873.0,855.0,18.0,4931.0,4820.0,111.0,2020_2021 9월.xlsx
2021,5,이집트,출항,3251.0,3251.0,0.0,18180.25,17898.25,282.0,2020_2021 9월.xlsx
2021,5,이탈리아,출항,3309.0,3309.0,0.0,18584.0,18553.0,31.0,2020_2021 9월.xlsx
2021,5,인도,출항,12753.25,12573.25,180.0,71679.0,71010.0,669.0,2020_2021 9월.xlsx
2021,5,인도네시아,출항,8182.5,7978.5,204.0,42987.5,42530.5,457.0,2020_2021 9월.xlsx
2021,5,일본,출항,38264.5,30099.25,8165.25,178944.5,141553.75,37390.75,2020_2021 9월.xlsx
2021,5,자메이카,출항,356.0,356.0,0.0,1515.0,1107.0,408.0,2020_2021 9월.xlsx
2021,5,조지아,출항,1.0,1.0,0.0,42.0,42.0,0.0,2020_2021 9월.xlsx
2021,5,중국,출항,117897.5,60946.0,56951.5,500991.0,280023.25,220967.75,2020_2021 9월.xlsx
2021,5,지부티,출항,3.0,3.0,0.0,67.0,67.0,0.0,2020_2021 9월.xlsx
2021,5,칠레,출항,1964.0,1960.0,4.0,9944.0,9457.0,487.0,2020_2021 9월.xlsx
2021,5,카메룬,출항,32.0,32.0,0.0,119.0,119.0,0.0,2020_2021 9월.xlsx
2021,5,카타르,출항,305.25,291.25,14.0,2068.5,1988.5,80.0,2020_2021 9월.xlsx
2021,5,캄보디아,출항,277.0,277.0,0.0,1614.0,1614.0,0.0,2020_2021 9월.xlsx
2021,5,캐나다,출항,9568.0,9560.0,8.0,54484.5,54469.5,15.0,2020_2021 9월.xlsx
2021,5,케냐,출항,59.0,59.0,0.0,474.0,474.0,0.0,2020_2021 9월.xlsx
2021,5,케이맨 제도,출항,,,,2.0,2.0,0.0,2020_2021 9월.xlsx
2021,5,코스타리카,출항,131.0,131.0,0.0,434.0,430.0,4.0,2020_2021 9월.xlsx
2021,5,코트디부아르,출항,89.0,89.0,0.0,522.0,522.0,0.0,2020_2021 9월.xlsx
2021,5,콜롬비아,출항,1651.0,1651.0,0.0,7842.0,7485.0,357.0,2020_2021 9월.xlsx
2021,5,콩고,출항,4.0,4.0,0.0,30.0,30.0,0.0,2020_2021 9월.xlsx
2021,5,콩고 민주 공화국,출항,,,,88.0,88.0,0.0,2020_2021 9월.xlsx
2021,5,쿠바,출항,1.0,1.0,0.0,14.0,14.0,0.0,2020_2021 9월.xlsx
2021,5,쿠웨이트,출항,95.0,95.0,0.0,586.0,586.0,0.0,2020_2021 9월.xlsx
2021,5,크로아티아,출항,1084.25,1084.25,0.0,4881.75,4821.75,60.0,2020_2021 9월.xlsx
2021,5,키리바시,출항,8.0,8.0,0.0,28.0,28.0,0.0,2020_2021 9월.xlsx
2021,5,키프로스,출항,4.0,4.0,0.0,23.0,23.0,0.0,2020_2021 9월.xlsx
2021,5,탄자니아,출항,77.0,77.0,0.0,332.0,332.0,0.0,2020_2021 9월.xlsx
2021,5,태국,출항,8513.5,8215.5,298.0,45259.75,42666.75,2593.0,2020_2021 9월.xlsx
2021,5,토고,출항,427.0,131.0,296.0,1702.0,706.0,996.0,2020_2021 9월.xlsx
2021,5,튀니지,출항,42.0,42.0,0.0,273.0,273.0,0.0,2020_2021 9월.xlsx
2021,5,튀르키예,출항,7475.0,7475.0,0.0,37783.5,37743.5,40.0,2020_2021 9월.xlsx
2021,5,트리니다드 토바고,출항,32.0,32.0,0.0,143.0,143.0,0.0,2020_2021 9월.xlsx
2021,5,파나마,출항,1488.0,1094.0,394.0,8675.0,6171.0,2504.0,2020_2021 9월.xlsx
2021,5,파라과이,출항,5.0,5.0,0.0,33.0,33.0,0.0,2020_2021 9월.xlsx
2021,5,파키스탄,출항,1664.5,1664.5,0.0,9701.5,9685.5,16.0,2020_2021 9월.xlsx
2021,5,파푸아 뉴기니,출항,110.0,110.0,0.0,576.0,512.0,64.0,2020_2021 9월.xlsx
2021,5,팔라우,출항,3.0,3.0,0.0,24.0,22.0,2.0,2020_2021 9월.xlsx
2021,5,페루,출항,1356.0,1164.0,192.0,7645.0,6163.0,1482.0,2020_2021 9월.xlsx
2021,5,포르투갈,출항,49.0,49.0,0.0,608.0,608.0,0.0,2020_2021 9월.xlsx
2021,5,폴란드,출항,206.0,206.0,0.0,1942.75,1942.75,0.0,2020_2021 9월.xlsx
2021,5,푸에르토리코,출항,12.0,12.0,0.0,78.0,78.0,0.0,2020_2021 9월.xlsx
2021,5,프랑스,출항,1227.0,1213.0,14.0,6920.25,6826.25,94.0,2020_2021 9월.xlsx
2021,5,프랑스령 기아나,출항,1.0,1.0,0.0,6.0,6.0,0.0,2020_2021 9월.xlsx
2021,5,프랑스령 폴리네시아,출항,5.0,5.0,0.0,55.0,27.0,28.0,2020_2021 9월.xlsx
2021,5,피지,출항,32.0,31.0,1.0,204.0,197.0,7.0,2020_2021 9월.xlsx
2021,5,핀란드,출항,28.0,28.0,0.0,258.0,258.0,0.0,2020_2021 9월.xlsx
2021,5,필리핀,출항,3982.25,3982.25,0.0,19981.75,19963.75,18.0,2020_2021 9월.xlsx
2021,5,헝가리,출항,,,,28.0,28.0,0.0,2020_2021 9월.xlsx
2021,5,호주,출항,6799.0,6331.0,468.0,27115.25,25877.25,1238.0,2020_2021 9월.xlsx
2021,5,홍콩,출항,6699.5,6342.5,357.0,32545.75,30465.75,2080.0,2020_2021 9월.xlsx
2021,5,가나,출항환적,82.25,82.25,0.0,351.25,351.25,0.0,2020_2021 9월.xlsx
2021,5,가봉,출항환적,,,,3.0,3.0,0.0,2020_2021 9월.xlsx
2021,5,가이아나,출항환적,267.0,267.0,0.0,1092.0,1092.0,0.0,2020_2021 9월.xlsx
2021,5,감비아,출항환적,1.0,1.0,0.0,3.0,3.0,0.0,2020_2021 9월.xlsx
2021,5,과들루프,출항환적,7.0,7.0,0.0,57.0,57.0,0.0,2020_2021 9월.xlsx
2021,5,과테말라,출항환적,1775.0,1775.0,0.0,8691.0,8691.0,0.0,2020_2021 9월.xlsx
2021,5,괌,출항환적,367.0,367.0,0.0,1954.0,1954.0,0.0,2020_2021 9월.xlsx
2021,5,그레나다,출항환적,11.0,11.0,0.0,83.0,83.0,0.0,2020_2021 9월.xlsx
2021,5,그리스,출항환적,1130.0,1130.0,0.0,3990.0,3990.0,0.0,2020_2021 9월.xlsx
2021,5,기니,출항환적,13.0,13.0,0.0,37.0,37.0,0.0,2020_2021 9월.xlsx
2021,5,나미비아,출항환적,29.0,29.0,0.0,274.0,274.0,0.0,2020_2021 9월.xlsx
2021,5,나우루,출항환적,1.0,1.0,0.0,61.0,61.0,0.0,2020_2021 9월.xlsx
2021,5,나이지리아,출항환적,146.0,146.0,0.0,968.0,968.0,0.0,2020_2021 9월.xlsx
2021,5,남아프리카,출항환적,152.0,152.0,0.0,944.0,944.0,0.0,2020_2021 9월.xlsx
2021,5,네덜란드,출항환적,2494.0,2489.0,5.0,12309.5,12299.5,10.0,2020_2021 9월.xlsx
2021,5,노르웨이,출항환적,36.0,36.0,0.0,103.0,103.0,0.0,2020_2021 9월.xlsx
2021,5,뉴질랜드,출항환적,1040.0,1018.0,22.0,5151.0,4768.0,383.0,2020_2021 9월.xlsx
2021,5,뉴칼레도니아,출항환적,289.0,289.0,0.0,1584.0,1581.0,3.0,2020_2021 9월.xlsx
2021,5,니카라과,출항환적,249.0,249.0,0.0,1212.0,1212.0,0.0,2020_2021 9월.xlsx
2021,5,대만,출항환적,8861.75,8143.0,718.75,35237.75,34064.0,1173.75,2020_2021 9월.xlsx
2021,5,대한민국,출항환적,17588.25,17373.25,215.0,89889.5,88792.5,1097.0,2020_2021 9월.xlsx
2021,5,덴마크,출항환적,79.0,79.0,0.0,321.0,321.0,0.0,2020_2021 9월.xlsx
2021,5,도미니카 공화국,출항환적,1227.0,1227.0,0.0,7336.5,7286.5,50.0,2020_2021 9월.xlsx
2021,5,도미니카 연방,출항환적,6.0,6.0,0.0,63.0,63.0,0.0,2020_2021 9월.xlsx
2021,5,독일,출항환적,2425.0,2411.0,14.0,9911.5,9881.5,30.0,2020_2021 9월.xlsx
2021,5,동티모르,출항환적,,,,39.0,39.0,0.0,2020_2021 9월.xlsx
2021,5,라트비아,출항환적,39.25,39.25,0.0,80.25,80.25,0.0,2020_2021 9월.xlsx
2021,5,러시아,출항환적,33674.25,33659.25,15.0,131697.0,130512.0,1185.0,2020_2021 9월.xlsx
2021,5,레바논,출항환적,116.25,116.25,0.0,1263.5,1263.5,0.0,2020_2021 9월.xlsx
2021,5,레위니옹,출항환적,1.0,1.0,0.0,3.0,3.0,0.0,2020_2021 9월.xlsx
2021,5,루마니아,출항환적,71.0,71.0,0.0,913.0,913.0,0.0,2020_2021 9월.xlsx
2021,5,리비아,출항환적,95.0,95.0,0.0,374.0,374.0,0.0,2020_2021 9월.xlsx
2021,5,리투아니아,출항환적,46.0,46.0,0.0,112.0,112.0,0.0,2020_2021 9월.xlsx
2021,5,마다가스카르,출항환적,13.0,13.0,0.0,24.0,24.0,0.0,2020_2021 9월.xlsx
2021,5,마르티니크,출항환적,4.0,4.0,0.0,72.0,72.0,0.0,2020_2021 9월.xlsx
2021,5,마샬 제도,출항환적,112.0,112.0,0.0,520.0,520.0,0.0,2020_2021 9월.xlsx
2021,5,말레이시아,출항환적,3422.0,3421.0,1.0,17584.0,17434.0,150.0,2020_2021 9월.xlsx
2021,5,멕시코,출항환적,24428.25,24428.25,0.0,123458.5,122402.5,1056.0,2020_2021 9월.xlsx
2021,5,모로코,출항환적,712.25,712.25,0.0,2697.25,2697.25,0.0,2020_2021 9월.xlsx
2021,5,모리셔스,출항환적,10.0,10.0,0.0,66.0,66.0,0.0,2020_2021 9월.xlsx
2021,5,모리타니,출항환적,22.0,22.0,0.0,49.0,49.0,0.0,2020_2021 9월.xlsx
2021,5,모잠비크,출항환적,36.0,36.0,0.0,99.0,99.0,0.0,2020_2021 9월.xlsx
2021,5,몬테네그로,출항환적,2.0,2.0,0.0,42.0,42.0,0.0,2020_2021 9월.xlsx
2021,5,몰디브,출항환적,,,,17.0,17.0,0.0,2020_2021 9월.xlsx
2021,5,몰타,출항환적,17.0,17.0,0.0,61.5,61.5,0.0,2020_2021 9월.xlsx
2021,5,미국,출항환적,96889.25,96865.25,24.0,436029.0,435659.0,370.0,2020_2021 9월.xlsx
2021,5,미국령 버진아일랜드,출항환적,4.0,4.0,0.0,27.0,27.0,0.0,2020_2021 9월.xlsx
2021,5,미얀마,출항환적,6.0,6.0,0.0,204.0,204.0,0.0,2020_2021 9월.xlsx
2021,5,미크로네시아,출항환적,112.0,112.0,0.0,531.0,531.0,0.0,2020_2021 9월.xlsx
2021,5,바누아투,출항환적,232.0,232.0,0.0,1468.0,1468.0,0.0,2020_2021 9월.xlsx
2021,5,바레인,출항환적,5.0,5.0,0.0,38.0,38.0,0.0,2020_2021 9월.xlsx
2021,5,바베이도스,출항환적,105.0,105.0,0.0,486.0,486.0,0.0,2020_2021 9월.xlsx
2021,5,바하마,출항환적,4565.0,76.0,4489.0,27663.25,423.0,27240.25,2020_2021 9월.xlsx
2021,5,방글라데시,출항환적,34.0,34.0,0.0,180.0,180.0,0.0,2020_2021 9월.xlsx
2021,5,베냉,출항환적,13.0,13.0,0.0,39.0,39.0,0.0,2020_2021 9월.xlsx
2021,5,베네수엘라,출항환적,1326.0,1326.0,0.0,4053.0,4053.0,0.0,2020_2021 9월.xlsx
2021,5,베트남,출항환적,10149.25,9970.0,179.25,46690.25,44747.0,1943.25,2020_2021 9월.xlsx
2021,5,벨기에,출항환적,953.0,953.0,0.0,4539.25,4539.25,0.0,2020_2021 9월.xlsx
2021,5,벨리즈,출항환적,21.0,21.0,0.0,126.0,126.0,0.0,2020_2021 9월.xlsx
2021,5,북마리아나 제도,출항환적,97.0,97.0,0.0,435.75,435.75,0.0,2020_2021 9월.xlsx
2021,5,불가리아,출항환적,31.0,31.0,0.0,157.0,157.0,0.0,2020_2021 9월.xlsx
2021,5,브라질,출항환적,4216.0,4216.0,0.0,23601.0,23601.0,0.0,2020_2021 9월.xlsx
2021,5,브루나이,출항환적,2.0,2.0,0.0,2.0,2.0,0.0,2020_2021 9월.xlsx
2021,5,사모아,출항환적,173.0,173.0,0.0,1423.0,1423.0,0.0,2020_2021 9월.xlsx
2021,5,사우디아라비아,출항환적,2110.0,2110.0,0.0,8862.25,8862.25,0.0,2020_2021 9월.xlsx
2021,5,세네갈,출항환적,18.0,18.0,0.0,62.0,62.0,0.0,2020_2021 9월.xlsx
2021,5,세이셸,출항환적,,,,1.0,1.0,0.0,2020_2021 9월.xlsx
2021,5,세인트 빈센트 그레나딘,출항환적,9.0,9.0,0.0,37.0,37.0,0.0,2020_2021 9월.xlsx
2021,5,세인트루시아,출항환적,20.0,20.0,0.0,87.0,87.0,0.0,2020_2021 9월.xlsx
2021,5,세인트키츠 네비스,출항환적,8.0,8.0,0.0,62.0,62.0,0.0,2020_2021 9월.xlsx
2021,5,소말리아,출항환적,,,,28.0,28.0,0.0,2020_2021 9월.xlsx
2021,5,솔로몬제도,출항환적,94.0,94.0,0.0,773.0,773.0,0.0,2020_2021 9월.xlsx
2021,5,수단,출항환적,17.0,17.0,0.0,126.0,126.0,0.0,2020_2021 9월.xlsx
2021,5,수리남,출항환적,233.0,233.0,0.0,1024.0,1024.0,0.0,2020_2021 9월.xlsx
2021,5,스리랑카,출항환적,35.0,35.0,0.0,741.0,741.0,0.0,2020_2021 9월.xlsx
2021,5,스웨덴,출항환적,113.0,113.0,0.0,810.0,810.0,0.0,2020_2021 9월.xlsx
2021,5,스페인,출항환적,1936.25,1935.25,1.0,9813.25,9712.25,101.0,2020_2021 9월.xlsx
2021,5,슬로베니아,출항환적,655.25,655.25,0.0,2424.75,2424.75,0.0,2020_2021 9월.xlsx
2021,5,시리아,출항환적,14.0,14.0,0.0,201.0,201.0,0.0,2020_2021 9월.xlsx
2021,5,시에라 리온,출항환적,,,,19.0,19.0,0.0,2020_2021 9월.xlsx
2021,5,싱가포르,출항환적,4932.25,4702.25,230.0,28875.25,27079.25,1796.0,2020_2021 9월.xlsx
2021,5,아랍에미리트연합국,출항환적,3959.5,3959.5,0.0,18493.75,18251.75,242.0,2020_2021 9월.xlsx
2021,5,아루바,출항환적,10.25,10.25,0.0,66.25,66.25,0.0,2020_2021 9월.xlsx
2021,5,아르헨티나,출항환적,1328.0,1328.0,0.0,4743.0,4743.0,0.0,2020_2021 9월.xlsx
2021,5,아메리칸사모아,출항환적,84.0,84.0,0.0,411.0,411.0,0.0,2020_2021 9월.xlsx
2021,5,아이티,출항환적,139.0,139.0,0.0,644.0,644.0,0.0,2020_2021 9월.xlsx
2021,5,아일랜드,출항환적,28.0,28.0,0.0,88.0,88.0,0.0,2020_2021 9월.xlsx
2021,5,알바니아,출항환적,5.0,5.0,0.0,17.0,17.0,0.0,2020_2021 9월.xlsx
2021,5,알제리,출항환적,227.5,227.5,0.0,889.75,889.75,0.0,2020_2021 9월.xlsx
2021,5,앙골라,출항환적,,,,14.0,14.0,0.0,2020_2021 9월.xlsx
2021,5,앤티가 바부다,출항환적,16.0,16.0,0.0,76.0,76.0,0.0,2020_2021 9월.xlsx
2021,5,앤틸리스제도,출항환적,62.0,62.0,0.0,212.0,212.0,0.0,2020_2021 9월.xlsx
2021,5,앵귈라,출항환적,,,,4.0,4.0,0.0,2020_2021 9월.xlsx
2021,5,에리트레아,출항환적,,,,8.0,8.0,0.0,2020_2021 9월.xlsx
2021,5,에스토니아,출항환적,9.0,9.0,0.0,44.0,44.0,0.0,2020_2021 9월.xlsx
2021,5,에콰도르,출항환적,2633.0,2433.0,200.0,16660.0,12622.0,4038.0,2020_2021 9월.xlsx
2021,5,엘살바도르,출항환적,595.0,595.0,0.0,2404.5,2404.5,0.0,2020_2021 9월.xlsx
2021,5,영국,출항환적,1426.0,1426.0,0.0,6837.0,6836.0,1.0,2020_2021 9월.xlsx
2021,5,영국령 버진아일랜드,출항환적,4.0,4.0,0.0,10.0,10.0,0.0,2020_2021 9월.xlsx
2021,5,예멘,출항환적,,,,17.0,17.0,0.0,2020_2021 9월.xlsx
2021,5,오만,출항환적,509.0,509.0,0.0,2354.5,2354.5,0.0,2020_2021 9월.xlsx
2021,5,온두라스,출항환적,394.5,394.5,0.0,1859.5,1397.5,462.0,2020_2021 9월.xlsx
2021,5,요르단,출항환적,232.0,232.0,0.0,1089.0,1089.0,0.0,2020_2021 9월.xlsx
2021,5,우루과이,출항환적,205.0,205.0,0.0,1011.0,1011.0,0.0,2020_2021 9월.xlsx
2021,5,우크라이나,출항환적,262.25,262.25,0.0,1383.0,1383.0,0.0,2020_2021 9월.xlsx
2021,5,원양어획지역,출항환적,,,,10.0,10.0,0.0,2020_2021 9월.xlsx
2021,5,이라크,출항환적,,,,235.0,235.0,0.0,2020_2021 9월.xlsx
2021,5,이란,출항환적,,,,14.0,14.0,0.0,2020_2021 9월.xlsx
2021,5,이스라엘,출항환적,1266.0,1260.0,6.0,4171.0,3443.0,728.0,2020_2021 9월.xlsx
2021,5,이집트,출항환적,1348.0,1284.0,64.0,7134.0,6504.0,630.0,2020_2021 9월.xlsx
2021,5,이탈리아,출항환적,3277.75,3277.75,0.0,10929.75,10918.75,11.0,2020_2021 9월.xlsx
2021,5,인도,출항환적,3605.0,3593.0,12.0,18826.25,18756.25,70.0,2020_2021 9월.xlsx
2021,5,인도네시아,출항환적,5673.0,5673.0,0.0,22881.0,22866.0,15.0,2020_2021 9월.xlsx
2021,5,일본,출항환적,80045.25,78464.0,1581.25,405702.0,400368.75,5333.25,2020_2021 9월.xlsx
2021,5,자메이카,출항환적,1176.75,1176.75,0.0,5644.0,5643.0,1.0,2020_2021 9월.xlsx
2021,5,적도 기니,출항환적,,,,8.0,8.0,0.0,2020_2021 9월.xlsx
2021,5,조지아,출항환적,183.25,183.25,0.0,626.25,626.25,0.0,2020_2021 9월.xlsx
2021,5,중국,출항환적,113914.25,101560.0,12354.25,480166.75,441965.5,38201.25,2020_2021 9월.xlsx
2021,5,지부티,출항환적,6.0,6.0,0.0,18.0,18.0,0.0,2020_2021 9월.xlsx
2021,5,칠레,출항환적,18898.0,18770.0,128.0,83915.5,82237.5,1678.0,2020_2021 9월.xlsx
2021,5,카메룬,출항환적,12.0,12.0,0.0,92.0,92.0,0.0,2020_2021 9월.xlsx
2021,5,카타르,출항환적,226.0,226.0,0.0,1100.25,1100.25,0.0,2020_2021 9월.xlsx
2021,5,캄보디아,출항환적,63.0,63.0,0.0,242.0,242.0,0.0,2020_2021 9월.xlsx
2021,5,캐나다,출항환적,29029.0,29025.0,4.0,148073.5,147947.5,126.0,2020_2021 9월.xlsx
2021,5,케냐,출항환적,38.0,38.0,0.0,261.0,261.0,0.0,2020_2021 9월.xlsx
2021,5,케이맨 제도,출항환적,12.0,12.0,0.0,47.0,47.0,0.0,2020_2021 9월.xlsx
2021,5,코스타리카,출항환적,1058.5,1058.5,0.0,3986.5,3750.5,236.0,2020_2021 9월.xlsx
2021,5,코트디부아르,출항환적,114.0,114.0,0.0,429.0,429.0,0.0,2020_2021 9월.xlsx
2021,5,콜롬비아,출항환적,8108.25,8008.25,100.0,38786.25,38686.25,100.0,2020_2021 9월.xlsx
2021,5,콩고,출항환적,,,,11.0,11.0,0.0,2020_2021 9월.xlsx
2021,5,콩고 민주 공화국,출항환적,2.0,2.0,0.0,12.0,12.0,0.0,2020_2021 9월.xlsx
2021,5,쿠바,출항환적,375.0,375.0,0.0,1553.0,1553.0,0.0,2020_2021 9월.xlsx
2021,5,쿠웨이트,출항환적,42.0,42.0,0.0,115.0,115.0,0.0,2020_2021 9월.xlsx
2021,5,쿡 제도,출항환적,,,,1.0,1.0,0.0,2020_2021 9월.xlsx
2021,5,퀴라소,출항환적,6.0,6.0,0.0,20.0,20.0,0.0,2020_2021 9월.xlsx
2021,5,크로아티아,출항환적,145.5,145.5,0.0,856.25,856.25,0.0,2020_2021 9월.xlsx
2021,5,키리바시,출항환적,222.0,222.0,0.0,1075.0,1075.0,0.0,2020_2021 9월.xlsx
2021,5,키프로스,출항환적,6.0,6.0,0.0,40.0,40.0,0.0,2020_2021 9월.xlsx
2021,5,탄자니아,출항환적,14.0,14.0,0.0,106.0,106.0,0.0,2020_2021 9월.xlsx
2021,5,태국,출항환적,6856.25,6856.25,0.0,35291.25,34808.25,483.0,2020_2021 9월.xlsx
2021,5,토고,출항환적,12.0,12.0,0.0,43.0,43.0,0.0,2020_2021 9월.xlsx
2021,5,통가,출항환적,117.0,117.0,0.0,546.0,546.0,0.0,2020_2021 9월.xlsx
2021,5,튀니지,출항환적,174.5,174.5,0.0,458.0,458.0,0.0,2020_2021 9월.xlsx
2021,5,튀르키예,출항환적,4476.75,4476.75,0.0,14785.25,14785.25,0.0,2020_2021 9월.xlsx
2021,5,트리니다드 토바고,출항환적,432.0,432.0,0.0,2019.0,2019.0,0.0,2020_2021 9월.xlsx
2021,5,파나마,출항환적,2756.0,2756.0,0.0,15804.75,15535.75,269.0,2020_2021 9월.xlsx
2021,5,파라과이,출항환적,28.0,28.0,0.0,108.0,108.0,0.0,2020_2021 9월.xlsx
2021,5,파키스탄,출항환적,571.0,571.0,0.0,2234.0,2234.0,0.0,2020_2021 9월.xlsx
2021,5,파푸아 뉴기니,출항환적,234.0,234.0,0.0,1327.0,1327.0,0.0,2020_2021 9월.xlsx
2021,5,팔라우,출항환적,5.0,5.0,0.0,59.0,59.0,0.0,2020_2021 9월.xlsx
2021,5,페루,출항환적,5454.25,5444.25,10.0,31927.25,30807.25,1120.0,2020_2021 9월.xlsx
2021,5,포르투갈,출항환적,13.0,13.0,0.0,109.0,109.0,0.0,2020_2021 9월.xlsx
2021,5,폴란드,출항환적,211.0,211.0,0.0,925.0,925.0,0.0,2020_2021 9월.xlsx
2021,5,푸에르토리코,출항환적,594.0,594.0,0.0,2392.0,2392.0,0.0,2020_2021 9월.xlsx
2021,5,프랑스,출항환적,1905.0,1905.0,0.0,6835.25,6834.25,1.0,2020_2021 9월.xlsx
2021,5,프랑스령 기아나,출항환적,9.0,9.0,0.0,43.0,43.0,0.0,2020_2021 9월.xlsx
2021,5,프랑스령 폴리네시아,출항환적,61.0,61.0,0.0,342.0,342.0,0.0,2020_2021 9월.xlsx
2021,5,피지,출항환적,435.0,435.0,0.0,2697.0,2696.0,1.0,2020_2021 9월.xlsx
2021,5,핀란드,출항환적,11.0,11.0,0.0,97.0,97.0,0.0,2020_2021 9월.xlsx
2021,5,필리핀,출항환적,6783.0,6783.0,0.0,29951.25,29951.25,0.0,2020_2021 9월.xlsx
2021,5,호주,출항환적,2147.0,1913.0,234.0,11149.0,9860.0,1289.0,2020_2021 9월.xlsx
2021,5,홍콩,출항환적,2961.75,2961.75,0.0,17318.25,17118.25,200.0,2020_2021 9월.xlsx
2021,6,가나,입항,37.0,33.0,4.0,146.0,140.0,6.0,2020_2021 8월.xlsx
2021,6,가봉,입항,6.0,6.0,0.0,6.0,6.0,0.0,2020_2021 8월.xlsx
2021,6,감비아,입항,6.0,6.0,0.0,36.0,36.0,0.0,2020_2021 8월.xlsx
2021,6,과테말라,입항,703.75,336.0,367.75,2853.0,1792.0,1061.0,2020_2021 8월.xlsx
2021,6,괌,입항,1632.0,117.0,1515.0,3962.0,543.25,3418.75,2020_2021 8월.xlsx
2021,6,그리스,입항,481.5,431.0,50.5,6885.5,2268.0,4617.5,2020_2021 8월.xlsx
2021,6,기니,입항,57.0,57.0,0.0,596.0,596.0,0.0,2020_2021 8월.xlsx
2021,6,기니비사우,입항,2.0,2.0,0.0,36.0,36.0,0.0,2020_2021 8월.xlsx
2021,6,나미비아,입항,,,,49.0,49.0,0.0,2020_2021 8월.xlsx
2021,6,나이지리아,입항,77.0,77.0,0.0,428.0,428.0,0.0,2020_2021 8월.xlsx
2021,6,남아프리카,입항,878.0,782.0,96.0,4887.0,4589.0,298.0,2020_2021 8월.xlsx
2021,6,네덜란드,입항,8320.0,7996.0,324.0,44280.5,39150.0,5130.5,2020_2021 8월.xlsx
2021,6,노르웨이,입항,501.0,493.0,8.0,4432.0,4374.0,58.0,2020_2021 8월.xlsx
2021,6,뉴질랜드,입항,1590.0,1539.0,51.0,14672.0,13259.0,1413.0,2020_2021 8월.xlsx
2021,6,뉴칼레도니아,입항,403.0,17.0,386.0,1856.0,88.0,1768.0,2020_2021 8월.xlsx
2021,6,니카라과,입항,11.0,11.0,0.0,113.0,113.0,0.0,2020_2021 8월.xlsx
2021,6,대만,입항,5634.25,3723.0,1911.25,42668.5,26571.0,16097.5,2020_2021 8월.xlsx
2021,6,대한민국,입항,4625.0,0.0,4625.0,39875.0,1.0,39874.0,2020_2021 8월.xlsx
2021,6,덴마크,입항,1217.0,1217.0,0.0,6206.0,6206.0,0.0,2020_2021 8월.xlsx
2021,6,도미니카 공화국,입항,58.0,58.0,0.0,461.0,452.0,9.0,2020_2021 8월.xlsx
2021,6,독일,입항,8857.25,8743.25,114.0,49159.5,46897.5,2262.0,2020_2021 8월.xlsx
2021,6,라이베리아,입항,1.0,1.0,0.0,17.0,17.0,0.0,2020_2021 8월.xlsx
2021,6,라트비아,입항,1014.0,1014.0,0.0,5707.0,5707.0,0.0,2020_2021 8월.xlsx
2021,6,러시아,입항,12519.5,4286.0,8233.5,64938.25,23000.0,41938.25,2020_2021 8월.xlsx
2021,6,레바논,입항,129.0,129.0,0.0,694.0,624.0,70.0,2020_2021 8월.xlsx
2021,6,레위니옹,입항,2.0,2.0,0.0,13.0,12.0,1.0,2020_2021 8월.xlsx
2021,6,루마니아,입항,639.25,322.25,317.0,3503.25,1428.25,2075.0,2020_2021 8월.xlsx
2021,6,리비아,입항,,,,197.0,197.0,0.0,2020_2021 8월.xlsx
2021,6,리투아니아,입항,1264.0,564.0,700.0,2996.5,2287.5,709.0,2020_2021 8월.xlsx
2021,6,마다가스카르,입항,11.0,11.0,0.0,35.0,35.0,0.0,2020_2021 8월.xlsx
2021,6,마샬 제도,입항,528.0,12.0,516.0,2517.0,27.0,2490.0,2020_2021 8월.xlsx
2021,6,말레이시아,입항,9050.0,4525.0,4525.0,49493.75,31500.0,17993.75,2020_2021 8월.xlsx
2021,6,멕시코,입항,8353.0,2678.0,5675.0,52733.5,14540.0,38193.5,2020_2021 8월.xlsx
2021,6,모로코,입항,370.0,332.0,38.0,2180.0,1273.0,907.0,2020_2021 8월.xlsx
2021,6,모리셔스,입항,5.0,5.0,0.0,42.0,42.0,0.0,2020_2021 8월.xlsx
2021,6,모리타니,입항,39.0,39.0,0.0,154.0,154.0,0.0,2020_2021 8월.xlsx
2021,6,모잠비크,입항,177.0,177.0,0.0,551.0,551.0,0.0,2020_2021 8월.xlsx
2021,6,몬테네그로,입항,200.0,200.0,0.0,697.0,697.0,0.0,2020_2021 8월.xlsx
2021,6,몰타,입항,31.0,1.0,30.0,305.0,82.0,223.0,2020_2021 8월.xlsx
2021,6,미국,입항,66915.5,36873.0,30042.5,393778.0,244270.0,149508.0,2020_2021 8월.xlsx
2021,6,미얀마,입항,158.0,158.0,0.0,1781.0,1773.0,8.0,2020_2021 8월.xlsx
2021,6,미크로네시아,입항,11.0,10.0,1.0,60.0,41.0,19.0,2020_2021 8월.xlsx
2021,6,바누아투,입항,54.0,0.0,54.0,1218.0,4.0,1214.0,2020_2021 8월.xlsx
2021,6,바레인,입항,193.0,193.0,0.0,1298.0,1298.0,0.0,2020_2021 8월.xlsx
2021,6,바하마,입항,,,,3.0,3.0,0.0,2020_2021 8월.xlsx
2021,6,방글라데시,입항,254.0,254.0,0.0,3343.0,3270.0,73.0,2020_2021 8월.xlsx
2021,6,베냉,입항,,,,10.0,0.0,10.0,2020_2021 8월.xlsx
2021,6,베네수엘라,입항,24.0,24.0,0.0,155.0,155.0,0.0,2020_2021 8월.xlsx
2021,6,베트남,입항,13030.25,12341.0,689.25,85937.25,75609.0,10328.25,2020_2021 8월.xlsx
2021,6,벨기에,입항,3670.5,3416.5,254.0,19351.5,18176.5,1175.0,2020_2021 8월.xlsx
2021,6,북마리아나 제도,입항,1603.75,13.0,1590.75,6540.75,63.0,6477.75,2020_2021 8월.xlsx
2021,6,불가리아,입항,103.25,101.25,2.0,541.25,539.25,2.0,2020_2021 8월.xlsx
2021,6,브라질,입항,2902.0,2253.0,649.0,20238.0,13966.0,6272.0,2020_2021 8월.xlsx
2021,6,브루나이,입항,1.0,1.0,0.0,16.0,16.0,0.0,2020_2021 8월.xlsx
2021,6,사모아,입항,709.0,4.0,705.0,1410.0,13.0,1397.0,2020_2021 8월.xlsx
2021,6,사우디아라비아,입항,1406.0,638.0,768.0,8310.0,3422.0,4888.0,2020_2021 8월.xlsx
2021,6,세네갈,입항,99.0,99.0,0.0,352.0,352.0,0.0,2020_2021 8월.xlsx
2021,6,세르비아,입항,,,,2.0,2.0,0.0,2020_2021 8월.xlsx
2021,6,세이셸,입항,2.0,2.0,0.0,19.0,19.0,0.0,2020_2021 8월.xlsx
2021,6,세인트루시아,입항,2.0,2.0,0.0,4.0,4.0,0.0,2020_2021 8월.xlsx
2021,6,소말리아,입항,1.0,1.0,0.0,34.0,1.0,33.0,2020_2021 8월.xlsx
2021,6,솔로몬제도,입항,2.0,2.0,0.0,30.0,2.0,28.0,2020_2021 8월.xlsx
2021,6,수단,입항,14.0,14.0,0.0,117.0,117.0,0.0,2020_2021 8월.xlsx
2021,6,수리남,입항,26.0,26.0,0.0,167.0,167.0,0.0,2020_2021 8월.xlsx
2021,6,스리랑카,입항,278.0,278.0,0.0,2199.0,1981.0,218.0,2020_2021 8월.xlsx
2021,6,스웨덴,입항,1612.0,1608.0,4.0,7945.0,7893.0,52.0,2020_2021 8월.xlsx
2021,6,스위스,입항,2.0,2.0,0.0,12.0,12.0,0.0,2020_2021 8월.xlsx
2021,6,스페인,입항,4965.0,4363.0,602.0,22305.25,20224.0,2081.25,2020_2021 8월.xlsx
2021,6,슬로베니아,입항,1663.0,1663.0,0.0,8326.75,8263.75,63.0,2020_2021 8월.xlsx
2021,6,시에라 리온,입항,19.0,19.0,0.0,101.0,101.0,0.0,2020_2021 8월.xlsx
2021,6,싱가포르,입항,2961.75,2399.0,562.75,29174.5,17841.0,11333.5,2020_2021 8월.xlsx
2021,6,아랍에미리트연합국,입항,4964.0,1075.0,3889.0,31788.0,7653.0,24135.0,2020_2021 8월.xlsx
2021,6,아루바,입항,,,,1.0,1.0,0.0,2020_2021 8월.xlsx
2021,6,아르헨티나,입항,464.0,357.0,107.0,4153.0,1600.0,2553.0,2020_2021 8월.xlsx
2021,6,아메리칸사모아,입항,175.0,35.0,140.0,491.0,153.0,338.0,2020_2021 8월.xlsx
2021,6,아이슬란드,입항,2.0,2.0,0.0,4.0,4.0,0.0,2020_2021 8월.xlsx
2021,6,아이티,입항,,,,13.0,13.0,0.0,2020_2021 8월.xlsx
2021,6,아일랜드,입항,169.0,169.0,0.0,965.0,965.0,0.0,2020_2021 8월.xlsx
2021,6,알바니아,입항,250.0,250.0,0.0,605.0,605.0,0.0,2020_2021 8월.xlsx
2021,6,알제리,입항,1.0,1.0,0.0,4.0,4.0,0.0,2020_2021 8월.xlsx
2021,6,앙골라,입항,,,,37.0,37.0,0.0,2020_2021 8월.xlsx
2021,6,앤틸리스제도,입항,,,,6.0,6.0,0.0,2020_2021 8월.xlsx
2021,6,에스토니아,입항,282.0,282.0,0.0,1547.25,1545.25,2.0,2020_2021 8월.xlsx
2021,6,에콰도르,입항,1903.0,304.0,1599.0,5982.0,2088.0,3894.0,2020_2021 8월.xlsx
2021,6,엘살바도르,입항,91.0,75.0,16.0,1632.0,436.0,1196.0,2020_2021 8월.xlsx
2021,6,영국,입항,3225.0,2089.0,1136.0,14213.0,10300.75,3912.25,2020_2021 8월.xlsx
2021,6,예멘,입항,279.0,279.0,0.0,985.0,985.0,0.0,2020_2021 8월.xlsx
2021,6,오만,입항,374.0,272.0,102.0,4993.0,1891.0,3102.0,2020_2021 8월.xlsx
2021,6,온두라스,입항,105.0,105.0,0.0,602.0,602.0,0.0,2020_2021 8월.xlsx
2021,6,요르단,입항,165.0,109.0,56.0,1095.0,866.0,229.0,2020_2021 8월.xlsx
2021,6,우루과이,입항,68.0,68.0,0.0,999.0,521.0,478.0,2020_2021 8월.xlsx
2021,6,우크라이나,입항,253.25,253.25,0.0,2813.25,1471.25,1342.0,2020_2021 8월.xlsx
2021,6,이라크,입항,,,,16.0,0.0,16.0,2020_2021 8월.xlsx
2021,6,이란,입항,60.0,0.0,60.0,184.0,4.0,180.0,2020_2021 8월.xlsx
2021,6,이스라엘,입항,761.0,531.0,230.0,3746.0,2812.0,934.0,2020_2021 8월.xlsx
2021,6,이집트,입항,1157.0,719.0,438.0,8827.5,2514.0,6313.5,2020_2021 8월.xlsx
2021,6,이탈리아,입항,6735.25,6188.25,547.0,34331.5,31082.5,3249.0,2020_2021 8월.xlsx
2021,6,인도,입항,9894.75,6876.0,3018.75,64331.0,41416.25,22914.75,2020_2021 8월.xlsx
2021,6,인도네시아,입항,5423.5,4143.0,1280.5,44253.75,33990.75,10263.0,2020_2021 8월.xlsx
2021,6,일본,입항,64146.5,22255.0,41891.5,403719.75,127595.0,276124.75,2020_2021 8월.xlsx
2021,6,자메이카,입항,325.0,6.0,319.0,5348.0,78.0,5270.0,2020_2021 8월.xlsx
2021,6,적도 기니,입항,,,,3.0,3.0,0.0,2020_2021 8월.xlsx
2021,6,조지아,입항,17.0,17.0,0.0,83.0,83.0,0.0,2020_2021 8월.xlsx
2021,6,중국,입항,100329.75,78386.5,21943.25,634033.75,468930.25,165103.5,2020_2021 8월.xlsx
2021,6,지부티,입항,126.0,126.0,0.0,576.0,576.0,0.0,2020_2021 8월.xlsx
2021,6,체코,입항,2.0,2.0,0.0,9.0,9.0,0.0,2020_2021 8월.xlsx
2021,6,칠레,입항,7712.0,4738.0,2974.0,38924.0,31316.0,7608.0,2020_2021 8월.xlsx
2021,6,카메룬,입항,4.0,4.0,0.0,15.0,15.0,0.0,2020_2021 8월.xlsx
2021,6,카타르,입항,683.0,675.0,8.0,3320.0,2993.0,327.0,2020_2021 8월.xlsx
2021,6,캄보디아,입항,88.0,88.0,0.0,802.0,802.0,0.0,2020_2021 8월.xlsx
2021,6,캐나다,입항,9678.75,4624.75,5054.0,60762.0,31616.0,29146.0,2020_2021 8월.xlsx
2021,6,케냐,입항,84.0,84.0,0.0,275.0,275.0,0.0,2020_2021 8월.xlsx
2021,6,코스타리카,입항,158.0,158.0,0.0,785.0,775.0,10.0,2020_2021 8월.xlsx
2021,6,코트디부아르,입항,4.0,4.0,0.0,51.0,48.0,3.0,2020_2021 8월.xlsx
2021,6,콜롬비아,입항,573.0,432.0,141.0,6856.0,3274.0,3582.0,2020_2021 8월.xlsx
2021,6,콩고,입항,4.0,4.0,0.0,34.0,34.0,0.0,2020_2021 8월.xlsx
2021,6,콩고 민주 공화국,입항,2.0,2.0,0.0,31.0,31.0,0.0,2020_2021 8월.xlsx
2021,6,쿠바,입항,2.0,2.0,0.0,46.0,46.0,0.0,2020_2021 8월.xlsx
2021,6,쿠웨이트,입항,16.0,11.0,5.0,436.0,423.0,13.0,2020_2021 8월.xlsx
2021,6,퀴라소,입항,,,,10.0,10.0,0.0,2020_2021 8월.xlsx
2021,6,크로아티아,입항,246.0,244.0,2.0,1218.0,1207.0,11.0,2020_2021 8월.xlsx
2021,6,키리바시,입항,420.0,0.0,420.0,1632.0,1.0,1631.0,2020_2021 8월.xlsx
2021,6,키프로스,입항,19.0,19.0,0.0,79.0,79.0,0.0,2020_2021 8월.xlsx
2021,6,탄자니아,입항,381.0,381.0,0.0,2129.0,2129.0,0.0,2020_2021 8월.xlsx
2021,6,태국,입항,7844.0,7634.0,210.0,42328.5,40714.0,1614.5,2020_2021 8월.xlsx
2021,6,토고,입항,21.0,21.0,0.0,157.0,157.0,0.0,2020_2021 8월.xlsx
2021,6,통가,입항,7.0,1.0,6.0,258.0,11.0,247.0,2020_2021 8월.xlsx
2021,6,튀니지,입항,61.0,61.0,0.0,395.0,395.0,0.0,2020_2021 8월.xlsx
2021,6,튀르키예,입항,1949.75,1724.5,225.25,13225.75,10398.5,2827.25,2020_2021 8월.xlsx
2021,6,트리니다드 토바고,입항,2.0,2.0,0.0,220.0,220.0,0.0,2020_2021 8월.xlsx
2021,6,파나마,입항,2415.0,229.0,2186.0,9992.0,504.0,9488.0,2020_2021 8월.xlsx
2021,6,파라과이,입항,23.0,23.0,0.0,157.0,157.0,0.0,2020_2021 8월.xlsx
2021,6,파키스탄,입항,2208.0,589.0,1619.0,11188.0,3226.0,7962.0,2020_2021 8월.xlsx
2021,6,파푸아 뉴기니,입항,31.0,31.0,0.0,175.0,175.0,0.0,2020_2021 8월.xlsx
2021,6,팔라우,입항,3.0,3.0,0.0,5.0,5.0,0.0,2020_2021 8월.xlsx
2021,6,페루,입항,1276.0,1213.0,63.0,10549.0,8744.0,1805.0,2020_2021 8월.xlsx
2021,6,포르투갈,입항,212.0,212.0,0.0,1679.0,1675.0,4.0,2020_2021 8월.xlsx
2021,6,폴란드,입항,1364.0,1356.0,8.0,7090.5,7065.5,25.0,2020_2021 8월.xlsx
2021,6,푸에르토리코,입항,67.0,67.0,0.0,809.0,809.0,0.0,2020_2021 8월.xlsx
2021,6,프랑스,입항,3596.0,3548.0,48.0,17847.0,16817.0,1030.0,2020_2021 8월.xlsx
2021,6,프랑스령 폴리네시아,입항,719.0,6.0,713.0,1475.0,33.0,1442.0,2020_2021 8월.xlsx
2021,6,피지,입항,39.0,17.0,22.0,652.0,95.0,557.0,2020_2021 8월.xlsx
2021,6,핀란드,입항,1590.0,1590.0,0.0,6867.0,6839.0,28.0,2020_2021 8월.xlsx
2021,6,필리핀,입항,4916.75,2367.0,2549.75,28838.0,13532.0,15306.0,2020_2021 8월.xlsx
2021,6,헝가리,입항,2.0,2.0,0.0,61.0,61.0,0.0,2020_2021 8월.xlsx
2021,6,호주,입항,11367.0,5197.0,6170.0,79487.0,36085.0,43402.0,2020_2021 8월.xlsx
2021,6,홍콩,입항,4593.25,3503.0,1090.25,27426.0,21817.0,5609.0,2020_2021 8월.xlsx
2021,6,가나,입항환적,35.0,35.0,0.0,247.0,247.0,0.0,2020_2021 8월.xlsx
2021,6,가봉,입항환적,,,,94.0,94.0,0.0,2020_2021 8월.xlsx
2021,6,가이아나,입항환적,282.0,282.0,0.0,1252.0,1252.0,0.0,2020_2021 8월.xlsx
2021,6,감비아,입항환적,,,,4.0,4.0,0.0,2020_2021 8월.xlsx
2021,6,과테말라,입항환적,576.0,576.0,0.0,3307.0,3301.0,6.0,2020_2021 8월.xlsx
2021,6,괌,입항환적,660.5,495.5,165.0,1557.0,1367.0,190.0,2020_2021 8월.xlsx
2021,6,그리스,입항환적,807.0,432.0,375.0,2613.5,2234.0,379.5,2020_2021 8월.xlsx
2021,6,기니,입항환적,2.0,2.0,0.0,17.0,17.0,0.0,2020_2021 8월.xlsx
2021,6,나미비아,입항환적,32.0,32.0,0.0,82.0,82.0,0.0,2020_2021 8월.xlsx
2021,6,나이지리아,입항환적,253.0,253.0,0.0,890.0,890.0,0.0,2020_2021 8월.xlsx
2021,6,남아프리카,입항환적,1004.0,1004.0,0.0,2756.0,2756.0,0.0,2020_2021 8월.xlsx
2021,6,네덜란드,입항환적,4632.0,4632.0,0.0,18808.25,18702.25,106.0,2020_2021 8월.xlsx
2021,6,노르웨이,입항환적,211.0,211.0,0.0,1428.0,1428.0,0.0,2020_2021 8월.xlsx
2021,6,뉴질랜드,입항환적,1168.0,1168.0,0.0,9297.0,9127.0,170.0,2020_2021 8월.xlsx
2021,6,뉴칼레도니아,입항환적,,,,1055.0,1046.0,9.0,2020_2021 8월.xlsx
2021,6,니카라과,입항환적,203.0,203.0,0.0,1668.0,1666.0,2.0,2020_2021 8월.xlsx
2021,6,대만,입항환적,4784.25,4572.25,212.0,31347.75,30883.75,464.0,2020_2021 8월.xlsx
2021,6,대한민국,입항환적,7142.0,7098.0,44.0,53220.0,51033.0,2187.0,2020_2021 8월.xlsx
2021,6,덴마크,입항환적,378.0,378.0,0.0,1724.0,1700.0,24.0,2020_2021 8월.xlsx
2021,6,도미니카 공화국,입항환적,180.0,180.0,0.0,624.0,624.0,0.0,2020_2021 8월.xlsx
2021,6,독일,입항환적,3302.0,3302.0,0.0,15250.75,15242.75,8.0,2020_2021 8월.xlsx
2021,6,동티모르,입항환적,,,,5.0,5.0,0.0,2020_2021 8월.xlsx
2021,6,라이베리아,입항환적,,,,1.0,1.0,0.0,2020_2021 8월.xlsx
2021,6,라트비아,입항환적,413.0,413.0,0.0,1793.0,1793.0,0.0,2020_2021 8월.xlsx
2021,6,러시아,입항환적,14384.0,14042.0,342.0,93935.0,90692.0,3243.0,2020_2021 8월.xlsx
2021,6,레바논,입항환적,2.0,2.0,0.0,12.0,12.0,0.0,2020_2021 8월.xlsx
2021,6,루마니아,입항환적,431.0,431.0,0.0,3414.75,3414.75,0.0,2020_2021 8월.xlsx
2021,6,리비아,입항환적,,,,6.0,6.0,0.0,2020_2021 8월.xlsx
2021,6,리투아니아,입항환적,91.0,91.0,0.0,476.0,375.0,101.0,2020_2021 8월.xlsx
2021,6,마다가스카르,입항환적,2.0,2.0,0.0,44.0,44.0,0.0,2020_2021 8월.xlsx
2021,6,마샬 제도,입항환적,80.0,80.0,0.0,313.0,311.0,2.0,2020_2021 8월.xlsx
2021,6,말레이시아,입항환적,6630.5,6531.5,99.0,45562.25,44889.25,673.0,2020_2021 8월.xlsx
2021,6,멕시코,입항환적,3640.0,3635.0,5.0,24338.75,23548.0,790.75,2020_2021 8월.xlsx
2021,6,모로코,입항환적,49.0,49.0,0.0,474.0,472.0,2.0,2020_2021 8월.xlsx
2021,6,모리셔스,입항환적,26.0,26.0,0.0,185.0,185.0,0.0,2020_2021 8월.xlsx
2021,6,모리타니,입항환적,4.0,4.0,0.0,53.0,53.0,0.0,2020_2021 8월.xlsx
2021,6,모잠비크,입항환적,267.0,267.0,0.0,523.0,523.0,0.0,2020_2021 8월.xlsx
2021,6,몬테네그로,입항환적,2.0,2.0,0.0,16.0,16.0,0.0,2020_2021 8월.xlsx
2021,6,몰디브,입항환적,,,,3.0,3.0,0.0,2020_2021 8월.xlsx
2021,6,몰타,입항환적,1.0,1.0,0.0,338.0,338.0,0.0,2020_2021 8월.xlsx
2021,6,미국,입항환적,50105.0,48468.75,1636.25,292272.75,272229.75,20043.0,2020_2021 8월.xlsx
2021,6,미얀마,입항환적,42.0,42.0,0.0,780.0,770.0,10.0,2020_2021 8월.xlsx
2021,6,미크로네시아,입항환적,8.0,6.0,2.0,25.0,22.0,3.0,2020_2021 8월.xlsx
2021,6,바누아투,입항환적,39.0,8.0,31.0,143.0,43.0,100.0,2020_2021 8월.xlsx
2021,6,바레인,입항환적,6.0,6.0,0.0,172.0,172.0,0.0,2020_2021 8월.xlsx
2021,6,바베이도스,입항환적,2.0,2.0,0.0,2.0,2.0,0.0,2020_2021 8월.xlsx
2021,6,바하마,입항환적,,,,11.0,11.0,0.0,2020_2021 8월.xlsx
2021,6,방글라데시,입항환적,470.0,470.0,0.0,3137.0,3137.0,0.0,2020_2021 8월.xlsx
2021,6,베냉,입항환적,,,,76.0,76.0,0.0,2020_2021 8월.xlsx
2021,6,베네수엘라,입항환적,233.0,233.0,0.0,823.0,823.0,0.0,2020_2021 8월.xlsx
2021,6,베트남,입항환적,10568.75,10568.75,0.0,57291.0,57270.0,21.0,2020_2021 8월.xlsx
2021,6,벨기에,입항환적,2857.25,2857.25,0.0,11527.25,11527.25,0.0,2020_2021 8월.xlsx
2021,6,벨리즈,입항환적,82.0,82.0,0.0,896.0,896.0,0.0,2020_2021 8월.xlsx
2021,6,북마리아나 제도,입항환적,113.0,3.0,110.0,450.0,6.0,444.0,2020_2021 8월.xlsx
2021,6,불가리아,입항환적,54.0,54.0,0.0,497.0,497.0,0.0,2020_2021 8월.xlsx
2021,6,브라질,입항환적,4854.0,4656.0,198.0,36325.0,34985.0,1340.0,2020_2021 8월.xlsx
2021,6,브루나이,입항환적,36.0,36.0,0.0,142.0,142.0,0.0,2020_2021 8월.xlsx
2021,6,사모아,입항환적,16.0,16.0,0.0,76.0,76.0,0.0,2020_2021 8월.xlsx
2021,6,사우디아라비아,입항환적,653.0,653.0,0.0,4566.0,4164.0,402.0,2020_2021 8월.xlsx
2021,6,세네갈,입항환적,67.0,67.0,0.0,414.0,414.0,0.0,2020_2021 8월.xlsx
2021,6,세이셸,입항환적,,,,4.0,4.0,0.0,2020_2021 8월.xlsx
2021,6,세인트루시아,입항환적,,,,24.0,24.0,0.0,2020_2021 8월.xlsx
2021,6,소말리아,입항환적,,,,1.0,1.0,0.0,2020_2021 8월.xlsx
2021,6,솔로몬제도,입항환적,4.0,4.0,0.0,17.0,17.0,0.0,2020_2021 8월.xlsx
2021,6,수단,입항환적,80.0,80.0,0.0,1213.0,1213.0,0.0,2020_2021 8월.xlsx
2021,6,수리남,입항환적,113.0,113.0,0.0,294.0,294.0,0.0,2020_2021 8월.xlsx
2021,6,스리랑카,입항환적,187.0,187.0,0.0,2058.5,2020.5,38.0,2020_2021 8월.xlsx
2021,6,스웨덴,입항환적,1113.0,1113.0,0.0,4521.0,4521.0,0.0,2020_2021 8월.xlsx
2021,6,스페인,입항환적,3804.0,3605.0,199.0,13316.25,13117.25,199.0,2020_2021 8월.xlsx
2021,6,슬로베니아,입항환적,928.0,928.0,0.0,4934.0,4934.0,0.0,2020_2021 8월.xlsx
2021,6,시리아,입항환적,1.0,1.0,0.0,1.0,1.0,0.0,2020_2021 8월.xlsx
2021,6,시에라 리온,입항환적,,,,31.0,31.0,0.0,2020_2021 8월.xlsx
2021,6,싱가포르,입항환적,1349.0,1248.0,101.0,13596.25,11497.25,2099.0,2020_2021 8월.xlsx
2021,6,아랍에미리트연합국,입항환적,1935.25,1715.25,220.0,11268.5,10204.5,1064.0,2020_2021 8월.xlsx
2021,6,아르헨티나,입항환적,638.0,638.0,0.0,5096.0,5057.0,39.0,2020_2021 8월.xlsx
2021,6,아메리칸사모아,입항환적,1.0,1.0,0.0,6.0,6.0,0.0,2020_2021 8월.xlsx
2021,6,아이슬란드,입항환적,20.0,20.0,0.0,20.0,20.0,0.0,2020_2021 8월.xlsx
2021,6,아이티,입항환적,10.0,10.0,0.0,40.0,40.0,0.0,2020_2021 8월.xlsx
2021,6,아일랜드,입항환적,59.0,59.0,0.0,360.0,360.0,0.0,2020_2021 8월.xlsx
2021,6,알바니아,입항환적,75.0,75.0,0.0,375.0,375.0,0.0,2020_2021 8월.xlsx
2021,6,앙골라,입항환적,4.0,4.0,0.0,12.0,12.0,0.0,2020_2021 8월.xlsx
2021,6,에스토니아,입항환적,130.0,130.0,0.0,325.0,325.0,0.0,2020_2021 8월.xlsx
2021,6,에콰도르,입항환적,3621.0,3621.0,0.0,22528.0,22410.0,118.0,2020_2021 8월.xlsx
2021,6,엘살바도르,입항환적,203.0,203.0,0.0,646.0,638.0,8.0,2020_2021 8월.xlsx
2021,6,영국,입항환적,1098.0,1096.0,2.0,4570.25,4568.25,2.0,2020_2021 8월.xlsx
2021,6,예멘,입항환적,3.0,3.0,0.0,9.0,9.0,0.0,2020_2021 8월.xlsx
2021,6,오만,입항환적,534.0,534.0,0.0,2575.0,2575.0,0.0,2020_2021 8월.xlsx
2021,6,온두라스,입항환적,10.0,10.0,0.0,309.0,309.0,0.0,2020_2021 8월.xlsx
2021,6,요르단,입항환적,33.0,33.0,0.0,249.0,249.0,0.0,2020_2021 8월.xlsx
2021,6,우루과이,입항환적,381.0,381.0,0.0,2762.0,2762.0,0.0,2020_2021 8월.xlsx
2021,6,우크라이나,입항환적,1001.0,1001.0,0.0,4657.0,4477.0,180.0,2020_2021 8월.xlsx
2021,6,원양어획지역,입항환적,18.0,18.0,0.0,414.0,414.0,0.0,2020_2021 8월.xlsx
2021,6,이스라엘,입항환적,333.0,333.0,0.0,2624.0,1932.0,692.0,2020_2021 8월.xlsx
2021,6,이집트,입항환적,1645.0,1644.0,1.0,5758.0,5756.0,2.0,2020_2021 8월.xlsx
2021,6,이탈리아,입항환적,3711.0,3468.0,243.0,17759.0,17225.0,534.0,2020_2021 8월.xlsx
2021,6,인도,입항환적,6365.0,6257.0,108.0,33538.75,33061.75,477.0,2020_2021 8월.xlsx
2021,6,인도네시아,입항환적,10438.0,10426.0,12.0,69967.75,69936.75,31.0,2020_2021 8월.xlsx
2021,6,일본,입항환적,68091.75,62630.0,5461.75,388633.5,358694.0,29939.5,2020_2021 8월.xlsx
2021,6,자메이카,입항환적,19.0,19.0,0.0,54.0,27.0,27.0,2020_2021 8월.xlsx
2021,6,적도 기니,입항환적,,,,137.0,137.0,0.0,2020_2021 8월.xlsx
2021,6,조지아,입항환적,8.0,8.0,0.0,115.0,115.0,0.0,2020_2021 8월.xlsx
2021,6,중국,입항환적,233701.5,230192.75,3508.75,1347171.75,1315646.5,31525.25,2020_2021 8월.xlsx
2021,6,지부티,입항환적,16.0,16.0,0.0,167.0,167.0,0.0,2020_2021 8월.xlsx
2021,6,칠레,입항환적,5242.0,5236.0,6.0,44614.0,44567.0,47.0,2020_2021 8월.xlsx
2021,6,카메룬,입항환적,2.0,2.0,0.0,106.0,106.0,0.0,2020_2021 8월.xlsx
2021,6,카타르,입항환적,117.0,117.0,0.0,1415.0,1383.0,32.0,2020_2021 8월.xlsx
2021,6,캄보디아,입항환적,293.0,293.0,0.0,2617.0,2617.0,0.0,2020_2021 8월.xlsx
2021,6,캐나다,입항환적,14219.75,14198.0,21.75,88546.75,87820.5,726.25,2020_2021 8월.xlsx
2021,6,케냐,입항환적,90.0,90.0,0.0,486.0,486.0,0.0,2020_2021 8월.xlsx
2021,6,코스타리카,입항환적,257.0,257.0,0.0,2389.0,2389.0,0.0,2020_2021 8월.xlsx
2021,6,코트디부아르,입항환적,,,,117.0,117.0,0.0,2020_2021 8월.xlsx
2021,6,콜롬비아,입항환적,184.0,184.0,0.0,2989.25,2827.0,162.25,2020_2021 8월.xlsx
2021,6,콩고,입항환적,,,,1.0,1.0,0.0,2020_2021 8월.xlsx
2021,6,쿠바,입항환적,18.0,18.0,0.0,353.0,353.0,0.0,2020_2021 8월.xlsx
2021,6,쿠웨이트,입항환적,41.0,41.0,0.0,105.0,105.0,0.0,2020_2021 8월.xlsx
2021,6,퀴라소,입항환적,18.0,18.0,0.0,30.0,30.0,0.0,2020_2021 8월.xlsx
2021,6,크로아티아,입항환적,257.25,257.25,0.0,995.25,993.25,2.0,2020_2021 8월.xlsx
2021,6,키리바시,입항환적,,,,4.0,4.0,0.0,2020_2021 8월.xlsx
2021,6,키프로스,입항환적,64.0,64.0,0.0,170.0,170.0,0.0,2020_2021 8월.xlsx
2021,6,탄자니아,입항환적,89.0,89.0,0.0,170.0,170.0,0.0,2020_2021 8월.xlsx
2021,6,태국,입항환적,9589.0,9589.0,0.0,52348.25,52264.25,84.0,2020_2021 8월.xlsx
2021,6,토고,입항환적,2.0,2.0,0.0,87.0,87.0,0.0,2020_2021 8월.xlsx
2021,6,통가,입항환적,,,,2.0,2.0,0.0,2020_2021 8월.xlsx
2021,6,튀니지,입항환적,14.0,14.0,0.0,89.0,89.0,0.0,2020_2021 8월.xlsx
2021,6,튀르키예,입항환적,2875.0,2875.0,0.0,18225.0,18005.0,220.0,2020_2021 8월.xlsx
2021,6,트리니다드 토바고,입항환적,12.0,12.0,0.0,36.0,36.0,0.0,2020_2021 8월.xlsx
2021,6,파나마,입항환적,1377.0,799.0,578.0,5723.0,4133.0,1590.0,2020_2021 8월.xlsx
2021,6,파라과이,입항환적,36.0,36.0,0.0,60.0,60.0,0.0,2020_2021 8월.xlsx
2021,6,파키스탄,입항환적,1278.0,819.0,459.0,6990.75,6373.75,617.0,2020_2021 8월.xlsx
2021,6,파푸아 뉴기니,입항환적,3.0,3.0,0.0,25.0,25.0,0.0,2020_2021 8월.xlsx
2021,6,팔라우,입항환적,1.0,1.0,0.0,1.0,1.0,0.0,2020_2021 8월.xlsx
2021,6,페로 제도,입항환적,4.0,4.0,0.0,4.0,4.0,0.0,2020_2021 8월.xlsx
2021,6,페루,입항환적,1852.0,1852.0,0.0,15596.0,15592.0,4.0,2020_2021 8월.xlsx
2021,6,포르투갈,입항환적,140.0,140.0,0.0,643.0,643.0,0.0,2020_2021 8월.xlsx
2021,6,폴란드,입항환적,194.0,194.0,0.0,1180.25,1180.25,0.0,2020_2021 8월.xlsx
2021,6,푸에르토리코,입항환적,90.0,90.0,0.0,698.0,698.0,0.0,2020_2021 8월.xlsx
2021,6,프랑스,입항환적,2170.0,2169.0,1.0,10565.0,10330.0,235.0,2020_2021 8월.xlsx
2021,6,프랑스령 폴리네시아,입항환적,5.0,1.0,4.0,11.0,3.0,8.0,2020_2021 8월.xlsx
2021,6,피지,입항환적,22.0,22.0,0.0,176.0,172.0,4.0,2020_2021 8월.xlsx
2021,6,핀란드,입항환적,2021.0,2021.0,0.0,8005.0,8005.0,0.0,2020_2021 8월.xlsx
2021,6,필리핀,입항환적,7268.25,7188.25,80.0,37894.5,36553.5,1341.0,2020_2021 8월.xlsx
2021,6,헝가리,입항환적,,,,4.0,4.0,0.0,2020_2021 8월.xlsx
2021,6,호주,입항환적,8037.0,7043.0,994.0,45424.0,42610.0,2814.0,2020_2021 8월.xlsx
2021,6,홍콩,입항환적,3865.0,3865.0,0.0,22011.75,21159.75,852.0,2020_2021 8월.xlsx
2021,6,가나,출항,633.0,633.0,0.0,1866.0,1866.0,0.0,2020_2021 8월.xlsx
2021,6,가봉,출항,,,,17.0,17.0,0.0,2020_2021 8월.xlsx
2021,6,가이아나,출항,7.0,7.0,0.0,83.0,83.0,0.0,2020_2021 8월.xlsx
2021,6,감비아,출항,2.0,2.0,0.0,2.0,2.0,0.0,2020_2021 8월.xlsx
2021,6,과들루프,출항,3.0,3.0,0.0,8.0,8.0,0.0,2020_2021 8월.xlsx
2021,6,과테말라,출항,453.0,453.0,0.0,1966.0,1914.0,52.0,2020_2021 8월.xlsx
2021,6,괌,출항,187.25,187.25,0.0,1259.5,1163.5,96.0,2020_2021 8월.xlsx
2021,6,그레나다,출항,,,,7.0,7.0,0.0,2020_2021 8월.xlsx
2021,6,그리스,출항,751.0,751.0,0.0,5078.5,5064.5,14.0,2020_2021 8월.xlsx
2021,6,기니,출항,42.0,42.0,0.0,88.0,88.0,0.0,2020_2021 8월.xlsx
2021,6,나미비아,출항,19.0,19.0,0.0,27.0,27.0,0.0,2020_2021 8월.xlsx
2021,6,나이지리아,출항,427.0,427.0,0.0,1449.75,1449.75,0.0,2020_2021 8월.xlsx
2021,6,남아프리카,출항,559.0,559.0,0.0,2203.0,2202.0,1.0,2020_2021 8월.xlsx
2021,6,네덜란드,출항,8733.0,8729.0,4.0,52446.0,52266.0,180.0,2020_2021 8월.xlsx
2021,6,노르웨이,출항,34.0,34.0,0.0,181.25,181.25,0.0,2020_2021 8월.xlsx
2021,6,뉴질랜드,출항,897.0,897.0,0.0,7077.0,6571.0,506.0,2020_2021 8월.xlsx
2021,6,뉴칼레도니아,출항,20.0,20.0,0.0,349.0,137.0,212.0,2020_2021 8월.xlsx
2021,6,니카라과,출항,67.0,67.0,0.0,229.0,229.0,0.0,2020_2021 8월.xlsx
2021,6,대만,출항,10223.25,9615.25,608.0,65271.5,60729.5,4542.0,2020_2021 8월.xlsx
2021,6,대한민국,출항,9891.0,184.0,9707.0,53766.25,567.0,53199.25,2020_2021 8월.xlsx
2021,6,덴마크,출항,121.0,121.0,0.0,645.0,645.0,0.0,2020_2021 8월.xlsx
2021,6,도미니카 공화국,출항,145.0,145.0,0.0,1406.0,1016.0,390.0,2020_2021 8월.xlsx
2021,6,독일,출항,9026.0,8907.0,119.0,44555.0,44267.0,288.0,2020_2021 8월.xlsx
2021,6,라이베리아,출항,25.0,25.0,0.0,34.0,34.0,0.0,2020_2021 8월.xlsx
2021,6,라트비아,출항,76.0,76.0,0.0,255.0,255.0,0.0,2020_2021 8월.xlsx
2021,6,러시아,출항,14712.75,14074.75,638.0,78044.0,76600.0,1444.0,2020_2021 8월.xlsx
2021,6,레바논,출항,102.0,102.0,0.0,683.75,683.75,0.0,2020_2021 8월.xlsx
2021,6,레위니옹,출항,23.0,23.0,0.0,84.0,84.0,0.0,2020_2021 8월.xlsx
2021,6,루마니아,출항,371.0,361.0,10.0,1788.0,1778.0,10.0,2020_2021 8월.xlsx
2021,6,리비아,출항,196.0,196.0,0.0,685.25,685.25,0.0,2020_2021 8월.xlsx
2021,6,리투아니아,출항,260.0,260.0,0.0,1013.0,1013.0,0.0,2020_2021 8월.xlsx
2021,6,마다가스카르,출항,12.0,12.0,0.0,76.0,76.0,0.0,2020_2021 8월.xlsx
2021,6,마르티니크,출항,6.0,6.0,0.0,11.0,11.0,0.0,2020_2021 8월.xlsx
2021,6,마샬 제도,출항,79.0,15.0,64.0,368.0,116.0,252.0,2020_2021 8월.xlsx
2021,6,마요트,출항,8.0,8.0,0.0,76.0,76.0,0.0,2020_2021 8월.xlsx
2021,6,말레이시아,출항,6536.25,6515.25,21.0,47020.75,46501.75,519.0,2020_2021 8월.xlsx
2021,6,멕시코,출항,15126.0,15106.0,20.0,88036.0,86252.0,1784.0,2020_2021 8월.xlsx
2021,6,모로코,출항,369.0,369.0,0.0,1616.5,1616.5,0.0,2020_2021 8월.xlsx
2021,6,모리셔스,출항,10.0,10.0,0.0,54.0,54.0,0.0,2020_2021 8월.xlsx
2021,6,모리타니,출항,7.0,7.0,0.0,18.0,18.0,0.0,2020_2021 8월.xlsx
2021,6,모잠비크,출항,168.0,168.0,0.0,571.0,571.0,0.0,2020_2021 8월.xlsx
2021,6,몬테네그로,출항,17.0,17.0,0.0,29.0,29.0,0.0,2020_2021 8월.xlsx
2021,6,몰디브,출항,1.0,1.0,0.0,41.0,41.0,0.0,2020_2021 8월.xlsx
2021,6,몰타,출항,15.0,15.0,0.0,1544.0,1504.0,40.0,2020_2021 8월.xlsx
2021,6,미국,출항,76511.25,75373.25,1138.0,459251.5,454291.5,4960.0,2020_2021 8월.xlsx
2021,6,미얀마,출항,,,,98.0,98.0,0.0,2020_2021 8월.xlsx
2021,6,미크로네시아,출항,42.0,34.0,8.0,179.0,152.0,27.0,2020_2021 8월.xlsx
2021,6,바누아투,출항,61.0,16.0,45.0,192.0,53.0,139.0,2020_2021 8월.xlsx
2021,6,바레인,출항,102.0,102.0,0.0,235.0,235.0,0.0,2020_2021 8월.xlsx
2021,6,바베이도스,출항,4.0,4.0,0.0,16.0,16.0,0.0,2020_2021 8월.xlsx
2021,6,바하마,출항,1406.0,9.0,1397.0,8828.0,29.0,8799.0,2020_2021 8월.xlsx
2021,6,방글라데시,출항,77.0,77.0,0.0,549.0,549.0,0.0,2020_2021 8월.xlsx
2021,6,베냉,출항,22.0,22.0,0.0,41.0,41.0,0.0,2020_2021 8월.xlsx
2021,6,베네수엘라,출항,32.0,32.0,0.0,162.0,162.0,0.0,2020_2021 8월.xlsx
2021,6,베트남,출항,21703.75,21114.75,589.0,132438.75,128160.5,4278.25,2020_2021 8월.xlsx
2021,6,벨기에,출항,2378.5,2362.5,16.0,10964.75,10913.75,51.0,2020_2021 8월.xlsx
2021,6,벨리즈,출항,5.0,5.0,0.0,12.0,12.0,0.0,2020_2021 8월.xlsx
2021,6,북마리아나 제도,출항,86.0,86.0,0.0,459.0,459.0,0.0,2020_2021 8월.xlsx
2021,6,불가리아,출항,82.0,82.0,0.0,340.0,340.0,0.0,2020_2021 8월.xlsx
2021,6,브라질,출항,4027.0,4007.0,20.0,32639.0,32589.0,50.0,2020_2021 8월.xlsx
2021,6,사모아,출항,17.0,17.0,0.0,195.0,71.0,124.0,2020_2021 8월.xlsx
2021,6,사우디아라비아,출항,2799.75,2799.75,0.0,21284.0,21284.0,0.0,2020_2021 8월.xlsx
2021,6,세네갈,출항,97.0,97.0,0.0,277.0,265.0,12.0,2020_2021 8월.xlsx
2021,6,세이셸,출항,34.0,34.0,0.0,76.0,76.0,0.0,2020_2021 8월.xlsx
2021,6,세인트루시아,출항,,,,16.0,16.0,0.0,2020_2021 8월.xlsx
2021,6,세인트키츠 네비스,출항,,,,2.0,2.0,0.0,2020_2021 8월.xlsx
2021,6,소말리아,출항,2.0,2.0,0.0,34.0,34.0,0.0,2020_2021 8월.xlsx
2021,6,솔로몬제도,출항,24.0,24.0,0.0,96.0,96.0,0.0,2020_2021 8월.xlsx
2021,6,수단,출항,,,,9.0,9.0,0.0,2020_2021 8월.xlsx
2021,6,수리남,출항,4.0,4.0,0.0,20.0,20.0,0.0,2020_2021 8월.xlsx
2021,6,스리랑카,출항,580.0,580.0,0.0,4822.25,4806.25,16.0,2020_2021 8월.xlsx
2021,6,스웨덴,출항,568.0,568.0,0.0,2282.0,2282.0,0.0,2020_2021 8월.xlsx
2021,6,스페인,출항,3907.0,3687.0,220.0,18970.0,18426.0,544.0,2020_2021 8월.xlsx
2021,6,슬로베니아,출항,9965.5,9965.5,0.0,55701.5,55577.5,124.0,2020_2021 8월.xlsx
2021,6,시리아,출항,32.0,32.0,0.0,165.0,165.0,0.0,2020_2021 8월.xlsx
2021,6,시에라 리온,출항,11.0,11.0,0.0,33.0,33.0,0.0,2020_2021 8월.xlsx
2021,6,싱가포르,출항,7035.75,6757.75,278.0,38959.5,37813.25,1146.25,2020_2021 8월.xlsx
2021,6,아랍에미리트연합국,출항,5074.5,5068.5,6.0,31305.5,31165.5,140.0,2020_2021 8월.xlsx
2021,6,아루바,출항,,,,1.0,1.0,0.0,2020_2021 8월.xlsx
2021,6,아르헨티나,출항,486.0,466.0,20.0,3296.0,3261.0,35.0,2020_2021 8월.xlsx
2021,6,아메리칸사모아,출항,49.0,49.0,0.0,350.0,350.0,0.0,2020_2021 8월.xlsx
2021,6,아이티,출항,8.0,8.0,0.0,67.0,67.0,0.0,2020_2021 8월.xlsx
2021,6,아일랜드,출항,47.0,47.0,0.0,171.0,171.0,0.0,2020_2021 8월.xlsx
2021,6,알바니아,출항,15.0,15.0,0.0,69.0,69.0,0.0,2020_2021 8월.xlsx
2021,6,알제리,출항,210.0,210.0,0.0,808.75,808.75,0.0,2020_2021 8월.xlsx
2021,6,앙골라,출항,311.0,311.0,0.0,1058.0,1058.0,0.0,2020_2021 8월.xlsx
2021,6,앤틸리스제도,출항,7.0,7.0,0.0,22.0,22.0,0.0,2020_2021 8월.xlsx
2021,6,에스토니아,출항,27.75,27.75,0.0,156.25,156.25,0.0,2020_2021 8월.xlsx
2021,6,에콰도르,출항,1081.0,541.0,540.0,10246.0,3152.0,7094.0,2020_2021 8월.xlsx
2021,6,엘살바도르,출항,110.0,110.0,0.0,377.0,377.0,0.0,2020_2021 8월.xlsx
2021,6,영국,출항,2495.25,2494.25,1.0,13261.5,13170.5,91.0,2020_2021 8월.xlsx
2021,6,영국령 버진아일랜드,출항,,,,1.0,1.0,0.0,2020_2021 8월.xlsx
2021,6,예멘,출항,14.0,14.0,0.0,99.0,99.0,0.0,2020_2021 8월.xlsx
2021,6,오만,출항,288.0,288.0,0.0,1231.25,1231.25,0.0,2020_2021 8월.xlsx
2021,6,온두라스,출항,72.0,72.0,0.0,578.0,280.0,298.0,2020_2021 8월.xlsx
2021,6,요르단,출항,149.0,149.0,0.0,1383.0,1383.0,0.0,2020_2021 8월.xlsx
2021,6,우루과이,출항,267.0,267.0,0.0,1713.0,1713.0,0.0,2020_2021 8월.xlsx
2021,6,우크라이나,출항,197.0,197.0,0.0,736.25,722.25,14.0,2020_2021 8월.xlsx
2021,6,이라크,출항,303.0,303.0,0.0,967.0,967.0,0.0,2020_2021 8월.xlsx
2021,6,이란,출항,,,,5.0,5.0,0.0,2020_2021 8월.xlsx
2021,6,이스라엘,출항,994.0,957.0,37.0,5925.0,5777.0,148.0,2020_2021 8월.xlsx
2021,6,이집트,출항,3551.0,3551.0,0.0,21731.25,21449.25,282.0,2020_2021 8월.xlsx
2021,6,이탈리아,출항,5037.25,5037.25,0.0,23621.25,23590.25,31.0,2020_2021 8월.xlsx
2021,6,인도,출항,10733.5,10666.5,67.0,82412.5,81676.5,736.0,2020_2021 8월.xlsx
2021,6,인도네시아,출항,8383.75,8337.75,46.0,51371.25,50868.25,503.0,2020_2021 8월.xlsx
2021,6,일본,출항,37467.5,29561.5,7906.0,216412.0,171115.25,45296.75,2020_2021 8월.xlsx
2021,6,자메이카,출항,158.0,158.0,0.0,1673.0,1265.0,408.0,2020_2021 8월.xlsx
2021,6,적도 기니,출항,3.0,3.0,0.0,3.0,3.0,0.0,2020_2021 8월.xlsx
2021,6,조지아,출항,26.0,26.0,0.0,68.0,68.0,0.0,2020_2021 8월.xlsx
2021,6,중국,출항,94403.5,47421.25,46982.25,595394.5,327444.5,267950.0,2020_2021 8월.xlsx
2021,6,지부티,출항,,,,67.0,67.0,0.0,2020_2021 8월.xlsx
2021,6,칠레,출항,2045.0,1979.0,66.0,11989.0,11436.0,553.0,2020_2021 8월.xlsx
2021,6,카메룬,출항,71.0,71.0,0.0,190.0,190.0,0.0,2020_2021 8월.xlsx
2021,6,카보 베르데,출항,2.0,2.0,0.0,2.0,2.0,0.0,2020_2021 8월.xlsx
2021,6,카타르,출항,459.75,441.75,18.0,2528.25,2430.25,98.0,2020_2021 8월.xlsx
2021,6,캄보디아,출항,419.0,419.0,0.0,2033.0,2033.0,0.0,2020_2021 8월.xlsx
2021,6,캐나다,출항,11097.5,10965.5,132.0,65582.0,65435.0,147.0,2020_2021 8월.xlsx
2021,6,케냐,출항,157.0,157.0,0.0,631.0,631.0,0.0,2020_2021 8월.xlsx
2021,6,케이맨 제도,출항,,,,2.0,2.0,0.0,2020_2021 8월.xlsx
2021,6,코스타리카,출항,144.0,144.0,0.0,578.0,574.0,4.0,2020_2021 8월.xlsx
2021,6,코트디부아르,출항,99.0,99.0,0.0,621.0,621.0,0.0,2020_2021 8월.xlsx
2021,6,콜롬비아,출항,704.0,630.0,74.0,8546.0,8115.0,431.0,2020_2021 8월.xlsx
2021,6,콩고,출항,5.0,5.0,0.0,35.0,35.0,0.0,2020_2021 8월.xlsx
2021,6,콩고 민주 공화국,출항,30.0,30.0,0.0,118.0,118.0,0.0,2020_2021 8월.xlsx
2021,6,쿠바,출항,,,,14.0,14.0,0.0,2020_2021 8월.xlsx
2021,6,쿠웨이트,출항,217.0,217.0,0.0,803.0,803.0,0.0,2020_2021 8월.xlsx
2021,6,크로아티아,출항,1139.0,1139.0,0.0,6020.75,5960.75,60.0,2020_2021 8월.xlsx
2021,6,키리바시,출항,7.0,7.0,0.0,35.0,35.0,0.0,2020_2021 8월.xlsx
2021,6,키프로스,출항,14.0,14.0,0.0,37.0,37.0,0.0,2020_2021 8월.xlsx
2021,6,탄자니아,출항,195.0,195.0,0.0,527.0,527.0,0.0,2020_2021 8월.xlsx
2021,6,태국,출항,7595.25,7251.25,344.0,52855.0,49918.0,2937.0,2020_2021 8월.xlsx
2021,6,토고,출항,580.0,312.0,268.0,2282.0,1018.0,1264.0,2020_2021 8월.xlsx
2021,6,통가,출항,1.0,1.0,0.0,1.0,1.0,0.0,2020_2021 8월.xlsx
2021,6,튀니지,출항,85.0,85.0,0.0,358.0,358.0,0.0,2020_2021 8월.xlsx
2021,6,튀르키예,출항,6975.5,6975.5,0.0,44759.0,44719.0,40.0,2020_2021 8월.xlsx
2021,6,트리니다드 토바고,출항,62.0,62.0,0.0,205.0,205.0,0.0,2020_2021 8월.xlsx
2021,6,파나마,출항,1414.0,1414.0,0.0,10089.0,7585.0,2504.0,2020_2021 8월.xlsx
2021,6,파라과이,출항,17.0,17.0,0.0,50.0,50.0,0.0,2020_2021 8월.xlsx
2021,6,파키스탄,출항,1457.25,1457.25,0.0,11158.75,11142.75,16.0,2020_2021 8월.xlsx
2021,6,파푸아 뉴기니,출항,167.0,167.0,0.0,743.0,679.0,64.0,2020_2021 8월.xlsx
2021,6,팔라우,출항,22.0,19.0,3.0,46.0,41.0,5.0,2020_2021 8월.xlsx
2021,6,페루,출항,1089.0,1089.0,0.0,8734.0,7252.0,1482.0,2020_2021 8월.xlsx
2021,6,포르투갈,출항,267.0,267.0,0.0,875.0,875.0,0.0,2020_2021 8월.xlsx
2021,6,폴란드,출항,610.0,610.0,0.0,2552.75,2552.75,0.0,2020_2021 8월.xlsx
2021,6,푸에르토리코,출항,27.0,27.0,0.0,105.0,105.0,0.0,2020_2021 8월.xlsx
2021,6,프랑스,출항,1784.5,1769.5,15.0,8704.75,8595.75,109.0,2020_2021 8월.xlsx
2021,6,프랑스령 기아나,출항,,,,6.0,6.0,0.0,2020_2021 8월.xlsx
2021,6,프랑스령 폴리네시아,출항,9.0,9.0,0.0,64.0,36.0,28.0,2020_2021 8월.xlsx
2021,6,피지,출항,48.0,48.0,0.0,252.0,245.0,7.0,2020_2021 8월.xlsx
2021,6,핀란드,출항,102.0,102.0,0.0,360.0,360.0,0.0,2020_2021 8월.xlsx
2021,6,필리핀,출항,3469.25,3459.25,10.0,23451.0,23423.0,28.0,2020_2021 8월.xlsx
2021,6,헝가리,출항,,,,28.0,28.0,0.0,2020_2021 8월.xlsx
2021,6,호주,출항,3863.0,3795.0,68.0,30978.25,29672.25,1306.0,2020_2021 8월.xlsx
2021,6,홍콩,출항,7313.0,6931.0,382.0,39858.75,37396.75,2462.0,2020_2021 8월.xlsx
2021,6,가나,출항환적,97.0,97.0,0.0,448.25,448.25,0.0,2020_2021 8월.xlsx
2021,6,가봉,출항환적,4.0,4.0,0.0,7.0,7.0,0.0,2020_2021 8월.xlsx
2021,6,가이아나,출항환적,146.0,146.0,0.0,1238.0,1238.0,0.0,2020_2021 8월.xlsx
2021,6,감비아,출항환적,,,,3.0,3.0,0.0,2020_2021 8월.xlsx
2021,6,과들루프,출항환적,2.0,2.0,0.0,59.0,59.0,0.0,2020_2021 8월.xlsx
2021,6,과테말라,출항환적,1747.0,1741.0,6.0,10438.0,10432.0,6.0,2020_2021 8월.xlsx
2021,6,괌,출항환적,386.0,386.0,0.0,2340.0,2340.0,0.0,2020_2021 8월.xlsx
2021,6,그레나다,출항환적,16.0,16.0,0.0,99.0,99.0,0.0,2020_2021 8월.xlsx
2021,6,그리스,출항환적,1102.0,1102.0,0.0,5092.0,5092.0,0.0,2020_2021 8월.xlsx
2021,6,기니,출항환적,12.5,12.5,0.0,49.5,49.5,0.0,2020_2021 8월.xlsx
2021,6,나미비아,출항환적,41.0,41.0,0.0,315.0,315.0,0.0,2020_2021 8월.xlsx
2021,6,나우루,출항환적,15.0,15.0,0.0,76.0,76.0,0.0,2020_2021 8월.xlsx
2021,6,나이지리아,출항환적,171.0,171.0,0.0,1139.0,1139.0,0.0,2020_2021 8월.xlsx
2021,6,남아프리카,출항환적,206.0,206.0,0.0,1150.0,1150.0,0.0,2020_2021 8월.xlsx
2021,6,네덜란드,출항환적,1816.0,1797.0,19.0,14125.5,14096.5,29.0,2020_2021 8월.xlsx
2021,6,노르웨이,출항환적,25.0,25.0,0.0,128.0,128.0,0.0,2020_2021 8월.xlsx
2021,6,뉴질랜드,출항환적,871.0,871.0,0.0,6022.0,5639.0,383.0,2020_2021 8월.xlsx
2021,6,뉴칼레도니아,출항환적,414.0,414.0,0.0,1998.0,1995.0,3.0,2020_2021 8월.xlsx
2021,6,니카라과,출항환적,311.0,311.0,0.0,1523.0,1523.0,0.0,2020_2021 8월.xlsx
2021,6,대만,출항환적,6740.0,6498.0,242.0,41977.75,40562.0,1415.75,2020_2021 8월.xlsx
2021,6,대한민국,출항환적,16950.75,15912.75,1038.0,106840.25,104705.25,2135.0,2020_2021 8월.xlsx
2021,6,덴마크,출항환적,86.0,86.0,0.0,407.0,407.0,0.0,2020_2021 8월.xlsx
2021,6,도미니카 공화국,출항환적,1034.5,1034.5,0.0,8371.0,8321.0,50.0,2020_2021 8월.xlsx
2021,6,도미니카 연방,출항환적,2.0,2.0,0.0,65.0,65.0,0.0,2020_2021 8월.xlsx
2021,6,독일,출항환적,1619.0,1611.0,8.0,11530.5,11492.5,38.0,2020_2021 8월.xlsx
2021,6,동티모르,출항환적,4.0,4.0,0.0,43.0,43.0,0.0,2020_2021 8월.xlsx
2021,6,라이베리아,출항환적,3.0,3.0,0.0,3.0,3.0,0.0,2020_2021 8월.xlsx
2021,6,라트비아,출항환적,15.0,15.0,0.0,95.25,95.25,0.0,2020_2021 8월.xlsx
2021,6,러시아,출항환적,32354.75,31913.75,441.0,164051.75,162425.75,1626.0,2020_2021 8월.xlsx
2021,6,레바논,출항환적,559.5,559.5,0.0,1823.0,1823.0,0.0,2020_2021 8월.xlsx
2021,6,레위니옹,출항환적,,,,3.0,3.0,0.0,2020_2021 8월.xlsx
2021,6,루마니아,출항환적,394.0,394.0,0.0,1307.0,1307.0,0.0,2020_2021 8월.xlsx
2021,6,리비아,출항환적,238.25,238.25,0.0,612.25,612.25,0.0,2020_2021 8월.xlsx
2021,6,리투아니아,출항환적,95.0,95.0,0.0,207.0,207.0,0.0,2020_2021 8월.xlsx
2021,6,마다가스카르,출항환적,6.0,6.0,0.0,30.0,30.0,0.0,2020_2021 8월.xlsx
2021,6,마르티니크,출항환적,4.0,4.0,0.0,76.0,76.0,0.0,2020_2021 8월.xlsx
2021,6,마샬 제도,출항환적,127.0,127.0,0.0,647.0,647.0,0.0,2020_2021 8월.xlsx
2021,6,마카오,출항환적,10.0,10.0,0.0,10.0,10.0,0.0,2020_2021 8월.xlsx
2021,6,말레이시아,출항환적,3339.0,3338.0,1.0,20923.0,20772.0,151.0,2020_2021 8월.xlsx
2021,6,멕시코,출항환적,25681.25,25681.25,0.0,149139.75,148083.75,1056.0,2020_2021 8월.xlsx
2021,6,모로코,출항환적,621.25,621.25,0.0,3318.5,3318.5,0.0,2020_2021 8월.xlsx
2021,6,모리셔스,출항환적,7.0,7.0,0.0,73.0,73.0,0.0,2020_2021 8월.xlsx
2021,6,모리타니,출항환적,16.0,16.0,0.0,65.0,65.0,0.0,2020_2021 8월.xlsx
2021,6,모잠비크,출항환적,127.0,127.0,0.0,226.0,226.0,0.0,2020_2021 8월.xlsx
2021,6,몬테네그로,출항환적,17.0,17.0,0.0,59.0,59.0,0.0,2020_2021 8월.xlsx
2021,6,몰디브,출항환적,4.0,4.0,0.0,21.0,21.0,0.0,2020_2021 8월.xlsx
2021,6,몰타,출항환적,42.0,42.0,0.0,103.5,103.5,0.0,2020_2021 8월.xlsx
2021,6,미국,출항환적,86259.25,86259.25,0.0,522288.25,521918.25,370.0,2020_2021 8월.xlsx
2021,6,미국령 버진아일랜드,출항환적,2.0,2.0,0.0,29.0,29.0,0.0,2020_2021 8월.xlsx
2021,6,미얀마,출항환적,,,,204.0,204.0,0.0,2020_2021 8월.xlsx
2021,6,미크로네시아,출항환적,164.0,164.0,0.0,695.0,695.0,0.0,2020_2021 8월.xlsx
2021,6,바누아투,출항환적,478.0,478.0,0.0,1946.0,1946.0,0.0,2020_2021 8월.xlsx
2021,6,바레인,출항환적,11.0,11.0,0.0,49.0,49.0,0.0,2020_2021 8월.xlsx
2021,6,바베이도스,출항환적,48.0,48.0,0.0,534.0,534.0,0.0,2020_2021 8월.xlsx
2021,6,바하마,출항환적,3790.0,59.0,3731.0,31453.25,482.0,30971.25,2020_2021 8월.xlsx
2021,6,방글라데시,출항환적,40.0,40.0,0.0,220.0,220.0,0.0,2020_2021 8월.xlsx
2021,6,베냉,출항환적,9.0,9.0,0.0,48.0,48.0,0.0,2020_2021 8월.xlsx
2021,6,베네수엘라,출항환적,623.0,623.0,0.0,4676.0,4676.0,0.0,2020_2021 8월.xlsx
2021,6,베트남,출항환적,9320.0,9304.0,16.0,56010.25,54051.0,1959.25,2020_2021 8월.xlsx
2021,6,벨기에,출항환적,840.75,840.75,0.0,5380.0,5380.0,0.0,2020_2021 8월.xlsx
2021,6,벨리즈,출항환적,12.0,12.0,0.0,138.0,138.0,0.0,2020_2021 8월.xlsx
2021,6,북마리아나 제도,출항환적,64.5,64.5,0.0,500.25,500.25,0.0,2020_2021 8월.xlsx
2021,6,불가리아,출항환적,47.0,47.0,0.0,204.0,204.0,0.0,2020_2021 8월.xlsx
2021,6,브라질,출항환적,3942.0,3942.0,0.0,27543.0,27543.0,0.0,2020_2021 8월.xlsx
2021,6,브루나이,출항환적,,,,2.0,2.0,0.0,2020_2021 8월.xlsx
2021,6,사모아,출항환적,317.0,317.0,0.0,1740.0,1740.0,0.0,2020_2021 8월.xlsx
2021,6,사우디아라비아,출항환적,1452.75,1452.75,0.0,10315.0,10315.0,0.0,2020_2021 8월.xlsx
2021,6,상투메 프린시페,출항환적,1.0,1.0,0.0,1.0,1.0,0.0,2020_2021 8월.xlsx
2021,6,세네갈,출항환적,35.0,35.0,0.0,97.0,97.0,0.0,2020_2021 8월.xlsx
2021,6,세이셸,출항환적,,,,1.0,1.0,0.0,2020_2021 8월.xlsx
2021,6,세인트 빈센트 그레나딘,출항환적,5.0,5.0,0.0,42.0,42.0,0.0,2020_2021 8월.xlsx
2021,6,세인트루시아,출항환적,20.0,20.0,0.0,107.0,107.0,0.0,2020_2021 8월.xlsx
2021,6,세인트키츠 네비스,출항환적,3.0,3.0,0.0,65.0,65.0,0.0,2020_2021 8월.xlsx
2021,6,소말리아,출항환적,9.0,9.0,0.0,37.0,37.0,0.0,2020_2021 8월.xlsx
2021,6,솔로몬제도,출항환적,158.0,158.0,0.0,931.0,931.0,0.0,2020_2021 8월.xlsx
2021,6,수단,출항환적,4.0,4.0,0.0,130.0,130.0,0.0,2020_2021 8월.xlsx
2021,6,수리남,출항환적,111.0,111.0,0.0,1135.0,1135.0,0.0,2020_2021 8월.xlsx
2021,6,스리랑카,출항환적,64.0,64.0,0.0,805.0,805.0,0.0,2020_2021 8월.xlsx
2021,6,스웨덴,출항환적,168.0,168.0,0.0,978.0,978.0,0.0,2020_2021 8월.xlsx
2021,6,스페인,출항환적,2786.25,2786.25,0.0,12599.5,12498.5,101.0,2020_2021 8월.xlsx
2021,6,슬로베니아,출항환적,568.0,568.0,0.0,2992.75,2992.75,0.0,2020_2021 8월.xlsx
2021,6,시리아,출항환적,9.0,9.0,0.0,210.0,210.0,0.0,2020_2021 8월.xlsx
2021,6,시에라 리온,출항환적,10.0,10.0,0.0,29.0,29.0,0.0,2020_2021 8월.xlsx
2021,6,싱가포르,출항환적,6494.0,6177.0,317.0,35369.25,33256.25,2113.0,2020_2021 8월.xlsx
2021,6,아랍에미리트연합국,출항환적,2786.75,2786.75,0.0,21280.5,21038.5,242.0,2020_2021 8월.xlsx
2021,6,아루바,출항환적,,,,66.25,66.25,0.0,2020_2021 8월.xlsx
2021,6,아르헨티나,출항환적,723.0,712.0,11.0,5466.0,5455.0,11.0,2020_2021 8월.xlsx
2021,6,아메리칸사모아,출항환적,147.0,147.0,0.0,558.0,558.0,0.0,2020_2021 8월.xlsx
2021,6,아이티,출항환적,72.0,72.0,0.0,716.0,716.0,0.0,2020_2021 8월.xlsx
2021,6,아일랜드,출항환적,29.0,29.0,0.0,117.0,117.0,0.0,2020_2021 8월.xlsx
2021,6,알바니아,출항환적,10.0,10.0,0.0,27.0,27.0,0.0,2020_2021 8월.xlsx
2021,6,알제리,출항환적,334.75,334.75,0.0,1224.5,1224.5,0.0,2020_2021 8월.xlsx
2021,6,앙골라,출항환적,2.0,2.0,0.0,16.0,16.0,0.0,2020_2021 8월.xlsx
2021,6,앤티가 바부다,출항환적,6.0,6.0,0.0,82.0,82.0,0.0,2020_2021 8월.xlsx
2021,6,앤틸리스제도,출항환적,31.0,31.0,0.0,243.0,243.0,0.0,2020_2021 8월.xlsx
2021,6,앵귈라,출항환적,,,,4.0,4.0,0.0,2020_2021 8월.xlsx
2021,6,에리트레아,출항환적,,,,8.0,8.0,0.0,2020_2021 8월.xlsx
2021,6,에스토니아,출항환적,11.0,11.0,0.0,55.0,55.0,0.0,2020_2021 8월.xlsx
2021,6,에콰도르,출항환적,3061.25,3035.25,26.0,19721.25,15657.25,4064.0,2020_2021 8월.xlsx
2021,6,엘살바도르,출항환적,695.0,695.0,0.0,3099.5,3099.5,0.0,2020_2021 8월.xlsx
2021,6,영국,출항환적,2589.0,2589.0,0.0,9426.0,9425.0,1.0,2020_2021 8월.xlsx
2021,6,영국령 버진아일랜드,출항환적,,,,10.0,10.0,0.0,2020_2021 8월.xlsx
2021,6,예멘,출항환적,,,,17.0,17.0,0.0,2020_2021 8월.xlsx
2021,6,오만,출항환적,469.0,469.0,0.0,2823.5,2823.5,0.0,2020_2021 8월.xlsx
2021,6,온두라스,출항환적,315.25,315.25,0.0,2174.75,1712.75,462.0,2020_2021 8월.xlsx
2021,6,요르단,출항환적,114.0,114.0,0.0,1203.0,1203.0,0.0,2020_2021 8월.xlsx
2021,6,우루과이,출항환적,211.0,211.0,0.0,1222.0,1222.0,0.0,2020_2021 8월.xlsx
2021,6,우크라이나,출항환적,552.75,552.75,0.0,1935.75,1935.75,0.0,2020_2021 8월.xlsx
2021,6,원양어획지역,출항환적,34.0,34.0,0.0,44.0,44.0,0.0,2020_2021 8월.xlsx
2021,6,이라크,출항환적,10.0,10.0,0.0,245.0,245.0,0.0,2020_2021 8월.xlsx
2021,6,이란,출항환적,,,,14.0,14.0,0.0,2020_2021 8월.xlsx
2021,6,이스라엘,출항환적,1491.0,1485.0,6.0,5662.0,4928.0,734.0,2020_2021 8월.xlsx
2021,6,이집트,출항환적,2016.0,2000.0,16.0,9150.0,8504.0,646.0,2020_2021 8월.xlsx
2021,6,이탈리아,출항환적,4712.0,4712.0,0.0,15641.75,15630.75,11.0,2020_2021 8월.xlsx
2021,6,인도,출항환적,3724.0,3720.0,4.0,22550.25,22476.25,74.0,2020_2021 8월.xlsx
2021,6,인도네시아,출항환적,3960.0,3956.0,4.0,26841.0,26822.0,19.0,2020_2021 8월.xlsx
2021,6,일본,출항환적,75599.0,74395.0,1204.0,481301.0,474763.75,6537.25,2020_2021 8월.xlsx
2021,6,자메이카,출항환적,1361.75,1361.75,0.0,7005.75,7004.75,1.0,2020_2021 8월.xlsx
2021,6,적도 기니,출항환적,,,,8.0,8.0,0.0,2020_2021 8월.xlsx
2021,6,조지아,출항환적,94.5,94.5,0.0,720.75,720.75,0.0,2020_2021 8월.xlsx
2021,6,중국,출항환적,97316.0,90172.75,7143.25,577482.75,532138.25,45344.5,2020_2021 8월.xlsx
2021,6,지부티,출항환적,,,,18.0,18.0,0.0,2020_2021 8월.xlsx
2021,6,칠레,출항환적,20507.0,19767.0,740.0,104422.5,102004.5,2418.0,2020_2021 8월.xlsx
2021,6,카메룬,출항환적,32.0,32.0,0.0,124.0,124.0,0.0,2020_2021 8월.xlsx
2021,6,카타르,출항환적,229.0,229.0,0.0,1329.25,1329.25,0.0,2020_2021 8월.xlsx
2021,6,캄보디아,출항환적,18.0,18.0,0.0,260.0,260.0,0.0,2020_2021 8월.xlsx
2021,6,캐나다,출항환적,39205.0,39077.0,128.0,187278.5,187024.5,254.0,2020_2021 8월.xlsx
2021,6,케냐,출항환적,101.0,101.0,0.0,362.0,362.0,0.0,2020_2021 8월.xlsx
2021,6,케이맨 제도,출항환적,4.0,4.0,0.0,51.0,51.0,0.0,2020_2021 8월.xlsx
2021,6,코스타리카,출항환적,924.25,924.25,0.0,4910.75,4674.75,236.0,2020_2021 8월.xlsx
2021,6,코트디부아르,출항환적,135.0,135.0,0.0,564.0,564.0,0.0,2020_2021 8월.xlsx
2021,6,콜롬비아,출항환적,4319.25,4317.25,2.0,43105.5,43003.5,102.0,2020_2021 8월.xlsx
2021,6,콩고,출항환적,6.0,6.0,0.0,17.0,17.0,0.0,2020_2021 8월.xlsx
2021,6,콩고 민주 공화국,출항환적,4.0,4.0,0.0,16.0,16.0,0.0,2020_2021 8월.xlsx
2021,6,쿠바,출항환적,248.0,248.0,0.0,1801.0,1801.0,0.0,2020_2021 8월.xlsx
2021,6,쿠웨이트,출항환적,21.0,21.0,0.0,136.0,136.0,0.0,2020_2021 8월.xlsx
2021,6,쿡 제도,출항환적,,,,1.0,1.0,0.0,2020_2021 8월.xlsx
2021,6,퀴라소,출항환적,11.0,11.0,0.0,31.0,31.0,0.0,2020_2021 8월.xlsx
2021,6,크로아티아,출항환적,176.25,176.25,0.0,1032.5,1032.5,0.0,2020_2021 8월.xlsx
2021,6,키리바시,출항환적,185.0,185.0,0.0,1260.0,1260.0,0.0,2020_2021 8월.xlsx
2021,6,키프로스,출항환적,6.0,6.0,0.0,46.0,46.0,0.0,2020_2021 8월.xlsx
2021,6,탄자니아,출항환적,8.0,8.0,0.0,114.0,114.0,0.0,2020_2021 8월.xlsx
2021,6,태국,출항환적,5389.0,5389.0,0.0,40680.25,40197.25,483.0,2020_2021 8월.xlsx
2021,6,토고,출항환적,9.0,9.0,0.0,52.0,52.0,0.0,2020_2021 8월.xlsx
2021,6,통가,출항환적,163.0,163.0,0.0,709.0,709.0,0.0,2020_2021 8월.xlsx
2021,6,튀니지,출항환적,208.25,208.25,0.0,666.25,666.25,0.0,2020_2021 8월.xlsx
2021,6,튀르키예,출항환적,2810.5,2810.5,0.0,17595.75,17595.75,0.0,2020_2021 8월.xlsx
2021,6,트리니다드 토바고,출항환적,237.0,237.0,0.0,2256.0,2256.0,0.0,2020_2021 8월.xlsx
2021,6,파나마,출항환적,4500.75,4500.75,0.0,20305.5,20036.5,269.0,2020_2021 8월.xlsx
2021,6,파라과이,출항환적,40.0,40.0,0.0,148.0,148.0,0.0,2020_2021 8월.xlsx
2021,6,파키스탄,출항환적,717.0,717.0,0.0,2951.0,2951.0,0.0,2020_2021 8월.xlsx
2021,6,파푸아 뉴기니,출항환적,328.0,327.0,1.0,1655.0,1654.0,1.0,2020_2021 8월.xlsx
2021,6,팔라우,출항환적,17.0,17.0,0.0,76.0,76.0,0.0,2020_2021 8월.xlsx
2021,6,페루,출항환적,5773.0,5773.0,0.0,37700.25,36580.25,1120.0,2020_2021 8월.xlsx
2021,6,포르투갈,출항환적,11.0,11.0,0.0,120.0,120.0,0.0,2020_2021 8월.xlsx
2021,6,폴란드,출항환적,192.0,192.0,0.0,1117.0,1117.0,0.0,2020_2021 8월.xlsx
2021,6,푸에르토리코,출항환적,456.0,456.0,0.0,2848.0,2848.0,0.0,2020_2021 8월.xlsx
2021,6,프랑스,출항환적,3112.0,3112.0,0.0,9947.25,9946.25,1.0,2020_2021 8월.xlsx
2021,6,프랑스령 기아나,출항환적,,,,43.0,43.0,0.0,2020_2021 8월.xlsx
2021,6,프랑스령 폴리네시아,출항환적,194.0,194.0,0.0,536.0,536.0,0.0,2020_2021 8월.xlsx
2021,6,피지,출항환적,767.0,767.0,0.0,3464.0,3463.0,1.0,2020_2021 8월.xlsx
2021,6,핀란드,출항환적,21.0,21.0,0.0,118.0,118.0,0.0,2020_2021 8월.xlsx
2021,6,필리핀,출항환적,6907.75,6907.75,0.0,36859.0,36859.0,0.0,2020_2021 8월.xlsx
2021,6,호주,출항환적,1605.0,1586.0,19.0,12754.0,11446.0,1308.0,2020_2021 8월.xlsx
2021,6,홍콩,출항환적,4687.5,4687.5,0.0,22005.75,21805.75,200.0,2020_2021 8월.xlsx
2021,7,가나,입항,44.0,44.0,0.0,190.0,184.0,6.0,2020_2021 7월.xlsx
2021,7,가봉,입항,4.0,4.0,0.0,10.0,10.0,0.0,2020_2021 7월.xlsx
2021,7,가이아나,입항,20.0,20.0,0.0,20.0,20.0,0.0,2020_2021 7월.xlsx
2021,7,감비아,입항,4.0,4.0,0.0,40.0,40.0,0.0,2020_2021 7월.xlsx
2021,7,과테말라,입항,361.0,274.0,87.0,3214.0,2066.0,1148.0,2020_2021 7월.xlsx
2021,7,괌,입항,683.0,66.0,617.0,4645.0,609.25,4035.75,2020_2021 7월.xlsx
2021,7,그리스,입항,1563.0,411.0,1152.0,8448.5,2679.0,5769.5,2020_2021 7월.xlsx
2021,7,기니,입항,65.0,65.0,0.0,661.0,661.0,0.0,2020_2021 7월.xlsx
2021,7,기니비사우,입항,4.0,4.0,0.0,40.0,40.0,0.0,2020_2021 7월.xlsx
2021,7,나미비아,입항,24.0,24.0,0.0,73.0,73.0,0.0,2020_2021 7월.xlsx
2021,7,나이지리아,입항,51.0,51.0,0.0,479.0,479.0,0.0,2020_2021 7월.xlsx
2021,7,남아프리카,입항,977.0,960.0,17.0,5864.0,5549.0,315.0,2020_2021 7월.xlsx
2021,7,네덜란드,입항,7267.0,6093.0,1174.0,51547.5,45243.0,6304.5,2020_2021 7월.xlsx
2021,7,노르웨이,입항,345.0,345.0,0.0,4777.0,4719.0,58.0,2020_2021 7월.xlsx
2021,7,뉴질랜드,입항,2049.0,1935.0,114.0,16721.0,15194.0,1527.0,2020_2021 7월.xlsx
2021,7,뉴칼레도니아,입항,101.0,11.0,90.0,1957.0,99.0,1858.0,2020_2021 7월.xlsx
2021,7,니카라과,입항,4.0,4.0,0.0,117.0,117.0,0.0,2020_2021 7월.xlsx
2021,7,대만,입항,9070.25,4804.0,4266.25,51738.75,31375.0,20363.75,2020_2021 7월.xlsx
2021,7,대한민국,입항,6154.0,0.0,6154.0,46029.0,1.0,46028.0,2020_2021 7월.xlsx
2021,7,덴마크,입항,822.0,822.0,0.0,7028.0,7028.0,0.0,2020_2021 7월.xlsx
2021,7,도미니카 공화국,입항,396.0,186.0,210.0,857.0,638.0,219.0,2020_2021 7월.xlsx
2021,7,독일,입항,7879.25,7381.0,498.25,57038.75,54278.5,2760.25,2020_2021 7월.xlsx
2021,7,라이베리아,입항,3.0,3.0,0.0,20.0,20.0,0.0,2020_2021 7월.xlsx
2021,7,라트비아,입항,1044.0,1044.0,0.0,6751.0,6751.0,0.0,2020_2021 7월.xlsx
2021,7,러시아,입항,12734.25,3485.0,9249.25,77672.5,26485.0,51187.5,2020_2021 7월.xlsx
2021,7,레바논,입항,116.0,94.0,22.0,810.0,718.0,92.0,2020_2021 7월.xlsx
2021,7,레위니옹,입항,2.0,2.0,0.0,15.0,14.0,1.0,2020_2021 7월.xlsx
2021,7,루마니아,입항,931.0,194.0,737.0,4434.25,1622.25,2812.0,2020_2021 7월.xlsx
2021,7,리비아,입항,22.0,22.0,0.0,219.0,219.0,0.0,2020_2021 7월.xlsx
2021,7,리투아니아,입항,544.5,544.5,0.0,3541.0,2832.0,709.0,2020_2021 7월.xlsx
2021,7,마다가스카르,입항,4.0,4.0,0.0,39.0,39.0,0.0,2020_2021 7월.xlsx
2021,7,마샬 제도,입항,383.0,1.0,382.0,2900.0,28.0,2872.0,2020_2021 7월.xlsx
2021,7,말레이시아,입항,9279.0,5653.0,3626.0,58772.75,37153.0,21619.75,2020_2021 7월.xlsx
2021,7,멕시코,입항,8016.0,3119.0,4897.0,60749.5,17659.0,43090.5,2020_2021 7월.xlsx
2021,7,모로코,입항,174.0,172.0,2.0,2354.0,1445.0,909.0,2020_2021 7월.xlsx
2021,7,모리셔스,입항,41.0,41.0,0.0,83.0,83.0,0.0,2020_2021 7월.xlsx
2021,7,모리타니,입항,43.0,43.0,0.0,197.0,197.0,0.0,2020_2021 7월.xlsx
2021,7,모잠비크,입항,156.0,156.0,0.0,707.0,707.0,0.0,2020_2021 7월.xlsx
2021,7,몬테네그로,입항,55.0,55.0,0.0,752.0,752.0,0.0,2020_2021 7월.xlsx
2021,7,몰타,입항,5.0,1.0,4.0,310.0,83.0,227.0,2020_2021 7월.xlsx
2021,7,미국,입항,60466.5,34149.5,26317.0,454244.5,278419.5,175825.0,2020_2021 7월.xlsx
2021,7,미얀마,입항,398.0,398.0,0.0,2179.0,2171.0,8.0,2020_2021 7월.xlsx
2021,7,미크로네시아,입항,19.0,19.0,0.0,79.0,60.0,19.0,2020_2021 7월.xlsx
2021,7,바누아투,입항,12.0,0.0,12.0,1230.0,4.0,1226.0,2020_2021 7월.xlsx
2021,7,바레인,입항,271.0,271.0,0.0,1569.0,1569.0,0.0,2020_2021 7월.xlsx
2021,7,바하마,입항,,,,3.0,3.0,0.0,2020_2021 7월.xlsx
2021,7,방글라데시,입항,535.0,535.0,0.0,3878.0,3805.0,73.0,2020_2021 7월.xlsx
2021,7,베냉,입항,4.0,0.0,4.0,14.0,0.0,14.0,2020_2021 7월.xlsx
2021,7,베네수엘라,입항,15.0,15.0,0.0,170.0,170.0,0.0,2020_2021 7월.xlsx
2021,7,베트남,입항,13605.5,12968.0,637.5,99542.75,88577.0,10965.75,2020_2021 7월.xlsx
2021,7,벨기에,입항,4194.0,3863.0,331.0,23545.5,22039.5,1506.0,2020_2021 7월.xlsx
2021,7,북마리아나 제도,입항,663.75,9.0,654.75,7204.5,72.0,7132.5,2020_2021 7월.xlsx
2021,7,불가리아,입항,58.0,57.0,1.0,599.25,596.25,3.0,2020_2021 7월.xlsx
2021,7,브라질,입항,3945.0,2351.0,1594.0,24183.0,16317.0,7866.0,2020_2021 7월.xlsx
2021,7,브루나이,입항,4.0,2.0,2.0,20.0,18.0,2.0,2020_2021 7월.xlsx
2021,7,사모아,입항,76.0,2.0,74.0,1486.0,15.0,1471.0,2020_2021 7월.xlsx
2021,7,사우디아라비아,입항,1506.0,770.0,736.0,9816.0,4192.0,5624.0,2020_2021 7월.xlsx
2021,7,세네갈,입항,262.0,262.0,0.0,614.0,614.0,0.0,2020_2021 7월.xlsx
2021,7,세르비아,입항,,,,2.0,2.0,0.0,2020_2021 7월.xlsx
2021,7,세이셸,입항,2.0,2.0,0.0,21.0,21.0,0.0,2020_2021 7월.xlsx
2021,7,세인트루시아,입항,,,,4.0,4.0,0.0,2020_2021 7월.xlsx
2021,7,소말리아,입항,,,,34.0,1.0,33.0,2020_2021 7월.xlsx
2021,7,솔로몬제도,입항,2.0,2.0,0.0,32.0,4.0,28.0,2020_2021 7월.xlsx
2021,7,수단,입항,7.0,7.0,0.0,124.0,124.0,0.0,2020_2021 7월.xlsx
2021,7,수리남,입항,14.0,14.0,0.0,181.0,181.0,0.0,2020_2021 7월.xlsx
2021,7,스리랑카,입항,447.0,447.0,0.0,2646.0,2428.0,218.0,2020_2021 7월.xlsx
2021,7,스웨덴,입항,1282.0,1282.0,0.0,9227.0,9175.0,52.0,2020_2021 7월.xlsx
2021,7,스위스,입항,3.0,3.0,0.0,15.0,15.0,0.0,2020_2021 7월.xlsx
2021,7,스페인,입항,3588.0,3569.0,19.0,25893.25,23793.0,2100.25,2020_2021 7월.xlsx
2021,7,슬로베니아,입항,1227.0,1227.0,0.0,9553.75,9490.75,63.0,2020_2021 7월.xlsx
2021,7,시에라 리온,입항,3.0,3.0,0.0,104.0,104.0,0.0,2020_2021 7월.xlsx
2021,7,싱가포르,입항,5299.75,3303.0,1996.75,34474.25,21144.0,13330.25,2020_2021 7월.xlsx
2021,7,아랍에미리트연합국,입항,3391.0,896.0,2495.0,35179.0,8549.0,26630.0,2020_2021 7월.xlsx
2021,7,아루바,입항,,,,1.0,1.0,0.0,2020_2021 7월.xlsx
2021,7,아르헨티나,입항,360.0,323.0,37.0,4513.0,1923.0,2590.0,2020_2021 7월.xlsx
2021,7,아메리칸사모아,입항,25.0,21.0,4.0,516.0,174.0,342.0,2020_2021 7월.xlsx
2021,7,아이슬란드,입항,2.0,2.0,0.0,6.0,6.0,0.0,2020_2021 7월.xlsx
2021,7,아이티,입항,2.0,2.0,0.0,15.0,15.0,0.0,2020_2021 7월.xlsx
2021,7,아일랜드,입항,159.0,159.0,0.0,1124.0,1124.0,0.0,2020_2021 7월.xlsx
2021,7,알바니아,입항,150.0,150.0,0.0,755.0,755.0,0.0,2020_2021 7월.xlsx
2021,7,알제리,입항,,,,4.0,4.0,0.0,2020_2021 7월.xlsx
2021,7,앙골라,입항,,,,37.0,37.0,0.0,2020_2021 7월.xlsx
2021,7,앤틸리스제도,입항,,,,6.0,6.0,0.0,2020_2021 7월.xlsx
2021,7,에스토니아,입항,250.0,247.0,3.0,1797.25,1792.25,5.0,2020_2021 7월.xlsx
2021,7,에콰도르,입항,1281.0,305.0,976.0,7263.0,2393.0,4870.0,2020_2021 7월.xlsx
2021,7,엘살바도르,입항,51.0,51.0,0.0,1683.0,487.0,1196.0,2020_2021 7월.xlsx
2021,7,영국,입항,3280.25,1829.25,1451.0,17493.25,12130.0,5363.25,2020_2021 7월.xlsx
2021,7,예멘,입항,78.0,78.0,0.0,1063.0,1063.0,0.0,2020_2021 7월.xlsx
2021,7,오만,입항,580.0,217.0,363.0,5573.0,2108.0,3465.0,2020_2021 7월.xlsx
2021,7,오스트리아,입항,2.0,2.0,0.0,2.0,2.0,0.0,2020_2021 7월.xlsx
2021,7,온두라스,입항,50.0,50.0,0.0,652.0,652.0,0.0,2020_2021 7월.xlsx
2021,7,요르단,입항,211.0,211.0,0.0,1306.0,1077.0,229.0,2020_2021 7월.xlsx
2021,7,우루과이,입항,166.0,108.0,58.0,1165.0,629.0,536.0,2020_2021 7월.xlsx
2021,7,우크라이나,입항,254.0,238.0,16.0,3067.25,1709.25,1358.0,2020_2021 7월.xlsx
2021,7,이라크,입항,,,,16.0,0.0,16.0,2020_2021 7월.xlsx
2021,7,이란,입항,,,,184.0,4.0,180.0,2020_2021 7월.xlsx
2021,7,이스라엘,입항,281.0,280.0,1.0,4027.0,3092.0,935.0,2020_2021 7월.xlsx
2021,7,이집트,입항,979.0,329.0,650.0,9806.5,2843.0,6963.5,2020_2021 7월.xlsx
2021,7,이탈리아,입항,5848.5,4983.5,865.0,40180.0,36066.0,4114.0,2020_2021 7월.xlsx
2021,7,인도,입항,11825.75,7985.0,3840.75,76156.75,49401.25,26755.5,2020_2021 7월.xlsx
2021,7,인도네시아,입항,7220.0,5818.0,1402.0,51473.75,39808.75,11665.0,2020_2021 7월.xlsx
2021,7,일본,입항,59390.0,21022.5,38367.5,463109.75,148617.5,314492.25,2020_2021 7월.xlsx
2021,7,자메이카,입항,1039.0,25.0,1014.0,6387.0,103.0,6284.0,2020_2021 7월.xlsx
2021,7,적도 기니,입항,,,,3.0,3.0,0.0,2020_2021 7월.xlsx
2021,7,조지아,입항,60.0,60.0,0.0,143.0,143.0,0.0,2020_2021 7월.xlsx
2021,7,중국,입항,97473.5,72844.5,24629.0,731507.25,541774.75,189732.5,2020_2021 7월.xlsx
2021,7,지부티,입항,126.0,126.0,0.0,702.0,702.0,0.0,2020_2021 7월.xlsx
2021,7,체코,입항,,,,9.0,9.0,0.0,2020_2021 7월.xlsx
2021,7,칠레,입항,4412.0,4397.0,15.0,43336.0,35713.0,7623.0,2020_2021 7월.xlsx
2021,7,카메룬,입항,5.0,5.0,0.0,20.0,20.0,0.0,2020_2021 7월.xlsx
2021,7,카타르,입항,1355.0,812.0,543.0,4675.0,3805.0,870.0,2020_2021 7월.xlsx
2021,7,캄보디아,입항,119.0,119.0,0.0,921.0,921.0,0.0,2020_2021 7월.xlsx
2021,7,캐나다,입항,7923.75,4982.75,2941.0,68685.75,36598.75,32087.0,2020_2021 7월.xlsx
2021,7,케냐,입항,22.0,22.0,0.0,297.0,297.0,0.0,2020_2021 7월.xlsx
2021,7,코스타리카,입항,150.0,150.0,0.0,935.0,925.0,10.0,2020_2021 7월.xlsx
2021,7,코트디부아르,입항,10.0,10.0,0.0,61.0,58.0,3.0,2020_2021 7월.xlsx
2021,7,콜롬비아,입항,1752.0,413.0,1339.0,8608.0,3687.0,4921.0,2020_2021 7월.xlsx
2021,7,콩고,입항,3.0,3.0,0.0,37.0,37.0,0.0,2020_2021 7월.xlsx
2021,7,콩고 민주 공화국,입항,8.0,8.0,0.0,39.0,39.0,0.0,2020_2021 7월.xlsx
2021,7,쿠바,입항,,,,46.0,46.0,0.0,2020_2021 7월.xlsx
2021,7,쿠웨이트,입항,73.0,73.0,0.0,509.0,496.0,13.0,2020_2021 7월.xlsx
2021,7,퀴라소,입항,,,,10.0,10.0,0.0,2020_2021 7월.xlsx
2021,7,크로아티아,입항,169.0,169.0,0.0,1387.0,1376.0,11.0,2020_2021 7월.xlsx
2021,7,키리바시,입항,372.0,0.0,372.0,2004.0,1.0,2003.0,2020_2021 7월.xlsx
2021,7,키프로스,입항,12.0,12.0,0.0,91.0,91.0,0.0,2020_2021 7월.xlsx
2021,7,탄자니아,입항,169.0,169.0,0.0,2298.0,2298.0,0.0,2020_2021 7월.xlsx
2021,7,태국,입항,7957.25,7643.0,314.25,50285.75,48357.0,1928.75,2020_2021 7월.xlsx
2021,7,토고,입항,19.0,19.0,0.0,176.0,176.0,0.0,2020_2021 7월.xlsx
2021,7,통가,입항,190.0,1.0,189.0,448.0,12.0,436.0,2020_2021 7월.xlsx
2021,7,튀니지,입항,27.0,27.0,0.0,422.0,422.0,0.0,2020_2021 7월.xlsx
2021,7,튀르키예,입항,1988.25,1402.25,586.0,15214.0,11800.75,3413.25,2020_2021 7월.xlsx
2021,7,트리니다드 토바고,입항,47.0,47.0,0.0,267.0,267.0,0.0,2020_2021 7월.xlsx
2021,7,파나마,입항,3607.0,78.0,3529.0,13599.0,582.0,13017.0,2020_2021 7월.xlsx
2021,7,파라과이,입항,13.0,13.0,0.0,170.0,170.0,0.0,2020_2021 7월.xlsx
2021,7,파키스탄,입항,2147.75,434.0,1713.75,13335.75,3660.0,9675.75,2020_2021 7월.xlsx
2021,7,파푸아 뉴기니,입항,25.0,25.0,0.0,200.0,200.0,0.0,2020_2021 7월.xlsx
2021,7,팔라우,입항,2.0,2.0,0.0,7.0,7.0,0.0,2020_2021 7월.xlsx
2021,7,페루,입항,1483.0,1459.0,24.0,12032.0,10203.0,1829.0,2020_2021 7월.xlsx
2021,7,포르투갈,입항,237.0,237.0,0.0,1916.0,1912.0,4.0,2020_2021 7월.xlsx
2021,7,폴란드,입항,1228.25,1210.25,18.0,8318.75,8275.75,43.0,2020_2021 7월.xlsx
2021,7,푸에르토리코,입항,273.0,273.0,0.0,1082.0,1082.0,0.0,2020_2021 7월.xlsx
2021,7,프랑스,입항,3422.0,2987.0,435.0,21269.0,19804.0,1465.0,2020_2021 7월.xlsx
2021,7,프랑스령 폴리네시아,입항,21.0,1.0,20.0,1496.0,34.0,1462.0,2020_2021 7월.xlsx
2021,7,피지,입항,30.0,22.0,8.0,682.0,117.0,565.0,2020_2021 7월.xlsx
2021,7,핀란드,입항,928.0,928.0,0.0,7795.0,7767.0,28.0,2020_2021 7월.xlsx
2021,7,필리핀,입항,4437.0,2146.0,2291.0,33275.0,15678.0,17597.0,2020_2021 7월.xlsx
2021,7,헝가리,입항,11.0,11.0,0.0,72.0,72.0,0.0,2020_2021 7월.xlsx
2021,7,호주,입항,15459.0,6613.0,8846.0,94946.0,42698.0,52248.0,2020_2021 7월.xlsx
2021,7,홍콩,입항,4467.0,3883.0,584.0,31893.0,25700.0,6193.0,2020_2021 7월.xlsx
2021,7,가나,입항환적,67.0,67.0,0.0,314.0,314.0,0.0,2020_2021 7월.xlsx
2021,7,가봉,입항환적,16.0,16.0,0.0,110.0,110.0,0.0,2020_2021 7월.xlsx
2021,7,가이아나,입항환적,134.0,134.0,0.0,1386.0,1386.0,0.0,2020_2021 7월.xlsx
2021,7,감비아,입항환적,2.0,2.0,0.0,6.0,6.0,0.0,2020_2021 7월.xlsx
2021,7,과테말라,입항환적,292.0,292.0,0.0,3599.0,3593.0,6.0,2020_2021 7월.xlsx
2021,7,괌,입항환적,788.75,192.75,596.0,2345.75,1559.75,786.0,2020_2021 7월.xlsx
2021,7,그리스,입항환적,1170.25,608.0,562.25,3783.75,2842.0,941.75,2020_2021 7월.xlsx
2021,7,기니,입항환적,2.0,2.0,0.0,19.0,19.0,0.0,2020_2021 7월.xlsx
2021,7,나미비아,입항환적,2.0,2.0,0.0,84.0,84.0,0.0,2020_2021 7월.xlsx
2021,7,나이지리아,입항환적,115.0,115.0,0.0,1005.0,1005.0,0.0,2020_2021 7월.xlsx
2021,7,남아프리카,입항환적,838.0,838.0,0.0,3594.0,3594.0,0.0,2020_2021 7월.xlsx
2021,7,네덜란드,입항환적,2818.25,2793.25,25.0,21626.5,21495.5,131.0,2020_2021 7월.xlsx
2021,7,노르웨이,입항환적,94.0,94.0,0.0,1522.0,1522.0,0.0,2020_2021 7월.xlsx
2021,7,뉴질랜드,입항환적,2061.0,2061.0,0.0,11358.0,11188.0,170.0,2020_2021 7월.xlsx
2021,7,뉴칼레도니아,입항환적,54.0,54.0,0.0,1109.0,1100.0,9.0,2020_2021 7월.xlsx
2021,7,니카라과,입항환적,310.0,310.0,0.0,1978.0,1976.0,2.0,2020_2021 7월.xlsx
2021,7,대만,입항환적,5232.75,5232.75,0.0,36580.5,36116.5,464.0,2020_2021 7월.xlsx
2021,7,대한민국,입항환적,8120.0,7960.0,160.0,61340.0,58993.0,2347.0,2020_2021 7월.xlsx
2021,7,덴마크,입항환적,207.0,207.0,0.0,1931.0,1907.0,24.0,2020_2021 7월.xlsx
2021,7,도미니카 공화국,입항환적,274.0,274.0,0.0,898.0,898.0,0.0,2020_2021 7월.xlsx
2021,7,도미니카 연방,입항환적,1.0,1.0,0.0,1.0,1.0,0.0,2020_2021 7월.xlsx
2021,7,독일,입항환적,3455.0,3455.0,0.0,18705.75,18697.75,8.0,2020_2021 7월.xlsx
2021,7,동티모르,입항환적,,,,5.0,5.0,0.0,2020_2021 7월.xlsx
2021,7,라이베리아,입항환적,,,,1.0,1.0,0.0,2020_2021 7월.xlsx
2021,7,라트비아,입항환적,252.0,252.0,0.0,2045.0,2045.0,0.0,2020_2021 7월.xlsx
2021,7,러시아,입항환적,18388.75,17684.25,704.5,112323.75,108376.25,3947.5,2020_2021 7월.xlsx
2021,7,레바논,입항환적,28.0,28.0,0.0,40.0,40.0,0.0,2020_2021 7월.xlsx
2021,7,레위니옹,입항환적,6.0,6.0,0.0,6.0,6.0,0.0,2020_2021 7월.xlsx
2021,7,루마니아,입항환적,570.0,570.0,0.0,3984.75,3984.75,0.0,2020_2021 7월.xlsx
2021,7,리비아,입항환적,,,,6.0,6.0,0.0,2020_2021 7월.xlsx
2021,7,리투아니아,입항환적,72.0,72.0,0.0,548.0,447.0,101.0,2020_2021 7월.xlsx
2021,7,마다가스카르,입항환적,15.0,15.0,0.0,59.0,59.0,0.0,2020_2021 7월.xlsx
2021,7,마르티니크,입항환적,64.0,64.0,0.0,64.0,64.0,0.0,2020_2021 7월.xlsx
2021,7,마샬 제도,입항환적,8.0,8.0,0.0,321.0,319.0,2.0,2020_2021 7월.xlsx
2021,7,말레이시아,입항환적,6493.5,6490.5,3.0,52055.75,51379.75,676.0,2020_2021 7월.xlsx
2021,7,멕시코,입항환적,5231.0,5201.0,30.0,29569.75,28749.0,820.75,2020_2021 7월.xlsx
2021,7,모로코,입항환적,158.0,158.0,0.0,632.0,630.0,2.0,2020_2021 7월.xlsx
2021,7,모리셔스,입항환적,43.0,43.0,0.0,228.0,228.0,0.0,2020_2021 7월.xlsx
2021,7,모리타니,입항환적,2.0,2.0,0.0,55.0,55.0,0.0,2020_2021 7월.xlsx
2021,7,모잠비크,입항환적,55.0,55.0,0.0,578.0,578.0,0.0,2020_2021 7월.xlsx
2021,7,몬테네그로,입항환적,6.0,6.0,0.0,22.0,22.0,0.0,2020_2021 7월.xlsx
2021,7,몰디브,입항환적,,,,3.0,3.0,0.0,2020_2021 7월.xlsx
2021,7,몰타,입항환적,3.0,3.0,0.0,341.0,341.0,0.0,2020_2021 7월.xlsx
2021,7,미국,입항환적,50821.0,44103.5,6717.5,343093.75,316333.25,26760.5,2020_2021 7월.xlsx
2021,7,미얀마,입항환적,79.0,79.0,0.0,859.0,849.0,10.0,2020_2021 7월.xlsx
2021,7,미크로네시아,입항환적,3.0,3.0,0.0,28.0,25.0,3.0,2020_2021 7월.xlsx
2021,7,바누아투,입항환적,11.0,1.0,10.0,154.0,44.0,110.0,2020_2021 7월.xlsx
2021,7,바레인,입항환적,13.0,13.0,0.0,185.0,185.0,0.0,2020_2021 7월.xlsx
2021,7,바베이도스,입항환적,,,,2.0,2.0,0.0,2020_2021 7월.xlsx
2021,7,바하마,입항환적,,,,11.0,11.0,0.0,2020_2021 7월.xlsx
2021,7,방글라데시,입항환적,703.0,703.0,0.0,3840.0,3840.0,0.0,2020_2021 7월.xlsx
2021,7,베냉,입항환적,,,,76.0,76.0,0.0,2020_2021 7월.xlsx
2021,7,베네수엘라,입항환적,254.0,254.0,0.0,1077.0,1077.0,0.0,2020_2021 7월.xlsx
2021,7,베트남,입항환적,10428.5,10428.5,0.0,67719.5,67698.5,21.0,2020_2021 7월.xlsx
2021,7,벨기에,입항환적,3701.25,3593.25,108.0,15228.5,15120.5,108.0,2020_2021 7월.xlsx
2021,7,벨리즈,입항환적,2.0,2.0,0.0,898.0,898.0,0.0,2020_2021 7월.xlsx
2021,7,북마리아나 제도,입항환적,34.0,2.0,32.0,484.0,8.0,476.0,2020_2021 7월.xlsx
2021,7,불가리아,입항환적,117.0,117.0,0.0,614.0,614.0,0.0,2020_2021 7월.xlsx
2021,7,브라질,입항환적,6523.0,6522.0,1.0,42848.0,41507.0,1341.0,2020_2021 7월.xlsx
2021,7,브루나이,입항환적,6.0,6.0,0.0,148.0,148.0,0.0,2020_2021 7월.xlsx
2021,7,사모아,입항환적,7.0,7.0,0.0,83.0,83.0,0.0,2020_2021 7월.xlsx
2021,7,사우디아라비아,입항환적,606.0,592.0,14.0,5172.0,4756.0,416.0,2020_2021 7월.xlsx
2021,7,세네갈,입항환적,5.0,5.0,0.0,419.0,419.0,0.0,2020_2021 7월.xlsx
2021,7,세이셸,입항환적,6.0,6.0,0.0,10.0,10.0,0.0,2020_2021 7월.xlsx
2021,7,세인트루시아,입항환적,,,,24.0,24.0,0.0,2020_2021 7월.xlsx
2021,7,소말리아,입항환적,,,,1.0,1.0,0.0,2020_2021 7월.xlsx
2021,7,솔로몬제도,입항환적,3.0,3.0,0.0,20.0,20.0,0.0,2020_2021 7월.xlsx
2021,7,수단,입항환적,267.0,267.0,0.0,1480.0,1480.0,0.0,2020_2021 7월.xlsx
2021,7,수리남,입항환적,22.0,22.0,0.0,316.0,316.0,0.0,2020_2021 7월.xlsx
2021,7,스리랑카,입항환적,325.5,325.5,0.0,2384.0,2346.0,38.0,2020_2021 7월.xlsx
2021,7,스웨덴,입항환적,885.0,885.0,0.0,5406.0,5406.0,0.0,2020_2021 7월.xlsx
2021,7,스페인,입항환적,3320.0,3315.0,5.0,16636.25,16432.25,204.0,2020_2021 7월.xlsx
2021,7,슬로베니아,입항환적,644.0,644.0,0.0,5578.0,5578.0,0.0,2020_2021 7월.xlsx
2021,7,시리아,입항환적,2.0,2.0,0.0,3.0,3.0,0.0,2020_2021 7월.xlsx
2021,7,시에라 리온,입항환적,3.0,3.0,0.0,34.0,34.0,0.0,2020_2021 7월.xlsx
2021,7,싱가포르,입항환적,2650.75,2455.75,195.0,16247.0,13953.0,2294.0,2020_2021 7월.xlsx
2021,7,아랍에미리트연합국,입항환적,1821.0,1655.0,166.0,13089.5,11859.5,1230.0,2020_2021 7월.xlsx
2021,7,아루바,입항환적,20.0,20.0,0.0,20.0,20.0,0.0,2020_2021 7월.xlsx
2021,7,아르헨티나,입항환적,919.0,919.0,0.0,6015.0,5976.0,39.0,2020_2021 7월.xlsx
2021,7,아메리칸사모아,입항환적,2.0,2.0,0.0,8.0,8.0,0.0,2020_2021 7월.xlsx
2021,7,아이슬란드,입항환적,,,,20.0,20.0,0.0,2020_2021 7월.xlsx
2021,7,아이티,입항환적,,,,40.0,40.0,0.0,2020_2021 7월.xlsx
2021,7,아일랜드,입항환적,88.0,88.0,0.0,448.0,448.0,0.0,2020_2021 7월.xlsx
2021,7,알바니아,입항환적,40.0,40.0,0.0,415.0,415.0,0.0,2020_2021 7월.xlsx
2021,7,앙골라,입항환적,1.0,1.0,0.0,13.0,13.0,0.0,2020_2021 7월.xlsx
2021,7,앤티가 바부다,입항환적,6.0,6.0,0.0,6.0,6.0,0.0,2020_2021 7월.xlsx
2021,7,앤틸리스제도,입항환적,5.0,5.0,0.0,5.0,5.0,0.0,2020_2021 7월.xlsx
2021,7,에스토니아,입항환적,89.0,89.0,0.0,414.0,414.0,0.0,2020_2021 7월.xlsx
2021,7,에콰도르,입항환적,3910.0,3903.0,7.0,26438.0,26313.0,125.0,2020_2021 7월.xlsx
2021,7,엘살바도르,입항환적,155.0,155.0,0.0,801.0,793.0,8.0,2020_2021 7월.xlsx
2021,7,영국,입항환적,1390.75,1268.0,122.75,5961.0,5836.25,124.75,2020_2021 7월.xlsx
2021,7,예멘,입항환적,1.0,1.0,0.0,10.0,10.0,0.0,2020_2021 7월.xlsx
2021,7,오만,입항환적,393.0,393.0,0.0,2968.0,2968.0,0.0,2020_2021 7월.xlsx
2021,7,오스트리아,입항환적,2.0,2.0,0.0,2.0,2.0,0.0,2020_2021 7월.xlsx
2021,7,온두라스,입항환적,70.0,70.0,0.0,379.0,379.0,0.0,2020_2021 7월.xlsx
2021,7,요르단,입항환적,46.0,46.0,0.0,295.0,295.0,0.0,2020_2021 7월.xlsx
2021,7,우루과이,입항환적,687.0,687.0,0.0,3449.0,3449.0,0.0,2020_2021 7월.xlsx
2021,7,우크라이나,입항환적,740.0,740.0,0.0,5397.0,5217.0,180.0,2020_2021 7월.xlsx
2021,7,원양어획지역,입항환적,28.0,28.0,0.0,442.0,442.0,0.0,2020_2021 7월.xlsx
2021,7,이란,입항환적,1.0,1.0,0.0,1.0,1.0,0.0,2020_2021 7월.xlsx
2021,7,이스라엘,입항환적,324.0,324.0,0.0,2948.0,2256.0,692.0,2020_2021 7월.xlsx
2021,7,이집트,입항환적,970.0,970.0,0.0,6728.0,6726.0,2.0,2020_2021 7월.xlsx
2021,7,이탈리아,입항환적,6192.0,6179.0,13.0,23951.0,23404.0,547.0,2020_2021 7월.xlsx
2021,7,인도,입항환적,7783.0,7605.0,178.0,41321.75,40666.75,655.0,2020_2021 7월.xlsx
2021,7,인도네시아,입항환적,15256.25,15251.25,5.0,85224.0,85188.0,36.0,2020_2021 7월.xlsx
2021,7,일본,입항환적,67290.0,64273.0,3017.0,455923.5,422967.0,32956.5,2020_2021 7월.xlsx
2021,7,자메이카,입항환적,24.0,24.0,0.0,78.0,51.0,27.0,2020_2021 7월.xlsx
2021,7,적도 기니,입항환적,,,,137.0,137.0,0.0,2020_2021 7월.xlsx
2021,7,조지아,입항환적,25.0,25.0,0.0,140.0,140.0,0.0,2020_2021 7월.xlsx
2021,7,중국,입항환적,236695.5,234591.75,2103.75,1583867.25,1550238.25,33629.0,2020_2021 7월.xlsx
2021,7,지부티,입항환적,59.0,59.0,0.0,226.0,226.0,0.0,2020_2021 7월.xlsx
2021,7,칠레,입항환적,5663.0,5625.0,38.0,50277.0,50192.0,85.0,2020_2021 7월.xlsx
2021,7,카메룬,입항환적,7.0,7.0,0.0,113.0,113.0,0.0,2020_2021 7월.xlsx
2021,7,카타르,입항환적,222.0,222.0,0.0,1637.0,1605.0,32.0,2020_2021 7월.xlsx
2021,7,캄보디아,입항환적,478.25,478.25,0.0,3095.25,3095.25,0.0,2020_2021 7월.xlsx
2021,7,캐나다,입항환적,13324.0,13324.0,0.0,101870.75,101144.5,726.25,2020_2021 7월.xlsx
2021,7,케냐,입항환적,69.0,69.0,0.0,555.0,555.0,0.0,2020_2021 7월.xlsx
2021,7,코스타리카,입항환적,539.0,539.0,0.0,2928.0,2928.0,0.0,2020_2021 7월.xlsx
2021,7,코트디부아르,입항환적,12.0,12.0,0.0,129.0,129.0,0.0,2020_2021 7월.xlsx
2021,7,콜롬비아,입항환적,1711.0,686.0,1025.0,4700.25,3513.0,1187.25,2020_2021 7월.xlsx
2021,7,콩고,입항환적,4.0,4.0,0.0,5.0,5.0,0.0,2020_2021 7월.xlsx
2021,7,쿠바,입항환적,61.0,61.0,0.0,414.0,414.0,0.0,2020_2021 7월.xlsx
2021,7,쿠웨이트,입항환적,35.0,35.0,0.0,140.0,140.0,0.0,2020_2021 7월.xlsx
2021,7,퀴라소,입항환적,14.0,14.0,0.0,44.0,44.0,0.0,2020_2021 7월.xlsx
2021,7,크로아티아,입항환적,219.0,219.0,0.0,1214.25,1212.25,2.0,2020_2021 7월.xlsx
2021,7,키리바시,입항환적,,,,4.0,4.0,0.0,2020_2021 7월.xlsx
2021,7,키프로스,입항환적,73.0,73.0,0.0,243.0,243.0,0.0,2020_2021 7월.xlsx
2021,7,탄자니아,입항환적,1.0,1.0,0.0,171.0,171.0,0.0,2020_2021 7월.xlsx
2021,7,태국,입항환적,10656.25,10656.25,0.0,63004.5,62920.5,84.0,2020_2021 7월.xlsx
2021,7,토고,입항환적,33.0,33.0,0.0,120.0,120.0,0.0,2020_2021 7월.xlsx
2021,7,통가,입항환적,,,,2.0,2.0,0.0,2020_2021 7월.xlsx
2021,7,튀니지,입항환적,10.0,10.0,0.0,99.0,99.0,0.0,2020_2021 7월.xlsx
2021,7,튀르키예,입항환적,3506.0,3506.0,0.0,21731.0,21511.0,220.0,2020_2021 7월.xlsx
2021,7,트리니다드 토바고,입항환적,211.0,211.0,0.0,247.0,247.0,0.0,2020_2021 7월.xlsx
2021,7,파나마,입항환적,1038.25,791.0,247.25,6761.25,4924.0,1837.25,2020_2021 7월.xlsx
2021,7,파라과이,입항환적,67.0,67.0,0.0,127.0,127.0,0.0,2020_2021 7월.xlsx
2021,7,파키스탄,입항환적,1373.0,1073.0,300.0,8363.75,7446.75,917.0,2020_2021 7월.xlsx
2021,7,파푸아 뉴기니,입항환적,14.0,14.0,0.0,39.0,39.0,0.0,2020_2021 7월.xlsx
2021,7,팔라우,입항환적,,,,1.0,1.0,0.0,2020_2021 7월.xlsx
2021,7,페로 제도,입항환적,,,,4.0,4.0,0.0,2020_2021 7월.xlsx
2021,7,페루,입항환적,2867.0,2785.0,82.0,18463.0,18377.0,86.0,2020_2021 7월.xlsx
2021,7,포르투갈,입항환적,401.0,401.0,0.0,1044.0,1044.0,0.0,2020_2021 7월.xlsx
2021,7,폴란드,입항환적,201.25,201.25,0.0,1381.5,1381.5,0.0,2020_2021 7월.xlsx
2021,7,푸에르토리코,입항환적,283.0,283.0,0.0,981.0,981.0,0.0,2020_2021 7월.xlsx
2021,7,프랑스,입항환적,3403.0,3394.0,9.0,13968.0,13724.0,244.0,2020_2021 7월.xlsx
2021,7,프랑스령 폴리네시아,입항환적,,,,11.0,3.0,8.0,2020_2021 7월.xlsx
2021,7,피지,입항환적,15.0,15.0,0.0,191.0,187.0,4.0,2020_2021 7월.xlsx
2021,7,핀란드,입항환적,1386.0,1386.0,0.0,9391.0,9391.0,0.0,2020_2021 7월.xlsx
2021,7,필리핀,입항환적,6040.75,6004.75,36.0,43935.25,42558.25,1377.0,2020_2021 7월.xlsx
2021,7,헝가리,입항환적,,,,4.0,4.0,0.0,2020_2021 7월.xlsx
2021,7,호주,입항환적,7949.0,7548.0,401.0,53373.0,50158.0,3215.0,2020_2021 7월.xlsx
2021,7,홍콩,입항환적,5696.25,5696.25,0.0,27708.0,26856.0,852.0,2020_2021 7월.xlsx
2021,7,가나,출항,389.0,389.0,0.0,2255.0,2255.0,0.0,2020_2021 7월.xlsx
2021,7,가봉,출항,7.0,7.0,0.0,24.0,24.0,0.0,2020_2021 7월.xlsx
2021,7,가이아나,출항,7.0,7.0,0.0,90.0,90.0,0.0,2020_2021 7월.xlsx
2021,7,감비아,출항,5.0,5.0,0.0,7.0,7.0,0.0,2020_2021 7월.xlsx
2021,7,과들루프,출항,5.0,5.0,0.0,13.0,13.0,0.0,2020_2021 7월.xlsx
2021,7,과테말라,출항,647.0,647.0,0.0,2613.0,2561.0,52.0,2020_2021 7월.xlsx
2021,7,괌,출항,238.5,238.5,0.0,1498.0,1402.0,96.0,2020_2021 7월.xlsx
2021,7,그레나다,출항,2.0,2.0,0.0,9.0,9.0,0.0,2020_2021 7월.xlsx
2021,7,그리스,출항,1258.0,1258.0,0.0,6336.5,6322.5,14.0,2020_2021 7월.xlsx
2021,7,기니,출항,15.0,15.0,0.0,103.0,103.0,0.0,2020_2021 7월.xlsx
2021,7,나미비아,출항,1.0,1.0,0.0,28.0,28.0,0.0,2020_2021 7월.xlsx
2021,7,나우루,출항,1.0,1.0,0.0,1.0,1.0,0.0,2020_2021 7월.xlsx
2021,7,나이지리아,출항,208.0,208.0,0.0,1657.75,1657.75,0.0,2020_2021 7월.xlsx
2021,7,남아프리카,출항,333.0,333.0,0.0,2536.0,2535.0,1.0,2020_2021 7월.xlsx
2021,7,네덜란드,출항,8337.0,8334.0,3.0,60783.0,60600.0,183.0,2020_2021 7월.xlsx
2021,7,노르웨이,출항,21.0,21.0,0.0,202.25,202.25,0.0,2020_2021 7월.xlsx
2021,7,뉴질랜드,출항,1546.0,1358.0,188.0,8623.0,7929.0,694.0,2020_2021 7월.xlsx
2021,7,뉴칼레도니아,출항,22.0,22.0,0.0,371.0,159.0,212.0,2020_2021 7월.xlsx
2021,7,니카라과,출항,72.0,72.0,0.0,301.0,301.0,0.0,2020_2021 7월.xlsx
2021,7,대만,출항,12521.0,12031.75,489.25,77792.5,72761.25,5031.25,2020_2021 7월.xlsx
2021,7,대한민국,출항,12282.0,140.0,12142.0,66048.25,707.0,65341.25,2020_2021 7월.xlsx
2021,7,덴마크,출항,119.0,119.0,0.0,764.0,764.0,0.0,2020_2021 7월.xlsx
2021,7,도미니카 공화국,출항,275.0,261.0,14.0,1681.0,1277.0,404.0,2020_2021 7월.xlsx
2021,7,독일,출항,7544.5,7335.5,209.0,52099.5,51602.5,497.0,2020_2021 7월.xlsx
2021,7,라이베리아,출항,48.0,48.0,0.0,82.0,82.0,0.0,2020_2021 7월.xlsx
2021,7,라트비아,출항,31.0,31.0,0.0,286.0,286.0,0.0,2020_2021 7월.xlsx
2021,7,러시아,출항,13158.5,12434.5,724.0,91202.5,89034.5,2168.0,2020_2021 7월.xlsx
2021,7,레바논,출항,68.0,68.0,0.0,751.75,751.75,0.0,2020_2021 7월.xlsx
2021,7,레위니옹,출항,22.0,22.0,0.0,106.0,106.0,0.0,2020_2021 7월.xlsx
2021,7,루마니아,출항,261.0,261.0,0.0,2049.0,2039.0,10.0,2020_2021 7월.xlsx
2021,7,리비아,출항,102.0,102.0,0.0,787.25,787.25,0.0,2020_2021 7월.xlsx
2021,7,리투아니아,출항,181.0,181.0,0.0,1194.0,1194.0,0.0,2020_2021 7월.xlsx
2021,7,마다가스카르,출항,23.0,23.0,0.0,99.0,99.0,0.0,2020_2021 7월.xlsx
2021,7,마르티니크,출항,3.0,3.0,0.0,14.0,14.0,0.0,2020_2021 7월.xlsx
2021,7,마샬 제도,출항,21.0,11.0,10.0,389.0,127.0,262.0,2020_2021 7월.xlsx
2021,7,마요트,출항,,,,76.0,76.0,0.0,2020_2021 7월.xlsx
2021,7,말레이시아,출항,6740.0,6621.0,119.0,53760.75,53122.75,638.0,2020_2021 7월.xlsx
2021,7,멕시코,출항,18036.0,17939.0,97.0,106072.0,104191.0,1881.0,2020_2021 7월.xlsx
2021,7,모로코,출항,272.0,272.0,0.0,1888.5,1888.5,0.0,2020_2021 7월.xlsx
2021,7,모리셔스,출항,18.0,18.0,0.0,72.0,72.0,0.0,2020_2021 7월.xlsx
2021,7,모리타니,출항,16.0,16.0,0.0,34.0,34.0,0.0,2020_2021 7월.xlsx
2021,7,모잠비크,출항,94.0,94.0,0.0,665.0,665.0,0.0,2020_2021 7월.xlsx
2021,7,몬테네그로,출항,4.0,4.0,0.0,33.0,33.0,0.0,2020_2021 7월.xlsx
2021,7,몰디브,출항,5.0,5.0,0.0,46.0,46.0,0.0,2020_2021 7월.xlsx
2021,7,몰타,출항,25.0,25.0,0.0,1569.0,1529.0,40.0,2020_2021 7월.xlsx
2021,7,미국,출항,92527.0,91787.0,740.0,551778.5,546078.5,5700.0,2020_2021 7월.xlsx
2021,7,미얀마,출항,1.0,1.0,0.0,99.0,99.0,0.0,2020_2021 7월.xlsx
2021,7,미크로네시아,출항,27.0,19.0,8.0,206.0,171.0,35.0,2020_2021 7월.xlsx
2021,7,바누아투,출항,77.0,8.0,69.0,269.0,61.0,208.0,2020_2021 7월.xlsx
2021,7,바레인,출항,85.0,85.0,0.0,320.0,320.0,0.0,2020_2021 7월.xlsx
2021,7,바베이도스,출항,1.0,1.0,0.0,17.0,17.0,0.0,2020_2021 7월.xlsx
2021,7,바하마,출항,486.0,10.0,476.0,9314.0,39.0,9275.0,2020_2021 7월.xlsx
2021,7,방글라데시,출항,50.0,50.0,0.0,599.0,599.0,0.0,2020_2021 7월.xlsx
2021,7,베냉,출항,3.0,3.0,0.0,44.0,44.0,0.0,2020_2021 7월.xlsx
2021,7,베네수엘라,출항,62.0,62.0,0.0,224.0,224.0,0.0,2020_2021 7월.xlsx
2021,7,베트남,출항,19808.25,19362.25,446.0,152247.0,147522.75,4724.25,2020_2021 7월.xlsx
2021,7,벨기에,출항,2792.25,2790.25,2.0,13757.0,13704.0,53.0,2020_2021 7월.xlsx
2021,7,벨리즈,출항,4.0,4.0,0.0,16.0,16.0,0.0,2020_2021 7월.xlsx
2021,7,북마리아나 제도,출항,99.0,99.0,0.0,558.0,558.0,0.0,2020_2021 7월.xlsx
2021,7,불가리아,출항,26.0,26.0,0.0,366.0,366.0,0.0,2020_2021 7월.xlsx
2021,7,브라질,출항,4606.0,4606.0,0.0,37245.0,37195.0,50.0,2020_2021 7월.xlsx
2021,7,사모아,출항,13.0,13.0,0.0,208.0,84.0,124.0,2020_2021 7월.xlsx
2021,7,사우디아라비아,출항,3595.25,3595.25,0.0,24879.25,24879.25,0.0,2020_2021 7월.xlsx
2021,7,세네갈,출항,122.0,122.0,0.0,399.0,387.0,12.0,2020_2021 7월.xlsx
2021,7,세이셸,출항,9.0,9.0,0.0,85.0,85.0,0.0,2020_2021 7월.xlsx
2021,7,세인트루시아,출항,,,,16.0,16.0,0.0,2020_2021 7월.xlsx
2021,7,세인트키츠 네비스,출항,,,,2.0,2.0,0.0,2020_2021 7월.xlsx
2021,7,소말리아,출항,17.0,17.0,0.0,51.0,51.0,0.0,2020_2021 7월.xlsx
2021,7,솔로몬제도,출항,21.0,21.0,0.0,117.0,117.0,0.0,2020_2021 7월.xlsx
2021,7,수단,출항,5.0,5.0,0.0,14.0,14.0,0.0,2020_2021 7월.xlsx
2021,7,수리남,출항,2.0,2.0,0.0,22.0,22.0,0.0,2020_2021 7월.xlsx
2021,7,스리랑카,출항,941.0,941.0,0.0,5763.25,5747.25,16.0,2020_2021 7월.xlsx
2021,7,스웨덴,출항,480.0,480.0,0.0,2762.0,2762.0,0.0,2020_2021 7월.xlsx
2021,7,스페인,출항,4014.0,3357.0,657.0,22984.0,21783.0,1201.0,2020_2021 7월.xlsx
2021,7,슬로베니아,출항,7229.0,7229.0,0.0,62930.5,62806.5,124.0,2020_2021 7월.xlsx
2021,7,시리아,출항,2.0,2.0,0.0,167.0,167.0,0.0,2020_2021 7월.xlsx
2021,7,시에라 리온,출항,4.0,4.0,0.0,37.0,37.0,0.0,2020_2021 7월.xlsx
2021,7,싱가포르,출항,5986.75,5781.75,205.0,44946.25,43595.0,1351.25,2020_2021 7월.xlsx
2021,7,아랍에미리트연합국,출항,4243.5,4229.5,14.0,35549.0,35395.0,154.0,2020_2021 7월.xlsx
2021,7,아루바,출항,1.0,1.0,0.0,2.0,2.0,0.0,2020_2021 7월.xlsx
2021,7,아르헨티나,출항,582.0,582.0,0.0,3878.0,3843.0,35.0,2020_2021 7월.xlsx
2021,7,아메리칸사모아,출항,71.0,71.0,0.0,421.0,421.0,0.0,2020_2021 7월.xlsx
2021,7,아이티,출항,6.0,6.0,0.0,73.0,73.0,0.0,2020_2021 7월.xlsx
2021,7,아일랜드,출항,30.0,30.0,0.0,201.0,201.0,0.0,2020_2021 7월.xlsx
2021,7,알바니아,출항,10.0,10.0,0.0,79.0,79.0,0.0,2020_2021 7월.xlsx
2021,7,알제리,출항,128.5,128.5,0.0,937.25,937.25,0.0,2020_2021 7월.xlsx
2021,7,앙골라,출항,76.0,76.0,0.0,1134.0,1134.0,0.0,2020_2021 7월.xlsx
2021,7,앤틸리스제도,출항,3.0,3.0,0.0,25.0,25.0,0.0,2020_2021 7월.xlsx
2021,7,에스토니아,출항,27.75,27.75,0.0,184.0,184.0,0.0,2020_2021 7월.xlsx
2021,7,에콰도르,출항,3446.0,822.0,2624.0,13692.0,3974.0,9718.0,2020_2021 7월.xlsx
2021,7,엘살바도르,출항,82.0,82.0,0.0,459.0,459.0,0.0,2020_2021 7월.xlsx
2021,7,영국,출항,2422.0,2422.0,0.0,15683.5,15592.5,91.0,2020_2021 7월.xlsx
2021,7,영국령 버진아일랜드,출항,,,,1.0,1.0,0.0,2020_2021 7월.xlsx
2021,7,예멘,출항,8.0,8.0,0.0,107.0,107.0,0.0,2020_2021 7월.xlsx
2021,7,오만,출항,169.0,169.0,0.0,1400.25,1400.25,0.0,2020_2021 7월.xlsx
2021,7,온두라스,출항,120.0,120.0,0.0,698.0,400.0,298.0,2020_2021 7월.xlsx
2021,7,요르단,출항,329.0,329.0,0.0,1712.0,1712.0,0.0,2020_2021 7월.xlsx
2021,7,우루과이,출항,326.0,306.0,20.0,2039.0,2019.0,20.0,2020_2021 7월.xlsx
2021,7,우크라이나,출항,143.0,143.0,0.0,879.25,865.25,14.0,2020_2021 7월.xlsx
2021,7,이라크,출항,130.0,130.0,0.0,1097.0,1097.0,0.0,2020_2021 7월.xlsx
2021,7,이란,출항,22.0,22.0,0.0,27.0,27.0,0.0,2020_2021 7월.xlsx
2021,7,이스라엘,출항,989.0,986.0,3.0,6914.0,6763.0,151.0,2020_2021 7월.xlsx
2021,7,이집트,출항,3866.0,3866.0,0.0,25597.25,25315.25,282.0,2020_2021 7월.xlsx
2021,7,이탈리아,출항,3842.0,3842.0,0.0,27463.25,27432.25,31.0,2020_2021 7월.xlsx
2021,7,인도,출항,11607.75,11274.75,333.0,94020.25,92951.25,1069.0,2020_2021 7월.xlsx
2021,7,인도네시아,출항,7828.75,7828.75,0.0,59200.0,58697.0,503.0,2020_2021 7월.xlsx
2021,7,일본,출항,37760.5,29170.5,8590.0,254172.5,200285.75,53886.75,2020_2021 7월.xlsx
2021,7,자메이카,출항,203.0,203.0,0.0,1876.0,1468.0,408.0,2020_2021 7월.xlsx
2021,7,적도 기니,출항,4.0,4.0,0.0,7.0,7.0,0.0,2020_2021 7월.xlsx
2021,7,조지아,출항,28.0,28.0,0.0,96.0,96.0,0.0,2020_2021 7월.xlsx
2021,7,중국,출항,93351.5,50877.0,42474.5,688746.0,378321.5,310424.5,2020_2021 7월.xlsx
2021,7,지부티,출항,11.0,11.0,0.0,78.0,78.0,0.0,2020_2021 7월.xlsx
2021,7,칠레,출항,2476.0,2476.0,0.0,14465.0,13912.0,553.0,2020_2021 7월.xlsx
2021,7,카메룬,출항,73.0,73.0,0.0,263.0,263.0,0.0,2020_2021 7월.xlsx
2021,7,카보 베르데,출항,3.0,3.0,0.0,5.0,5.0,0.0,2020_2021 7월.xlsx
2021,7,카타르,출항,501.0,475.0,26.0,3029.25,2905.25,124.0,2020_2021 7월.xlsx
2021,7,캄보디아,출항,360.0,360.0,0.0,2393.0,2393.0,0.0,2020_2021 7월.xlsx
2021,7,캐나다,출항,10013.75,10013.75,0.0,75595.75,75448.75,147.0,2020_2021 7월.xlsx
2021,7,케냐,출항,180.0,180.0,0.0,811.0,811.0,0.0,2020_2021 7월.xlsx
2021,7,케이맨 제도,출항,,,,2.0,2.0,0.0,2020_2021 7월.xlsx
2021,7,코스타리카,출항,145.0,115.0,30.0,723.0,689.0,34.0,2020_2021 7월.xlsx
2021,7,코트디부아르,출항,80.0,80.0,0.0,701.0,701.0,0.0,2020_2021 7월.xlsx
2021,7,콜롬비아,출항,1843.0,1843.0,0.0,10389.0,9958.0,431.0,2020_2021 7월.xlsx
2021,7,콩고,출항,3.0,3.0,0.0,38.0,38.0,0.0,2020_2021 7월.xlsx
2021,7,콩고 민주 공화국,출항,14.0,14.0,0.0,132.0,132.0,0.0,2020_2021 7월.xlsx
2021,7,쿠바,출항,2.0,2.0,0.0,16.0,16.0,0.0,2020_2021 7월.xlsx
2021,7,쿠웨이트,출항,131.0,131.0,0.0,934.0,934.0,0.0,2020_2021 7월.xlsx
2021,7,크로아티아,출항,1107.0,1107.0,0.0,7127.75,7067.75,60.0,2020_2021 7월.xlsx
2021,7,키리바시,출항,7.0,7.0,0.0,42.0,42.0,0.0,2020_2021 7월.xlsx
2021,7,키프로스,출항,10.0,10.0,0.0,47.0,47.0,0.0,2020_2021 7월.xlsx
2021,7,탄자니아,출항,171.0,171.0,0.0,698.0,698.0,0.0,2020_2021 7월.xlsx
2021,7,태국,출항,6785.75,6617.75,168.0,59640.75,56535.75,3105.0,2020_2021 7월.xlsx
2021,7,토고,출항,153.0,153.0,0.0,2435.0,1171.0,1264.0,2020_2021 7월.xlsx
2021,7,통가,출항,,,,1.0,1.0,0.0,2020_2021 7월.xlsx
2021,7,튀니지,출항,31.0,31.0,0.0,389.0,389.0,0.0,2020_2021 7월.xlsx
2021,7,튀르키예,출항,9272.0,8972.0,300.0,54031.0,53691.0,340.0,2020_2021 7월.xlsx
2021,7,트리니다드 토바고,출항,48.0,48.0,0.0,253.0,253.0,0.0,2020_2021 7월.xlsx
2021,7,파나마,출항,1698.0,1134.0,564.0,11787.0,8719.0,3068.0,2020_2021 7월.xlsx
2021,7,파라과이,출항,7.0,7.0,0.0,57.0,57.0,0.0,2020_2021 7월.xlsx
2021,7,파키스탄,출항,1622.75,1622.75,0.0,12781.5,12765.5,16.0,2020_2021 7월.xlsx
2021,7,파푸아 뉴기니,출항,130.0,130.0,0.0,873.0,809.0,64.0,2020_2021 7월.xlsx
2021,7,팔라우,출항,14.0,8.0,6.0,60.0,49.0,11.0,2020_2021 7월.xlsx
2021,7,페루,출항,1878.0,1768.0,110.0,10612.0,9020.0,1592.0,2020_2021 7월.xlsx
2021,7,포르투갈,출항,149.0,149.0,0.0,1024.0,1024.0,0.0,2020_2021 7월.xlsx
2021,7,폴란드,출항,381.0,381.0,0.0,2933.75,2933.75,0.0,2020_2021 7월.xlsx
2021,7,푸에르토리코,출항,32.0,32.0,0.0,137.0,137.0,0.0,2020_2021 7월.xlsx
2021,7,프랑스,출항,1406.25,1400.25,6.0,10111.0,9996.0,115.0,2020_2021 7월.xlsx
2021,7,프랑스령 기아나,출항,3.0,3.0,0.0,9.0,9.0,0.0,2020_2021 7월.xlsx
2021,7,프랑스령 폴리네시아,출항,1.0,1.0,0.0,65.0,37.0,28.0,2020_2021 7월.xlsx
2021,7,피지,출항,63.0,63.0,0.0,315.0,308.0,7.0,2020_2021 7월.xlsx
2021,7,핀란드,출항,23.0,23.0,0.0,383.0,383.0,0.0,2020_2021 7월.xlsx
2021,7,필리핀,출항,4082.25,4078.25,4.0,27533.25,27501.25,32.0,2020_2021 7월.xlsx
2021,7,헝가리,출항,,,,28.0,28.0,0.0,2020_2021 7월.xlsx
2021,7,호주,출항,6131.0,5733.0,398.0,37109.25,35405.25,1704.0,2020_2021 7월.xlsx
2021,7,홍콩,출항,6402.0,6147.0,255.0,46260.75,43543.75,2717.0,2020_2021 7월.xlsx
2021,7,가나,출항환적,113.0,113.0,0.0,561.25,561.25,0.0,2020_2021 7월.xlsx
2021,7,가봉,출항환적,1.0,1.0,0.0,8.0,8.0,0.0,2020_2021 7월.xlsx
2021,7,가이아나,출항환적,215.0,215.0,0.0,1453.0,1453.0,0.0,2020_2021 7월.xlsx
2021,7,감비아,출항환적,,,,3.0,3.0,0.0,2020_2021 7월.xlsx
2021,7,과들루프,출항환적,8.0,8.0,0.0,67.0,67.0,0.0,2020_2021 7월.xlsx
2021,7,과테말라,출항환적,1487.0,1487.0,0.0,11925.0,11919.0,6.0,2020_2021 7월.xlsx
2021,7,괌,출항환적,489.25,489.25,0.0,2829.25,2829.25,0.0,2020_2021 7월.xlsx
2021,7,그레나다,출항환적,21.0,21.0,0.0,120.0,120.0,0.0,2020_2021 7월.xlsx
2021,7,그리스,출항환적,1116.75,1116.75,0.0,6208.75,6208.75,0.0,2020_2021 7월.xlsx
2021,7,기니,출항환적,4.0,4.0,0.0,53.5,53.5,0.0,2020_2021 7월.xlsx
2021,7,나미비아,출항환적,62.0,62.0,0.0,377.0,377.0,0.0,2020_2021 7월.xlsx
2021,7,나우루,출항환적,14.0,14.0,0.0,90.0,90.0,0.0,2020_2021 7월.xlsx
2021,7,나이지리아,출항환적,209.0,209.0,0.0,1348.0,1348.0,0.0,2020_2021 7월.xlsx
2021,7,남아프리카,출항환적,468.0,468.0,0.0,1618.0,1618.0,0.0,2020_2021 7월.xlsx
2021,7,네덜란드,출항환적,2427.0,2422.0,5.0,16552.5,16518.5,34.0,2020_2021 7월.xlsx
2021,7,노르웨이,출항환적,55.0,55.0,0.0,183.0,183.0,0.0,2020_2021 7월.xlsx
2021,7,뉴질랜드,출항환적,1837.5,1756.5,81.0,7859.5,7395.5,464.0,2020_2021 7월.xlsx
2021,7,뉴칼레도니아,출항환적,334.0,334.0,0.0,2332.0,2329.0,3.0,2020_2021 7월.xlsx
2021,7,니카라과,출항환적,263.0,263.0,0.0,1786.0,1786.0,0.0,2020_2021 7월.xlsx
2021,7,대만,출항환적,7844.5,7742.5,102.0,49822.25,48304.5,1517.75,2020_2021 7월.xlsx
2021,7,대한민국,출항환적,18884.5,18619.5,265.0,125724.75,123324.75,2400.0,2020_2021 7월.xlsx
2021,7,덴마크,출항환적,37.0,37.0,0.0,444.0,444.0,0.0,2020_2021 7월.xlsx
2021,7,도미니카 공화국,출항환적,1677.5,1677.5,0.0,10048.5,9998.5,50.0,2020_2021 7월.xlsx
2021,7,도미니카 연방,출항환적,17.0,17.0,0.0,82.0,82.0,0.0,2020_2021 7월.xlsx
2021,7,독일,출항환적,2538.0,2538.0,0.0,14068.5,14030.5,38.0,2020_2021 7월.xlsx
2021,7,동티모르,출항환적,,,,43.0,43.0,0.0,2020_2021 7월.xlsx
2021,7,라이베리아,출항환적,10.0,10.0,0.0,13.0,13.0,0.0,2020_2021 7월.xlsx
2021,7,라트비아,출항환적,13.0,13.0,0.0,108.25,108.25,0.0,2020_2021 7월.xlsx
2021,7,러시아,출항환적,29150.5,29135.5,15.0,193202.25,191561.25,1641.0,2020_2021 7월.xlsx
2021,7,레바논,출항환적,307.0,307.0,0.0,2130.0,2130.0,0.0,2020_2021 7월.xlsx
2021,7,레위니옹,출항환적,,,,3.0,3.0,0.0,2020_2021 7월.xlsx
2021,7,루마니아,출항환적,240.25,240.25,0.0,1547.25,1547.25,0.0,2020_2021 7월.xlsx
2021,7,리비아,출항환적,172.0,172.0,0.0,784.25,784.25,0.0,2020_2021 7월.xlsx
2021,7,리투아니아,출항환적,11.0,11.0,0.0,218.0,218.0,0.0,2020_2021 7월.xlsx
2021,7,마다가스카르,출항환적,15.0,15.0,0.0,45.0,45.0,0.0,2020_2021 7월.xlsx
2021,7,마르티니크,출항환적,2.0,2.0,0.0,78.0,78.0,0.0,2020_2021 7월.xlsx
2021,7,마샬 제도,출항환적,106.0,106.0,0.0,753.0,753.0,0.0,2020_2021 7월.xlsx
2021,7,마카오,출항환적,3.0,3.0,0.0,13.0,13.0,0.0,2020_2021 7월.xlsx
2021,7,말레이시아,출항환적,3628.0,3628.0,0.0,24551.0,24400.0,151.0,2020_2021 7월.xlsx
2021,7,멕시코,출항환적,26060.5,25982.5,78.0,175200.25,174066.25,1134.0,2020_2021 7월.xlsx
2021,7,모로코,출항환적,1606.0,1606.0,0.0,4924.5,4924.5,0.0,2020_2021 7월.xlsx
2021,7,모리셔스,출항환적,2.0,2.0,0.0,75.0,75.0,0.0,2020_2021 7월.xlsx
2021,7,모리타니,출항환적,15.0,15.0,0.0,80.0,80.0,0.0,2020_2021 7월.xlsx
2021,7,모잠비크,출항환적,58.0,58.0,0.0,284.0,284.0,0.0,2020_2021 7월.xlsx
2021,7,몬테네그로,출항환적,2.0,2.0,0.0,61.0,61.0,0.0,2020_2021 7월.xlsx
2021,7,몰디브,출항환적,8.0,8.0,0.0,29.0,29.0,0.0,2020_2021 7월.xlsx
2021,7,몰타,출항환적,17.0,17.0,0.0,120.5,120.5,0.0,2020_2021 7월.xlsx
2021,7,미국,출항환적,96143.25,96107.25,36.0,618431.5,618025.5,406.0,2020_2021 7월.xlsx
2021,7,미국령 버진아일랜드,출항환적,4.0,4.0,0.0,33.0,33.0,0.0,2020_2021 7월.xlsx
2021,7,미얀마,출항환적,,,,204.0,204.0,0.0,2020_2021 7월.xlsx
2021,7,미크로네시아,출항환적,96.0,96.0,0.0,791.0,791.0,0.0,2020_2021 7월.xlsx
2021,7,바누아투,출항환적,414.0,414.0,0.0,2360.0,2360.0,0.0,2020_2021 7월.xlsx
2021,7,바레인,출항환적,6.0,6.0,0.0,55.0,55.0,0.0,2020_2021 7월.xlsx
2021,7,바베이도스,출항환적,84.0,84.0,0.0,618.0,618.0,0.0,2020_2021 7월.xlsx
2021,7,바하마,출항환적,4921.25,74.0,4847.25,36374.5,556.0,35818.5,2020_2021 7월.xlsx
2021,7,방글라데시,출항환적,36.0,36.0,0.0,256.0,256.0,0.0,2020_2021 7월.xlsx
2021,7,베냉,출항환적,15.0,15.0,0.0,63.0,63.0,0.0,2020_2021 7월.xlsx
2021,7,베네수엘라,출항환적,1407.0,1407.0,0.0,6083.0,6083.0,0.0,2020_2021 7월.xlsx
2021,7,베트남,출항환적,10396.5,10373.5,23.0,66406.75,64424.5,1982.25,2020_2021 7월.xlsx
2021,7,벨기에,출항환적,1079.25,1079.25,0.0,6459.25,6459.25,0.0,2020_2021 7월.xlsx
2021,7,벨리즈,출항환적,28.0,28.0,0.0,166.0,166.0,0.0,2020_2021 7월.xlsx
2021,7,북마리아나 제도,출항환적,85.0,85.0,0.0,585.25,585.25,0.0,2020_2021 7월.xlsx
2021,7,불가리아,출항환적,61.0,61.0,0.0,265.0,265.0,0.0,2020_2021 7월.xlsx
2021,7,브라질,출항환적,5838.0,5838.0,0.0,33381.0,33381.0,0.0,2020_2021 7월.xlsx
2021,7,브루나이,출항환적,,,,2.0,2.0,0.0,2020_2021 7월.xlsx
2021,7,사모아,출항환적,200.0,200.0,0.0,1940.0,1940.0,0.0,2020_2021 7월.xlsx
2021,7,사우디아라비아,출항환적,1174.25,1174.25,0.0,11489.25,11489.25,0.0,2020_2021 7월.xlsx
2021,7,상투메 프린시페,출항환적,,,,1.0,1.0,0.0,2020_2021 7월.xlsx
2021,7,세네갈,출항환적,10.0,10.0,0.0,107.0,107.0,0.0,2020_2021 7월.xlsx
2021,7,세이셸,출항환적,,,,1.0,1.0,0.0,2020_2021 7월.xlsx
2021,7,세인트 빈센트 그레나딘,출항환적,7.0,7.0,0.0,49.0,49.0,0.0,2020_2021 7월.xlsx
2021,7,세인트루시아,출항환적,13.0,13.0,0.0,120.0,120.0,0.0,2020_2021 7월.xlsx
2021,7,세인트키츠 네비스,출항환적,4.0,4.0,0.0,69.0,69.0,0.0,2020_2021 7월.xlsx
2021,7,소말리아,출항환적,,,,37.0,37.0,0.0,2020_2021 7월.xlsx
2021,7,솔로몬제도,출항환적,127.0,127.0,0.0,1058.0,1058.0,0.0,2020_2021 7월.xlsx
2021,7,수단,출항환적,27.0,27.0,0.0,157.0,157.0,0.0,2020_2021 7월.xlsx
2021,7,수리남,출항환적,150.0,150.0,0.0,1285.0,1285.0,0.0,2020_2021 7월.xlsx
2021,7,스리랑카,출항환적,27.0,27.0,0.0,832.0,832.0,0.0,2020_2021 7월.xlsx
2021,7,스웨덴,출항환적,156.0,156.0,0.0,1134.0,1134.0,0.0,2020_2021 7월.xlsx
2021,7,스페인,출항환적,1461.25,1435.25,26.0,14060.75,13933.75,127.0,2020_2021 7월.xlsx
2021,7,슬로베니아,출항환적,730.0,730.0,0.0,3722.75,3722.75,0.0,2020_2021 7월.xlsx
2021,7,시리아,출항환적,36.0,36.0,0.0,246.0,246.0,0.0,2020_2021 7월.xlsx
2021,7,시에라 리온,출항환적,4.0,4.0,0.0,33.0,33.0,0.0,2020_2021 7월.xlsx
2021,7,싱가포르,출항환적,4649.5,4203.5,446.0,40018.75,37459.75,2559.0,2020_2021 7월.xlsx
2021,7,아랍에미리트연합국,출항환적,2243.75,2243.75,0.0,23524.25,23282.25,242.0,2020_2021 7월.xlsx
2021,7,아루바,출항환적,,,,66.25,66.25,0.0,2020_2021 7월.xlsx
2021,7,아르헨티나,출항환적,1117.0,1117.0,0.0,6583.0,6572.0,11.0,2020_2021 7월.xlsx
2021,7,아메리칸사모아,출항환적,101.0,101.0,0.0,659.0,659.0,0.0,2020_2021 7월.xlsx
2021,7,아이티,출항환적,101.0,101.0,0.0,817.0,817.0,0.0,2020_2021 7월.xlsx
2021,7,아일랜드,출항환적,63.0,63.0,0.0,180.0,180.0,0.0,2020_2021 7월.xlsx
2021,7,알바니아,출항환적,5.0,5.0,0.0,32.0,32.0,0.0,2020_2021 7월.xlsx
2021,7,알제리,출항환적,217.25,217.25,0.0,1441.75,1441.75,0.0,2020_2021 7월.xlsx
2021,7,앙골라,출항환적,10.0,10.0,0.0,26.0,26.0,0.0,2020_2021 7월.xlsx
2021,7,앤티가 바부다,출항환적,15.0,15.0,0.0,97.0,97.0,0.0,2020_2021 7월.xlsx
2021,7,앤틸리스제도,출항환적,40.0,40.0,0.0,283.0,283.0,0.0,2020_2021 7월.xlsx
2021,7,앵귈라,출항환적,,,,4.0,4.0,0.0,2020_2021 7월.xlsx
2021,7,에리트레아,출항환적,,,,8.0,8.0,0.0,2020_2021 7월.xlsx
2021,7,에스토니아,출항환적,6.0,6.0,0.0,61.0,61.0,0.0,2020_2021 7월.xlsx
2021,7,에콰도르,출항환적,2435.0,2379.0,56.0,22156.25,18036.25,4120.0,2020_2021 7월.xlsx
2021,7,엘살바도르,출항환적,575.0,575.0,0.0,3674.5,3674.5,0.0,2020_2021 7월.xlsx
2021,7,영국,출항환적,3157.0,3157.0,0.0,12583.0,12582.0,1.0,2020_2021 7월.xlsx
2021,7,영국령 버진아일랜드,출항환적,,,,10.0,10.0,0.0,2020_2021 7월.xlsx
2021,7,예멘,출항환적,,,,17.0,17.0,0.0,2020_2021 7월.xlsx
2021,7,오만,출항환적,273.0,273.0,0.0,3096.5,3096.5,0.0,2020_2021 7월.xlsx
2021,7,온두라스,출항환적,537.0,537.0,0.0,2711.75,2249.75,462.0,2020_2021 7월.xlsx
2021,7,요르단,출항환적,282.0,282.0,0.0,1485.0,1485.0,0.0,2020_2021 7월.xlsx
2021,7,우루과이,출항환적,364.0,364.0,0.0,1586.0,1586.0,0.0,2020_2021 7월.xlsx
2021,7,우크라이나,출항환적,248.0,248.0,0.0,2183.75,2183.75,0.0,2020_2021 7월.xlsx
2021,7,원양어획지역,출항환적,16.0,16.0,0.0,60.0,60.0,0.0,2020_2021 7월.xlsx
2021,7,이라크,출항환적,26.0,26.0,0.0,271.0,271.0,0.0,2020_2021 7월.xlsx
2021,7,이란,출항환적,,,,14.0,14.0,0.0,2020_2021 7월.xlsx
2021,7,이스라엘,출항환적,1609.0,1587.0,22.0,7271.0,6515.0,756.0,2020_2021 7월.xlsx
2021,7,이집트,출항환적,1472.0,1422.0,50.0,10622.0,9926.0,696.0,2020_2021 7월.xlsx
2021,7,이탈리아,출항환적,4293.0,4285.0,8.0,19934.75,19915.75,19.0,2020_2021 7월.xlsx
2021,7,인도,출항환적,3675.25,3667.25,8.0,26225.5,26143.5,82.0,2020_2021 7월.xlsx
2021,7,인도네시아,출항환적,4947.0,4943.0,4.0,31788.0,31765.0,23.0,2020_2021 7월.xlsx
2021,7,일본,출항환적,74902.0,73774.0,1128.0,556203.0,548537.75,7665.25,2020_2021 7월.xlsx
2021,7,자메이카,출항환적,1168.25,1168.25,0.0,8174.0,8173.0,1.0,2020_2021 7월.xlsx
2021,7,적도 기니,출항환적,,,,8.0,8.0,0.0,2020_2021 7월.xlsx
2021,7,조지아,출항환적,112.25,112.25,0.0,833.0,833.0,0.0,2020_2021 7월.xlsx
2021,7,중국,출항환적,97603.75,90603.0,7000.75,675086.5,622741.25,52345.25,2020_2021 7월.xlsx
2021,7,지부티,출항환적,4.0,4.0,0.0,22.0,22.0,0.0,2020_2021 7월.xlsx
2021,7,칠레,출항환적,22176.25,21924.25,252.0,126598.75,123928.75,2670.0,2020_2021 7월.xlsx
2021,7,카메룬,출항환적,4.0,4.0,0.0,128.0,128.0,0.0,2020_2021 7월.xlsx
2021,7,카타르,출항환적,195.0,195.0,0.0,1524.25,1524.25,0.0,2020_2021 7월.xlsx
2021,7,캄보디아,출항환적,92.0,92.0,0.0,352.0,352.0,0.0,2020_2021 7월.xlsx
2021,7,캐나다,출항환적,21134.25,21134.25,0.0,208412.75,208158.75,254.0,2020_2021 7월.xlsx
2021,7,케냐,출항환적,135.0,135.0,0.0,497.0,497.0,0.0,2020_2021 7월.xlsx
2021,7,케이맨 제도,출항환적,8.0,8.0,0.0,59.0,59.0,0.0,2020_2021 7월.xlsx
2021,7,코스타리카,출항환적,1257.0,1235.0,22.0,6167.75,5909.75,258.0,2020_2021 7월.xlsx
2021,7,코트디부아르,출항환적,18.0,18.0,0.0,582.0,582.0,0.0,2020_2021 7월.xlsx
2021,7,콜롬비아,출항환적,6650.0,6650.0,0.0,49755.5,49653.5,102.0,2020_2021 7월.xlsx
2021,7,콩고,출항환적,,,,17.0,17.0,0.0,2020_2021 7월.xlsx
2021,7,콩고 민주 공화국,출항환적,10.0,10.0,0.0,26.0,26.0,0.0,2020_2021 7월.xlsx
2021,7,쿠바,출항환적,402.0,402.0,0.0,2203.0,2203.0,0.0,2020_2021 7월.xlsx
2021,7,쿠웨이트,출항환적,8.0,8.0,0.0,144.0,144.0,0.0,2020_2021 7월.xlsx
2021,7,쿡 제도,출항환적,,,,1.0,1.0,0.0,2020_2021 7월.xlsx
2021,7,퀴라소,출항환적,4.0,4.0,0.0,35.0,35.0,0.0,2020_2021 7월.xlsx
2021,7,크로아티아,출항환적,150.0,150.0,0.0,1182.5,1182.5,0.0,2020_2021 7월.xlsx
2021,7,키리바시,출항환적,235.0,235.0,0.0,1495.0,1495.0,0.0,2020_2021 7월.xlsx
2021,7,키프로스,출항환적,9.0,9.0,0.0,55.0,55.0,0.0,2020_2021 7월.xlsx
2021,7,탄자니아,출항환적,53.0,53.0,0.0,167.0,167.0,0.0,2020_2021 7월.xlsx
2021,7,태국,출항환적,5855.25,5855.25,0.0,46535.5,46052.5,483.0,2020_2021 7월.xlsx
2021,7,토고,출항환적,4.0,4.0,0.0,56.0,56.0,0.0,2020_2021 7월.xlsx
2021,7,통가,출항환적,122.0,122.0,0.0,831.0,831.0,0.0,2020_2021 7월.xlsx
2021,7,튀니지,출항환적,110.0,110.0,0.0,776.25,776.25,0.0,2020_2021 7월.xlsx
2021,7,튀르키예,출항환적,2642.5,2642.5,0.0,20238.25,20238.25,0.0,2020_2021 7월.xlsx
2021,7,트리니다드 토바고,출항환적,395.0,395.0,0.0,2651.0,2651.0,0.0,2020_2021 7월.xlsx
2021,7,파나마,출항환적,3236.0,3236.0,0.0,23541.5,23272.5,269.0,2020_2021 7월.xlsx
2021,7,파라과이,출항환적,48.0,48.0,0.0,196.0,196.0,0.0,2020_2021 7월.xlsx
2021,7,파키스탄,출항환적,441.75,441.75,0.0,3392.75,3392.75,0.0,2020_2021 7월.xlsx
2021,7,파푸아 뉴기니,출항환적,495.0,495.0,0.0,2150.0,2149.0,1.0,2020_2021 7월.xlsx
2021,7,팔라우,출항환적,4.0,4.0,0.0,80.0,80.0,0.0,2020_2021 7월.xlsx
2021,7,페루,출항환적,5600.0,5538.0,62.0,43300.25,42118.25,1182.0,2020_2021 7월.xlsx
2021,7,포르투갈,출항환적,45.0,45.0,0.0,165.0,165.0,0.0,2020_2021 7월.xlsx
2021,7,폴란드,출항환적,187.0,187.0,0.0,1304.0,1304.0,0.0,2020_2021 7월.xlsx
2021,7,푸에르토리코,출항환적,548.0,548.0,0.0,3396.0,3396.0,0.0,2020_2021 7월.xlsx
2021,7,프랑스,출항환적,2958.0,2958.0,0.0,12905.25,12904.25,1.0,2020_2021 7월.xlsx
2021,7,프랑스령 기아나,출항환적,8.0,8.0,0.0,51.0,51.0,0.0,2020_2021 7월.xlsx
2021,7,프랑스령 폴리네시아,출항환적,158.0,158.0,0.0,694.0,694.0,0.0,2020_2021 7월.xlsx
2021,7,피지,출항환적,573.0,571.0,2.0,4037.0,4034.0,3.0,2020_2021 7월.xlsx
2021,7,핀란드,출항환적,56.0,56.0,0.0,174.0,174.0,0.0,2020_2021 7월.xlsx
2021,7,필리핀,출항환적,6288.5,6288.5,0.0,43147.5,43147.5,0.0,2020_2021 7월.xlsx
2021,7,호주,출항환적,2428.0,2401.0,27.0,15182.0,13847.0,1335.0,2020_2021 7월.xlsx
2021,7,홍콩,출항환적,6612.25,6612.25,0.0,28618.0,28418.0,200.0,2020_2021 7월.xlsx
2021,8,가나,입항,45.0,45.0,0.0,235.0,229.0,6.0,2020_2021 6월.xlsx
2021,8,가봉,입항,,,,10.0,10.0,0.0,2020_2021 6월.xlsx
2021,8,가이아나,입항,4.0,2.0,2.0,24.0,22.0,2.0,2020_2021 6월.xlsx
2021,8,감비아,입항,3.0,3.0,0.0,43.0,43.0,0.0,2020_2021 6월.xlsx
2021,8,과테말라,입항,294.0,283.0,11.0,3508.0,2349.0,1159.0,2020_2021 6월.xlsx
2021,8,괌,입항,240.25,99.25,141.0,4885.25,708.5,4176.75,2020_2021 6월.xlsx
2021,8,그리스,입항,597.0,415.0,182.0,9045.5,3094.0,5951.5,2020_2021 6월.xlsx
2021,8,기니,입항,65.0,65.0,0.0,726.0,726.0,0.0,2020_2021 6월.xlsx
2021,8,기니비사우,입항,,,,40.0,40.0,0.0,2020_2021 6월.xlsx
2021,8,나미비아,입항,2.0,2.0,0.0,75.0,75.0,0.0,2020_2021 6월.xlsx
2021,8,나이지리아,입항,13.0,13.0,0.0,492.0,492.0,0.0,2020_2021 6월.xlsx
2021,8,남아프리카,입항,909.0,909.0,0.0,6773.0,6458.0,315.0,2020_2021 6월.xlsx
2021,8,네덜란드,입항,6184.25,5691.25,493.0,57731.75,50934.25,6797.5,2020_2021 6월.xlsx
2021,8,노르웨이,입항,391.0,383.0,8.0,5168.0,5102.0,66.0,2020_2021 6월.xlsx
2021,8,뉴질랜드,입항,2498.0,1875.0,623.0,19219.0,17069.0,2150.0,2020_2021 6월.xlsx
2021,8,뉴칼레도니아,입항,151.0,5.0,146.0,2108.0,104.0,2004.0,2020_2021 6월.xlsx
2021,8,니카라과,입항,25.0,25.0,0.0,142.0,142.0,0.0,2020_2021 6월.xlsx
2021,8,대만,입항,8244.75,5114.0,3130.75,59983.5,36489.0,23494.5,2020_2021 6월.xlsx
2021,8,대한민국,입항,4061.0,0.0,4061.0,50090.0,1.0,50089.0,2020_2021 6월.xlsx
2021,8,덴마크,입항,812.0,812.0,0.0,7840.0,7840.0,0.0,2020_2021 6월.xlsx
2021,8,도미니카 공화국,입항,106.0,84.0,22.0,963.0,722.0,241.0,2020_2021 6월.xlsx
2021,8,독일,입항,8535.5,8433.5,102.0,65574.25,62712.0,2862.25,2020_2021 6월.xlsx
2021,8,라이베리아,입항,1.0,1.0,0.0,21.0,21.0,0.0,2020_2021 6월.xlsx
2021,8,라트비아,입항,1162.0,1162.0,0.0,7913.0,7913.0,0.0,2020_2021 6월.xlsx
2021,8,러시아,입항,12101.5,4217.0,7884.5,89774.0,30702.0,59072.0,2020_2021 6월.xlsx
2021,8,레바논,입항,91.0,91.0,0.0,901.0,809.0,92.0,2020_2021 6월.xlsx
2021,8,레위니옹,입항,1.0,1.0,0.0,16.0,15.0,1.0,2020_2021 6월.xlsx
2021,8,루마니아,입항,442.0,242.0,200.0,4876.25,1864.25,3012.0,2020_2021 6월.xlsx
2021,8,리비아,입항,88.0,88.0,0.0,307.0,307.0,0.0,2020_2021 6월.xlsx
2021,8,리투아니아,입항,316.0,316.0,0.0,3857.0,3148.0,709.0,2020_2021 6월.xlsx
2021,8,마다가스카르,입항,9.0,9.0,0.0,48.0,48.0,0.0,2020_2021 6월.xlsx
2021,8,마샬 제도,입항,456.0,5.0,451.0,3356.0,33.0,3323.0,2020_2021 6월.xlsx
2021,8,말레이시아,입항,7487.5,4465.0,3022.5,66260.25,41618.0,24642.25,2020_2021 6월.xlsx
2021,8,멕시코,입항,7544.0,2902.0,4642.0,68293.5,20561.0,47732.5,2020_2021 6월.xlsx
2021,8,모로코,입항,285.0,285.0,0.0,2639.0,1730.0,909.0,2020_2021 6월.xlsx
2021,8,모리셔스,입항,5.0,5.0,0.0,88.0,88.0,0.0,2020_2021 6월.xlsx
2021,8,모리타니,입항,16.0,16.0,0.0,213.0,213.0,0.0,2020_2021 6월.xlsx
2021,8,모잠비크,입항,15.0,15.0,0.0,722.0,722.0,0.0,2020_2021 6월.xlsx
2021,8,몬테네그로,입항,179.0,179.0,0.0,931.0,931.0,0.0,2020_2021 6월.xlsx
2021,8,몰타,입항,11.0,2.0,9.0,321.0,85.0,236.0,2020_2021 6월.xlsx
2021,8,미국,입항,61577.75,35422.0,26155.75,515822.25,313841.5,201980.75,2020_2021 6월.xlsx
2021,8,미얀마,입항,505.0,505.0,0.0,2684.0,2676.0,8.0,2020_2021 6월.xlsx
2021,8,미크로네시아,입항,2.0,0.0,2.0,81.0,60.0,21.0,2020_2021 6월.xlsx
2021,8,바누아투,입항,553.0,1.0,552.0,1783.0,5.0,1778.0,2020_2021 6월.xlsx
2021,8,바레인,입항,108.0,108.0,0.0,1677.0,1677.0,0.0,2020_2021 6월.xlsx
2021,8,바하마,입항,,,,3.0,3.0,0.0,2020_2021 6월.xlsx
2021,8,방글라데시,입항,687.0,625.0,62.0,4565.0,4430.0,135.0,2020_2021 6월.xlsx
2021,8,베냉,입항,2.0,2.0,0.0,16.0,2.0,14.0,2020_2021 6월.xlsx
2021,8,베네수엘라,입항,15.0,15.0,0.0,185.0,185.0,0.0,2020_2021 6월.xlsx
2021,8,베트남,입항,15065.0,13155.0,1910.0,114607.75,101732.0,12875.75,2020_2021 6월.xlsx
2021,8,벨기에,입항,3752.25,3241.25,511.0,27297.75,25280.75,2017.0,2020_2021 6월.xlsx
2021,8,북마리아나 제도,입항,529.5,12.0,517.5,7734.0,84.0,7650.0,2020_2021 6월.xlsx
2021,8,불가리아,입항,56.0,53.0,3.0,655.25,649.25,6.0,2020_2021 6월.xlsx
2021,8,브라질,입항,1934.0,1628.0,306.0,26117.0,17945.0,8172.0,2020_2021 6월.xlsx
2021,8,브루나이,입항,1.0,0.0,1.0,21.0,18.0,3.0,2020_2021 6월.xlsx
2021,8,사모아,입항,55.0,1.0,54.0,1541.0,16.0,1525.0,2020_2021 6월.xlsx
2021,8,사우디아라비아,입항,1400.0,605.0,795.0,11216.0,4797.0,6419.0,2020_2021 6월.xlsx
2021,8,세네갈,입항,115.0,115.0,0.0,729.0,729.0,0.0,2020_2021 6월.xlsx
2021,8,세르비아,입항,,,,2.0,2.0,0.0,2020_2021 6월.xlsx
2021,8,세이셸,입항,,,,21.0,21.0,0.0,2020_2021 6월.xlsx
2021,8,세인트루시아,입항,,,,4.0,4.0,0.0,2020_2021 6월.xlsx
2021,8,소말리아,입항,,,,34.0,1.0,33.0,2020_2021 6월.xlsx
2021,8,솔로몬제도,입항,,,,32.0,4.0,28.0,2020_2021 6월.xlsx
2021,8,수단,입항,14.0,14.0,0.0,138.0,138.0,0.0,2020_2021 6월.xlsx
2021,8,수리남,입항,10.0,10.0,0.0,191.0,191.0,0.0,2020_2021 6월.xlsx
2021,8,스리랑카,입항,340.0,340.0,0.0,2986.0,2768.0,218.0,2020_2021 6월.xlsx
2021,8,스웨덴,입항,1170.0,1166.0,4.0,10397.0,10341.0,56.0,2020_2021 6월.xlsx
2021,8,스위스,입항,,,,15.0,15.0,0.0,2020_2021 6월.xlsx
2021,8,스페인,입항,3841.25,3667.0,174.25,29734.5,27460.0,2274.5,2020_2021 6월.xlsx
2021,8,슬로베니아,입항,1428.25,1285.25,143.0,10982.0,10776.0,206.0,2020_2021 6월.xlsx
2021,8,시에라 리온,입항,11.0,11.0,0.0,115.0,115.0,0.0,2020_2021 6월.xlsx
2021,8,싱가포르,입항,4221.0,2595.0,1626.0,38695.25,23739.0,14956.25,2020_2021 6월.xlsx
2021,8,아랍에미리트연합국,입항,4300.0,1445.0,2855.0,39479.0,9994.0,29485.0,2020_2021 6월.xlsx
2021,8,아루바,입항,,,,1.0,1.0,0.0,2020_2021 6월.xlsx
2021,8,아르헨티나,입항,417.0,256.0,161.0,4930.0,2179.0,2751.0,2020_2021 6월.xlsx
2021,8,아메리칸사모아,입항,29.0,29.0,0.0,545.0,203.0,342.0,2020_2021 6월.xlsx
2021,8,아이슬란드,입항,4.0,4.0,0.0,10.0,10.0,0.0,2020_2021 6월.xlsx
2021,8,아이티,입항,2.0,2.0,0.0,17.0,17.0,0.0,2020_2021 6월.xlsx
2021,8,아일랜드,입항,150.0,150.0,0.0,1274.0,1274.0,0.0,2020_2021 6월.xlsx
2021,8,알바니아,입항,449.0,449.0,0.0,1204.0,1204.0,0.0,2020_2021 6월.xlsx
2021,8,알제리,입항,,,,4.0,4.0,0.0,2020_2021 6월.xlsx
2021,8,앙골라,입항,2.0,2.0,0.0,39.0,39.0,0.0,2020_2021 6월.xlsx
2021,8,앤틸리스제도,입항,,,,6.0,6.0,0.0,2020_2021 6월.xlsx
2021,8,에스토니아,입항,343.0,340.0,3.0,2140.25,2132.25,8.0,2020_2021 6월.xlsx
2021,8,에콰도르,입항,384.0,252.0,132.0,7647.0,2645.0,5002.0,2020_2021 6월.xlsx
2021,8,엘살바도르,입항,93.0,93.0,0.0,1776.0,580.0,1196.0,2020_2021 6월.xlsx
2021,8,영국,입항,2295.25,1543.25,752.0,19788.5,13673.25,6115.25,2020_2021 6월.xlsx
2021,8,예멘,입항,49.0,49.0,0.0,1112.0,1112.0,0.0,2020_2021 6월.xlsx
2021,8,오만,입항,423.0,277.0,146.0,5996.0,2385.0,3611.0,2020_2021 6월.xlsx
2021,8,오스트리아,입항,,,,2.0,2.0,0.0,2020_2021 6월.xlsx
2021,8,온두라스,입항,47.0,47.0,0.0,699.0,699.0,0.0,2020_2021 6월.xlsx
2021,8,요르단,입항,110.0,110.0,0.0,1416.0,1187.0,229.0,2020_2021 6월.xlsx
2021,8,우루과이,입항,86.0,52.0,34.0,1251.0,681.0,570.0,2020_2021 6월.xlsx
2021,8,우크라이나,입항,212.0,212.0,0.0,3279.25,1921.25,1358.0,2020_2021 6월.xlsx
2021,8,원양어획지역,입항,4.0,4.0,0.0,4.0,4.0,0.0,2020_2021 6월.xlsx
2021,8,이라크,입항,,,,16.0,0.0,16.0,2020_2021 6월.xlsx
2021,8,이란,입항,,,,184.0,4.0,180.0,2020_2021 6월.xlsx
2021,8,이스라엘,입항,664.0,382.0,282.0,4691.0,3474.0,1217.0,2020_2021 6월.xlsx
2021,8,이집트,입항,1009.0,353.0,656.0,10815.5,3196.0,7619.5,2020_2021 6월.xlsx
2021,8,이탈리아,입항,4747.0,4683.0,64.0,44927.0,40749.0,4178.0,2020_2021 6월.xlsx
2021,8,인도,입항,9077.0,6619.0,2458.0,85233.75,56020.25,29213.5,2020_2021 6월.xlsx
2021,8,인도네시아,입항,8451.0,6895.0,1556.0,59924.75,46703.75,13221.0,2020_2021 6월.xlsx
2021,8,일본,입항,56936.5,19376.5,37560.0,520046.25,167994.0,352052.25,2020_2021 6월.xlsx
2021,8,자메이카,입항,166.0,13.0,153.0,6553.0,116.0,6437.0,2020_2021 6월.xlsx
2021,8,적도 기니,입항,2.0,2.0,0.0,5.0,5.0,0.0,2020_2021 6월.xlsx
2021,8,조지아,입항,15.0,15.0,0.0,158.0,158.0,0.0,2020_2021 6월.xlsx
2021,8,중국,입항,99260.25,76182.0,23078.25,830767.5,617956.75,212810.75,2020_2021 6월.xlsx
2021,8,지부티,입항,146.0,146.0,0.0,848.0,848.0,0.0,2020_2021 6월.xlsx
2021,8,체코,입항,,,,9.0,9.0,0.0,2020_2021 6월.xlsx
2021,8,칠레,입항,3755.0,3598.0,157.0,47091.0,39311.0,7780.0,2020_2021 6월.xlsx
2021,8,카메룬,입항,,,,20.0,20.0,0.0,2020_2021 6월.xlsx
2021,8,카타르,입항,608.0,596.0,12.0,5283.0,4401.0,882.0,2020_2021 6월.xlsx
2021,8,캄보디아,입항,164.0,164.0,0.0,1085.0,1085.0,0.0,2020_2021 6월.xlsx
2021,8,캐나다,입항,8195.0,4350.25,3844.75,76880.75,40949.0,35931.75,2020_2021 6월.xlsx
2021,8,케냐,입항,51.0,51.0,0.0,348.0,348.0,0.0,2020_2021 6월.xlsx
2021,8,코스타리카,입항,161.0,157.0,4.0,1096.0,1082.0,14.0,2020_2021 6월.xlsx
2021,8,코트디부아르,입항,8.0,8.0,0.0,69.0,66.0,3.0,2020_2021 6월.xlsx
2021,8,콜롬비아,입항,1120.0,588.0,532.0,9728.0,4275.0,5453.0,2020_2021 6월.xlsx
2021,8,콩고,입항,1.0,1.0,0.0,38.0,38.0,0.0,2020_2021 6월.xlsx
2021,8,콩고 민주 공화국,입항,9.0,9.0,0.0,48.0,48.0,0.0,2020_2021 6월.xlsx
2021,8,쿠바,입항,,,,46.0,46.0,0.0,2020_2021 6월.xlsx
2021,8,쿠웨이트,입항,106.0,106.0,0.0,615.0,602.0,13.0,2020_2021 6월.xlsx
2021,8,퀴라소,입항,,,,10.0,10.0,0.0,2020_2021 6월.xlsx
2021,8,크로아티아,입항,121.0,106.0,15.0,1508.0,1482.0,26.0,2020_2021 6월.xlsx
2021,8,키리바시,입항,2.0,0.0,2.0,2006.0,1.0,2005.0,2020_2021 6월.xlsx
2021,8,키프로스,입항,15.0,15.0,0.0,106.0,106.0,0.0,2020_2021 6월.xlsx
2021,8,탄자니아,입항,154.0,154.0,0.0,2452.0,2452.0,0.0,2020_2021 6월.xlsx
2021,8,태국,입항,7613.0,7458.0,155.0,57898.75,55815.0,2083.75,2020_2021 6월.xlsx
2021,8,토고,입항,17.0,17.0,0.0,193.0,193.0,0.0,2020_2021 6월.xlsx
2021,8,통가,입항,30.0,0.0,30.0,478.0,12.0,466.0,2020_2021 6월.xlsx
2021,8,튀니지,입항,95.0,95.0,0.0,517.0,517.0,0.0,2020_2021 6월.xlsx
2021,8,튀르키예,입항,3451.5,1858.5,1593.0,18665.5,13659.25,5006.25,2020_2021 6월.xlsx
2021,8,트리니다드 토바고,입항,16.0,16.0,0.0,283.0,283.0,0.0,2020_2021 6월.xlsx
2021,8,파나마,입항,1906.0,70.0,1836.0,15505.0,652.0,14853.0,2020_2021 6월.xlsx
2021,8,파라과이,입항,18.0,18.0,0.0,188.0,188.0,0.0,2020_2021 6월.xlsx
2021,8,파키스탄,입항,1388.25,350.0,1038.25,14724.0,4010.0,10714.0,2020_2021 6월.xlsx
2021,8,파푸아 뉴기니,입항,52.0,52.0,0.0,252.0,252.0,0.0,2020_2021 6월.xlsx
2021,8,팔라우,입항,2.0,2.0,0.0,9.0,9.0,0.0,2020_2021 6월.xlsx
2021,8,페루,입항,1153.0,1144.0,9.0,13185.0,11347.0,1838.0,2020_2021 6월.xlsx
2021,8,포르투갈,입항,159.0,159.0,0.0,2075.0,2071.0,4.0,2020_2021 6월.xlsx
2021,8,폴란드,입항,1085.0,1085.0,0.0,9403.75,9360.75,43.0,2020_2021 6월.xlsx
2021,8,푸에르토리코,입항,131.0,131.0,0.0,1213.0,1213.0,0.0,2020_2021 6월.xlsx
2021,8,프랑스,입항,4334.5,3537.0,797.5,25603.5,23341.0,2262.5,2020_2021 6월.xlsx
2021,8,프랑스령 폴리네시아,입항,285.0,8.0,277.0,1781.0,42.0,1739.0,2020_2021 6월.xlsx
2021,8,피지,입항,2.0,2.0,0.0,684.0,119.0,565.0,2020_2021 6월.xlsx
2021,8,핀란드,입항,1671.0,1661.0,10.0,9466.0,9428.0,38.0,2020_2021 6월.xlsx
2021,8,필리핀,입항,3873.0,2038.0,1835.0,37148.0,17716.0,19432.0,2020_2021 6월.xlsx
2021,8,헝가리,입항,9.0,9.0,0.0,81.0,81.0,0.0,2020_2021 6월.xlsx
2021,8,호주,입항,10795.0,5512.0,5283.0,105741.0,48210.0,57531.0,2020_2021 6월.xlsx
2021,8,홍콩,입항,4749.0,4278.0,471.0,36642.0,29978.0,6664.0,2020_2021 6월.xlsx
2021,8,가나,입항환적,7.0,7.0,0.0,321.0,321.0,0.0,2020_2021 6월.xlsx
2021,8,가봉,입항환적,25.0,25.0,0.0,135.0,135.0,0.0,2020_2021 6월.xlsx
2021,8,가이아나,입항환적,213.0,213.0,0.0,1599.0,1599.0,0.0,2020_2021 6월.xlsx
2021,8,감비아,입항환적,,,,6.0,6.0,0.0,2020_2021 6월.xlsx
2021,8,과테말라,입항환적,240.0,240.0,0.0,3839.0,3833.0,6.0,2020_2021 6월.xlsx
2021,8,괌,입항환적,255.0,239.0,16.0,2600.75,1798.75,802.0,2020_2021 6월.xlsx
2021,8,그리스,입항환적,160.0,160.0,0.0,3943.75,3002.0,941.75,2020_2021 6월.xlsx
2021,8,기니,입항환적,3.0,3.0,0.0,22.0,22.0,0.0,2020_2021 6월.xlsx
2021,8,나미비아,입항환적,,,,84.0,84.0,0.0,2020_2021 6월.xlsx
2021,8,나이지리아,입항환적,105.0,105.0,0.0,1110.0,1110.0,0.0,2020_2021 6월.xlsx
2021,8,남아프리카,입항환적,550.0,550.0,0.0,4144.0,4144.0,0.0,2020_2021 6월.xlsx
2021,8,네덜란드,입항환적,2292.0,2292.0,0.0,23918.5,23787.5,131.0,2020_2021 6월.xlsx
2021,8,노르웨이,입항환적,148.0,148.0,0.0,1670.0,1670.0,0.0,2020_2021 6월.xlsx
2021,8,뉴질랜드,입항환적,2165.0,2164.0,1.0,13523.0,13352.0,171.0,2020_2021 6월.xlsx
2021,8,뉴칼레도니아,입항환적,37.0,37.0,0.0,1146.0,1137.0,9.0,2020_2021 6월.xlsx
2021,8,니카라과,입항환적,227.0,227.0,0.0,2205.0,2203.0,2.0,2020_2021 6월.xlsx
2021,8,대만,입항환적,6512.75,6512.75,0.0,43093.25,42629.25,464.0,2020_2021 6월.xlsx
2021,8,대한민국,입항환적,7293.0,7156.0,137.0,68633.0,66149.0,2484.0,2020_2021 6월.xlsx
2021,8,덴마크,입항환적,275.0,275.0,0.0,2206.0,2182.0,24.0,2020_2021 6월.xlsx
2021,8,도미니카 공화국,입항환적,226.0,226.0,0.0,1124.0,1124.0,0.0,2020_2021 6월.xlsx
2021,8,도미니카 연방,입항환적,,,,1.0,1.0,0.0,2020_2021 6월.xlsx
2021,8,독일,입항환적,2511.0,2491.0,20.0,21216.75,21188.75,28.0,2020_2021 6월.xlsx
2021,8,동티모르,입항환적,9.0,9.0,0.0,14.0,14.0,0.0,2020_2021 6월.xlsx
2021,8,라이베리아,입항환적,,,,1.0,1.0,0.0,2020_2021 6월.xlsx
2021,8,라트비아,입항환적,307.0,307.0,0.0,2352.0,2352.0,0.0,2020_2021 6월.xlsx
2021,8,러시아,입항환적,18256.0,17587.0,669.0,130579.75,125963.25,4616.5,2020_2021 6월.xlsx
2021,8,레바논,입항환적,,,,40.0,40.0,0.0,2020_2021 6월.xlsx
2021,8,레위니옹,입항환적,,,,6.0,6.0,0.0,2020_2021 6월.xlsx
2021,8,루마니아,입항환적,477.0,477.0,0.0,4461.75,4461.75,0.0,2020_2021 6월.xlsx
2021,8,리비아,입항환적,,,,6.0,6.0,0.0,2020_2021 6월.xlsx
2021,8,리투아니아,입항환적,72.0,72.0,0.0,620.0,519.0,101.0,2020_2021 6월.xlsx
2021,8,마다가스카르,입항환적,12.0,12.0,0.0,71.0,71.0,0.0,2020_2021 6월.xlsx
2021,8,마르티니크,입항환적,16.0,16.0,0.0,80.0,80.0,0.0,2020_2021 6월.xlsx
2021,8,마샬 제도,입항환적,,,,321.0,319.0,2.0,2020_2021 6월.xlsx
2021,8,말레이시아,입항환적,5634.25,5631.25,3.0,57690.0,57011.0,679.0,2020_2021 6월.xlsx
2021,8,멕시코,입항환적,3681.0,3289.0,392.0,33250.75,32038.0,1212.75,2020_2021 6월.xlsx
2021,8,모로코,입항환적,325.0,325.0,0.0,957.0,955.0,2.0,2020_2021 6월.xlsx
2021,8,모리셔스,입항환적,43.0,43.0,0.0,271.0,271.0,0.0,2020_2021 6월.xlsx
2021,8,모리타니,입항환적,2.0,2.0,0.0,57.0,57.0,0.0,2020_2021 6월.xlsx
2021,8,모잠비크,입항환적,196.0,196.0,0.0,774.0,774.0,0.0,2020_2021 6월.xlsx
2021,8,몬테네그로,입항환적,10.0,10.0,0.0,32.0,32.0,0.0,2020_2021 6월.xlsx
2021,8,몰디브,입항환적,,,,3.0,3.0,0.0,2020_2021 6월.xlsx
2021,8,몰타,입항환적,168.0,7.0,161.0,509.0,348.0,161.0,2020_2021 6월.xlsx
2021,8,미국,입항환적,47958.75,45496.75,2462.0,391052.5,361830.0,29222.5,2020_2021 6월.xlsx
2021,8,미얀마,입항환적,156.0,156.0,0.0,1015.0,1005.0,10.0,2020_2021 6월.xlsx
2021,8,미크로네시아,입항환적,1.0,1.0,0.0,29.0,26.0,3.0,2020_2021 6월.xlsx
2021,8,바누아투,입항환적,38.0,17.0,21.0,192.0,61.0,131.0,2020_2021 6월.xlsx
2021,8,바레인,입항환적,21.0,21.0,0.0,206.0,206.0,0.0,2020_2021 6월.xlsx
2021,8,바베이도스,입항환적,,,,2.0,2.0,0.0,2020_2021 6월.xlsx
2021,8,바하마,입항환적,,,,11.0,11.0,0.0,2020_2021 6월.xlsx
2021,8,방글라데시,입항환적,726.0,726.0,0.0,4566.0,4566.0,0.0,2020_2021 6월.xlsx
2021,8,베냉,입항환적,,,,76.0,76.0,0.0,2020_2021 6월.xlsx
2021,8,베네수엘라,입항환적,390.0,390.0,0.0,1467.0,1467.0,0.0,2020_2021 6월.xlsx
2021,8,베트남,입항환적,9155.0,9153.0,2.0,76874.5,76851.5,23.0,2020_2021 6월.xlsx
2021,8,벨기에,입항환적,2586.0,2586.0,0.0,17814.5,17706.5,108.0,2020_2021 6월.xlsx
2021,8,벨리즈,입항환적,,,,898.0,898.0,0.0,2020_2021 6월.xlsx
2021,8,북마리아나 제도,입항환적,14.0,2.0,12.0,498.0,10.0,488.0,2020_2021 6월.xlsx
2021,8,불가리아,입항환적,56.0,56.0,0.0,670.0,670.0,0.0,2020_2021 6월.xlsx
2021,8,브라질,입항환적,5751.0,5740.0,11.0,48599.0,47247.0,1352.0,2020_2021 6월.xlsx
2021,8,브루나이,입항환적,5.0,5.0,0.0,153.0,153.0,0.0,2020_2021 6월.xlsx
2021,8,사모아,입항환적,13.0,13.0,0.0,96.0,96.0,0.0,2020_2021 6월.xlsx
2021,8,사우디아라비아,입항환적,612.0,610.0,2.0,5784.0,5366.0,418.0,2020_2021 6월.xlsx
2021,8,세네갈,입항환적,12.0,12.0,0.0,431.0,431.0,0.0,2020_2021 6월.xlsx
2021,8,세이셸,입항환적,,,,10.0,10.0,0.0,2020_2021 6월.xlsx
2021,8,세인트루시아,입항환적,,,,24.0,24.0,0.0,2020_2021 6월.xlsx
2021,8,소말리아,입항환적,,,,1.0,1.0,0.0,2020_2021 6월.xlsx
2021,8,솔로몬제도,입항환적,3.0,3.0,0.0,23.0,23.0,0.0,2020_2021 6월.xlsx
2021,8,수단,입항환적,199.0,199.0,0.0,1679.0,1679.0,0.0,2020_2021 6월.xlsx
2021,8,수리남,입항환적,32.0,32.0,0.0,348.0,348.0,0.0,2020_2021 6월.xlsx
2021,8,스리랑카,입항환적,201.0,201.0,0.0,2585.0,2547.0,38.0,2020_2021 6월.xlsx
2021,8,스웨덴,입항환적,969.0,969.0,0.0,6375.0,6375.0,0.0,2020_2021 6월.xlsx
2021,8,스페인,입항환적,3876.0,3876.0,0.0,20512.25,20308.25,204.0,2020_2021 6월.xlsx
2021,8,슬로베니아,입항환적,1010.0,1010.0,0.0,6588.0,6588.0,0.0,2020_2021 6월.xlsx
2021,8,시리아,입항환적,,,,3.0,3.0,0.0,2020_2021 6월.xlsx
2021,8,시에라 리온,입항환적,42.0,42.0,0.0,76.0,76.0,0.0,2020_2021 6월.xlsx
2021,8,싱가포르,입항환적,2275.0,2169.0,106.0,18522.0,16122.0,2400.0,2020_2021 6월.xlsx
2021,8,아랍에미리트연합국,입항환적,1513.0,1347.0,166.0,14602.5,13206.5,1396.0,2020_2021 6월.xlsx
2021,8,아루바,입항환적,10.0,10.0,0.0,30.0,30.0,0.0,2020_2021 6월.xlsx
2021,8,아르헨티나,입항환적,618.0,616.0,2.0,6633.0,6592.0,41.0,2020_2021 6월.xlsx
2021,8,아메리칸사모아,입항환적,2.0,2.0,0.0,10.0,10.0,0.0,2020_2021 6월.xlsx
2021,8,아이슬란드,입항환적,20.0,20.0,0.0,40.0,40.0,0.0,2020_2021 6월.xlsx
2021,8,아이티,입항환적,1.0,1.0,0.0,41.0,41.0,0.0,2020_2021 6월.xlsx
2021,8,아일랜드,입항환적,150.0,150.0,0.0,598.0,598.0,0.0,2020_2021 6월.xlsx
2021,8,알바니아,입항환적,4.0,4.0,0.0,419.0,419.0,0.0,2020_2021 6월.xlsx
2021,8,알제리,입항환적,11.0,11.0,0.0,11.0,11.0,0.0,2020_2021 6월.xlsx
2021,8,앙골라,입항환적,,,,13.0,13.0,0.0,2020_2021 6월.xlsx
2021,8,앤티가 바부다,입항환적,,,,6.0,6.0,0.0,2020_2021 6월.xlsx
2021,8,앤틸리스제도,입항환적,22.0,22.0,0.0,27.0,27.0,0.0,2020_2021 6월.xlsx
2021,8,에스토니아,입항환적,124.0,124.0,0.0,538.0,538.0,0.0,2020_2021 6월.xlsx
2021,8,에콰도르,입항환적,3035.0,3035.0,0.0,29473.0,29348.0,125.0,2020_2021 6월.xlsx
2021,8,엘살바도르,입항환적,51.0,51.0,0.0,852.0,844.0,8.0,2020_2021 6월.xlsx
2021,8,영국,입항환적,663.0,663.0,0.0,6624.0,6499.25,124.75,2020_2021 6월.xlsx
2021,8,예멘,입항환적,3.0,3.0,0.0,13.0,13.0,0.0,2020_2021 6월.xlsx
2021,8,오만,입항환적,833.0,825.0,8.0,3801.0,3793.0,8.0,2020_2021 6월.xlsx
2021,8,오스트리아,입항환적,,,,2.0,2.0,0.0,2020_2021 6월.xlsx
2021,8,온두라스,입항환적,39.0,39.0,0.0,418.0,418.0,0.0,2020_2021 6월.xlsx
2021,8,요르단,입항환적,23.0,23.0,0.0,318.0,318.0,0.0,2020_2021 6월.xlsx
2021,8,우루과이,입항환적,436.0,436.0,0.0,3885.0,3885.0,0.0,2020_2021 6월.xlsx
2021,8,우크라이나,입항환적,460.0,460.0,0.0,5857.0,5677.0,180.0,2020_2021 6월.xlsx
2021,8,원양어획지역,입항환적,244.0,244.0,0.0,686.0,686.0,0.0,2020_2021 6월.xlsx
2021,8,이란,입항환적,,,,1.0,1.0,0.0,2020_2021 6월.xlsx
2021,8,이스라엘,입항환적,240.0,240.0,0.0,3188.0,2496.0,692.0,2020_2021 6월.xlsx
2021,8,이집트,입항환적,664.0,664.0,0.0,7392.0,7390.0,2.0,2020_2021 6월.xlsx
2021,8,이탈리아,입항환적,3083.0,3083.0,0.0,27034.0,26487.0,547.0,2020_2021 6월.xlsx
2021,8,인도,입항환적,5064.0,5018.0,46.0,46385.75,45684.75,701.0,2020_2021 6월.xlsx
2021,8,인도네시아,입항환적,13295.5,13288.5,7.0,98519.5,98476.5,43.0,2020_2021 6월.xlsx
2021,8,일본,입항환적,59056.0,53495.0,5561.0,514979.5,476462.0,38517.5,2020_2021 6월.xlsx
2021,8,자메이카,입항환적,73.0,73.0,0.0,151.0,124.0,27.0,2020_2021 6월.xlsx
2021,8,적도 기니,입항환적,44.0,44.0,0.0,181.0,181.0,0.0,2020_2021 6월.xlsx
2021,8,조지아,입항환적,23.0,23.0,0.0,163.0,163.0,0.0,2020_2021 6월.xlsx
2021,8,중국,입항환적,248538.5,245452.5,3086.0,1832405.75,1795690.75,36715.0,2020_2021 6월.xlsx
2021,8,지부티,입항환적,25.0,25.0,0.0,251.0,251.0,0.0,2020_2021 6월.xlsx
2021,8,칠레,입항환적,6183.0,6183.0,0.0,56460.0,56375.0,85.0,2020_2021 6월.xlsx
2021,8,카메룬,입항환적,20.0,20.0,0.0,133.0,133.0,0.0,2020_2021 6월.xlsx
2021,8,카타르,입항환적,268.0,268.0,0.0,1905.0,1873.0,32.0,2020_2021 6월.xlsx
2021,8,캄보디아,입항환적,505.0,505.0,0.0,3600.25,3600.25,0.0,2020_2021 6월.xlsx
2021,8,캐나다,입항환적,10568.25,10545.0,23.25,112439.0,111689.5,749.5,2020_2021 6월.xlsx
2021,8,케냐,입항환적,23.0,23.0,0.0,578.0,578.0,0.0,2020_2021 6월.xlsx
2021,8,코스타리카,입항환적,200.0,200.0,0.0,3128.0,3128.0,0.0,2020_2021 6월.xlsx
2021,8,코트디부아르,입항환적,20.0,20.0,0.0,149.0,149.0,0.0,2020_2021 6월.xlsx
2021,8,콜롬비아,입항환적,605.0,605.0,0.0,5305.25,4118.0,1187.25,2020_2021 6월.xlsx
2021,8,콩고,입항환적,40.0,40.0,0.0,45.0,45.0,0.0,2020_2021 6월.xlsx
2021,8,쿠바,입항환적,62.0,62.0,0.0,476.0,476.0,0.0,2020_2021 6월.xlsx
2021,8,쿠웨이트,입항환적,55.0,55.0,0.0,195.0,195.0,0.0,2020_2021 6월.xlsx
2021,8,퀴라소,입항환적,10.0,10.0,0.0,54.0,54.0,0.0,2020_2021 6월.xlsx
2021,8,크로아티아,입항환적,225.0,225.0,0.0,1439.25,1437.25,2.0,2020_2021 6월.xlsx
2021,8,키리바시,입항환적,,,,4.0,4.0,0.0,2020_2021 6월.xlsx
2021,8,키프로스,입항환적,44.0,44.0,0.0,287.0,287.0,0.0,2020_2021 6월.xlsx
2021,8,탄자니아,입항환적,5.0,5.0,0.0,176.0,176.0,0.0,2020_2021 6월.xlsx
2021,8,태국,입항환적,9462.0,9460.0,2.0,72466.5,72380.5,86.0,2020_2021 6월.xlsx
2021,8,토고,입항환적,10.0,10.0,0.0,130.0,130.0,0.0,2020_2021 6월.xlsx
2021,8,통가,입항환적,,,,2.0,2.0,0.0,2020_2021 6월.xlsx
2021,8,튀니지,입항환적,67.0,67.0,0.0,166.0,166.0,0.0,2020_2021 6월.xlsx
2021,8,튀르키예,입항환적,3908.0,3908.0,0.0,25639.0,25419.0,220.0,2020_2021 6월.xlsx
2021,8,트리니다드 토바고,입항환적,32.0,32.0,0.0,279.0,279.0,0.0,2020_2021 6월.xlsx
2021,8,파나마,입항환적,762.0,730.0,32.0,7523.25,5654.0,1869.25,2020_2021 6월.xlsx
2021,8,파라과이,입항환적,34.0,34.0,0.0,161.0,161.0,0.0,2020_2021 6월.xlsx
2021,8,파키스탄,입항환적,1701.0,747.0,954.0,10064.75,8193.75,1871.0,2020_2021 6월.xlsx
2021,8,파푸아 뉴기니,입항환적,8.0,8.0,0.0,47.0,47.0,0.0,2020_2021 6월.xlsx
2021,8,팔라우,입항환적,,,,1.0,1.0,0.0,2020_2021 6월.xlsx
2021,8,페로 제도,입항환적,,,,4.0,4.0,0.0,2020_2021 6월.xlsx
2021,8,페루,입항환적,2393.0,2389.0,4.0,20856.0,20766.0,90.0,2020_2021 6월.xlsx
2021,8,포르투갈,입항환적,105.0,105.0,0.0,1149.0,1149.0,0.0,2020_2021 6월.xlsx
2021,8,폴란드,입항환적,231.0,231.0,0.0,1612.5,1612.5,0.0,2020_2021 6월.xlsx
2021,8,푸에르토리코,입항환적,228.0,228.0,0.0,1209.0,1209.0,0.0,2020_2021 6월.xlsx
2021,8,프랑스,입항환적,2689.0,2662.0,27.0,16657.0,16386.0,271.0,2020_2021 6월.xlsx
2021,8,프랑스령 폴리네시아,입항환적,,,,11.0,3.0,8.0,2020_2021 6월.xlsx
2021,8,피지,입항환적,2.0,2.0,0.0,193.0,189.0,4.0,2020_2021 6월.xlsx
2021,8,핀란드,입항환적,1368.0,1368.0,0.0,10759.0,10759.0,0.0,2020_2021 6월.xlsx
2021,8,필리핀,입항환적,5534.75,5446.75,88.0,49470.0,48005.0,1465.0,2020_2021 6월.xlsx
2021,8,헝가리,입항환적,2.0,2.0,0.0,6.0,6.0,0.0,2020_2021 6월.xlsx
2021,8,호주,입항환적,6282.0,6282.0,0.0,59655.0,56440.0,3215.0,2020_2021 6월.xlsx
2021,8,홍콩,입항환적,3466.0,3466.0,0.0,31174.0,30322.0,852.0,2020_2021 6월.xlsx
2021,8,가나,출항,269.0,269.0,0.0,2524.0,2524.0,0.0,2020_2021 6월.xlsx
2021,8,가봉,출항,6.0,6.0,0.0,30.0,30.0,0.0,2020_2021 6월.xlsx
2021,8,가이아나,출항,16.0,16.0,0.0,106.0,106.0,0.0,2020_2021 6월.xlsx
2021,8,감비아,출항,1.0,1.0,0.0,8.0,8.0,0.0,2020_2021 6월.xlsx
2021,8,과들루프,출항,,,,13.0,13.0,0.0,2020_2021 6월.xlsx
2021,8,과테말라,출항,335.0,335.0,0.0,2948.0,2896.0,52.0,2020_2021 6월.xlsx
2021,8,괌,출항,152.0,152.0,0.0,1650.0,1554.0,96.0,2020_2021 6월.xlsx
2021,8,그레나다,출항,4.0,4.0,0.0,13.0,13.0,0.0,2020_2021 6월.xlsx
2021,8,그리스,출항,696.0,696.0,0.0,7032.5,7018.5,14.0,2020_2021 6월.xlsx
2021,8,기니,출항,36.0,36.0,0.0,139.0,139.0,0.0,2020_2021 6월.xlsx
2021,8,나미비아,출항,20.0,20.0,0.0,48.0,48.0,0.0,2020_2021 6월.xlsx
2021,8,나우루,출항,,,,1.0,1.0,0.0,2020_2021 6월.xlsx
2021,8,나이지리아,출항,143.0,143.0,0.0,1800.75,1800.75,0.0,2020_2021 6월.xlsx
2021,8,남아프리카,출항,410.0,410.0,0.0,2946.0,2945.0,1.0,2020_2021 6월.xlsx
2021,8,네덜란드,출항,4046.0,4036.0,10.0,64829.0,64636.0,193.0,2020_2021 6월.xlsx
2021,8,노르웨이,출항,17.0,17.0,0.0,219.25,219.25,0.0,2020_2021 6월.xlsx
2021,8,뉴질랜드,출항,860.0,804.0,56.0,9483.0,8733.0,750.0,2020_2021 6월.xlsx
2021,8,뉴칼레도니아,출항,123.0,48.0,75.0,494.0,207.0,287.0,2020_2021 6월.xlsx
2021,8,니카라과,출항,17.0,17.0,0.0,318.0,318.0,0.0,2020_2021 6월.xlsx
2021,8,대만,출항,13031.75,12712.75,319.0,90824.25,85474.0,5350.25,2020_2021 6월.xlsx
2021,8,대한민국,출항,12010.0,140.0,11870.0,78058.25,847.0,77211.25,2020_2021 6월.xlsx
2021,8,덴마크,출항,107.0,107.0,0.0,871.0,871.0,0.0,2020_2021 6월.xlsx
2021,8,도미니카 공화국,출항,296.0,296.0,0.0,1977.0,1573.0,404.0,2020_2021 6월.xlsx
2021,8,독일,출항,4504.75,4469.75,35.0,56604.25,56072.25,532.0,2020_2021 6월.xlsx
2021,8,라이베리아,출항,27.0,27.0,0.0,109.0,109.0,0.0,2020_2021 6월.xlsx
2021,8,라트비아,출항,50.0,50.0,0.0,336.0,336.0,0.0,2020_2021 6월.xlsx
2021,8,러시아,출항,13076.75,12864.75,212.0,104279.25,101899.25,2380.0,2020_2021 6월.xlsx
2021,8,레바논,출항,53.0,53.0,0.0,804.75,804.75,0.0,2020_2021 6월.xlsx
2021,8,레위니옹,출항,3.0,3.0,0.0,109.0,109.0,0.0,2020_2021 6월.xlsx
2021,8,루마니아,출항,242.0,242.0,0.0,2291.0,2281.0,10.0,2020_2021 6월.xlsx
2021,8,리비아,출항,97.0,97.0,0.0,884.25,884.25,0.0,2020_2021 6월.xlsx
2021,8,리투아니아,출항,131.0,131.0,0.0,1325.0,1325.0,0.0,2020_2021 6월.xlsx
2021,8,마다가스카르,출항,53.0,53.0,0.0,152.0,152.0,0.0,2020_2021 6월.xlsx
2021,8,마르티니크,출항,,,,14.0,14.0,0.0,2020_2021 6월.xlsx
2021,8,마샬 제도,출항,10.0,10.0,0.0,399.0,137.0,262.0,2020_2021 6월.xlsx
2021,8,마요트,출항,,,,76.0,76.0,0.0,2020_2021 6월.xlsx
2021,8,말레이시아,출항,6219.75,6197.75,22.0,59980.5,59320.5,660.0,2020_2021 6월.xlsx
2021,8,멕시코,출항,11447.0,11265.0,182.0,117519.0,115456.0,2063.0,2020_2021 6월.xlsx
2021,8,모로코,출항,249.0,249.0,0.0,2137.5,2137.5,0.0,2020_2021 6월.xlsx
2021,8,모리셔스,출항,34.0,34.0,0.0,106.0,106.0,0.0,2020_2021 6월.xlsx
2021,8,모리타니,출항,11.0,11.0,0.0,45.0,45.0,0.0,2020_2021 6월.xlsx
2021,8,모잠비크,출항,145.0,145.0,0.0,810.0,810.0,0.0,2020_2021 6월.xlsx
2021,8,몬테네그로,출항,,,,33.0,33.0,0.0,2020_2021 6월.xlsx
2021,8,몰디브,출항,14.0,14.0,0.0,60.0,60.0,0.0,2020_2021 6월.xlsx
2021,8,몰타,출항,17.0,17.0,0.0,1586.0,1546.0,40.0,2020_2021 6월.xlsx
2021,8,미국,출항,72507.25,72082.25,425.0,624285.75,618160.75,6125.0,2020_2021 6월.xlsx
2021,8,미국령 버진아일랜드,출항,5.0,5.0,0.0,5.0,5.0,0.0,2020_2021 6월.xlsx
2021,8,미얀마,출항,12.0,12.0,0.0,111.0,111.0,0.0,2020_2021 6월.xlsx
2021,8,미크로네시아,출항,32.0,30.0,2.0,238.0,201.0,37.0,2020_2021 6월.xlsx
2021,8,바누아투,출항,8.0,8.0,0.0,277.0,69.0,208.0,2020_2021 6월.xlsx
2021,8,바레인,출항,65.0,65.0,0.0,385.0,385.0,0.0,2020_2021 6월.xlsx
2021,8,바베이도스,출항,,,,17.0,17.0,0.0,2020_2021 6월.xlsx
2021,8,바하마,출항,106.0,16.0,90.0,9420.0,55.0,9365.0,2020_2021 6월.xlsx
2021,8,방글라데시,출항,258.0,258.0,0.0,857.0,857.0,0.0,2020_2021 6월.xlsx
2021,8,베냉,출항,5.0,5.0,0.0,49.0,49.0,0.0,2020_2021 6월.xlsx
2021,8,베네수엘라,출항,77.0,77.0,0.0,301.0,301.0,0.0,2020_2021 6월.xlsx
2021,8,베트남,출항,17572.5,17004.5,568.0,169819.5,164527.25,5292.25,2020_2021 6월.xlsx
2021,8,벨기에,출항,1339.0,1329.0,10.0,15096.0,15033.0,63.0,2020_2021 6월.xlsx
2021,8,벨리즈,출항,2.0,2.0,0.0,18.0,18.0,0.0,2020_2021 6월.xlsx
2021,8,북마리아나 제도,출항,77.0,77.0,0.0,635.0,635.0,0.0,2020_2021 6월.xlsx
2021,8,불가리아,출항,18.0,18.0,0.0,384.0,384.0,0.0,2020_2021 6월.xlsx
2021,8,브라질,출항,4589.0,4589.0,0.0,41834.0,41784.0,50.0,2020_2021 6월.xlsx
2021,8,브루나이,출항,1.0,1.0,0.0,1.0,1.0,0.0,2020_2021 6월.xlsx
2021,8,사모아,출항,12.0,6.0,6.0,220.0,90.0,130.0,2020_2021 6월.xlsx
2021,8,사우디아라비아,출항,2865.0,2865.0,0.0,27744.25,27744.25,0.0,2020_2021 6월.xlsx
2021,8,세네갈,출항,117.0,117.0,0.0,516.0,504.0,12.0,2020_2021 6월.xlsx
2021,8,세이셸,출항,16.0,16.0,0.0,101.0,101.0,0.0,2020_2021 6월.xlsx
2021,8,세인트루시아,출항,3.0,3.0,0.0,19.0,19.0,0.0,2020_2021 6월.xlsx
2021,8,세인트키츠 네비스,출항,,,,2.0,2.0,0.0,2020_2021 6월.xlsx
2021,8,소말리아,출항,4.0,4.0,0.0,55.0,55.0,0.0,2020_2021 6월.xlsx
2021,8,솔로몬제도,출항,53.0,19.0,34.0,170.0,136.0,34.0,2020_2021 6월.xlsx
2021,8,수단,출항,10.0,10.0,0.0,24.0,24.0,0.0,2020_2021 6월.xlsx
2021,8,수리남,출항,2.0,2.0,0.0,24.0,24.0,0.0,2020_2021 6월.xlsx
2021,8,스리랑카,출항,400.0,400.0,0.0,6163.25,6147.25,16.0,2020_2021 6월.xlsx
2021,8,스웨덴,출항,388.0,388.0,0.0,3150.0,3150.0,0.0,2020_2021 6월.xlsx
2021,8,스페인,출항,2974.0,2968.0,6.0,25958.0,24751.0,1207.0,2020_2021 6월.xlsx
2021,8,슬로베니아,출항,8163.5,8163.5,0.0,71094.0,70970.0,124.0,2020_2021 6월.xlsx
2021,8,시리아,출항,11.0,11.0,0.0,178.0,178.0,0.0,2020_2021 6월.xlsx
2021,8,시에라 리온,출항,8.0,8.0,0.0,45.0,45.0,0.0,2020_2021 6월.xlsx
2021,8,싱가포르,출항,5562.25,5509.25,53.0,50508.5,49104.25,1404.25,2020_2021 6월.xlsx
2021,8,아랍에미리트연합국,출항,4737.0,4733.0,4.0,40286.0,40128.0,158.0,2020_2021 6월.xlsx
2021,8,아루바,출항,6.0,6.0,0.0,8.0,8.0,0.0,2020_2021 6월.xlsx
2021,8,아르헨티나,출항,475.0,425.0,50.0,4353.0,4268.0,85.0,2020_2021 6월.xlsx
2021,8,아메리칸사모아,출항,52.0,52.0,0.0,473.0,473.0,0.0,2020_2021 6월.xlsx
2021,8,아이티,출항,20.0,20.0,0.0,93.0,93.0,0.0,2020_2021 6월.xlsx
2021,8,아일랜드,출항,22.0,22.0,0.0,223.0,223.0,0.0,2020_2021 6월.xlsx
2021,8,알바니아,출항,5.0,5.0,0.0,84.0,84.0,0.0,2020_2021 6월.xlsx
2021,8,알제리,출항,129.0,129.0,0.0,1066.25,1066.25,0.0,2020_2021 6월.xlsx
2021,8,앙골라,출항,48.0,48.0,0.0,1182.0,1182.0,0.0,2020_2021 6월.xlsx
2021,8,앤틸리스제도,출항,6.0,6.0,0.0,31.0,31.0,0.0,2020_2021 6월.xlsx
2021,8,에스토니아,출항,31.75,31.75,0.0,215.75,215.75,0.0,2020_2021 6월.xlsx
2021,8,에콰도르,출항,659.0,385.0,274.0,14351.0,4359.0,9992.0,2020_2021 6월.xlsx
2021,8,엘살바도르,출항,123.0,123.0,0.0,582.0,582.0,0.0,2020_2021 6월.xlsx
2021,8,영국,출항,1392.0,1392.0,0.0,17075.5,16984.5,91.0,2020_2021 6월.xlsx
2021,8,영국령 버진아일랜드,출항,,,,1.0,1.0,0.0,2020_2021 6월.xlsx
2021,8,예멘,출항,28.0,28.0,0.0,135.0,135.0,0.0,2020_2021 6월.xlsx
2021,8,오만,출항,152.0,152.0,0.0,1552.25,1552.25,0.0,2020_2021 6월.xlsx
2021,8,온두라스,출항,68.0,68.0,0.0,766.0,468.0,298.0,2020_2021 6월.xlsx
2021,8,요르단,출항,163.0,163.0,0.0,1875.0,1875.0,0.0,2020_2021 6월.xlsx
2021,8,우루과이,출항,328.0,328.0,0.0,2367.0,2347.0,20.0,2020_2021 6월.xlsx
2021,8,우크라이나,출항,82.0,80.0,2.0,961.25,945.25,16.0,2020_2021 6월.xlsx
2021,8,이라크,출항,168.0,168.0,0.0,1265.0,1265.0,0.0,2020_2021 6월.xlsx
2021,8,이란,출항,326.0,326.0,0.0,353.0,353.0,0.0,2020_2021 6월.xlsx
2021,8,이스라엘,출항,878.0,875.0,3.0,7792.0,7638.0,154.0,2020_2021 6월.xlsx
2021,8,이집트,출항,3112.0,3112.0,0.0,28709.25,28427.25,282.0,2020_2021 6월.xlsx
2021,8,이탈리아,출항,3498.25,3494.25,4.0,30961.5,30926.5,35.0,2020_2021 6월.xlsx
2021,8,인도,출항,13175.25,13058.25,117.0,107195.5,106009.5,1186.0,2020_2021 6월.xlsx
2021,8,인도네시아,출항,8135.25,8127.25,8.0,67335.25,66824.25,511.0,2020_2021 6월.xlsx
2021,8,일본,출항,32731.0,26709.0,6022.0,286903.5,226994.75,59908.75,2020_2021 6월.xlsx
2021,8,자메이카,출항,123.0,123.0,0.0,1999.0,1591.0,408.0,2020_2021 6월.xlsx
2021,8,적도 기니,출항,,,,7.0,7.0,0.0,2020_2021 6월.xlsx
2021,8,조지아,출항,7.0,7.0,0.0,103.0,103.0,0.0,2020_2021 6월.xlsx
2021,8,중국,출항,86654.75,51930.75,34724.0,775400.75,430252.25,345148.5,2020_2021 6월.xlsx
2021,8,지부티,출항,1.0,1.0,0.0,79.0,79.0,0.0,2020_2021 6월.xlsx
2021,8,칠레,출항,1256.0,1256.0,0.0,15721.0,15168.0,553.0,2020_2021 6월.xlsx
2021,8,카메룬,출항,24.0,24.0,0.0,287.0,287.0,0.0,2020_2021 6월.xlsx
2021,8,카보 베르데,출항,,,,5.0,5.0,0.0,2020_2021 6월.xlsx
2021,8,카타르,출항,378.25,350.25,28.0,3407.5,3255.5,152.0,2020_2021 6월.xlsx
2021,8,캄보디아,출항,312.0,312.0,0.0,2705.0,2705.0,0.0,2020_2021 6월.xlsx
2021,8,캐나다,출항,9138.5,9138.5,0.0,84734.25,84587.25,147.0,2020_2021 6월.xlsx
2021,8,케냐,출항,120.0,120.0,0.0,931.0,931.0,0.0,2020_2021 6월.xlsx
2021,8,케이맨 제도,출항,,,,2.0,2.0,0.0,2020_2021 6월.xlsx
2021,8,코스타리카,출항,123.0,123.0,0.0,846.0,812.0,34.0,2020_2021 6월.xlsx
2021,8,코트디부아르,출항,57.0,57.0,0.0,758.0,758.0,0.0,2020_2021 6월.xlsx
2021,8,콜롬비아,출항,1597.0,1567.0,30.0,11986.0,11525.0,461.0,2020_2021 6월.xlsx
2021,8,콩고,출항,10.0,10.0,0.0,48.0,48.0,0.0,2020_2021 6월.xlsx
2021,8,콩고 민주 공화국,출항,20.0,20.0,0.0,152.0,152.0,0.0,2020_2021 6월.xlsx
2021,8,쿠바,출항,7.0,7.0,0.0,23.0,23.0,0.0,2020_2021 6월.xlsx
2021,8,쿠웨이트,출항,115.0,115.0,0.0,1049.0,1049.0,0.0,2020_2021 6월.xlsx
2021,8,크로아티아,출항,946.0,946.0,0.0,8073.75,8013.75,60.0,2020_2021 6월.xlsx
2021,8,키리바시,출항,11.0,11.0,0.0,53.0,53.0,0.0,2020_2021 6월.xlsx
2021,8,키프로스,출항,7.0,7.0,0.0,54.0,54.0,0.0,2020_2021 6월.xlsx
2021,8,탄자니아,출항,222.0,222.0,0.0,920.0,920.0,0.0,2020_2021 6월.xlsx
2021,8,태국,출항,8692.25,7647.25,1045.0,68333.0,64183.0,4150.0,2020_2021 6월.xlsx
2021,8,토고,출항,91.0,91.0,0.0,2526.0,1262.0,1264.0,2020_2021 6월.xlsx
2021,8,통가,출항,,,,1.0,1.0,0.0,2020_2021 6월.xlsx
2021,8,튀니지,출항,52.0,52.0,0.0,441.0,441.0,0.0,2020_2021 6월.xlsx
2021,8,튀르키예,출항,10165.0,9262.0,903.0,64196.0,62953.0,1243.0,2020_2021 6월.xlsx
2021,8,트리니다드 토바고,출항,63.0,63.0,0.0,316.0,316.0,0.0,2020_2021 6월.xlsx
2021,8,파나마,출항,1556.0,1082.0,474.0,13343.0,9801.0,3542.0,2020_2021 6월.xlsx
2021,8,파라과이,출항,4.0,4.0,0.0,61.0,61.0,0.0,2020_2021 6월.xlsx
2021,8,파키스탄,출항,1587.25,1587.25,0.0,14368.75,14352.75,16.0,2020_2021 6월.xlsx
2021,8,파푸아 뉴기니,출항,113.0,93.0,20.0,986.0,902.0,84.0,2020_2021 6월.xlsx
2021,8,팔라우,출항,22.0,10.0,12.0,82.0,59.0,23.0,2020_2021 6월.xlsx
2021,8,페루,출항,1018.0,1018.0,0.0,11630.0,10038.0,1592.0,2020_2021 6월.xlsx
2021,8,포르투갈,출항,113.0,113.0,0.0,1137.0,1137.0,0.0,2020_2021 6월.xlsx
2021,8,폴란드,출항,544.0,542.0,2.0,3477.75,3475.75,2.0,2020_2021 6월.xlsx
2021,8,푸에르토리코,출항,30.0,30.0,0.0,167.0,167.0,0.0,2020_2021 6월.xlsx
2021,8,프랑스,출항,1061.25,1035.25,26.0,11172.25,11031.25,141.0,2020_2021 6월.xlsx
2021,8,프랑스령 기아나,출항,,,,9.0,9.0,0.0,2020_2021 6월.xlsx
2021,8,프랑스령 폴리네시아,출항,9.0,9.0,0.0,74.0,46.0,28.0,2020_2021 6월.xlsx
2021,8,피지,출항,22.0,20.0,2.0,337.0,328.0,9.0,2020_2021 6월.xlsx
2021,8,핀란드,출항,30.0,30.0,0.0,413.0,413.0,0.0,2020_2021 6월.xlsx
2021,8,필리핀,출항,3220.0,3220.0,0.0,30753.25,30721.25,32.0,2020_2021 6월.xlsx
2021,8,헝가리,출항,,,,28.0,28.0,0.0,2020_2021 6월.xlsx
2021,8,호주,출항,4084.0,3755.0,329.0,41193.25,39160.25,2033.0,2020_2021 6월.xlsx
2021,8,홍콩,출항,6970.0,6486.0,484.0,53230.75,50029.75,3201.0,2020_2021 6월.xlsx
2021,8,가나,출항환적,73.0,73.0,0.0,634.25,634.25,0.0,2020_2021 6월.xlsx
2021,8,가봉,출항환적,,,,8.0,8.0,0.0,2020_2021 6월.xlsx
2021,8,가이아나,출항환적,246.0,246.0,0.0,1699.0,1699.0,0.0,2020_2021 6월.xlsx
2021,8,감비아,출항환적,2.0,2.0,0.0,5.0,5.0,0.0,2020_2021 6월.xlsx
2021,8,과들루프,출항환적,2.0,2.0,0.0,69.0,69.0,0.0,2020_2021 6월.xlsx
2021,8,과테말라,출항환적,1151.0,1151.0,0.0,13076.0,13070.0,6.0,2020_2021 6월.xlsx
2021,8,괌,출항환적,268.25,268.25,0.0,3097.5,3097.5,0.0,2020_2021 6월.xlsx
2021,8,그레나다,출항환적,9.25,9.25,0.0,129.25,129.25,0.0,2020_2021 6월.xlsx
2021,8,그리스,출항환적,142.0,142.0,0.0,6350.75,6350.75,0.0,2020_2021 6월.xlsx
2021,8,기니,출항환적,20.0,20.0,0.0,73.5,73.5,0.0,2020_2021 6월.xlsx
2021,8,나미비아,출항환적,26.0,26.0,0.0,403.0,403.0,0.0,2020_2021 6월.xlsx
2021,8,나우루,출항환적,13.0,13.0,0.0,103.0,103.0,0.0,2020_2021 6월.xlsx
2021,8,나이지리아,출항환적,243.0,243.0,0.0,1591.0,1591.0,0.0,2020_2021 6월.xlsx
2021,8,남아프리카,출항환적,227.0,227.0,0.0,1845.0,1845.0,0.0,2020_2021 6월.xlsx
2021,8,네덜란드,출항환적,958.0,942.0,16.0,17510.5,17460.5,50.0,2020_2021 6월.xlsx
2021,8,노르웨이,출항환적,40.0,40.0,0.0,223.0,223.0,0.0,2020_2021 6월.xlsx
2021,8,뉴질랜드,출항환적,1463.0,1463.0,0.0,9322.5,8858.5,464.0,2020_2021 6월.xlsx
2021,8,뉴칼레도니아,출항환적,412.0,412.0,0.0,2744.0,2741.0,3.0,2020_2021 6월.xlsx
2021,8,니카라과,출항환적,258.0,258.0,0.0,2044.0,2044.0,0.0,2020_2021 6월.xlsx
2021,8,대만,출항환적,5585.0,5585.0,0.0,55407.25,53889.5,1517.75,2020_2021 6월.xlsx
2021,8,대한민국,출항환적,16400.0,16166.0,234.0,142124.75,139490.75,2634.0,2020_2021 6월.xlsx
2021,8,덴마크,출항환적,56.0,56.0,0.0,500.0,500.0,0.0,2020_2021 6월.xlsx
2021,8,도미니카 공화국,출항환적,1818.75,1818.75,0.0,11867.25,11817.25,50.0,2020_2021 6월.xlsx
2021,8,도미니카 연방,출항환적,6.0,6.0,0.0,88.0,88.0,0.0,2020_2021 6월.xlsx
2021,8,독일,출항환적,1207.0,1207.0,0.0,15275.5,15237.5,38.0,2020_2021 6월.xlsx
2021,8,동티모르,출항환적,2.0,2.0,0.0,45.0,45.0,0.0,2020_2021 6월.xlsx
2021,8,라이베리아,출항환적,,,,13.0,13.0,0.0,2020_2021 6월.xlsx
2021,8,라트비아,출항환적,3.0,3.0,0.0,111.25,111.25,0.0,2020_2021 6월.xlsx
2021,8,러시아,출항환적,36622.0,36622.0,0.0,229824.25,228183.25,1641.0,2020_2021 6월.xlsx
2021,8,레바논,출항환적,220.5,220.5,0.0,2350.5,2350.5,0.0,2020_2021 6월.xlsx
2021,8,레위니옹,출항환적,4.0,4.0,0.0,7.0,7.0,0.0,2020_2021 6월.xlsx
2021,8,루마니아,출항환적,289.25,289.25,0.0,1836.5,1836.5,0.0,2020_2021 6월.xlsx
2021,8,리비아,출항환적,255.0,255.0,0.0,1039.25,1039.25,0.0,2020_2021 6월.xlsx
2021,8,리투아니아,출항환적,17.0,17.0,0.0,235.0,235.0,0.0,2020_2021 6월.xlsx
2021,8,마다가스카르,출항환적,45.0,45.0,0.0,90.0,90.0,0.0,2020_2021 6월.xlsx
2021,8,마르티니크,출항환적,2.0,2.0,0.0,80.0,80.0,0.0,2020_2021 6월.xlsx
2021,8,마샬 제도,출항환적,90.0,90.0,0.0,843.0,843.0,0.0,2020_2021 6월.xlsx
2021,8,마요트,출항환적,1.0,1.0,0.0,1.0,1.0,0.0,2020_2021 6월.xlsx
2021,8,마카오,출항환적,2.0,2.0,0.0,15.0,15.0,0.0,2020_2021 6월.xlsx
2021,8,말레이시아,출항환적,2651.0,2649.0,2.0,27202.0,27049.0,153.0,2020_2021 6월.xlsx
2021,8,멕시코,출항환적,20448.0,20344.0,104.0,195648.25,194410.25,1238.0,2020_2021 6월.xlsx
2021,8,모로코,출항환적,732.0,732.0,0.0,5656.5,5656.5,0.0,2020_2021 6월.xlsx
2021,8,모리셔스,출항환적,25.0,25.0,0.0,100.0,100.0,0.0,2020_2021 6월.xlsx
2021,8,모리타니,출항환적,4.0,4.0,0.0,84.0,84.0,0.0,2020_2021 6월.xlsx
2021,8,모잠비크,출항환적,45.0,45.0,0.0,329.0,329.0,0.0,2020_2021 6월.xlsx
2021,8,몬테네그로,출항환적,6.0,6.0,0.0,67.0,67.0,0.0,2020_2021 6월.xlsx
2021,8,몰디브,출항환적,5.0,5.0,0.0,34.0,34.0,0.0,2020_2021 6월.xlsx
2021,8,몰타,출항환적,12.0,12.0,0.0,132.5,132.5,0.0,2020_2021 6월.xlsx
2021,8,미국,출항환적,91762.0,91748.0,14.0,710193.5,709773.5,420.0,2020_2021 6월.xlsx
2021,8,미국령 버진아일랜드,출항환적,6.0,6.0,0.0,39.0,39.0,0.0,2020_2021 6월.xlsx
2021,8,미얀마,출항환적,2.0,2.0,0.0,206.0,206.0,0.0,2020_2021 6월.xlsx
2021,8,미크로네시아,출항환적,100.0,100.0,0.0,891.0,891.0,0.0,2020_2021 6월.xlsx
2021,8,바누아투,출항환적,317.0,317.0,0.0,2677.0,2677.0,0.0,2020_2021 6월.xlsx
2021,8,바레인,출항환적,9.0,9.0,0.0,64.0,64.0,0.0,2020_2021 6월.xlsx
2021,8,바베이도스,출항환적,67.0,67.0,0.0,685.0,685.0,0.0,2020_2021 6월.xlsx
2021,8,바하마,출항환적,3893.0,81.0,3812.0,40267.5,637.0,39630.5,2020_2021 6월.xlsx
2021,8,방글라데시,출항환적,62.0,62.0,0.0,318.0,318.0,0.0,2020_2021 6월.xlsx
2021,8,베냉,출항환적,4.0,4.0,0.0,67.0,67.0,0.0,2020_2021 6월.xlsx
2021,8,베네수엘라,출항환적,1364.0,1364.0,0.0,7447.0,7447.0,0.0,2020_2021 6월.xlsx
2021,8,베트남,출항환적,9300.0,9277.0,23.0,75706.75,73701.5,2005.25,2020_2021 6월.xlsx
2021,8,벨기에,출항환적,451.5,451.5,0.0,6910.75,6910.75,0.0,2020_2021 6월.xlsx
2021,8,벨리즈,출항환적,69.0,69.0,0.0,235.0,235.0,0.0,2020_2021 6월.xlsx
2021,8,북마리아나 제도,출항환적,70.0,70.0,0.0,655.25,655.25,0.0,2020_2021 6월.xlsx
2021,8,불가리아,출항환적,50.0,50.0,0.0,315.0,315.0,0.0,2020_2021 6월.xlsx
2021,8,브라질,출항환적,3934.0,3934.0,0.0,37315.0,37315.0,0.0,2020_2021 6월.xlsx
2021,8,브루나이,출항환적,,,,2.0,2.0,0.0,2020_2021 6월.xlsx
2021,8,사모아,출항환적,252.0,252.0,0.0,2192.0,2192.0,0.0,2020_2021 6월.xlsx
2021,8,사우디아라비아,출항환적,1230.25,1230.25,0.0,12719.5,12719.5,0.0,2020_2021 6월.xlsx
2021,8,상투메 프린시페,출항환적,1.0,1.0,0.0,2.0,2.0,0.0,2020_2021 6월.xlsx
2021,8,세네갈,출항환적,19.0,19.0,0.0,126.0,126.0,0.0,2020_2021 6월.xlsx
2021,8,세이셸,출항환적,1.0,1.0,0.0,2.0,2.0,0.0,2020_2021 6월.xlsx
2021,8,세인트 빈센트 그레나딘,출항환적,19.0,19.0,0.0,68.0,68.0,0.0,2020_2021 6월.xlsx
2021,8,세인트루시아,출항환적,8.0,8.0,0.0,128.0,128.0,0.0,2020_2021 6월.xlsx
2021,8,세인트키츠 네비스,출항환적,2.0,2.0,0.0,71.0,71.0,0.0,2020_2021 6월.xlsx
2021,8,소말리아,출항환적,,,,37.0,37.0,0.0,2020_2021 6월.xlsx
2021,8,솔로몬제도,출항환적,57.0,57.0,0.0,1115.0,1115.0,0.0,2020_2021 6월.xlsx
2021,8,수단,출항환적,11.0,11.0,0.0,168.0,168.0,0.0,2020_2021 6월.xlsx
2021,8,수리남,출항환적,136.0,136.0,0.0,1421.0,1421.0,0.0,2020_2021 6월.xlsx
2021,8,스리랑카,출항환적,84.0,84.0,0.0,916.0,916.0,0.0,2020_2021 6월.xlsx
2021,8,스웨덴,출항환적,131.0,131.0,0.0,1265.0,1265.0,0.0,2020_2021 6월.xlsx
2021,8,스페인,출항환적,1994.0,1994.0,0.0,16054.75,15927.75,127.0,2020_2021 6월.xlsx
2021,8,슬로베니아,출항환적,685.0,685.0,0.0,4407.75,4407.75,0.0,2020_2021 6월.xlsx
2021,8,시리아,출항환적,15.0,15.0,0.0,261.0,261.0,0.0,2020_2021 6월.xlsx
2021,8,시에라 리온,출항환적,3.0,3.0,0.0,36.0,36.0,0.0,2020_2021 6월.xlsx
2021,8,싱가포르,출항환적,4221.75,3055.75,1166.0,44240.5,40515.5,3725.0,2020_2021 6월.xlsx
2021,8,아랍에미리트연합국,출항환적,2558.25,2558.25,0.0,26082.5,25840.5,242.0,2020_2021 6월.xlsx
2021,8,아루바,출항환적,14.0,14.0,0.0,80.25,80.25,0.0,2020_2021 6월.xlsx
2021,8,아르헨티나,출항환적,710.0,710.0,0.0,7293.0,7282.0,11.0,2020_2021 6월.xlsx
2021,8,아메리칸사모아,출항환적,115.0,115.0,0.0,774.0,774.0,0.0,2020_2021 6월.xlsx
2021,8,아이티,출항환적,112.0,112.0,0.0,929.0,929.0,0.0,2020_2021 6월.xlsx
2021,8,아일랜드,출항환적,97.0,97.0,0.0,277.0,277.0,0.0,2020_2021 6월.xlsx
2021,8,알바니아,출항환적,,,,32.0,32.0,0.0,2020_2021 6월.xlsx
2021,8,알제리,출항환적,168.5,168.5,0.0,1610.25,1610.25,0.0,2020_2021 6월.xlsx
2021,8,앙골라,출항환적,,,,26.0,26.0,0.0,2020_2021 6월.xlsx
2021,8,앤티가 바부다,출항환적,16.0,16.0,0.0,113.0,113.0,0.0,2020_2021 6월.xlsx
2021,8,앤틸리스제도,출항환적,72.0,72.0,0.0,355.0,355.0,0.0,2020_2021 6월.xlsx
2021,8,앵귈라,출항환적,,,,4.0,4.0,0.0,2020_2021 6월.xlsx
2021,8,에리트레아,출항환적,,,,8.0,8.0,0.0,2020_2021 6월.xlsx
2021,8,에스토니아,출항환적,12.0,12.0,0.0,73.0,73.0,0.0,2020_2021 6월.xlsx
2021,8,에콰도르,출항환적,2118.0,1800.0,318.0,24274.25,19836.25,4438.0,2020_2021 6월.xlsx
2021,8,엘살바도르,출항환적,333.0,333.0,0.0,4007.5,4007.5,0.0,2020_2021 6월.xlsx
2021,8,영국,출항환적,2418.5,2418.5,0.0,15001.5,15000.5,1.0,2020_2021 6월.xlsx
2021,8,영국령 버진아일랜드,출항환적,1.0,1.0,0.0,11.0,11.0,0.0,2020_2021 6월.xlsx
2021,8,예멘,출항환적,12.0,12.0,0.0,29.0,29.0,0.0,2020_2021 6월.xlsx
2021,8,오만,출항환적,504.0,504.0,0.0,3600.5,3600.5,0.0,2020_2021 6월.xlsx
2021,8,온두라스,출항환적,555.0,555.0,0.0,3266.75,2804.75,462.0,2020_2021 6월.xlsx
2021,8,요르단,출항환적,228.0,228.0,0.0,1713.0,1713.0,0.0,2020_2021 6월.xlsx
2021,8,우루과이,출항환적,234.0,234.0,0.0,1820.0,1820.0,0.0,2020_2021 6월.xlsx
2021,8,우크라이나,출항환적,236.25,236.25,0.0,2420.0,2420.0,0.0,2020_2021 6월.xlsx
2021,8,원양어획지역,출항환적,63.0,63.0,0.0,123.0,123.0,0.0,2020_2021 6월.xlsx
2021,8,이라크,출항환적,32.0,32.0,0.0,303.0,303.0,0.0,2020_2021 6월.xlsx
2021,8,이란,출항환적,,,,14.0,14.0,0.0,2020_2021 6월.xlsx
2021,8,이스라엘,출항환적,2155.0,2141.0,14.0,9426.0,8656.0,770.0,2020_2021 6월.xlsx
2021,8,이집트,출항환적,1678.0,1648.0,30.0,12300.0,11574.0,726.0,2020_2021 6월.xlsx
2021,8,이탈리아,출항환적,1726.0,1726.0,0.0,21660.75,21641.75,19.0,2020_2021 6월.xlsx
2021,8,인도,출항환적,3820.25,3816.25,4.0,30045.75,29959.75,86.0,2020_2021 6월.xlsx
2021,8,인도네시아,출항환적,3560.0,3560.0,0.0,35348.0,35325.0,23.0,2020_2021 6월.xlsx
2021,8,일본,출항환적,69194.0,67953.0,1241.0,625397.0,616490.75,8906.25,2020_2021 6월.xlsx
2021,8,자메이카,출항환적,2032.0,2032.0,0.0,10206.0,10205.0,1.0,2020_2021 6월.xlsx
2021,8,적도 기니,출항환적,,,,8.0,8.0,0.0,2020_2021 6월.xlsx
2021,8,조지아,출항환적,122.25,122.25,0.0,955.25,955.25,0.0,2020_2021 6월.xlsx
2021,8,중국,출항환적,102482.0,95686.25,6795.75,777568.5,718427.5,59141.0,2020_2021 6월.xlsx
2021,8,지부티,출항환적,16.0,16.0,0.0,38.0,38.0,0.0,2020_2021 6월.xlsx
2021,8,칠레,출항환적,18219.0,18073.0,146.0,144817.75,142001.75,2816.0,2020_2021 6월.xlsx
2021,8,카메룬,출항환적,78.0,78.0,0.0,206.0,206.0,0.0,2020_2021 6월.xlsx
2021,8,카타르,출항환적,250.0,250.0,0.0,1774.25,1774.25,0.0,2020_2021 6월.xlsx
2021,8,캄보디아,출항환적,91.0,91.0,0.0,443.0,443.0,0.0,2020_2021 6월.xlsx
2021,8,캐나다,출항환적,32411.0,32411.0,0.0,240823.75,240569.75,254.0,2020_2021 6월.xlsx
2021,8,케냐,출항환적,57.0,57.0,0.0,554.0,554.0,0.0,2020_2021 6월.xlsx
2021,8,케이맨 제도,출항환적,6.0,6.0,0.0,65.0,65.0,0.0,2020_2021 6월.xlsx
2021,8,코스타리카,출항환적,958.0,958.0,0.0,7125.75,6867.75,258.0,2020_2021 6월.xlsx
2021,8,코트디부아르,출항환적,13.0,13.0,0.0,595.0,595.0,0.0,2020_2021 6월.xlsx
2021,8,콜롬비아,출항환적,7399.0,7399.0,0.0,57154.5,57052.5,102.0,2020_2021 6월.xlsx
2021,8,콩고,출항환적,,,,17.0,17.0,0.0,2020_2021 6월.xlsx
2021,8,콩고 민주 공화국,출항환적,6.0,6.0,0.0,32.0,32.0,0.0,2020_2021 6월.xlsx
2021,8,쿠바,출항환적,340.0,340.0,0.0,2543.0,2543.0,0.0,2020_2021 6월.xlsx
2021,8,쿠웨이트,출항환적,53.0,53.0,0.0,197.0,197.0,0.0,2020_2021 6월.xlsx
2021,8,쿡 제도,출항환적,,,,1.0,1.0,0.0,2020_2021 6월.xlsx
2021,8,퀴라소,출항환적,,,,35.0,35.0,0.0,2020_2021 6월.xlsx
2021,8,크로아티아,출항환적,213.0,213.0,0.0,1395.5,1395.5,0.0,2020_2021 6월.xlsx
2021,8,키리바시,출항환적,221.0,221.0,0.0,1716.0,1716.0,0.0,2020_2021 6월.xlsx
2021,8,키프로스,출항환적,14.0,14.0,0.0,69.0,69.0,0.0,2020_2021 6월.xlsx
2021,8,탄자니아,출항환적,13.0,13.0,0.0,180.0,180.0,0.0,2020_2021 6월.xlsx
2021,8,태국,출항환적,6563.0,6550.0,13.0,53098.5,52602.5,496.0,2020_2021 6월.xlsx
2021,8,토고,출항환적,9.0,9.0,0.0,65.0,65.0,0.0,2020_2021 6월.xlsx
2021,8,통가,출항환적,144.0,144.0,0.0,975.0,975.0,0.0,2020_2021 6월.xlsx
2021,8,튀니지,출항환적,220.25,220.25,0.0,996.5,996.5,0.0,2020_2021 6월.xlsx
2021,8,튀르키예,출항환적,3930.25,3930.25,0.0,24168.5,24168.5,0.0,2020_2021 6월.xlsx
2021,8,트리니다드 토바고,출항환적,364.0,364.0,0.0,3015.0,3015.0,0.0,2020_2021 6월.xlsx
2021,8,파나마,출항환적,5005.25,5005.25,0.0,28546.75,28277.75,269.0,2020_2021 6월.xlsx
2021,8,파라과이,출항환적,19.0,19.0,0.0,215.0,215.0,0.0,2020_2021 6월.xlsx
2021,8,파키스탄,출항환적,646.0,646.0,0.0,4038.75,4038.75,0.0,2020_2021 6월.xlsx
2021,8,파푸아 뉴기니,출항환적,296.0,296.0,0.0,2446.0,2445.0,1.0,2020_2021 6월.xlsx
2021,8,팔라우,출항환적,6.0,6.0,0.0,86.0,86.0,0.0,2020_2021 6월.xlsx
2021,8,페루,출항환적,4582.0,4582.0,0.0,47882.25,46700.25,1182.0,2020_2021 6월.xlsx
2021,8,포르투갈,출항환적,19.0,19.0,0.0,184.0,184.0,0.0,2020_2021 6월.xlsx
2021,8,폴란드,출항환적,282.0,282.0,0.0,1586.0,1586.0,0.0,2020_2021 6월.xlsx
2021,8,푸에르토리코,출항환적,785.0,785.0,0.0,4181.0,4181.0,0.0,2020_2021 6월.xlsx
2021,8,프랑스,출항환적,1693.0,1693.0,0.0,14598.25,14597.25,1.0,2020_2021 6월.xlsx
2021,8,프랑스령 기아나,출항환적,1.0,1.0,0.0,52.0,52.0,0.0,2020_2021 6월.xlsx
2021,8,프랑스령 폴리네시아,출항환적,161.0,161.0,0.0,855.0,855.0,0.0,2020_2021 6월.xlsx
2021,8,피지,출항환적,541.0,541.0,0.0,4578.0,4575.0,3.0,2020_2021 6월.xlsx
2021,8,핀란드,출항환적,53.0,53.0,0.0,227.0,227.0,0.0,2020_2021 6월.xlsx
2021,8,필리핀,출항환적,6318.0,6318.0,0.0,49465.5,49465.5,0.0,2020_2021 6월.xlsx
2021,8,호주,출항환적,1177.0,1162.0,15.0,16359.0,15009.0,1350.0,2020_2021 6월.xlsx
2021,8,홍콩,출항환적,5781.25,5727.25,54.0,34399.25,34145.25,254.0,2020_2021 6월.xlsx
2021,9,가나,입항,53.0,53.0,0.0,288.0,282.0,6.0,2020_2021 5월.xlsx
2021,9,가봉,입항,14.0,14.0,0.0,24.0,24.0,0.0,2020_2021 5월.xlsx
2021,9,가이아나,입항,1.0,1.0,0.0,25.0,23.0,2.0,2020_2021 5월.xlsx
2021,9,감비아,입항,6.0,6.0,0.0,49.0,49.0,0.0,2020_2021 5월.xlsx
2021,9,과테말라,입항,326.0,248.0,78.0,3834.0,2597.0,1237.0,2020_2021 5월.xlsx
2021,9,괌,입항,174.0,106.0,68.0,5059.25,814.5,4244.75,2020_2021 5월.xlsx
2021,9,그리스,입항,319.0,319.0,0.0,9364.5,3413.0,5951.5,2020_2021 5월.xlsx
2021,9,기니,입항,51.0,51.0,0.0,777.0,777.0,0.0,2020_2021 5월.xlsx
2021,9,기니비사우,입항,2.0,2.0,0.0,42.0,42.0,0.0,2020_2021 5월.xlsx
2021,9,나미비아,입항,4.0,4.0,0.0,79.0,79.0,0.0,2020_2021 5월.xlsx
2021,9,나이지리아,입항,40.0,40.0,0.0,532.0,532.0,0.0,2020_2021 5월.xlsx
2021,9,남아프리카,입항,717.0,709.0,8.0,7490.0,7167.0,323.0,2020_2021 5월.xlsx
2021,9,네덜란드,입항,7130.75,6888.75,242.0,64862.5,57823.0,7039.5,2020_2021 5월.xlsx
2021,9,노르웨이,입항,431.0,431.0,0.0,5599.0,5533.0,66.0,2020_2021 5월.xlsx
2021,9,뉴질랜드,입항,1049.0,922.0,127.0,20268.0,17991.0,2277.0,2020_2021 5월.xlsx
2021,9,뉴칼레도니아,입항,148.0,56.0,92.0,2256.0,160.0,2096.0,2020_2021 5월.xlsx
2021,9,니카라과,입항,17.0,11.0,6.0,159.0,153.0,6.0,2020_2021 5월.xlsx
2021,9,대만,입항,6891.25,4026.0,2865.25,66874.75,40515.0,26359.75,2020_2021 5월.xlsx
2021,9,대한민국,입항,7203.0,0.0,7203.0,57293.0,1.0,57292.0,2020_2021 5월.xlsx
2021,9,덴마크,입항,659.0,659.0,0.0,8499.0,8499.0,0.0,2020_2021 5월.xlsx
2021,9,도미니카 공화국,입항,177.0,171.0,6.0,1140.0,893.0,247.0,2020_2021 5월.xlsx
2021,9,독일,입항,11529.25,9968.75,1560.5,77103.5,72680.75,4422.75,2020_2021 5월.xlsx
2021,9,동티모르,입항,1.0,1.0,0.0,1.0,1.0,0.0,2020_2021 5월.xlsx
2021,9,라이베리아,입항,3.0,3.0,0.0,24.0,24.0,0.0,2020_2021 5월.xlsx
2021,9,라트비아,입항,905.0,905.0,0.0,8818.0,8818.0,0.0,2020_2021 5월.xlsx
2021,9,러시아,입항,13143.5,4113.0,9030.5,102917.5,34815.0,68102.5,2020_2021 5월.xlsx
2021,9,레바논,입항,41.0,41.0,0.0,942.0,850.0,92.0,2020_2021 5월.xlsx
2021,9,레위니옹,입항,4.0,4.0,0.0,20.0,19.0,1.0,2020_2021 5월.xlsx
2021,9,루마니아,입항,296.0,296.0,0.0,5172.25,2160.25,3012.0,2020_2021 5월.xlsx
2021,9,리비아,입항,33.0,33.0,0.0,340.0,340.0,0.0,2020_2021 5월.xlsx
2021,9,리투아니아,입항,254.0,254.0,0.0,4111.0,3402.0,709.0,2020_2021 5월.xlsx
2021,9,마다가스카르,입항,17.0,17.0,0.0,65.0,65.0,0.0,2020_2021 5월.xlsx
2021,9,마샬 제도,입항,156.0,9.0,147.0,3512.0,42.0,3470.0,2020_2021 5월.xlsx
2021,9,말레이시아,입항,7468.0,4861.0,2607.0,73728.25,46479.0,27249.25,2020_2021 5월.xlsx
2021,9,멕시코,입항,10460.0,3534.0,6926.0,78753.5,24095.0,54658.5,2020_2021 5월.xlsx
2021,9,모로코,입항,104.0,80.0,24.0,2743.0,1810.0,933.0,2020_2021 5월.xlsx
2021,9,모리셔스,입항,3.0,3.0,0.0,91.0,91.0,0.0,2020_2021 5월.xlsx
2021,9,모리타니,입항,30.0,30.0,0.0,243.0,243.0,0.0,2020_2021 5월.xlsx
2021,9,모잠비크,입항,114.0,114.0,0.0,836.0,836.0,0.0,2020_2021 5월.xlsx
2021,9,몬테네그로,입항,133.0,133.0,0.0,1064.0,1064.0,0.0,2020_2021 5월.xlsx
2021,9,몰타,입항,1025.25,1.0,1024.25,1346.25,86.0,1260.25,2020_2021 5월.xlsx
2021,9,미국,입항,53328.75,36446.75,16882.0,569151.0,350288.25,218862.75,2020_2021 5월.xlsx
2021,9,미얀마,입항,399.0,399.0,0.0,3083.0,3075.0,8.0,2020_2021 5월.xlsx
2021,9,미크로네시아,입항,16.0,11.0,5.0,97.0,71.0,26.0,2020_2021 5월.xlsx
2021,9,바누아투,입항,75.0,4.0,71.0,1858.0,9.0,1849.0,2020_2021 5월.xlsx
2021,9,바레인,입항,183.0,183.0,0.0,1860.0,1860.0,0.0,2020_2021 5월.xlsx
2021,9,바하마,입항,,,,3.0,3.0,0.0,2020_2021 5월.xlsx
2021,9,방글라데시,입항,675.0,673.0,2.0,5240.0,5103.0,137.0,2020_2021 5월.xlsx
2021,9,베냉,입항,,,,16.0,2.0,14.0,2020_2021 5월.xlsx
2021,9,베네수엘라,입항,41.0,41.0,0.0,226.0,226.0,0.0,2020_2021 5월.xlsx
2021,9,베트남,입항,10292.75,9683.0,609.75,124900.5,111415.0,13485.5,2020_2021 5월.xlsx
2021,9,벨기에,입항,4524.5,4472.5,52.0,31822.25,29753.25,2069.0,2020_2021 5월.xlsx
2021,9,북마리아나 제도,입항,43.0,18.0,25.0,7777.0,102.0,7675.0,2020_2021 5월.xlsx
2021,9,불가리아,입항,60.0,60.0,0.0,715.25,709.25,6.0,2020_2021 5월.xlsx
2021,9,브라질,입항,2508.0,1996.0,512.0,28625.0,19941.0,8684.0,2020_2021 5월.xlsx
2021,9,브루나이,입항,1.0,1.0,0.0,22.0,19.0,3.0,2020_2021 5월.xlsx
2021,9,사모아,입항,247.0,2.0,245.0,1788.0,18.0,1770.0,2020_2021 5월.xlsx
2021,9,사우디아라비아,입항,2832.0,441.0,2391.0,14048.0,5238.0,8810.0,2020_2021 5월.xlsx
2021,9,세네갈,입항,232.0,232.0,0.0,961.0,961.0,0.0,2020_2021 5월.xlsx
2021,9,세르비아,입항,,,,2.0,2.0,0.0,2020_2021 5월.xlsx
2021,9,세이셸,입항,,,,21.0,21.0,0.0,2020_2021 5월.xlsx
2021,9,세인트루시아,입항,3.0,3.0,0.0,7.0,7.0,0.0,2020_2021 5월.xlsx
2021,9,소말리아,입항,,,,34.0,1.0,33.0,2020_2021 5월.xlsx
2021,9,솔로몬제도,입항,20.0,20.0,0.0,52.0,24.0,28.0,2020_2021 5월.xlsx
2021,9,수단,입항,32.0,32.0,0.0,170.0,170.0,0.0,2020_2021 5월.xlsx
2021,9,수리남,입항,98.0,98.0,0.0,289.0,289.0,0.0,2020_2021 5월.xlsx
2021,9,스리랑카,입항,249.0,233.0,16.0,3235.0,3001.0,234.0,2020_2021 5월.xlsx
2021,9,스웨덴,입항,1127.0,1127.0,0.0,11524.0,11468.0,56.0,2020_2021 5월.xlsx
2021,9,스위스,입항,,,,15.0,15.0,0.0,2020_2021 5월.xlsx
2021,9,스페인,입항,3489.25,3446.25,43.0,33223.75,30906.25,2317.5,2020_2021 5월.xlsx
2021,9,슬로베니아,입항,1366.0,1366.0,0.0,12348.0,12142.0,206.0,2020_2021 5월.xlsx
2021,9,시에라 리온,입항,8.0,8.0,0.0,123.0,123.0,0.0,2020_2021 5월.xlsx
2021,9,싱가포르,입항,6480.75,3005.0,3475.75,45176.0,26744.0,18432.0,2020_2021 5월.xlsx
2021,9,아랍에미리트연합국,입항,4082.25,884.25,3198.0,43561.25,10878.25,32683.0,2020_2021 5월.xlsx
2021,9,아루바,입항,3.0,3.0,0.0,4.0,4.0,0.0,2020_2021 5월.xlsx
2021,9,아르헨티나,입항,629.0,196.0,433.0,5559.0,2375.0,3184.0,2020_2021 5월.xlsx
2021,9,아메리칸사모아,입항,34.0,29.0,5.0,579.0,232.0,347.0,2020_2021 5월.xlsx
2021,9,아이슬란드,입항,,,,10.0,10.0,0.0,2020_2021 5월.xlsx
2021,9,아이티,입항,68.0,68.0,0.0,85.0,85.0,0.0,2020_2021 5월.xlsx
2021,9,아일랜드,입항,300.0,291.0,9.0,1574.0,1565.0,9.0,2020_2021 5월.xlsx
2021,9,알바니아,입항,116.0,116.0,0.0,1320.0,1320.0,0.0,2020_2021 5월.xlsx
2021,9,알제리,입항,,,,4.0,4.0,0.0,2020_2021 5월.xlsx
2021,9,앙골라,입항,,,,39.0,39.0,0.0,2020_2021 5월.xlsx
2021,9,앤틸리스제도,입항,2.0,2.0,0.0,8.0,8.0,0.0,2020_2021 5월.xlsx
2021,9,에스토니아,입항,176.0,176.0,0.0,2316.25,2308.25,8.0,2020_2021 5월.xlsx
2021,9,에콰도르,입항,1069.0,465.0,604.0,8716.0,3110.0,5606.0,2020_2021 5월.xlsx
2021,9,엘살바도르,입항,59.0,58.0,1.0,1835.0,638.0,1197.0,2020_2021 5월.xlsx
2021,9,영국,입항,2186.25,1620.5,565.75,21974.75,15293.75,6681.0,2020_2021 5월.xlsx
2021,9,예멘,입항,69.0,69.0,0.0,1181.0,1181.0,0.0,2020_2021 5월.xlsx
2021,9,오만,입항,249.0,94.0,155.0,6245.0,2479.0,3766.0,2020_2021 5월.xlsx
2021,9,오스트리아,입항,,,,2.0,2.0,0.0,2020_2021 5월.xlsx
2021,9,온두라스,입항,68.0,68.0,0.0,767.0,767.0,0.0,2020_2021 5월.xlsx
2021,9,요르단,입항,190.0,181.0,9.0,1606.0,1368.0,238.0,2020_2021 5월.xlsx
2021,9,우루과이,입항,88.0,76.0,12.0,1339.0,757.0,582.0,2020_2021 5월.xlsx
2021,9,우크라이나,입항,266.0,266.0,0.0,3545.25,2187.25,1358.0,2020_2021 5월.xlsx
2021,9,원양어획지역,입항,,,,4.0,4.0,0.0,2020_2021 5월.xlsx
2021,9,이라크,입항,,,,16.0,0.0,16.0,2020_2021 5월.xlsx
2021,9,이란,입항,1.0,1.0,0.0,185.0,5.0,180.0,2020_2021 5월.xlsx
2021,9,이스라엘,입항,915.0,539.0,376.0,5606.0,4013.0,1593.0,2020_2021 5월.xlsx
2021,9,이집트,입항,1778.0,250.0,1528.0,12593.5,3446.0,9147.5,2020_2021 5월.xlsx
2021,9,이탈리아,입항,5174.25,5134.25,40.0,50101.25,45883.25,4218.0,2020_2021 5월.xlsx
2021,9,인도,입항,9510.0,7362.0,2148.0,94743.75,63382.25,31361.5,2020_2021 5월.xlsx
2021,9,인도네시아,입항,8702.5,6745.25,1957.25,68627.25,53449.0,15178.25,2020_2021 5월.xlsx
2021,9,일본,입항,60391.75,21878.0,38513.75,580438.0,189872.0,390566.0,2020_2021 5월.xlsx
2021,9,자메이카,입항,447.0,14.0,433.0,7000.0,130.0,6870.0,2020_2021 5월.xlsx
2021,9,적도 기니,입항,,,,5.0,5.0,0.0,2020_2021 5월.xlsx
2021,9,조지아,입항,7.0,7.0,0.0,165.0,165.0,0.0,2020_2021 5월.xlsx
2021,9,중국,입항,91588.0,69171.0,22417.0,922355.5,687127.75,235227.75,2020_2021 5월.xlsx
2021,9,지부티,입항,93.0,93.0,0.0,941.0,941.0,0.0,2020_2021 5월.xlsx
2021,9,체코,입항,,,,9.0,9.0,0.0,2020_2021 5월.xlsx
2021,9,칠레,입항,3717.0,3566.0,151.0,50808.0,42877.0,7931.0,2020_2021 5월.xlsx
2021,9,카메룬,입항,2.0,2.0,0.0,22.0,22.0,0.0,2020_2021 5월.xlsx
2021,9,카보 베르데,입항,2.0,2.0,0.0,2.0,2.0,0.0,2020_2021 5월.xlsx
2021,9,카타르,입항,1302.75,345.75,957.0,6585.75,4746.75,1839.0,2020_2021 5월.xlsx
2021,9,캄보디아,입항,134.0,134.0,0.0,1219.0,1219.0,0.0,2020_2021 5월.xlsx
2021,9,캐나다,입항,4489.25,3232.25,1257.0,81370.0,44181.25,37188.75,2020_2021 5월.xlsx
2021,9,케냐,입항,15.0,15.0,0.0,363.0,363.0,0.0,2020_2021 5월.xlsx
2021,9,코스타리카,입항,221.0,217.0,4.0,1317.0,1299.0,18.0,2020_2021 5월.xlsx
2021,9,코트디부아르,입항,23.0,23.0,0.0,92.0,89.0,3.0,2020_2021 5월.xlsx
2021,9,콜롬비아,입항,955.0,716.0,239.0,10683.0,4991.0,5692.0,2020_2021 5월.xlsx
2021,9,콩고,입항,4.0,4.0,0.0,42.0,42.0,0.0,2020_2021 5월.xlsx
2021,9,콩고 민주 공화국,입항,6.0,6.0,0.0,54.0,54.0,0.0,2020_2021 5월.xlsx
2021,9,쿠바,입항,,,,46.0,46.0,0.0,2020_2021 5월.xlsx
2021,9,쿠웨이트,입항,75.0,69.0,6.0,690.0,671.0,19.0,2020_2021 5월.xlsx
2021,9,퀴라소,입항,,,,10.0,10.0,0.0,2020_2021 5월.xlsx
2021,9,크로아티아,입항,329.0,328.0,1.0,1837.0,1810.0,27.0,2020_2021 5월.xlsx
2021,9,키리바시,입항,352.0,0.0,352.0,2358.0,1.0,2357.0,2020_2021 5월.xlsx
2021,9,키프로스,입항,14.0,14.0,0.0,120.0,120.0,0.0,2020_2021 5월.xlsx
2021,9,탄자니아,입항,110.0,110.0,0.0,2562.0,2562.0,0.0,2020_2021 5월.xlsx
2021,9,태국,입항,6872.5,6263.0,609.5,64771.25,62078.0,2693.25,2020_2021 5월.xlsx
2021,9,토고,입항,30.0,30.0,0.0,223.0,223.0,0.0,2020_2021 5월.xlsx
2021,9,통가,입항,544.0,1.0,543.0,1022.0,13.0,1009.0,2020_2021 5월.xlsx
2021,9,튀니지,입항,96.0,96.0,0.0,613.0,613.0,0.0,2020_2021 5월.xlsx
2021,9,튀르키예,입항,2006.25,1400.25,606.0,20671.75,15059.5,5612.25,2020_2021 5월.xlsx
2021,9,트리니다드 토바고,입항,30.0,30.0,0.0,313.0,313.0,0.0,2020_2021 5월.xlsx
2021,9,파나마,입항,3116.0,62.0,3054.0,18621.0,714.0,17907.0,2020_2021 5월.xlsx
2021,9,파라과이,입항,10.0,10.0,0.0,198.0,198.0,0.0,2020_2021 5월.xlsx
2021,9,파키스탄,입항,1342.0,577.0,765.0,16066.0,4587.0,11479.0,2020_2021 5월.xlsx
2021,9,파푸아 뉴기니,입항,91.0,65.0,26.0,343.0,317.0,26.0,2020_2021 5월.xlsx
2021,9,팔라우,입항,4.0,3.0,1.0,13.0,12.0,1.0,2020_2021 5월.xlsx
2021,9,페루,입항,1427.0,1407.0,20.0,14612.0,12754.0,1858.0,2020_2021 5월.xlsx
2021,9,포르투갈,입항,219.0,219.0,0.0,2294.0,2290.0,4.0,2020_2021 5월.xlsx
2021,9,폴란드,입항,1279.5,1279.5,0.0,10683.25,10640.25,43.0,2020_2021 5월.xlsx
2021,9,푸에르토리코,입항,144.0,144.0,0.0,1357.0,1357.0,0.0,2020_2021 5월.xlsx
2021,9,프랑스,입항,2888.0,2834.0,54.0,28491.5,26175.0,2316.5,2020_2021 5월.xlsx
2021,9,프랑스령 기아나,입항,2.0,2.0,0.0,2.0,2.0,0.0,2020_2021 5월.xlsx
2021,9,프랑스령 폴리네시아,입항,196.0,4.0,192.0,1977.0,46.0,1931.0,2020_2021 5월.xlsx
2021,9,피지,입항,23.0,21.0,2.0,707.0,140.0,567.0,2020_2021 5월.xlsx
2021,9,핀란드,입항,1357.0,1347.0,10.0,10823.0,10775.0,48.0,2020_2021 5월.xlsx
2021,9,필리핀,입항,4566.0,1756.0,2810.0,41714.0,19472.0,22242.0,2020_2021 5월.xlsx
2021,9,헝가리,입항,7.0,7.0,0.0,88.0,88.0,0.0,2020_2021 5월.xlsx
2021,9,호주,입항,10841.0,6087.0,4754.0,116582.0,54297.0,62285.0,2020_2021 5월.xlsx
2021,9,홍콩,입항,4581.0,3757.0,824.0,41223.0,33735.0,7488.0,2020_2021 5월.xlsx
2021,9,가나,입항환적,10.0,10.0,0.0,331.0,331.0,0.0,2020_2021 5월.xlsx
2021,9,가봉,입항환적,52.0,52.0,0.0,187.0,187.0,0.0,2020_2021 5월.xlsx
2021,9,가이아나,입항환적,14.0,14.0,0.0,1613.0,1613.0,0.0,2020_2021 5월.xlsx
2021,9,감비아,입항환적,,,,6.0,6.0,0.0,2020_2021 5월.xlsx
2021,9,과테말라,입항환적,313.0,313.0,0.0,4152.0,4146.0,6.0,2020_2021 5월.xlsx
2021,9,괌,입항환적,213.75,212.75,1.0,2814.5,2011.5,803.0,2020_2021 5월.xlsx
2021,9,그리스,입항환적,363.0,363.0,0.0,4306.75,3365.0,941.75,2020_2021 5월.xlsx
2021,9,기니,입항환적,1.0,1.0,0.0,23.0,23.0,0.0,2020_2021 5월.xlsx
2021,9,나미비아,입항환적,40.0,40.0,0.0,124.0,124.0,0.0,2020_2021 5월.xlsx
2021,9,나이지리아,입항환적,113.0,113.0,0.0,1223.0,1223.0,0.0,2020_2021 5월.xlsx
2021,9,남아프리카,입항환적,378.0,364.0,14.0,4522.0,4508.0,14.0,2020_2021 5월.xlsx
2021,9,네덜란드,입항환적,3004.0,3003.0,1.0,26922.5,26790.5,132.0,2020_2021 5월.xlsx
2021,9,노르웨이,입항환적,155.0,155.0,0.0,1825.0,1825.0,0.0,2020_2021 5월.xlsx
2021,9,뉴질랜드,입항환적,1246.0,1243.0,3.0,14769.0,14595.0,174.0,2020_2021 5월.xlsx
2021,9,뉴칼레도니아,입항환적,294.0,294.0,0.0,1440.0,1431.0,9.0,2020_2021 5월.xlsx
2021,9,니카라과,입항환적,425.0,425.0,0.0,2630.0,2628.0,2.0,2020_2021 5월.xlsx
2021,9,대만,입항환적,5948.75,5928.75,20.0,49042.0,48558.0,484.0,2020_2021 5월.xlsx
2021,9,대한민국,입항환적,5838.0,5565.0,273.0,74471.0,71714.0,2757.0,2020_2021 5월.xlsx
2021,9,덴마크,입항환적,208.0,208.0,0.0,2414.0,2390.0,24.0,2020_2021 5월.xlsx
2021,9,도미니카 공화국,입항환적,77.0,77.0,0.0,1201.0,1201.0,0.0,2020_2021 5월.xlsx
2021,9,도미니카 연방,입항환적,,,,1.0,1.0,0.0,2020_2021 5월.xlsx
2021,9,독일,입항환적,2865.0,2865.0,0.0,24081.75,24053.75,28.0,2020_2021 5월.xlsx
2021,9,동티모르,입항환적,15.0,15.0,0.0,29.0,29.0,0.0,2020_2021 5월.xlsx
2021,9,라이베리아,입항환적,,,,1.0,1.0,0.0,2020_2021 5월.xlsx
2021,9,라트비아,입항환적,191.0,191.0,0.0,2543.0,2543.0,0.0,2020_2021 5월.xlsx
2021,9,러시아,입항환적,16370.25,15624.0,746.25,146950.0,141587.25,5362.75,2020_2021 5월.xlsx
2021,9,레바논,입항환적,18.0,18.0,0.0,58.0,58.0,0.0,2020_2021 5월.xlsx
2021,9,레위니옹,입항환적,,,,6.0,6.0,0.0,2020_2021 5월.xlsx
2021,9,루마니아,입항환적,443.0,443.0,0.0,4904.75,4904.75,0.0,2020_2021 5월.xlsx
2021,9,리비아,입항환적,2.0,2.0,0.0,8.0,8.0,0.0,2020_2021 5월.xlsx
2021,9,리투아니아,입항환적,238.0,238.0,0.0,858.0,757.0,101.0,2020_2021 5월.xlsx
2021,9,마다가스카르,입항환적,9.0,9.0,0.0,80.0,80.0,0.0,2020_2021 5월.xlsx
2021,9,마르티니크,입항환적,,,,80.0,80.0,0.0,2020_2021 5월.xlsx
2021,9,마샬 제도,입항환적,30.0,30.0,0.0,351.0,349.0,2.0,2020_2021 5월.xlsx
2021,9,말레이시아,입항환적,6024.5,5825.5,199.0,63714.5,62836.5,878.0,2020_2021 5월.xlsx
2021,9,멕시코,입항환적,4853.0,4815.0,38.0,38103.75,36853.0,1250.75,2020_2021 5월.xlsx
2021,9,모로코,입항환적,222.0,222.0,0.0,1179.0,1177.0,2.0,2020_2021 5월.xlsx
2021,9,모리셔스,입항환적,11.0,11.0,0.0,282.0,282.0,0.0,2020_2021 5월.xlsx
2021,9,모리타니,입항환적,6.0,6.0,0.0,63.0,63.0,0.0,2020_2021 5월.xlsx
2021,9,모잠비크,입항환적,72.0,72.0,0.0,846.0,846.0,0.0,2020_2021 5월.xlsx
2021,9,몬테네그로,입항환적,4.0,4.0,0.0,36.0,36.0,0.0,2020_2021 5월.xlsx
2021,9,몰디브,입항환적,,,,3.0,3.0,0.0,2020_2021 5월.xlsx
2021,9,몰타,입항환적,2.0,2.0,0.0,511.0,350.0,161.0,2020_2021 5월.xlsx
2021,9,미국,입항환적,42117.75,41315.25,802.5,433170.25,403145.25,30025.0,2020_2021 5월.xlsx
2021,9,미얀마,입항환적,129.0,129.0,0.0,1144.0,1134.0,10.0,2020_2021 5월.xlsx
2021,9,미크로네시아,입항환적,,,,29.0,26.0,3.0,2020_2021 5월.xlsx
2021,9,바누아투,입항환적,40.0,0.0,40.0,232.0,61.0,171.0,2020_2021 5월.xlsx
2021,9,바레인,입항환적,98.0,98.0,0.0,304.0,304.0,0.0,2020_2021 5월.xlsx
2021,9,바베이도스,입항환적,18.0,18.0,0.0,20.0,20.0,0.0,2020_2021 5월.xlsx
2021,9,바하마,입항환적,,,,11.0,11.0,0.0,2020_2021 5월.xlsx
2021,9,방글라데시,입항환적,827.0,827.0,0.0,5393.0,5393.0,0.0,2020_2021 5월.xlsx
2021,9,베냉,입항환적,,,,76.0,76.0,0.0,2020_2021 5월.xlsx
2021,9,베네수엘라,입항환적,154.0,154.0,0.0,1621.0,1621.0,0.0,2020_2021 5월.xlsx
2021,9,베트남,입항환적,6763.0,6763.0,0.0,83637.5,83614.5,23.0,2020_2021 5월.xlsx
2021,9,벨기에,입항환적,2561.0,2561.0,0.0,20375.5,20267.5,108.0,2020_2021 5월.xlsx
2021,9,벨리즈,입항환적,,,,898.0,898.0,0.0,2020_2021 5월.xlsx
2021,9,북마리아나 제도,입항환적,5.0,5.0,0.0,503.0,15.0,488.0,2020_2021 5월.xlsx
2021,9,불가리아,입항환적,240.0,240.0,0.0,910.0,910.0,0.0,2020_2021 5월.xlsx
2021,9,브라질,입항환적,6108.0,6108.0,0.0,54707.0,53355.0,1352.0,2020_2021 5월.xlsx
2021,9,브루나이,입항환적,11.0,11.0,0.0,164.0,164.0,0.0,2020_2021 5월.xlsx
2021,9,사모아,입항환적,3.0,3.0,0.0,99.0,99.0,0.0,2020_2021 5월.xlsx
2021,9,사우디아라비아,입항환적,632.0,632.0,0.0,6416.0,5998.0,418.0,2020_2021 5월.xlsx
2021,9,세네갈,입항환적,37.0,37.0,0.0,468.0,468.0,0.0,2020_2021 5월.xlsx
2021,9,세이셸,입항환적,6.0,6.0,0.0,16.0,16.0,0.0,2020_2021 5월.xlsx
2021,9,세인트루시아,입항환적,,,,24.0,24.0,0.0,2020_2021 5월.xlsx
2021,9,소말리아,입항환적,,,,1.0,1.0,0.0,2020_2021 5월.xlsx
2021,9,솔로몬제도,입항환적,4.0,4.0,0.0,27.0,27.0,0.0,2020_2021 5월.xlsx
2021,9,수단,입항환적,46.0,46.0,0.0,1725.0,1725.0,0.0,2020_2021 5월.xlsx
2021,9,수리남,입항환적,109.0,109.0,0.0,457.0,457.0,0.0,2020_2021 5월.xlsx
2021,9,스리랑카,입항환적,327.0,327.0,0.0,2912.0,2874.0,38.0,2020_2021 5월.xlsx
2021,9,스웨덴,입항환적,932.0,932.0,0.0,7307.0,7307.0,0.0,2020_2021 5월.xlsx
2021,9,스페인,입항환적,2956.0,2956.0,0.0,23468.25,23264.25,204.0,2020_2021 5월.xlsx
2021,9,슬로베니아,입항환적,1431.0,1431.0,0.0,8019.0,8019.0,0.0,2020_2021 5월.xlsx
2021,9,시리아,입항환적,1.0,1.0,0.0,4.0,4.0,0.0,2020_2021 5월.xlsx
2021,9,시에라 리온,입항환적,,,,76.0,76.0,0.0,2020_2021 5월.xlsx
2021,9,싱가포르,입항환적,2094.25,2084.25,10.0,20616.25,18206.25,2410.0,2020_2021 5월.xlsx
2021,9,아랍에미리트연합국,입항환적,1472.0,1384.0,88.0,16074.5,14590.5,1484.0,2020_2021 5월.xlsx
2021,9,아루바,입항환적,,,,30.0,30.0,0.0,2020_2021 5월.xlsx
2021,9,아르헨티나,입항환적,725.0,725.0,0.0,7358.0,7317.0,41.0,2020_2021 5월.xlsx
2021,9,아메리칸사모아,입항환적,,,,10.0,10.0,0.0,2020_2021 5월.xlsx
2021,9,아이슬란드,입항환적,16.0,16.0,0.0,56.0,56.0,0.0,2020_2021 5월.xlsx
2021,9,아이티,입항환적,,,,41.0,41.0,0.0,2020_2021 5월.xlsx
2021,9,아일랜드,입항환적,241.0,241.0,0.0,839.0,839.0,0.0,2020_2021 5월.xlsx
2021,9,알바니아,입항환적,230.0,230.0,0.0,649.0,649.0,0.0,2020_2021 5월.xlsx
2021,9,알제리,입항환적,53.25,53.25,0.0,64.25,64.25,0.0,2020_2021 5월.xlsx
2021,9,앙골라,입항환적,9.0,9.0,0.0,22.0,22.0,0.0,2020_2021 5월.xlsx
2021,9,앤티가 바부다,입항환적,,,,6.0,6.0,0.0,2020_2021 5월.xlsx
2021,9,앤틸리스제도,입항환적,,,,27.0,27.0,0.0,2020_2021 5월.xlsx
2021,9,에스토니아,입항환적,129.0,129.0,0.0,667.0,667.0,0.0,2020_2021 5월.xlsx
2021,9,에콰도르,입항환적,5785.0,5785.0,0.0,35258.0,35133.0,125.0,2020_2021 5월.xlsx
2021,9,엘살바도르,입항환적,111.0,111.0,0.0,963.0,955.0,8.0,2020_2021 5월.xlsx
2021,9,영국,입항환적,796.0,741.0,55.0,7420.0,7240.25,179.75,2020_2021 5월.xlsx
2021,9,예멘,입항환적,2.0,2.0,0.0,15.0,15.0,0.0,2020_2021 5월.xlsx
2021,9,오만,입항환적,198.0,198.0,0.0,3999.0,3991.0,8.0,2020_2021 5월.xlsx
2021,9,오스트리아,입항환적,,,,2.0,2.0,0.0,2020_2021 5월.xlsx
2021,9,온두라스,입항환적,148.0,148.0,0.0,566.0,566.0,0.0,2020_2021 5월.xlsx
2021,9,요르단,입항환적,49.0,49.0,0.0,367.0,367.0,0.0,2020_2021 5월.xlsx
2021,9,우루과이,입항환적,694.0,694.0,0.0,4579.0,4579.0,0.0,2020_2021 5월.xlsx
2021,9,우크라이나,입항환적,724.0,724.0,0.0,6581.0,6401.0,180.0,2020_2021 5월.xlsx
2021,9,원양어획지역,입항환적,18.0,18.0,0.0,704.0,704.0,0.0,2020_2021 5월.xlsx
2021,9,이란,입항환적,,,,1.0,1.0,0.0,2020_2021 5월.xlsx
2021,9,이스라엘,입항환적,250.0,250.0,0.0,3438.0,2746.0,692.0,2020_2021 5월.xlsx
2021,9,이집트,입항환적,1017.0,1017.0,0.0,8409.0,8407.0,2.0,2020_2021 5월.xlsx
2021,9,이탈리아,입항환적,3207.0,3203.0,4.0,30241.0,29690.0,551.0,2020_2021 5월.xlsx
2021,9,인도,입항환적,6143.0,6101.0,42.0,52528.75,51785.75,743.0,2020_2021 5월.xlsx
2021,9,인도네시아,입항환적,14407.75,14400.75,7.0,112927.25,112877.25,50.0,2020_2021 5월.xlsx
2021,9,일본,입항환적,62564.0,56484.0,6080.0,577543.5,532946.0,44597.5,2020_2021 5월.xlsx
2021,9,자메이카,입항환적,,,,151.0,124.0,27.0,2020_2021 5월.xlsx
2021,9,적도 기니,입항환적,,,,181.0,181.0,0.0,2020_2021 5월.xlsx
2021,9,조지아,입항환적,9.0,9.0,0.0,172.0,172.0,0.0,2020_2021 5월.xlsx
2021,9,중국,입항환적,232363.75,230876.5,1487.25,2064769.5,2026567.25,38202.25,2020_2021 5월.xlsx
2021,9,지부티,입항환적,40.0,40.0,0.0,291.0,291.0,0.0,2020_2021 5월.xlsx
2021,9,칠레,입항환적,7551.0,7551.0,0.0,64011.0,63926.0,85.0,2020_2021 5월.xlsx
2021,9,카메룬,입항환적,5.0,5.0,0.0,138.0,138.0,0.0,2020_2021 5월.xlsx
2021,9,카타르,입항환적,114.0,114.0,0.0,2019.0,1987.0,32.0,2020_2021 5월.xlsx
2021,9,캄보디아,입항환적,464.5,464.5,0.0,4064.75,4064.75,0.0,2020_2021 5월.xlsx
2021,9,캐나다,입항환적,8405.75,8405.75,0.0,120844.75,120095.25,749.5,2020_2021 5월.xlsx
2021,9,케냐,입항환적,35.0,35.0,0.0,613.0,613.0,0.0,2020_2021 5월.xlsx
2021,9,코스타리카,입항환적,624.0,624.0,0.0,3752.0,3752.0,0.0,2020_2021 5월.xlsx
2021,9,코트디부아르,입항환적,10.0,10.0,0.0,159.0,159.0,0.0,2020_2021 5월.xlsx
2021,9,콜롬비아,입항환적,500.0,500.0,0.0,5805.25,4618.0,1187.25,2020_2021 5월.xlsx
2021,9,콩고,입항환적,4.0,4.0,0.0,49.0,49.0,0.0,2020_2021 5월.xlsx
2021,9,콩고 민주 공화국,입항환적,4.0,4.0,0.0,4.0,4.0,0.0,2020_2021 5월.xlsx
2021,9,쿠바,입항환적,3.0,3.0,0.0,479.0,479.0,0.0,2020_2021 5월.xlsx
2021,9,쿠웨이트,입항환적,50.0,50.0,0.0,245.0,245.0,0.0,2020_2021 5월.xlsx
2021,9,퀴라소,입항환적,12.0,12.0,0.0,66.0,66.0,0.0,2020_2021 5월.xlsx
2021,9,크로아티아,입항환적,196.0,196.0,0.0,1635.25,1633.25,2.0,2020_2021 5월.xlsx
2021,9,키리바시,입항환적,,,,4.0,4.0,0.0,2020_2021 5월.xlsx
2021,9,키프로스,입항환적,18.0,18.0,0.0,305.0,305.0,0.0,2020_2021 5월.xlsx
2021,9,탄자니아,입항환적,3.0,3.0,0.0,179.0,179.0,0.0,2020_2021 5월.xlsx
2021,9,태국,입항환적,10232.0,10232.0,0.0,82698.5,82612.5,86.0,2020_2021 5월.xlsx
2021,9,토고,입항환적,1.0,1.0,0.0,131.0,131.0,0.0,2020_2021 5월.xlsx
2021,9,통가,입항환적,1.0,1.0,0.0,3.0,3.0,0.0,2020_2021 5월.xlsx
2021,9,튀니지,입항환적,16.0,16.0,0.0,182.0,182.0,0.0,2020_2021 5월.xlsx
2021,9,튀르키예,입항환적,3128.0,3127.0,1.0,28767.0,28546.0,221.0,2020_2021 5월.xlsx
2021,9,트리니다드 토바고,입항환적,14.0,14.0,0.0,293.0,293.0,0.0,2020_2021 5월.xlsx
2021,9,파나마,입항환적,1364.0,1360.0,4.0,8887.25,7014.0,1873.25,2020_2021 5월.xlsx
2021,9,파라과이,입항환적,122.0,122.0,0.0,283.0,283.0,0.0,2020_2021 5월.xlsx
2021,9,파키스탄,입항환적,721.0,586.0,135.0,10785.75,8779.75,2006.0,2020_2021 5월.xlsx
2021,9,파푸아 뉴기니,입항환적,26.0,26.0,0.0,73.0,73.0,0.0,2020_2021 5월.xlsx
2021,9,팔라우,입항환적,1.0,1.0,0.0,2.0,2.0,0.0,2020_2021 5월.xlsx
2021,9,페로 제도,입항환적,,,,4.0,4.0,0.0,2020_2021 5월.xlsx
2021,9,페루,입항환적,2919.0,2915.0,4.0,23775.0,23681.0,94.0,2020_2021 5월.xlsx
2021,9,포르투갈,입항환적,353.0,353.0,0.0,1502.0,1502.0,0.0,2020_2021 5월.xlsx
2021,9,폴란드,입항환적,287.0,287.0,0.0,1899.5,1899.5,0.0,2020_2021 5월.xlsx
2021,9,푸에르토리코,입항환적,203.0,203.0,0.0,1412.0,1412.0,0.0,2020_2021 5월.xlsx
2021,9,프랑스,입항환적,1943.0,1943.0,0.0,18600.0,18329.0,271.0,2020_2021 5월.xlsx
2021,9,프랑스령 폴리네시아,입항환적,209.0,0.0,209.0,220.0,3.0,217.0,2020_2021 5월.xlsx
2021,9,피지,입항환적,13.0,13.0,0.0,206.0,202.0,4.0,2020_2021 5월.xlsx
2021,9,핀란드,입항환적,1247.0,1247.0,0.0,12006.0,12006.0,0.0,2020_2021 5월.xlsx
2021,9,필리핀,입항환적,4805.5,4805.5,0.0,54275.5,52810.5,1465.0,2020_2021 5월.xlsx
2021,9,헝가리,입항환적,,,,6.0,6.0,0.0,2020_2021 5월.xlsx
2021,9,호주,입항환적,7271.0,6707.0,564.0,66926.0,63147.0,3779.0,2020_2021 5월.xlsx
2021,9,홍콩,입항환적,3655.25,3655.25,0.0,34829.25,33977.25,852.0,2020_2021 5월.xlsx
2021,9,가나,출항,291.0,291.0,0.0,2815.0,2815.0,0.0,2020_2021 5월.xlsx
2021,9,가봉,출항,2.0,2.0,0.0,32.0,32.0,0.0,2020_2021 5월.xlsx
2021,9,가이아나,출항,12.0,12.0,0.0,118.0,118.0,0.0,2020_2021 5월.xlsx
2021,9,감비아,출항,,,,8.0,8.0,0.0,2020_2021 5월.xlsx
2021,9,과들루프,출항,2.0,2.0,0.0,15.0,15.0,0.0,2020_2021 5월.xlsx
2021,9,과테말라,출항,428.0,428.0,0.0,3376.0,3324.0,52.0,2020_2021 5월.xlsx
2021,9,괌,출항,307.0,205.0,102.0,1957.0,1759.0,198.0,2020_2021 5월.xlsx
2021,9,그레나다,출항,,,,13.0,13.0,0.0,2020_2021 5월.xlsx
2021,9,그리스,출항,383.0,381.0,2.0,7415.5,7399.5,16.0,2020_2021 5월.xlsx
2021,9,기니,출항,5.0,5.0,0.0,144.0,144.0,0.0,2020_2021 5월.xlsx
2021,9,나미비아,출항,8.0,8.0,0.0,56.0,56.0,0.0,2020_2021 5월.xlsx
2021,9,나우루,출항,,,,1.0,1.0,0.0,2020_2021 5월.xlsx
2021,9,나이지리아,출항,91.0,91.0,0.0,1891.75,1891.75,0.0,2020_2021 5월.xlsx
2021,9,남아프리카,출항,278.0,278.0,0.0,3224.0,3223.0,1.0,2020_2021 5월.xlsx
2021,9,네덜란드,출항,8582.0,8576.0,6.0,73411.0,73212.0,199.0,2020_2021 5월.xlsx
2021,9,노르웨이,출항,9.0,9.0,0.0,228.25,228.25,0.0,2020_2021 5월.xlsx
2021,9,뉴질랜드,출항,955.0,955.0,0.0,10438.0,9688.0,750.0,2020_2021 5월.xlsx
2021,9,뉴칼레도니아,출항,36.0,36.0,0.0,530.0,243.0,287.0,2020_2021 5월.xlsx
2021,9,니카라과,출항,62.0,62.0,0.0,380.0,380.0,0.0,2020_2021 5월.xlsx
2021,9,대만,출항,9404.25,9264.25,140.0,100228.5,94738.25,5490.25,2020_2021 5월.xlsx
2021,9,대한민국,출항,6303.0,172.0,6131.0,84361.25,1019.0,83342.25,2020_2021 5월.xlsx
2021,9,덴마크,출항,127.0,127.0,0.0,998.0,998.0,0.0,2020_2021 5월.xlsx
2021,9,도미니카 공화국,출항,254.0,254.0,0.0,2231.0,1827.0,404.0,2020_2021 5월.xlsx
2021,9,독일,출항,8654.5,8510.5,144.0,65258.75,64582.75,676.0,2020_2021 5월.xlsx
2021,9,라이베리아,출항,1.0,1.0,0.0,110.0,110.0,0.0,2020_2021 5월.xlsx
2021,9,라트비아,출항,34.0,34.0,0.0,370.0,370.0,0.0,2020_2021 5월.xlsx
2021,9,러시아,출항,13825.25,13646.25,179.0,118104.5,115545.5,2559.0,2020_2021 5월.xlsx
2021,9,레바논,출항,14.0,14.0,0.0,818.75,818.75,0.0,2020_2021 5월.xlsx
2021,9,레위니옹,출항,8.0,8.0,0.0,117.0,117.0,0.0,2020_2021 5월.xlsx
2021,9,루마니아,출항,107.0,107.0,0.0,2398.0,2388.0,10.0,2020_2021 5월.xlsx
2021,9,리비아,출항,164.0,164.0,0.0,1048.25,1048.25,0.0,2020_2021 5월.xlsx
2021,9,리투아니아,출항,82.0,82.0,0.0,1407.0,1407.0,0.0,2020_2021 5월.xlsx
2021,9,마다가스카르,출항,40.0,40.0,0.0,192.0,192.0,0.0,2020_2021 5월.xlsx
2021,9,마르티니크,출항,4.0,4.0,0.0,18.0,18.0,0.0,2020_2021 5월.xlsx
2021,9,마샬 제도,출항,90.0,15.0,75.0,489.0,152.0,337.0,2020_2021 5월.xlsx
2021,9,마요트,출항,,,,76.0,76.0,0.0,2020_2021 5월.xlsx
2021,9,말레이시아,출항,5897.75,5875.75,22.0,65878.25,65196.25,682.0,2020_2021 5월.xlsx
2021,9,멕시코,출항,15381.0,15321.0,60.0,132900.0,130777.0,2123.0,2020_2021 5월.xlsx
2021,9,모로코,출항,430.0,420.0,10.0,2567.5,2557.5,10.0,2020_2021 5월.xlsx
2021,9,모리셔스,출항,14.0,14.0,0.0,120.0,120.0,0.0,2020_2021 5월.xlsx
2021,9,모리타니,출항,58.0,58.0,0.0,103.0,103.0,0.0,2020_2021 5월.xlsx
2021,9,모잠비크,출항,65.0,65.0,0.0,875.0,875.0,0.0,2020_2021 5월.xlsx
2021,9,몬테네그로,출항,2.0,2.0,0.0,35.0,35.0,0.0,2020_2021 5월.xlsx
2021,9,몰디브,출항,6.0,6.0,0.0,66.0,66.0,0.0,2020_2021 5월.xlsx
2021,9,몰타,출항,17.0,17.0,0.0,1603.0,1563.0,40.0,2020_2021 5월.xlsx
2021,9,미국,출항,69708.75,69552.75,156.0,693994.5,687713.5,6281.0,2020_2021 5월.xlsx
2021,9,미국령 버진아일랜드,출항,,,,5.0,5.0,0.0,2020_2021 5월.xlsx
2021,9,미얀마,출항,29.0,29.0,0.0,140.0,140.0,0.0,2020_2021 5월.xlsx
2021,9,미크로네시아,출항,19.0,17.0,2.0,257.0,218.0,39.0,2020_2021 5월.xlsx
2021,9,바누아투,출항,6.0,6.0,0.0,283.0,75.0,208.0,2020_2021 5월.xlsx
2021,9,바레인,출항,95.0,95.0,0.0,480.0,480.0,0.0,2020_2021 5월.xlsx
2021,9,바베이도스,출항,1.0,1.0,0.0,18.0,18.0,0.0,2020_2021 5월.xlsx
2021,9,바하마,출항,1838.0,9.0,1829.0,11258.0,64.0,11194.0,2020_2021 5월.xlsx
2021,9,방글라데시,출항,78.0,78.0,0.0,935.0,935.0,0.0,2020_2021 5월.xlsx
2021,9,베냉,출항,18.0,18.0,0.0,67.0,67.0,0.0,2020_2021 5월.xlsx
2021,9,베네수엘라,출항,28.0,28.0,0.0,329.0,329.0,0.0,2020_2021 5월.xlsx
2021,9,베트남,출항,14549.0,14287.0,262.0,184368.5,178814.25,5554.25,2020_2021 5월.xlsx
2021,9,벨기에,출항,2831.25,2824.25,7.0,17927.25,17857.25,70.0,2020_2021 5월.xlsx
2021,9,벨리즈,출항,8.0,8.0,0.0,26.0,26.0,0.0,2020_2021 5월.xlsx
2021,9,북마리아나 제도,출항,150.0,127.0,23.0,785.0,762.0,23.0,2020_2021 5월.xlsx
2021,9,불가리아,출항,23.0,23.0,0.0,407.0,407.0,0.0,2020_2021 5월.xlsx
2021,9,브라질,출항,4759.0,4759.0,0.0,46593.0,46543.0,50.0,2020_2021 5월.xlsx
2021,9,브루나이,출항,1.0,1.0,0.0,2.0,2.0,0.0,2020_2021 5월.xlsx
2021,9,사모아,출항,22.0,22.0,0.0,242.0,112.0,130.0,2020_2021 5월.xlsx
2021,9,사우디아라비아,출항,2821.0,2821.0,0.0,30565.25,30565.25,0.0,2020_2021 5월.xlsx
2021,9,세네갈,출항,31.0,31.0,0.0,547.0,535.0,12.0,2020_2021 5월.xlsx
2021,9,세이셸,출항,24.0,24.0,0.0,125.0,125.0,0.0,2020_2021 5월.xlsx
2021,9,세인트루시아,출항,,,,19.0,19.0,0.0,2020_2021 5월.xlsx
2021,9,세인트키츠 네비스,출항,,,,2.0,2.0,0.0,2020_2021 5월.xlsx
2021,9,소말리아,출항,14.0,14.0,0.0,69.0,69.0,0.0,2020_2021 5월.xlsx
2021,9,솔로몬제도,출항,16.0,16.0,0.0,186.0,152.0,34.0,2020_2021 5월.xlsx
2021,9,수단,출항,,,,24.0,24.0,0.0,2020_2021 5월.xlsx
2021,9,수리남,출항,5.0,5.0,0.0,29.0,29.0,0.0,2020_2021 5월.xlsx
2021,9,스리랑카,출항,827.0,827.0,0.0,6990.25,6974.25,16.0,2020_2021 5월.xlsx
2021,9,스웨덴,출항,524.0,524.0,0.0,3674.0,3674.0,0.0,2020_2021 5월.xlsx
2021,9,스페인,출항,3479.0,3181.0,298.0,29437.0,27932.0,1505.0,2020_2021 5월.xlsx
2021,9,슬로베니아,출항,11122.75,11122.75,0.0,82216.75,82092.75,124.0,2020_2021 5월.xlsx
2021,9,시리아,출항,4.0,4.0,0.0,182.0,182.0,0.0,2020_2021 5월.xlsx
2021,9,시에라 리온,출항,2.0,2.0,0.0,47.0,47.0,0.0,2020_2021 5월.xlsx
2021,9,싱가포르,출항,6339.75,6166.75,173.0,56848.25,55271.0,1577.25,2020_2021 5월.xlsx
2021,9,아랍에미리트연합국,출항,4695.0,4691.0,4.0,44981.0,44819.0,162.0,2020_2021 5월.xlsx
2021,9,아루바,출항,33.0,33.0,0.0,41.0,41.0,0.0,2020_2021 5월.xlsx
2021,9,아르헨티나,출항,458.0,442.0,16.0,4811.0,4710.0,101.0,2020_2021 5월.xlsx
2021,9,아메리칸사모아,출항,39.0,39.0,0.0,512.0,512.0,0.0,2020_2021 5월.xlsx
2021,9,아이티,출항,20.0,20.0,0.0,113.0,113.0,0.0,2020_2021 5월.xlsx
2021,9,아일랜드,출항,34.0,34.0,0.0,257.0,257.0,0.0,2020_2021 5월.xlsx
2021,9,알바니아,출항,13.0,13.0,0.0,97.0,97.0,0.0,2020_2021 5월.xlsx
2021,9,알제리,출항,187.0,177.0,10.0,1253.25,1243.25,10.0,2020_2021 5월.xlsx
2021,9,앙골라,출항,22.0,22.0,0.0,1204.0,1204.0,0.0,2020_2021 5월.xlsx
2021,9,앤틸리스제도,출항,5.0,5.0,0.0,36.0,36.0,0.0,2020_2021 5월.xlsx
2021,9,에스토니아,출항,23.5,23.5,0.0,239.25,239.25,0.0,2020_2021 5월.xlsx
2021,9,에콰도르,출항,566.0,526.0,40.0,14917.0,4885.0,10032.0,2020_2021 5월.xlsx
2021,9,엘살바도르,출항,55.0,55.0,0.0,637.0,637.0,0.0,2020_2021 5월.xlsx
2021,9,영국,출항,2314.25,2266.25,48.0,19389.75,19250.75,139.0,2020_2021 5월.xlsx
2021,9,영국령 버진아일랜드,출항,,,,1.0,1.0,0.0,2020_2021 5월.xlsx
2021,9,예멘,출항,23.0,23.0,0.0,158.0,158.0,0.0,2020_2021 5월.xlsx
2021,9,오만,출항,143.0,143.0,0.0,1695.25,1695.25,0.0,2020_2021 5월.xlsx
2021,9,온두라스,출항,93.0,93.0,0.0,859.0,561.0,298.0,2020_2021 5월.xlsx
2021,9,요르단,출항,310.0,310.0,0.0,2185.0,2185.0,0.0,2020_2021 5월.xlsx
2021,9,우루과이,출항,323.0,323.0,0.0,2690.0,2670.0,20.0,2020_2021 5월.xlsx
2021,9,우크라이나,출항,62.0,62.0,0.0,1023.25,1007.25,16.0,2020_2021 5월.xlsx
2021,9,이라크,출항,193.0,193.0,0.0,1458.0,1458.0,0.0,2020_2021 5월.xlsx
2021,9,이란,출항,378.0,378.0,0.0,731.0,731.0,0.0,2020_2021 5월.xlsx
2021,9,이스라엘,출항,892.0,890.0,2.0,8684.0,8528.0,156.0,2020_2021 5월.xlsx
2021,9,이집트,출항,3000.0,3000.0,0.0,31709.25,31427.25,282.0,2020_2021 5월.xlsx
2021,9,이탈리아,출항,3778.0,3776.0,2.0,34739.5,34702.5,37.0,2020_2021 5월.xlsx
2021,9,인도,출항,12729.25,12722.25,7.0,119924.75,118731.75,1193.0,2020_2021 5월.xlsx
2021,9,인도네시아,출항,7522.0,7514.0,8.0,74857.25,74338.25,519.0,2020_2021 5월.xlsx
2021,9,일본,출항,32784.5,26632.0,6152.5,319688.0,253626.75,66061.25,2020_2021 5월.xlsx
2021,9,자메이카,출항,157.0,157.0,0.0,2156.0,1748.0,408.0,2020_2021 5월.xlsx
2021,9,적도 기니,출항,2.0,2.0,0.0,9.0,9.0,0.0,2020_2021 5월.xlsx
2021,9,조지아,출항,19.0,19.0,0.0,122.0,122.0,0.0,2020_2021 5월.xlsx
2021,9,중국,출항,85837.0,51565.75,34271.25,861237.75,481818.0,379419.75,2020_2021 5월.xlsx
2021,9,지부티,출항,5.0,5.0,0.0,84.0,84.0,0.0,2020_2021 5월.xlsx
2021,9,칠레,출항,1773.0,1773.0,0.0,17494.0,16941.0,553.0,2020_2021 5월.xlsx
2021,9,카메룬,출항,18.0,18.0,0.0,305.0,305.0,0.0,2020_2021 5월.xlsx
2021,9,카보 베르데,출항,,,,5.0,5.0,0.0,2020_2021 5월.xlsx
2021,9,카타르,출항,437.0,427.0,10.0,3844.5,3682.5,162.0,2020_2021 5월.xlsx
2021,9,캄보디아,출항,611.0,611.0,0.0,3316.0,3316.0,0.0,2020_2021 5월.xlsx
2021,9,캐나다,출항,9766.25,9766.25,0.0,94500.5,94353.5,147.0,2020_2021 5월.xlsx
2021,9,케냐,출항,188.0,188.0,0.0,1119.0,1119.0,0.0,2020_2021 5월.xlsx
2021,9,케이맨 제도,출항,1.0,1.0,0.0,3.0,3.0,0.0,2020_2021 5월.xlsx
2021,9,코스타리카,출항,98.0,98.0,0.0,944.0,910.0,34.0,2020_2021 5월.xlsx
2021,9,코트디부아르,출항,15.0,15.0,0.0,773.0,773.0,0.0,2020_2021 5월.xlsx
2021,9,콜롬비아,출항,1662.0,1468.0,194.0,13648.0,12993.0,655.0,2020_2021 5월.xlsx
2021,9,콩고,출항,,,,48.0,48.0,0.0,2020_2021 5월.xlsx
2021,9,콩고 민주 공화국,출항,3.0,3.0,0.0,155.0,155.0,0.0,2020_2021 5월.xlsx
2021,9,쿠바,출항,3.0,3.0,0.0,26.0,26.0,0.0,2020_2021 5월.xlsx
2021,9,쿠웨이트,출항,71.0,71.0,0.0,1120.0,1120.0,0.0,2020_2021 5월.xlsx
2021,9,크로아티아,출항,949.0,949.0,0.0,9022.75,8962.75,60.0,2020_2021 5월.xlsx
2021,9,키리바시,출항,7.0,7.0,0.0,60.0,60.0,0.0,2020_2021 5월.xlsx
2021,9,키프로스,출항,5.0,5.0,0.0,59.0,59.0,0.0,2020_2021 5월.xlsx
2021,9,탄자니아,출항,184.0,184.0,0.0,1104.0,1104.0,0.0,2020_2021 5월.xlsx
2021,9,태국,출항,7429.75,6638.75,791.0,75762.75,70821.75,4941.0,2020_2021 5월.xlsx
2021,9,토고,출항,345.0,345.0,0.0,2871.0,1607.0,1264.0,2020_2021 5월.xlsx
2021,9,통가,출항,,,,1.0,1.0,0.0,2020_2021 5월.xlsx
2021,9,튀니지,출항,71.0,71.0,0.0,512.0,512.0,0.0,2020_2021 5월.xlsx
2021,9,튀르키예,출항,5950.0,5886.0,64.0,70146.0,68839.0,1307.0,2020_2021 5월.xlsx
2021,9,트리니다드 토바고,출항,45.0,45.0,0.0,361.0,361.0,0.0,2020_2021 5월.xlsx
2021,9,파나마,출항,1789.0,1081.0,708.0,15132.0,10882.0,4250.0,2020_2021 5월.xlsx
2021,9,파라과이,출항,,,,61.0,61.0,0.0,2020_2021 5월.xlsx
2021,9,파키스탄,출항,1018.0,1018.0,0.0,15386.75,15370.75,16.0,2020_2021 5월.xlsx
2021,9,파푸아 뉴기니,출항,79.0,79.0,0.0,1065.0,981.0,84.0,2020_2021 5월.xlsx
2021,9,팔라우,출항,,,,82.0,59.0,23.0,2020_2021 5월.xlsx
2021,9,페루,출항,1006.0,1006.0,0.0,12636.0,11044.0,1592.0,2020_2021 5월.xlsx
2021,9,포르투갈,출항,184.0,184.0,0.0,1321.0,1321.0,0.0,2020_2021 5월.xlsx
2021,9,폴란드,출항,360.0,360.0,0.0,3837.75,3835.75,2.0,2020_2021 5월.xlsx
2021,9,푸에르토리코,출항,31.0,31.0,0.0,198.0,198.0,0.0,2020_2021 5월.xlsx
2021,9,프랑스,출항,1583.25,1550.25,33.0,12755.5,12581.5,174.0,2020_2021 5월.xlsx
2021,9,프랑스령 기아나,출항,,,,9.0,9.0,0.0,2020_2021 5월.xlsx
2021,9,프랑스령 폴리네시아,출항,7.0,7.0,0.0,81.0,53.0,28.0,2020_2021 5월.xlsx
2021,9,피지,출항,37.0,37.0,0.0,374.0,365.0,9.0,2020_2021 5월.xlsx
2021,9,핀란드,출항,41.0,41.0,0.0,454.0,454.0,0.0,2020_2021 5월.xlsx
2021,9,필리핀,출항,4538.0,4538.0,0.0,35291.25,35259.25,32.0,2020_2021 5월.xlsx
2021,9,헝가리,출항,,,,28.0,28.0,0.0,2020_2021 5월.xlsx
2021,9,호주,출항,5402.0,5123.0,279.0,46595.25,44283.25,2312.0,2020_2021 5월.xlsx
2021,9,홍콩,출항,6392.0,6318.0,74.0,59622.75,56347.75,3275.0,2020_2021 5월.xlsx
2021,9,가나,출항환적,51.0,51.0,0.0,685.25,685.25,0.0,2020_2021 5월.xlsx
2021,9,가봉,출항환적,20.0,20.0,0.0,28.0,28.0,0.0,2020_2021 5월.xlsx
2021,9,가이아나,출항환적,189.0,189.0,0.0,1888.0,1888.0,0.0,2020_2021 5월.xlsx
2021,9,감비아,출항환적,1.0,1.0,0.0,6.0,6.0,0.0,2020_2021 5월.xlsx
2021,9,과들루프,출항환적,6.0,6.0,0.0,75.0,75.0,0.0,2020_2021 5월.xlsx
2021,9,과테말라,출항환적,1670.0,1670.0,0.0,14746.0,14740.0,6.0,2020_2021 5월.xlsx
2021,9,괌,출항환적,408.0,408.0,0.0,3505.5,3505.5,0.0,2020_2021 5월.xlsx
2021,9,그레나다,출항환적,11.0,11.0,0.0,140.25,140.25,0.0,2020_2021 5월.xlsx
2021,9,그리스,출항환적,183.0,183.0,0.0,6533.75,6533.75,0.0,2020_2021 5월.xlsx
2021,9,기니,출항환적,14.0,14.0,0.0,87.5,87.5,0.0,2020_2021 5월.xlsx
2021,9,나미비아,출항환적,21.0,21.0,0.0,424.0,424.0,0.0,2020_2021 5월.xlsx
2021,9,나우루,출항환적,25.0,25.0,0.0,128.0,128.0,0.0,2020_2021 5월.xlsx
2021,9,나이지리아,출항환적,152.0,152.0,0.0,1743.0,1743.0,0.0,2020_2021 5월.xlsx
2021,9,남아프리카,출항환적,119.0,119.0,0.0,1964.0,1964.0,0.0,2020_2021 5월.xlsx
2021,9,네덜란드,출항환적,2092.0,2092.0,0.0,19602.5,19552.5,50.0,2020_2021 5월.xlsx
2021,9,노르웨이,출항환적,45.0,45.0,0.0,268.0,268.0,0.0,2020_2021 5월.xlsx
2021,9,뉴질랜드,출항환적,1216.0,1216.0,0.0,10538.5,10074.5,464.0,2020_2021 5월.xlsx
2021,9,뉴칼레도니아,출항환적,419.0,419.0,0.0,3163.0,3160.0,3.0,2020_2021 5월.xlsx
2021,9,니카라과,출항환적,398.0,398.0,0.0,2442.0,2442.0,0.0,2020_2021 5월.xlsx
2021,9,대만,출항환적,5955.0,5947.0,8.0,61362.25,59836.5,1525.75,2020_2021 5월.xlsx
2021,9,대한민국,출항환적,16130.0,15993.0,137.0,158254.75,155483.75,2771.0,2020_2021 5월.xlsx
2021,9,덴마크,출항환적,54.0,54.0,0.0,554.0,554.0,0.0,2020_2021 5월.xlsx
2021,9,도미니카 공화국,출항환적,1950.25,1950.25,0.0,13817.5,13767.5,50.0,2020_2021 5월.xlsx
2021,9,도미니카 연방,출항환적,15.0,15.0,0.0,103.0,103.0,0.0,2020_2021 5월.xlsx
2021,9,독일,출항환적,2262.0,2262.0,0.0,17537.5,17499.5,38.0,2020_2021 5월.xlsx
2021,9,동티모르,출항환적,,,,45.0,45.0,0.0,2020_2021 5월.xlsx
2021,9,라이베리아,출항환적,6.0,6.0,0.0,19.0,19.0,0.0,2020_2021 5월.xlsx
2021,9,라트비아,출항환적,8.0,8.0,0.0,119.25,119.25,0.0,2020_2021 5월.xlsx
2021,9,러시아,출항환적,31375.25,31303.25,72.0,261199.5,259486.5,1713.0,2020_2021 5월.xlsx
2021,9,레바논,출항환적,63.0,63.0,0.0,2413.5,2413.5,0.0,2020_2021 5월.xlsx
2021,9,레위니옹,출항환적,,,,7.0,7.0,0.0,2020_2021 5월.xlsx
2021,9,루마니아,출항환적,142.0,142.0,0.0,1978.5,1978.5,0.0,2020_2021 5월.xlsx
2021,9,리비아,출항환적,127.0,127.0,0.0,1166.25,1166.25,0.0,2020_2021 5월.xlsx
2021,9,리투아니아,출항환적,28.0,28.0,0.0,263.0,263.0,0.0,2020_2021 5월.xlsx
2021,9,마다가스카르,출항환적,36.0,36.0,0.0,126.0,126.0,0.0,2020_2021 5월.xlsx
2021,9,마르티니크,출항환적,4.0,4.0,0.0,84.0,84.0,0.0,2020_2021 5월.xlsx
2021,9,마샬 제도,출항환적,96.0,96.0,0.0,939.0,939.0,0.0,2020_2021 5월.xlsx
2021,9,마요트,출항환적,,,,1.0,1.0,0.0,2020_2021 5월.xlsx
2021,9,마카오,출항환적,,,,15.0,15.0,0.0,2020_2021 5월.xlsx
2021,9,말레이시아,출항환적,2343.0,2339.0,4.0,29545.0,29388.0,157.0,2020_2021 5월.xlsx
2021,9,멕시코,출항환적,28441.0,28407.0,34.0,224089.25,222817.25,1272.0,2020_2021 5월.xlsx
2021,9,모로코,출항환적,1130.5,1130.5,0.0,6787.0,6787.0,0.0,2020_2021 5월.xlsx
2021,9,모리셔스,출항환적,7.0,7.0,0.0,107.0,107.0,0.0,2020_2021 5월.xlsx
2021,9,모리타니,출항환적,26.0,26.0,0.0,110.0,110.0,0.0,2020_2021 5월.xlsx
2021,9,모잠비크,출항환적,122.0,122.0,0.0,451.0,451.0,0.0,2020_2021 5월.xlsx
2021,9,몬테네그로,출항환적,2.0,2.0,0.0,69.0,69.0,0.0,2020_2021 5월.xlsx
2021,9,몰디브,출항환적,4.0,4.0,0.0,38.0,38.0,0.0,2020_2021 5월.xlsx
2021,9,몰타,출항환적,26.0,26.0,0.0,158.5,158.5,0.0,2020_2021 5월.xlsx
2021,9,미국,출항환적,80057.0,79644.0,413.0,790250.5,789417.5,833.0,2020_2021 5월.xlsx
2021,9,미국령 버진아일랜드,출항환적,4.0,4.0,0.0,43.0,43.0,0.0,2020_2021 5월.xlsx
2021,9,미얀마,출항환적,2.0,2.0,0.0,208.0,208.0,0.0,2020_2021 5월.xlsx
2021,9,미크로네시아,출항환적,75.0,75.0,0.0,966.0,966.0,0.0,2020_2021 5월.xlsx
2021,9,바누아투,출항환적,321.0,321.0,0.0,2998.0,2998.0,0.0,2020_2021 5월.xlsx
2021,9,바레인,출항환적,14.0,14.0,0.0,78.0,78.0,0.0,2020_2021 5월.xlsx
2021,9,바베이도스,출항환적,76.0,76.0,0.0,761.0,761.0,0.0,2020_2021 5월.xlsx
2021,9,바하마,출항환적,2512.0,30.0,2482.0,42779.5,667.0,42112.5,2020_2021 5월.xlsx
2021,9,방글라데시,출항환적,7.0,7.0,0.0,325.0,325.0,0.0,2020_2021 5월.xlsx
2021,9,베냉,출항환적,30.0,30.0,0.0,97.0,97.0,0.0,2020_2021 5월.xlsx
2021,9,베네수엘라,출항환적,690.0,690.0,0.0,8137.0,8137.0,0.0,2020_2021 5월.xlsx
2021,9,베트남,출항환적,7242.0,7225.0,17.0,82948.75,80926.5,2022.25,2020_2021 5월.xlsx
2021,9,벨기에,출항환적,678.0,678.0,0.0,7588.75,7588.75,0.0,2020_2021 5월.xlsx
2021,9,벨리즈,출항환적,58.0,58.0,0.0,293.0,293.0,0.0,2020_2021 5월.xlsx
2021,9,북마리아나 제도,출항환적,112.75,112.75,0.0,768.0,768.0,0.0,2020_2021 5월.xlsx
2021,9,불가리아,출항환적,43.0,43.0,0.0,358.0,358.0,0.0,2020_2021 5월.xlsx
2021,9,브라질,출항환적,4582.0,4582.0,0.0,41897.0,41897.0,0.0,2020_2021 5월.xlsx
2021,9,브루나이,출항환적,,,,2.0,2.0,0.0,2020_2021 5월.xlsx
2021,9,사모아,출항환적,200.0,200.0,0.0,2392.0,2392.0,0.0,2020_2021 5월.xlsx
2021,9,사우디아라비아,출항환적,1256.25,1256.25,0.0,13975.75,13975.75,0.0,2020_2021 5월.xlsx
2021,9,상투메 프린시페,출항환적,,,,2.0,2.0,0.0,2020_2021 5월.xlsx
2021,9,세네갈,출항환적,25.0,25.0,0.0,151.0,151.0,0.0,2020_2021 5월.xlsx
2021,9,세이셸,출항환적,1.0,1.0,0.0,3.0,3.0,0.0,2020_2021 5월.xlsx
2021,9,세인트 빈센트 그레나딘,출항환적,12.0,12.0,0.0,80.0,80.0,0.0,2020_2021 5월.xlsx
2021,9,세인트루시아,출항환적,16.0,16.0,0.0,144.0,144.0,0.0,2020_2021 5월.xlsx
2021,9,세인트키츠 네비스,출항환적,10.0,10.0,0.0,81.0,81.0,0.0,2020_2021 5월.xlsx
2021,9,소말리아,출항환적,15.0,15.0,0.0,52.0,52.0,0.0,2020_2021 5월.xlsx
2021,9,솔로몬제도,출항환적,115.0,115.0,0.0,1230.0,1230.0,0.0,2020_2021 5월.xlsx
2021,9,수단,출항환적,101.0,101.0,0.0,269.0,269.0,0.0,2020_2021 5월.xlsx
2021,9,수리남,출항환적,92.0,92.0,0.0,1513.0,1513.0,0.0,2020_2021 5월.xlsx
2021,9,스리랑카,출항환적,55.0,55.0,0.0,971.0,971.0,0.0,2020_2021 5월.xlsx
2021,9,스웨덴,출항환적,206.0,206.0,0.0,1471.0,1471.0,0.0,2020_2021 5월.xlsx
2021,9,스페인,출항환적,1854.0,1854.0,0.0,17908.75,17781.75,127.0,2020_2021 5월.xlsx
2021,9,슬로베니아,출항환적,1259.5,1259.5,0.0,5667.25,5667.25,0.0,2020_2021 5월.xlsx
2021,9,시리아,출항환적,,,,261.0,261.0,0.0,2020_2021 5월.xlsx
2021,9,시에라 리온,출항환적,15.0,15.0,0.0,51.0,51.0,0.0,2020_2021 5월.xlsx
2021,9,싱가포르,출항환적,6510.25,5501.25,1009.0,50750.75,46016.75,4734.0,2020_2021 5월.xlsx
2021,9,아랍에미리트연합국,출항환적,1729.0,1725.0,4.0,27811.5,27565.5,246.0,2020_2021 5월.xlsx
2021,9,아루바,출항환적,16.5,16.5,0.0,96.75,96.75,0.0,2020_2021 5월.xlsx
2021,9,아르헨티나,출항환적,1199.0,1199.0,0.0,8492.0,8481.0,11.0,2020_2021 5월.xlsx
2021,9,아메리칸사모아,출항환적,89.0,89.0,0.0,863.0,863.0,0.0,2020_2021 5월.xlsx
2021,9,아이티,출항환적,156.0,156.0,0.0,1085.0,1085.0,0.0,2020_2021 5월.xlsx
2021,9,아일랜드,출항환적,135.0,135.0,0.0,412.0,412.0,0.0,2020_2021 5월.xlsx
2021,9,알바니아,출항환적,1.0,1.0,0.0,33.0,33.0,0.0,2020_2021 5월.xlsx
2021,9,알제리,출항환적,234.75,234.75,0.0,1845.0,1845.0,0.0,2020_2021 5월.xlsx
2021,9,앙골라,출항환적,,,,26.0,26.0,0.0,2020_2021 5월.xlsx
2021,9,앤티가 바부다,출항환적,25.0,25.0,0.0,138.0,138.0,0.0,2020_2021 5월.xlsx
2021,9,앤틸리스제도,출항환적,43.0,43.0,0.0,398.0,398.0,0.0,2020_2021 5월.xlsx
2021,9,앵귈라,출항환적,,,,4.0,4.0,0.0,2020_2021 5월.xlsx
2021,9,에리트레아,출항환적,,,,8.0,8.0,0.0,2020_2021 5월.xlsx
2021,9,에스토니아,출항환적,10.0,10.0,0.0,83.0,83.0,0.0,2020_2021 5월.xlsx
2021,9,에콰도르,출항환적,3092.0,2568.0,524.0,27366.25,22404.25,4962.0,2020_2021 5월.xlsx
2021,9,엘살바도르,출항환적,605.0,605.0,0.0,4612.5,4612.5,0.0,2020_2021 5월.xlsx
2021,9,영국,출항환적,3413.0,3413.0,0.0,18414.5,18413.5,1.0,2020_2021 5월.xlsx
2021,9,영국령 버진아일랜드,출항환적,,,,11.0,11.0,0.0,2020_2021 5월.xlsx
2021,9,예멘,출항환적,,,,29.0,29.0,0.0,2020_2021 5월.xlsx
2021,9,오만,출항환적,262.25,262.25,0.0,3862.75,3862.75,0.0,2020_2021 5월.xlsx
2021,9,온두라스,출항환적,526.0,526.0,0.0,3792.75,3330.75,462.0,2020_2021 5월.xlsx
2021,9,왈리스 푸투나,출항환적,1.0,1.0,0.0,1.0,1.0,0.0,2020_2021 5월.xlsx
2021,9,요르단,출항환적,191.0,191.0,0.0,1904.0,1904.0,0.0,2020_2021 5월.xlsx
2021,9,우루과이,출항환적,292.0,292.0,0.0,2112.0,2112.0,0.0,2020_2021 5월.xlsx
2021,9,우크라이나,출항환적,118.0,118.0,0.0,2538.0,2538.0,0.0,2020_2021 5월.xlsx
2021,9,원양어획지역,출항환적,16.0,16.0,0.0,139.0,139.0,0.0,2020_2021 5월.xlsx
2021,9,이라크,출항환적,8.0,8.0,0.0,311.0,311.0,0.0,2020_2021 5월.xlsx
2021,9,이란,출항환적,,,,14.0,14.0,0.0,2020_2021 5월.xlsx
2021,9,이스라엘,출항환적,2069.0,2047.0,22.0,11495.0,10703.0,792.0,2020_2021 5월.xlsx
2021,9,이집트,출항환적,1338.0,1308.0,30.0,13638.0,12882.0,756.0,2020_2021 5월.xlsx
2021,9,이탈리아,출항환적,2194.25,2194.25,0.0,23855.0,23836.0,19.0,2020_2021 5월.xlsx
2021,9,인도,출항환적,5133.0,5128.0,5.0,35178.75,35087.75,91.0,2020_2021 5월.xlsx
2021,9,인도네시아,출항환적,3224.0,3220.0,4.0,38572.0,38545.0,27.0,2020_2021 5월.xlsx
2021,9,일본,출항환적,76574.0,75761.0,813.0,701971.0,692251.75,9719.25,2020_2021 5월.xlsx
2021,9,자메이카,출항환적,1039.0,1039.0,0.0,11245.0,11244.0,1.0,2020_2021 5월.xlsx
2021,9,적도 기니,출항환적,,,,8.0,8.0,0.0,2020_2021 5월.xlsx
2021,9,조지아,출항환적,40.25,40.25,0.0,995.5,995.5,0.0,2020_2021 5월.xlsx
2021,9,중국,출항환적,84505.5,79432.5,5073.0,862074.0,797860.0,64214.0,2020_2021 5월.xlsx
2021,9,지부티,출항환적,1.0,1.0,0.0,39.0,39.0,0.0,2020_2021 5월.xlsx
2021,9,칠레,출항환적,23402.0,22826.0,576.0,168219.75,164827.75,3392.0,2020_2021 5월.xlsx
2021,9,카메룬,출항환적,7.0,7.0,0.0,213.0,213.0,0.0,2020_2021 5월.xlsx
2021,9,카타르,출항환적,215.0,215.0,0.0,1989.25,1989.25,0.0,2020_2021 5월.xlsx
2021,9,캄보디아,출항환적,33.5,33.5,0.0,476.5,476.5,0.0,2020_2021 5월.xlsx
2021,9,캐나다,출항환적,27932.25,27932.25,0.0,268756.0,268502.0,254.0,2020_2021 5월.xlsx
2021,9,케냐,출항환적,48.0,48.0,0.0,602.0,602.0,0.0,2020_2021 5월.xlsx
2021,9,케이맨 제도,출항환적,21.0,21.0,0.0,86.0,86.0,0.0,2020_2021 5월.xlsx
2021,9,코모로,출항환적,2.0,2.0,0.0,2.0,2.0,0.0,2020_2021 5월.xlsx
2021,9,코스타리카,출항환적,1128.0,1128.0,0.0,8253.75,7995.75,258.0,2020_2021 5월.xlsx
2021,9,코트디부아르,출항환적,61.0,61.0,0.0,656.0,656.0,0.0,2020_2021 5월.xlsx
2021,9,콜롬비아,출항환적,8893.25,8893.25,0.0,66047.75,65945.75,102.0,2020_2021 5월.xlsx
2021,9,콩고,출항환적,6.0,6.0,0.0,23.0,23.0,0.0,2020_2021 5월.xlsx
2021,9,콩고 민주 공화국,출항환적,16.0,16.0,0.0,48.0,48.0,0.0,2020_2021 5월.xlsx
2021,9,쿠바,출항환적,244.0,244.0,0.0,2787.0,2787.0,0.0,2020_2021 5월.xlsx
2021,9,쿠웨이트,출항환적,12.0,12.0,0.0,209.0,209.0,0.0,2020_2021 5월.xlsx
2021,9,쿡 제도,출항환적,,,,1.0,1.0,0.0,2020_2021 5월.xlsx
2021,9,퀴라소,출항환적,20.0,20.0,0.0,55.0,55.0,0.0,2020_2021 5월.xlsx
2021,9,크로아티아,출항환적,284.25,284.25,0.0,1679.75,1679.75,0.0,2020_2021 5월.xlsx
2021,9,키리바시,출항환적,227.0,227.0,0.0,1943.0,1943.0,0.0,2020_2021 5월.xlsx
2021,9,키프로스,출항환적,9.0,9.0,0.0,78.0,78.0,0.0,2020_2021 5월.xlsx
2021,9,탄자니아,출항환적,23.0,23.0,0.0,203.0,203.0,0.0,2020_2021 5월.xlsx
2021,9,태국,출항환적,5573.0,5556.0,17.0,58671.5,58158.5,513.0,2020_2021 5월.xlsx
2021,9,토고,출항환적,72.0,72.0,0.0,137.0,137.0,0.0,2020_2021 5월.xlsx
2021,9,통가,출항환적,118.0,118.0,0.0,1093.0,1093.0,0.0,2020_2021 5월.xlsx
2021,9,튀니지,출항환적,146.0,146.0,0.0,1142.5,1142.5,0.0,2020_2021 5월.xlsx
2021,9,튀르키예,출항환적,3296.0,3296.0,0.0,27464.5,27464.5,0.0,2020_2021 5월.xlsx
2021,9,트리니다드 토바고,출항환적,410.0,410.0,0.0,3425.0,3425.0,0.0,2020_2021 5월.xlsx
2021,9,파나마,출항환적,3202.5,3202.5,0.0,31749.25,31480.25,269.0,2020_2021 5월.xlsx
2021,9,파라과이,출항환적,21.0,21.0,0.0,236.0,236.0,0.0,2020_2021 5월.xlsx
2021,9,파키스탄,출항환적,548.25,548.25,0.0,4587.0,4587.0,0.0,2020_2021 5월.xlsx
2021,9,파푸아 뉴기니,출항환적,748.0,748.0,0.0,3194.0,3193.0,1.0,2020_2021 5월.xlsx
2021,9,팔라우,출항환적,5.0,5.0,0.0,91.0,91.0,0.0,2020_2021 5월.xlsx
2021,9,페루,출항환적,6839.0,6839.0,0.0,54721.25,53539.25,1182.0,2020_2021 5월.xlsx
2021,9,포르투갈,출항환적,12.0,12.0,0.0,196.0,196.0,0.0,2020_2021 5월.xlsx
2021,9,폴란드,출항환적,141.0,141.0,0.0,1727.0,1727.0,0.0,2020_2021 5월.xlsx
2021,9,푸에르토리코,출항환적,371.0,371.0,0.0,4552.0,4552.0,0.0,2020_2021 5월.xlsx
2021,9,프랑스,출항환적,2600.0,2594.0,6.0,17198.25,17191.25,7.0,2020_2021 5월.xlsx
2021,9,프랑스령 기아나,출항환적,2.0,2.0,0.0,54.0,54.0,0.0,2020_2021 5월.xlsx
2021,9,프랑스령 폴리네시아,출항환적,131.0,131.0,0.0,986.0,986.0,0.0,2020_2021 5월.xlsx
2021,9,피지,출항환적,416.0,416.0,0.0,4994.0,4991.0,3.0,2020_2021 5월.xlsx
2021,9,핀란드,출항환적,23.0,23.0,0.0,250.0,250.0,0.0,2020_2021 5월.xlsx
2021,9,필리핀,출항환적,6137.5,6137.5,0.0,55603.0,55603.0,0.0,2020_2021 5월.xlsx
2021,9,호주,출항환적,1456.0,1456.0,0.0,17815.0,16465.0,1350.0,2020_2021 5월.xlsx
2021,9,홍콩,출항환적,2745.0,2733.0,12.0,37144.25,36878.25,266.0,2020_2021 5월.xlsx
2021,10,가나,입항,50.0,50.0,0.0,338.0,332.0,6.0,2020_2021 4월.xlsx
2021,10,가봉,입항,20.0,20.0,0.0,44.0,44.0,0.0,2020_2021 4월.xlsx
2021,10,가이아나,입항,13.0,13.0,0.0,38.0,36.0,2.0,2020_2021 4월.xlsx
2021,10,감비아,입항,3.0,3.0,0.0,52.0,52.0,0.0,2020_2021 4월.xlsx
2021,10,과들루프,입항,2.0,2.0,0.0,2.0,2.0,0.0,2020_2021 4월.xlsx
2021,10,과테말라,입항,378.0,376.0,2.0,4212.0,2973.0,1239.0,2020_2021 4월.xlsx
2021,10,괌,입항,899.75,81.0,818.75,5959.0,895.5,5063.5,2020_2021 4월.xlsx
2021,10,그리스,입항,1040.0,384.0,656.0,10404.5,3797.0,6607.5,2020_2021 4월.xlsx
2021,10,기니,입항,25.0,25.0,0.0,802.0,802.0,0.0,2020_2021 4월.xlsx
2021,10,기니비사우,입항,,,,42.0,42.0,0.0,2020_2021 4월.xlsx
2021,10,나미비아,입항,6.0,6.0,0.0,85.0,85.0,0.0,2020_2021 4월.xlsx
2021,10,나이지리아,입항,60.0,60.0,0.0,592.0,592.0,0.0,2020_2021 4월.xlsx
2021,10,남아프리카,입항,816.0,814.0,2.0,8306.0,7981.0,325.0,2020_2021 4월.xlsx
2021,10,네덜란드,입항,10030.0,7766.0,2264.0,74892.5,65589.0,9303.5,2020_2021 4월.xlsx
2021,10,노르웨이,입항,321.0,321.0,0.0,5920.0,5854.0,66.0,2020_2021 4월.xlsx
2021,10,뉴질랜드,입항,2938.0,2295.0,643.0,23206.0,20286.0,2920.0,2020_2021 4월.xlsx
2021,10,뉴칼레도니아,입항,140.0,18.0,122.0,2396.0,178.0,2218.0,2020_2021 4월.xlsx
2021,10,니카라과,입항,12.0,12.0,0.0,171.0,165.0,6.0,2020_2021 4월.xlsx
2021,10,대만,입항,5383.0,4354.0,1029.0,72257.75,44869.0,27388.75,2020_2021 4월.xlsx
2021,10,대한민국,입항,6115.0,0.0,6115.0,63408.0,1.0,63407.0,2020_2021 4월.xlsx
2021,10,덴마크,입항,891.0,891.0,0.0,9390.0,9390.0,0.0,2020_2021 4월.xlsx
2021,10,도미니카 공화국,입항,152.0,149.0,3.0,1292.0,1042.0,250.0,2020_2021 4월.xlsx
2021,10,독일,입항,10115.25,9585.25,530.0,87218.75,82266.0,4952.75,2020_2021 4월.xlsx
2021,10,동티모르,입항,1.0,1.0,0.0,2.0,2.0,0.0,2020_2021 4월.xlsx
2021,10,라이베리아,입항,1.0,1.0,0.0,25.0,25.0,0.0,2020_2021 4월.xlsx
2021,10,라트비아,입항,821.0,820.0,1.0,9639.0,9638.0,1.0,2020_2021 4월.xlsx
2021,10,러시아,입항,15411.0,3639.0,11772.0,118328.5,38454.0,79874.5,2020_2021 4월.xlsx
2021,10,레바논,입항,216.0,174.0,42.0,1158.0,1024.0,134.0,2020_2021 4월.xlsx
2021,10,레위니옹,입항,3.0,2.0,1.0,23.0,21.0,2.0,2020_2021 4월.xlsx
2021,10,루마니아,입항,670.25,322.25,348.0,5842.5,2482.5,3360.0,2020_2021 4월.xlsx
2021,10,리비아,입항,2.0,2.0,0.0,342.0,342.0,0.0,2020_2021 4월.xlsx
2021,10,리투아니아,입항,179.0,179.0,0.0,4290.0,3581.0,709.0,2020_2021 4월.xlsx
2021,10,마다가스카르,입항,10.0,10.0,0.0,75.0,75.0,0.0,2020_2021 4월.xlsx
2021,10,마르티니크,입항,2.0,2.0,0.0,2.0,2.0,0.0,2020_2021 4월.xlsx
2021,10,마샬 제도,입항,289.0,11.0,278.0,3801.0,53.0,3748.0,2020_2021 4월.xlsx
2021,10,말레이시아,입항,8425.75,6025.0,2400.75,82154.0,52504.0,29650.0,2020_2021 4월.xlsx
2021,10,멕시코,입항,9030.0,3642.0,5388.0,87783.5,27737.0,60046.5,2020_2021 4월.xlsx
2021,10,모로코,입항,264.0,196.0,68.0,3007.0,2006.0,1001.0,2020_2021 4월.xlsx
2021,10,모리셔스,입항,10.0,10.0,0.0,101.0,101.0,0.0,2020_2021 4월.xlsx
2021,10,모리타니,입항,14.0,14.0,0.0,257.0,257.0,0.0,2020_2021 4월.xlsx
2021,10,모잠비크,입항,136.0,136.0,0.0,972.0,972.0,0.0,2020_2021 4월.xlsx
2021,10,몬테네그로,입항,9.0,9.0,0.0,1073.0,1073.0,0.0,2020_2021 4월.xlsx
2021,10,몰타,입항,74.0,1.0,73.0,1420.25,87.0,1333.25,2020_2021 4월.xlsx
2021,10,미국,입항,56539.0,35251.5,21287.5,625690.0,385539.75,240150.25,2020_2021 4월.xlsx
2021,10,미얀마,입항,452.0,452.0,0.0,3535.0,3527.0,8.0,2020_2021 4월.xlsx
2021,10,미크로네시아,입항,3.0,2.0,1.0,100.0,73.0,27.0,2020_2021 4월.xlsx
2021,10,바누아투,입항,2.0,0.0,2.0,1860.0,9.0,1851.0,2020_2021 4월.xlsx
2021,10,바레인,입항,474.0,474.0,0.0,2334.0,2334.0,0.0,2020_2021 4월.xlsx
2021,10,바하마,입항,,,,3.0,3.0,0.0,2020_2021 4월.xlsx
2021,10,방글라데시,입항,785.0,785.0,0.0,6025.0,5888.0,137.0,2020_2021 4월.xlsx
2021,10,베냉,입항,8.0,8.0,0.0,24.0,10.0,14.0,2020_2021 4월.xlsx
2021,10,베네수엘라,입항,64.0,64.0,0.0,290.0,290.0,0.0,2020_2021 4월.xlsx
2021,10,베트남,입항,11633.25,10701.0,932.25,136533.75,122116.0,14417.75,2020_2021 4월.xlsx
2021,10,벨기에,입항,3468.0,3383.0,85.0,35290.25,33136.25,2154.0,2020_2021 4월.xlsx
2021,10,북마리아나 제도,입항,1681.25,28.0,1653.25,9458.25,130.0,9328.25,2020_2021 4월.xlsx
2021,10,불가리아,입항,53.0,53.0,0.0,768.25,762.25,6.0,2020_2021 4월.xlsx
2021,10,브라질,입항,3774.0,2840.0,934.0,32399.0,22781.0,9618.0,2020_2021 4월.xlsx
2021,10,브루나이,입항,,,,22.0,19.0,3.0,2020_2021 4월.xlsx
2021,10,사모아,입항,63.0,1.0,62.0,1851.0,19.0,1832.0,2020_2021 4월.xlsx
2021,10,사우디아라비아,입항,3013.0,823.0,2190.0,17061.0,6061.0,11000.0,2020_2021 4월.xlsx
2021,10,세네갈,입항,76.0,59.0,17.0,1037.0,1020.0,17.0,2020_2021 4월.xlsx
2021,10,세르비아,입항,,,,2.0,2.0,0.0,2020_2021 4월.xlsx
2021,10,세이셸,입항,4.0,4.0,0.0,25.0,25.0,0.0,2020_2021 4월.xlsx
2021,10,세인트루시아,입항,,,,7.0,7.0,0.0,2020_2021 4월.xlsx
2021,10,소말리아,입항,,,,34.0,1.0,33.0,2020_2021 4월.xlsx
2021,10,솔로몬제도,입항,,,,52.0,24.0,28.0,2020_2021 4월.xlsx
2021,10,수단,입항,203.0,12.0,191.0,373.0,182.0,191.0,2020_2021 4월.xlsx
2021,10,수리남,입항,45.0,45.0,0.0,334.0,334.0,0.0,2020_2021 4월.xlsx
2021,10,스리랑카,입항,356.0,287.0,69.0,3591.0,3288.0,303.0,2020_2021 4월.xlsx
2021,10,스웨덴,입항,1007.0,1007.0,0.0,12531.0,12475.0,56.0,2020_2021 4월.xlsx
2021,10,스위스,입항,,,,15.0,15.0,0.0,2020_2021 4월.xlsx
2021,10,스페인,입항,3970.5,3443.0,527.5,37194.25,34349.25,2845.0,2020_2021 4월.xlsx
2021,10,슬로베니아,입항,1371.25,1367.25,4.0,13719.25,13509.25,210.0,2020_2021 4월.xlsx
2021,10,시에라 리온,입항,10.0,10.0,0.0,133.0,133.0,0.0,2020_2021 4월.xlsx
2021,10,싱가포르,입항,10593.25,2646.0,7947.25,55769.25,29390.0,26379.25,2020_2021 4월.xlsx
2021,10,아랍에미리트연합국,입항,11500.5,1855.0,9645.5,55061.75,12733.25,42328.5,2020_2021 4월.xlsx
2021,10,아루바,입항,5.0,5.0,0.0,9.0,9.0,0.0,2020_2021 4월.xlsx
2021,10,아르헨티나,입항,399.0,217.0,182.0,5958.0,2592.0,3366.0,2020_2021 4월.xlsx
2021,10,아메리칸사모아,입항,28.0,11.0,17.0,607.0,243.0,364.0,2020_2021 4월.xlsx
2021,10,아이슬란드,입항,,,,10.0,10.0,0.0,2020_2021 4월.xlsx
2021,10,아이티,입항,,,,85.0,85.0,0.0,2020_2021 4월.xlsx
2021,10,아일랜드,입항,204.0,181.0,23.0,1778.0,1746.0,32.0,2020_2021 4월.xlsx
2021,10,알바니아,입항,384.0,384.0,0.0,1704.0,1704.0,0.0,2020_2021 4월.xlsx
2021,10,알제리,입항,1.0,1.0,0.0,5.0,5.0,0.0,2020_2021 4월.xlsx
2021,10,앙골라,입항,5.0,5.0,0.0,44.0,44.0,0.0,2020_2021 4월.xlsx
2021,10,앤틸리스제도,입항,1.0,1.0,0.0,9.0,9.0,0.0,2020_2021 4월.xlsx
2021,10,에스토니아,입항,159.0,159.0,0.0,2475.25,2467.25,8.0,2020_2021 4월.xlsx
2021,10,에콰도르,입항,1630.0,311.0,1319.0,10346.0,3421.0,6925.0,2020_2021 4월.xlsx
2021,10,엘살바도르,입항,92.0,92.0,0.0,1927.0,730.0,1197.0,2020_2021 4월.xlsx
2021,10,영국,입항,3092.25,2066.25,1026.0,25067.0,17360.0,7707.0,2020_2021 4월.xlsx
2021,10,예멘,입항,174.75,174.75,0.0,1355.75,1355.75,0.0,2020_2021 4월.xlsx
2021,10,오만,입항,950.0,343.0,607.0,7195.0,2822.0,4373.0,2020_2021 4월.xlsx
2021,10,오스트리아,입항,,,,2.0,2.0,0.0,2020_2021 4월.xlsx
2021,10,온두라스,입항,65.0,65.0,0.0,832.0,832.0,0.0,2020_2021 4월.xlsx
2021,10,요르단,입항,243.0,143.0,100.0,1849.0,1511.0,338.0,2020_2021 4월.xlsx
2021,10,우루과이,입항,393.0,94.0,299.0,1732.0,851.0,881.0,2020_2021 4월.xlsx
2021,10,우크라이나,입항,319.0,229.0,90.0,3864.25,2416.25,1448.0,2020_2021 4월.xlsx
2021,10,원양어획지역,입항,,,,4.0,4.0,0.0,2020_2021 4월.xlsx
2021,10,이라크,입항,,,,16.0,0.0,16.0,2020_2021 4월.xlsx
2021,10,이란,입항,20.0,0.0,20.0,205.0,5.0,200.0,2020_2021 4월.xlsx
2021,10,이스라엘,입항,357.0,356.0,1.0,5963.0,4369.0,1594.0,2020_2021 4월.xlsx
2021,10,이집트,입항,1931.0,525.0,1406.0,14524.5,3971.0,10553.5,2020_2021 4월.xlsx
2021,10,이탈리아,입항,4830.0,4482.0,348.0,54931.25,50365.25,4566.0,2020_2021 4월.xlsx
2021,10,인도,입항,11715.0,7513.0,4202.0,106458.75,70895.25,35563.5,2020_2021 4월.xlsx
2021,10,인도네시아,입항,7048.25,5518.25,1530.0,75675.5,58967.25,16708.25,2020_2021 4월.xlsx
2021,10,일본,입항,63634.0,22731.0,40903.0,644072.0,212603.0,431469.0,2020_2021 4월.xlsx
2021,10,자메이카,입항,7.0,7.0,0.0,7007.0,137.0,6870.0,2020_2021 4월.xlsx
2021,10,적도 기니,입항,7.0,7.0,0.0,12.0,12.0,0.0,2020_2021 4월.xlsx
2021,10,조지아,입항,44.0,44.0,0.0,209.0,209.0,0.0,2020_2021 4월.xlsx
2021,10,중국,입항,103521.75,79983.75,23538.0,1025877.25,767111.5,258765.75,2020_2021 4월.xlsx
2021,10,지부티,입항,76.0,76.0,0.0,1017.0,1017.0,0.0,2020_2021 4월.xlsx
2021,10,체코,입항,,,,9.0,9.0,0.0,2020_2021 4월.xlsx
2021,10,칠레,입항,3880.0,3781.0,99.0,54688.0,46658.0,8030.0,2020_2021 4월.xlsx
2021,10,카메룬,입항,,,,22.0,22.0,0.0,2020_2021 4월.xlsx
2021,10,카보 베르데,입항,,,,2.0,2.0,0.0,2020_2021 4월.xlsx
2021,10,카타르,입항,683.0,611.0,72.0,7268.75,5357.75,1911.0,2020_2021 4월.xlsx
2021,10,캄보디아,입항,113.0,113.0,0.0,1332.0,1332.0,0.0,2020_2021 4월.xlsx
2021,10,캐나다,입항,11685.0,5151.0,6534.0,93055.0,49332.25,43722.75,2020_2021 4월.xlsx
2021,10,케냐,입항,60.0,60.0,0.0,423.0,423.0,0.0,2020_2021 4월.xlsx
2021,10,코스타리카,입항,591.0,588.0,3.0,1908.0,1887.0,21.0,2020_2021 4월.xlsx
2021,10,코트디부아르,입항,8.0,8.0,0.0,100.0,97.0,3.0,2020_2021 4월.xlsx
2021,10,콜롬비아,입항,1238.0,750.0,488.0,11921.0,5741.0,6180.0,2020_2021 4월.xlsx
2021,10,콩고,입항,3.0,3.0,0.0,45.0,45.0,0.0,2020_2021 4월.xlsx
2021,10,콩고 민주 공화국,입항,2.0,2.0,0.0,56.0,56.0,0.0,2020_2021 4월.xlsx
2021,10,쿠바,입항,,,,46.0,46.0,0.0,2020_2021 4월.xlsx
2021,10,쿠웨이트,입항,260.0,258.0,2.0,950.0,929.0,21.0,2020_2021 4월.xlsx
2021,10,퀴라소,입항,,,,10.0,10.0,0.0,2020_2021 4월.xlsx
2021,10,크로아티아,입항,162.0,161.0,1.0,1999.0,1971.0,28.0,2020_2021 4월.xlsx
2021,10,키리바시,입항,,,,2358.0,1.0,2357.0,2020_2021 4월.xlsx
2021,10,키프로스,입항,12.0,12.0,0.0,132.0,132.0,0.0,2020_2021 4월.xlsx
2021,10,탄자니아,입항,169.0,169.0,0.0,2731.0,2731.0,0.0,2020_2021 4월.xlsx
2021,10,태국,입항,6336.0,5937.0,399.0,71107.25,68015.0,3092.25,2020_2021 4월.xlsx
2021,10,토고,입항,23.0,23.0,0.0,246.0,246.0,0.0,2020_2021 4월.xlsx
2021,10,통가,입항,221.0,2.0,219.0,1243.0,15.0,1228.0,2020_2021 4월.xlsx
2021,10,튀니지,입항,34.0,34.0,0.0,647.0,647.0,0.0,2020_2021 4월.xlsx
2021,10,튀르키예,입항,1958.25,1663.25,295.0,22630.0,16722.75,5907.25,2020_2021 4월.xlsx
2021,10,트리니다드 토바고,입항,29.0,29.0,0.0,342.0,342.0,0.0,2020_2021 4월.xlsx
2021,10,파나마,입항,6589.0,107.0,6482.0,25210.0,821.0,24389.0,2020_2021 4월.xlsx
2021,10,파라과이,입항,7.0,7.0,0.0,205.0,205.0,0.0,2020_2021 4월.xlsx
2021,10,파키스탄,입항,1810.75,783.0,1027.75,17876.75,5370.0,12506.75,2020_2021 4월.xlsx
2021,10,파푸아 뉴기니,입항,145.0,145.0,0.0,488.0,462.0,26.0,2020_2021 4월.xlsx
2021,10,팔라우,입항,2.0,2.0,0.0,15.0,14.0,1.0,2020_2021 4월.xlsx
2021,10,페루,입항,1394.0,1358.0,36.0,16006.0,14112.0,1894.0,2020_2021 4월.xlsx
2021,10,포르투갈,입항,207.0,206.0,1.0,2501.0,2496.0,5.0,2020_2021 4월.xlsx
2021,10,폴란드,입항,1015.25,1003.25,12.0,11698.5,11643.5,55.0,2020_2021 4월.xlsx
2021,10,푸에르토리코,입항,140.0,140.0,0.0,1497.0,1497.0,0.0,2020_2021 4월.xlsx
2021,10,프랑스,입항,4506.0,4457.0,49.0,32997.5,30632.0,2365.5,2020_2021 4월.xlsx
2021,10,프랑스령 기아나,입항,,,,2.0,2.0,0.0,2020_2021 4월.xlsx
2021,10,프랑스령 폴리네시아,입항,232.0,8.0,224.0,2209.0,54.0,2155.0,2020_2021 4월.xlsx
2021,10,피지,입항,143.0,1.0,142.0,850.0,141.0,709.0,2020_2021 4월.xlsx
2021,10,핀란드,입항,1298.0,1298.0,0.0,12121.0,12073.0,48.0,2020_2021 4월.xlsx
2021,10,필리핀,입항,3854.0,2019.0,1835.0,45568.0,21491.0,24077.0,2020_2021 4월.xlsx
2021,10,헝가리,입항,6.0,6.0,0.0,94.0,94.0,0.0,2020_2021 4월.xlsx
2021,10,호주,입항,12892.0,6148.0,6744.0,129474.0,60445.0,69029.0,2020_2021 4월.xlsx
2021,10,홍콩,입항,4032.0,3417.0,615.0,45255.0,37152.0,8103.0,2020_2021 4월.xlsx
2021,10,가나,입항환적,11.0,11.0,0.0,342.0,342.0,0.0,2020_2021 4월.xlsx
2021,10,가봉,입항환적,40.0,40.0,0.0,227.0,227.0,0.0,2020_2021 4월.xlsx
2021,10,가이아나,입항환적,34.0,34.0,0.0,1647.0,1647.0,0.0,2020_2021 4월.xlsx
2021,10,감비아,입항환적,,,,6.0,6.0,0.0,2020_2021 4월.xlsx
2021,10,과테말라,입항환적,315.0,315.0,0.0,4467.0,4461.0,6.0,2020_2021 4월.xlsx
2021,10,괌,입항환적,826.75,206.75,620.0,3641.25,2218.25,1423.0,2020_2021 4월.xlsx
2021,10,그리스,입항환적,240.0,240.0,0.0,4546.75,3605.0,941.75,2020_2021 4월.xlsx
2021,10,기니,입항환적,,,,23.0,23.0,0.0,2020_2021 4월.xlsx
2021,10,나미비아,입항환적,15.0,15.0,0.0,139.0,139.0,0.0,2020_2021 4월.xlsx
2021,10,나이지리아,입항환적,49.0,49.0,0.0,1272.0,1272.0,0.0,2020_2021 4월.xlsx
2021,10,남아프리카,입항환적,545.0,545.0,0.0,5067.0,5053.0,14.0,2020_2021 4월.xlsx
2021,10,네덜란드,입항환적,3742.0,3610.0,132.0,30664.5,30400.5,264.0,2020_2021 4월.xlsx
2021,10,노르웨이,입항환적,159.0,159.0,0.0,1984.0,1984.0,0.0,2020_2021 4월.xlsx
2021,10,뉴질랜드,입항환적,2635.0,2627.0,8.0,17404.0,17222.0,182.0,2020_2021 4월.xlsx
2021,10,뉴칼레도니아,입항환적,182.0,182.0,0.0,1622.0,1613.0,9.0,2020_2021 4월.xlsx
2021,10,니카라과,입항환적,378.0,378.0,0.0,3008.0,3006.0,2.0,2020_2021 4월.xlsx
2021,10,대만,입항환적,5911.75,5893.75,18.0,54953.75,54451.75,502.0,2020_2021 4월.xlsx
2021,10,대한민국,입항환적,7449.0,7149.0,300.0,81920.0,78863.0,3057.0,2020_2021 4월.xlsx
2021,10,덴마크,입항환적,299.0,299.0,0.0,2713.0,2689.0,24.0,2020_2021 4월.xlsx
2021,10,도미니카 공화국,입항환적,385.0,385.0,0.0,1586.0,1586.0,0.0,2020_2021 4월.xlsx
2021,10,도미니카 연방,입항환적,,,,1.0,1.0,0.0,2020_2021 4월.xlsx
2021,10,독일,입항환적,2685.0,2685.0,0.0,26766.75,26738.75,28.0,2020_2021 4월.xlsx
2021,10,동티모르,입항환적,,,,29.0,29.0,0.0,2020_2021 4월.xlsx
2021,10,라이베리아,입항환적,,,,1.0,1.0,0.0,2020_2021 4월.xlsx
2021,10,라트비아,입항환적,362.0,362.0,0.0,2905.0,2905.0,0.0,2020_2021 4월.xlsx
2021,10,러시아,입항환적,12653.0,11740.0,913.0,159603.0,153327.25,6275.75,2020_2021 4월.xlsx
2021,10,레바논,입항환적,19.0,19.0,0.0,77.0,77.0,0.0,2020_2021 4월.xlsx
2021,10,레위니옹,입항환적,,,,6.0,6.0,0.0,2020_2021 4월.xlsx
2021,10,루마니아,입항환적,492.0,492.0,0.0,5396.75,5396.75,0.0,2020_2021 4월.xlsx
2021,10,리비아,입항환적,,,,8.0,8.0,0.0,2020_2021 4월.xlsx
2021,10,리투아니아,입항환적,145.0,145.0,0.0,1003.0,902.0,101.0,2020_2021 4월.xlsx
2021,10,마다가스카르,입항환적,61.0,61.0,0.0,141.0,141.0,0.0,2020_2021 4월.xlsx
2021,10,마르티니크,입항환적,,,,80.0,80.0,0.0,2020_2021 4월.xlsx
2021,10,마샬 제도,입항환적,29.0,29.0,0.0,380.0,378.0,2.0,2020_2021 4월.xlsx
2021,10,말레이시아,입항환적,6588.75,6584.75,4.0,70303.25,69421.25,882.0,2020_2021 4월.xlsx
2021,10,멕시코,입항환적,4247.0,4234.0,13.0,42350.75,41087.0,1263.75,2020_2021 4월.xlsx
2021,10,모로코,입항환적,136.0,136.0,0.0,1315.0,1313.0,2.0,2020_2021 4월.xlsx
2021,10,모리셔스,입항환적,7.0,7.0,0.0,289.0,289.0,0.0,2020_2021 4월.xlsx
2021,10,모리타니,입항환적,,,,63.0,63.0,0.0,2020_2021 4월.xlsx
2021,10,모잠비크,입항환적,144.0,144.0,0.0,990.0,990.0,0.0,2020_2021 4월.xlsx
2021,10,몬테네그로,입항환적,,,,36.0,36.0,0.0,2020_2021 4월.xlsx
2021,10,몰디브,입항환적,,,,3.0,3.0,0.0,2020_2021 4월.xlsx
2021,10,몰타,입항환적,2.0,2.0,0.0,513.0,352.0,161.0,2020_2021 4월.xlsx
2021,10,미국,입항환적,55446.0,52954.0,2492.0,488616.25,456099.25,32517.0,2020_2021 4월.xlsx
2021,10,미얀마,입항환적,152.0,152.0,0.0,1296.0,1286.0,10.0,2020_2021 4월.xlsx
2021,10,미크로네시아,입항환적,46.0,46.0,0.0,75.0,72.0,3.0,2020_2021 4월.xlsx
2021,10,바누아투,입항환적,68.0,10.0,58.0,300.0,71.0,229.0,2020_2021 4월.xlsx
2021,10,바레인,입항환적,56.0,56.0,0.0,360.0,360.0,0.0,2020_2021 4월.xlsx
2021,10,바베이도스,입항환적,37.0,37.0,0.0,57.0,57.0,0.0,2020_2021 4월.xlsx
2021,10,바하마,입항환적,,,,11.0,11.0,0.0,2020_2021 4월.xlsx
2021,10,방글라데시,입항환적,578.0,578.0,0.0,5971.0,5971.0,0.0,2020_2021 4월.xlsx
2021,10,베냉,입항환적,,,,76.0,76.0,0.0,2020_2021 4월.xlsx
2021,10,베네수엘라,입항환적,84.0,84.0,0.0,1705.0,1705.0,0.0,2020_2021 4월.xlsx
2021,10,베트남,입항환적,7290.0,7290.0,0.0,90927.5,90904.5,23.0,2020_2021 4월.xlsx
2021,10,벨기에,입항환적,2274.0,2274.0,0.0,22649.5,22541.5,108.0,2020_2021 4월.xlsx
2021,10,벨리즈,입항환적,2.0,2.0,0.0,900.0,900.0,0.0,2020_2021 4월.xlsx
2021,10,북마리아나 제도,입항환적,88.0,0.0,88.0,591.0,15.0,576.0,2020_2021 4월.xlsx
2021,10,불가리아,입항환적,307.0,307.0,0.0,1217.0,1217.0,0.0,2020_2021 4월.xlsx
2021,10,브라질,입항환적,7363.0,7362.0,1.0,62070.0,60717.0,1353.0,2020_2021 4월.xlsx
2021,10,브루나이,입항환적,3.0,3.0,0.0,167.0,167.0,0.0,2020_2021 4월.xlsx
2021,10,사모아,입항환적,7.0,7.0,0.0,106.0,106.0,0.0,2020_2021 4월.xlsx
2021,10,사우디아라비아,입항환적,1500.0,1380.0,120.0,7916.0,7378.0,538.0,2020_2021 4월.xlsx
2021,10,세네갈,입항환적,11.0,11.0,0.0,479.0,479.0,0.0,2020_2021 4월.xlsx
2021,10,세이셸,입항환적,,,,16.0,16.0,0.0,2020_2021 4월.xlsx
2021,10,세인트루시아,입항환적,,,,24.0,24.0,0.0,2020_2021 4월.xlsx
2021,10,소말리아,입항환적,,,,1.0,1.0,0.0,2020_2021 4월.xlsx
2021,10,솔로몬제도,입항환적,6.0,6.0,0.0,33.0,33.0,0.0,2020_2021 4월.xlsx
2021,10,수단,입항환적,120.0,120.0,0.0,1845.0,1845.0,0.0,2020_2021 4월.xlsx
2021,10,수리남,입항환적,35.0,35.0,0.0,492.0,492.0,0.0,2020_2021 4월.xlsx
2021,10,스리랑카,입항환적,224.0,224.0,0.0,3136.0,3098.0,38.0,2020_2021 4월.xlsx
2021,10,스웨덴,입항환적,695.0,695.0,0.0,8002.0,8002.0,0.0,2020_2021 4월.xlsx
2021,10,스페인,입항환적,3721.0,3721.0,0.0,27189.25,26985.25,204.0,2020_2021 4월.xlsx
2021,10,슬로베니아,입항환적,979.0,979.0,0.0,8998.0,8998.0,0.0,2020_2021 4월.xlsx
2021,10,시리아,입항환적,2.0,2.0,0.0,6.0,6.0,0.0,2020_2021 4월.xlsx
2021,10,시에라 리온,입항환적,,,,76.0,76.0,0.0,2020_2021 4월.xlsx
2021,10,싱가포르,입항환적,2043.5,1910.25,133.25,22659.75,20116.5,2543.25,2020_2021 4월.xlsx
2021,10,아랍에미리트연합국,입항환적,2775.0,2722.0,53.0,18849.5,17312.5,1537.0,2020_2021 4월.xlsx
2021,10,아루바,입항환적,22.0,22.0,0.0,52.0,52.0,0.0,2020_2021 4월.xlsx
2021,10,아르헨티나,입항환적,927.0,927.0,0.0,8285.0,8244.0,41.0,2020_2021 4월.xlsx
2021,10,아메리칸사모아,입항환적,1.0,1.0,0.0,11.0,11.0,0.0,2020_2021 4월.xlsx
2021,10,아이슬란드,입항환적,,,,56.0,56.0,0.0,2020_2021 4월.xlsx
2021,10,아이티,입항환적,,,,41.0,41.0,0.0,2020_2021 4월.xlsx
2021,10,아일랜드,입항환적,204.0,204.0,0.0,1043.0,1043.0,0.0,2020_2021 4월.xlsx
2021,10,알바니아,입항환적,115.0,115.0,0.0,764.0,764.0,0.0,2020_2021 4월.xlsx
2021,10,알제리,입항환적,,,,64.25,64.25,0.0,2020_2021 4월.xlsx
2021,10,앙골라,입항환적,42.0,42.0,0.0,64.0,64.0,0.0,2020_2021 4월.xlsx
2021,10,앤티가 바부다,입항환적,,,,6.0,6.0,0.0,2020_2021 4월.xlsx
2021,10,앤틸리스제도,입항환적,,,,27.0,27.0,0.0,2020_2021 4월.xlsx
2021,10,에스토니아,입항환적,132.0,132.0,0.0,799.0,799.0,0.0,2020_2021 4월.xlsx
2021,10,에콰도르,입항환적,4430.0,4430.0,0.0,39688.0,39563.0,125.0,2020_2021 4월.xlsx
2021,10,엘살바도르,입항환적,87.0,87.0,0.0,1050.0,1042.0,8.0,2020_2021 4월.xlsx
2021,10,영국,입항환적,945.0,945.0,0.0,8365.0,8185.25,179.75,2020_2021 4월.xlsx
2021,10,예멘,입항환적,15.0,15.0,0.0,30.0,30.0,0.0,2020_2021 4월.xlsx
2021,10,오만,입항환적,1662.0,953.0,709.0,5661.0,4944.0,717.0,2020_2021 4월.xlsx
2021,10,오스트리아,입항환적,,,,2.0,2.0,0.0,2020_2021 4월.xlsx
2021,10,온두라스,입항환적,74.0,74.0,0.0,640.0,640.0,0.0,2020_2021 4월.xlsx
2021,10,요르단,입항환적,53.0,53.0,0.0,420.0,420.0,0.0,2020_2021 4월.xlsx
2021,10,우루과이,입항환적,855.0,855.0,0.0,5434.0,5434.0,0.0,2020_2021 4월.xlsx
2021,10,우크라이나,입항환적,1625.0,1625.0,0.0,8206.0,8026.0,180.0,2020_2021 4월.xlsx
2021,10,원양어획지역,입항환적,,,,704.0,704.0,0.0,2020_2021 4월.xlsx
2021,10,이란,입항환적,1.0,1.0,0.0,2.0,2.0,0.0,2020_2021 4월.xlsx
2021,10,이스라엘,입항환적,209.0,209.0,0.0,3647.0,2955.0,692.0,2020_2021 4월.xlsx
2021,10,이집트,입항환적,1133.0,699.0,434.0,9542.0,9106.0,436.0,2020_2021 4월.xlsx
2021,10,이탈리아,입항환적,2439.0,2436.0,3.0,32680.0,32126.0,554.0,2020_2021 4월.xlsx
2021,10,인도,입항환적,6454.0,6450.0,4.0,58982.75,58235.75,747.0,2020_2021 4월.xlsx
2021,10,인도네시아,입항환적,14111.0,14111.0,0.0,127038.25,126988.25,50.0,2020_2021 4월.xlsx
2021,10,일본,입항환적,68933.0,62861.0,6072.0,646476.5,595807.0,50669.5,2020_2021 4월.xlsx
2021,10,자메이카,입항환적,21.0,21.0,0.0,172.0,145.0,27.0,2020_2021 4월.xlsx
2021,10,적도 기니,입항환적,,,,181.0,181.0,0.0,2020_2021 4월.xlsx
2021,10,조지아,입항환적,6.0,6.0,0.0,178.0,178.0,0.0,2020_2021 4월.xlsx
2021,10,중국,입항환적,218060.25,216520.25,1540.0,2282829.75,2243087.5,39742.25,2020_2021 4월.xlsx
2021,10,지부티,입항환적,26.0,26.0,0.0,317.0,317.0,0.0,2020_2021 4월.xlsx
2021,10,칠레,입항환적,5054.0,5052.0,2.0,69065.0,68978.0,87.0,2020_2021 4월.xlsx
2021,10,카메룬,입항환적,8.0,8.0,0.0,146.0,146.0,0.0,2020_2021 4월.xlsx
2021,10,카타르,입항환적,442.0,442.0,0.0,2461.0,2429.0,32.0,2020_2021 4월.xlsx
2021,10,캄보디아,입항환적,506.0,506.0,0.0,4570.75,4570.75,0.0,2020_2021 4월.xlsx
2021,10,캐나다,입항환적,14631.0,14239.0,392.0,135475.75,134334.25,1141.5,2020_2021 4월.xlsx
2021,10,케냐,입항환적,71.0,71.0,0.0,684.0,684.0,0.0,2020_2021 4월.xlsx
2021,10,코스타리카,입항환적,398.0,398.0,0.0,4150.0,4150.0,0.0,2020_2021 4월.xlsx
2021,10,코트디부아르,입항환적,,,,159.0,159.0,0.0,2020_2021 4월.xlsx
2021,10,콜롬비아,입항환적,1095.0,595.0,500.0,6900.25,5213.0,1687.25,2020_2021 4월.xlsx
2021,10,콩고,입항환적,2.0,2.0,0.0,51.0,51.0,0.0,2020_2021 4월.xlsx
2021,10,콩고 민주 공화국,입항환적,,,,4.0,4.0,0.0,2020_2021 4월.xlsx
2021,10,쿠바,입항환적,2.0,2.0,0.0,481.0,481.0,0.0,2020_2021 4월.xlsx
2021,10,쿠웨이트,입항환적,62.0,62.0,0.0,307.0,307.0,0.0,2020_2021 4월.xlsx
2021,10,퀴라소,입항환적,12.0,12.0,0.0,78.0,78.0,0.0,2020_2021 4월.xlsx
2021,10,크로아티아,입항환적,244.0,244.0,0.0,1879.25,1877.25,2.0,2020_2021 4월.xlsx
2021,10,키리바시,입항환적,,,,4.0,4.0,0.0,2020_2021 4월.xlsx
2021,10,키프로스,입항환적,53.0,53.0,0.0,358.0,358.0,0.0,2020_2021 4월.xlsx
2021,10,탄자니아,입항환적,5.0,5.0,0.0,184.0,184.0,0.0,2020_2021 4월.xlsx
2021,10,태국,입항환적,8692.0,8505.0,187.0,91390.5,91117.5,273.0,2020_2021 4월.xlsx
2021,10,토고,입항환적,,,,131.0,131.0,0.0,2020_2021 4월.xlsx
2021,10,통가,입항환적,4.0,4.0,0.0,7.0,7.0,0.0,2020_2021 4월.xlsx
2021,10,튀니지,입항환적,13.0,13.0,0.0,195.0,195.0,0.0,2020_2021 4월.xlsx
2021,10,튀르키예,입항환적,3395.0,3224.0,171.0,32162.0,31770.0,392.0,2020_2021 4월.xlsx
2021,10,트리니다드 토바고,입항환적,45.0,45.0,0.0,338.0,338.0,0.0,2020_2021 4월.xlsx
2021,10,파나마,입항환적,1218.5,1012.0,206.5,10105.75,8026.0,2079.75,2020_2021 4월.xlsx
2021,10,파라과이,입항환적,26.0,26.0,0.0,309.0,309.0,0.0,2020_2021 4월.xlsx
2021,10,파키스탄,입항환적,702.0,700.0,2.0,11487.75,9479.75,2008.0,2020_2021 4월.xlsx
2021,10,파푸아 뉴기니,입항환적,7.0,7.0,0.0,80.0,80.0,0.0,2020_2021 4월.xlsx
2021,10,팔라우,입항환적,1.0,1.0,0.0,3.0,3.0,0.0,2020_2021 4월.xlsx
2021,10,페로 제도,입항환적,,,,4.0,4.0,0.0,2020_2021 4월.xlsx
2021,10,페루,입항환적,2191.0,2191.0,0.0,25966.0,25872.0,94.0,2020_2021 4월.xlsx
2021,10,포르투갈,입항환적,338.0,338.0,0.0,1840.0,1840.0,0.0,2020_2021 4월.xlsx
2021,10,폴란드,입항환적,182.0,182.0,0.0,2081.5,2081.5,0.0,2020_2021 4월.xlsx
2021,10,푸에르토리코,입항환적,338.0,338.0,0.0,1750.0,1750.0,0.0,2020_2021 4월.xlsx
2021,10,프랑스,입항환적,1867.0,1867.0,0.0,20467.0,20196.0,271.0,2020_2021 4월.xlsx
2021,10,프랑스령 폴리네시아,입항환적,,,,220.0,3.0,217.0,2020_2021 4월.xlsx
2021,10,피지,입항환적,37.0,37.0,0.0,243.0,239.0,4.0,2020_2021 4월.xlsx
2021,10,핀란드,입항환적,1418.0,1418.0,0.0,13424.0,13424.0,0.0,2020_2021 4월.xlsx
2021,10,필리핀,입항환적,5265.25,5265.25,0.0,59540.75,58075.75,1465.0,2020_2021 4월.xlsx
2021,10,헝가리,입항환적,,,,6.0,6.0,0.0,2020_2021 4월.xlsx
2021,10,호주,입항환적,8205.0,7854.0,351.0,75131.0,71001.0,4130.0,2020_2021 4월.xlsx
2021,10,홍콩,입항환적,3006.0,3006.0,0.0,37835.25,36983.25,852.0,2020_2021 4월.xlsx
2021,10,가나,출항,483.0,483.0,0.0,3298.0,3298.0,0.0,2020_2021 4월.xlsx
2021,10,가봉,출항,5.0,5.0,0.0,37.0,37.0,0.0,2020_2021 4월.xlsx
2021,10,가이아나,출항,17.0,17.0,0.0,135.0,135.0,0.0,2020_2021 4월.xlsx
2021,10,감비아,출항,,,,8.0,8.0,0.0,2020_2021 4월.xlsx
2021,10,과들루프,출항,4.0,4.0,0.0,19.0,19.0,0.0,2020_2021 4월.xlsx
2021,10,과테말라,출항,646.0,646.0,0.0,4022.0,3970.0,52.0,2020_2021 4월.xlsx
2021,10,괌,출항,172.5,172.5,0.0,2129.5,1931.5,198.0,2020_2021 4월.xlsx
2021,10,그레나다,출항,,,,13.0,13.0,0.0,2020_2021 4월.xlsx
2021,10,그리스,출항,810.0,810.0,0.0,8225.5,8209.5,16.0,2020_2021 4월.xlsx
2021,10,기니,출항,21.0,21.0,0.0,165.0,165.0,0.0,2020_2021 4월.xlsx
2021,10,나미비아,출항,2.0,2.0,0.0,58.0,58.0,0.0,2020_2021 4월.xlsx
2021,10,나우루,출항,,,,1.0,1.0,0.0,2020_2021 4월.xlsx
2021,10,나이지리아,출항,169.0,169.0,0.0,2060.75,2060.75,0.0,2020_2021 4월.xlsx
2021,10,남아프리카,출항,454.0,454.0,0.0,3678.0,3677.0,1.0,2020_2021 4월.xlsx
2021,10,네덜란드,출항,6244.0,6229.0,15.0,79655.0,79441.0,214.0,2020_2021 4월.xlsx
2021,10,노르웨이,출항,28.0,28.0,0.0,256.25,256.25,0.0,2020_2021 4월.xlsx
2021,10,뉴질랜드,출항,1752.0,1750.0,2.0,12190.0,11438.0,752.0,2020_2021 4월.xlsx
2021,10,뉴칼레도니아,출항,22.0,20.0,2.0,552.0,263.0,289.0,2020_2021 4월.xlsx
2021,10,니카라과,출항,27.0,27.0,0.0,407.0,407.0,0.0,2020_2021 4월.xlsx
2021,10,대만,출항,12370.0,11928.0,442.0,112598.5,106666.25,5932.25,2020_2021 4월.xlsx
2021,10,대한민국,출항,10558.5,275.0,10283.5,94919.75,1294.0,93625.75,2020_2021 4월.xlsx
2021,10,덴마크,출항,121.0,121.0,0.0,1119.0,1119.0,0.0,2020_2021 4월.xlsx
2021,10,도미니카 공화국,출항,191.0,191.0,0.0,2422.0,2018.0,404.0,2020_2021 4월.xlsx
2021,10,독일,출항,7365.0,7303.0,62.0,72623.75,71885.75,738.0,2020_2021 4월.xlsx
2021,10,라이베리아,출항,22.0,22.0,0.0,132.0,132.0,0.0,2020_2021 4월.xlsx
2021,10,라트비아,출항,61.0,61.0,0.0,431.0,431.0,0.0,2020_2021 4월.xlsx
2021,10,러시아,출항,14787.0,14297.0,490.0,132891.5,129842.5,3049.0,2020_2021 4월.xlsx
2021,10,레바논,출항,109.0,109.0,0.0,927.75,927.75,0.0,2020_2021 4월.xlsx
2021,10,레위니옹,출항,8.0,8.0,0.0,125.0,125.0,0.0,2020_2021 4월.xlsx
2021,10,루마니아,출항,298.25,298.25,0.0,2696.25,2686.25,10.0,2020_2021 4월.xlsx
2021,10,리비아,출항,254.0,254.0,0.0,1302.25,1302.25,0.0,2020_2021 4월.xlsx
2021,10,리투아니아,출항,122.0,122.0,0.0,1529.0,1529.0,0.0,2020_2021 4월.xlsx
2021,10,마다가스카르,출항,14.0,14.0,0.0,206.0,206.0,0.0,2020_2021 4월.xlsx
2021,10,마르티니크,출항,5.0,5.0,0.0,23.0,23.0,0.0,2020_2021 4월.xlsx
2021,10,마샬 제도,출항,2.0,2.0,0.0,491.0,154.0,337.0,2020_2021 4월.xlsx
2021,10,마요트,출항,,,,76.0,76.0,0.0,2020_2021 4월.xlsx
2021,10,말레이시아,출항,7234.0,7222.0,12.0,73112.25,72418.25,694.0,2020_2021 4월.xlsx
2021,10,멕시코,출항,16266.0,16190.0,76.0,149166.0,146967.0,2199.0,2020_2021 4월.xlsx
2021,10,모로코,출항,489.25,489.25,0.0,3056.75,3046.75,10.0,2020_2021 4월.xlsx
2021,10,모리셔스,출항,6.0,6.0,0.0,126.0,126.0,0.0,2020_2021 4월.xlsx
2021,10,모리타니,출항,20.0,20.0,0.0,123.0,123.0,0.0,2020_2021 4월.xlsx
2021,10,모잠비크,출항,98.0,98.0,0.0,973.0,973.0,0.0,2020_2021 4월.xlsx
2021,10,몬테네그로,출항,,,,35.0,35.0,0.0,2020_2021 4월.xlsx
2021,10,몰디브,출항,1.0,1.0,0.0,67.0,67.0,0.0,2020_2021 4월.xlsx
2021,10,몰타,출항,26.0,26.0,0.0,1629.0,1589.0,40.0,2020_2021 4월.xlsx
2021,10,미국,출항,83308.25,83183.25,125.0,777302.75,770896.75,6406.0,2020_2021 4월.xlsx
2021,10,미국령 버진아일랜드,출항,,,,5.0,5.0,0.0,2020_2021 4월.xlsx
2021,10,미얀마,출항,6.0,6.0,0.0,146.0,146.0,0.0,2020_2021 4월.xlsx
2021,10,미크로네시아,출항,16.0,16.0,0.0,273.0,234.0,39.0,2020_2021 4월.xlsx
2021,10,바누아투,출항,14.0,14.0,0.0,297.0,89.0,208.0,2020_2021 4월.xlsx
2021,10,바레인,출항,49.0,49.0,0.0,529.0,529.0,0.0,2020_2021 4월.xlsx
2021,10,바베이도스,출항,1.0,1.0,0.0,19.0,19.0,0.0,2020_2021 4월.xlsx
2021,10,바하마,출항,659.0,16.0,643.0,11917.0,80.0,11837.0,2020_2021 4월.xlsx
2021,10,방글라데시,출항,431.0,431.0,0.0,1366.0,1366.0,0.0,2020_2021 4월.xlsx
2021,10,베냉,출항,6.0,6.0,0.0,73.0,73.0,0.0,2020_2021 4월.xlsx
2021,10,베네수엘라,출항,39.0,39.0,0.0,368.0,368.0,0.0,2020_2021 4월.xlsx
2021,10,베트남,출항,18454.25,17706.25,748.0,202822.75,196520.5,6302.25,2020_2021 4월.xlsx
2021,10,벨기에,출항,3079.5,3068.5,11.0,21006.75,20925.75,81.0,2020_2021 4월.xlsx
2021,10,벨리즈,출항,2.0,2.0,0.0,28.0,28.0,0.0,2020_2021 4월.xlsx
2021,10,북마리아나 제도,출항,87.0,76.0,11.0,872.0,838.0,34.0,2020_2021 4월.xlsx
2021,10,불가리아,출항,12.0,12.0,0.0,419.0,419.0,0.0,2020_2021 4월.xlsx
2021,10,브라질,출항,3438.0,3438.0,0.0,50031.0,49981.0,50.0,2020_2021 4월.xlsx
2021,10,브루나이,출항,,,,2.0,2.0,0.0,2020_2021 4월.xlsx
2021,10,사모아,출항,8.0,8.0,0.0,250.0,120.0,130.0,2020_2021 4월.xlsx
2021,10,사우디아라비아,출항,3649.5,3649.5,0.0,34214.75,34214.75,0.0,2020_2021 4월.xlsx
2021,10,세네갈,출항,81.0,81.0,0.0,628.0,616.0,12.0,2020_2021 4월.xlsx
2021,10,세이셸,출항,2.0,2.0,0.0,127.0,127.0,0.0,2020_2021 4월.xlsx
2021,10,세인트루시아,출항,5.0,5.0,0.0,24.0,24.0,0.0,2020_2021 4월.xlsx
2021,10,세인트키츠 네비스,출항,,,,2.0,2.0,0.0,2020_2021 4월.xlsx
2021,10,소말리아,출항,10.0,10.0,0.0,79.0,79.0,0.0,2020_2021 4월.xlsx
2021,10,솔로몬제도,출항,34.0,34.0,0.0,220.0,186.0,34.0,2020_2021 4월.xlsx
2021,10,수단,출항,,,,24.0,24.0,0.0,2020_2021 4월.xlsx
2021,10,수리남,출항,,,,29.0,29.0,0.0,2020_2021 4월.xlsx
2021,10,스리랑카,출항,1585.0,1585.0,0.0,8575.25,8559.25,16.0,2020_2021 4월.xlsx
2021,10,스웨덴,출항,411.0,411.0,0.0,4085.0,4085.0,0.0,2020_2021 4월.xlsx
2021,10,스페인,출항,3343.0,3343.0,0.0,32780.0,31275.0,1505.0,2020_2021 4월.xlsx
2021,10,슬로베니아,출항,7782.0,7782.0,0.0,89998.75,89874.75,124.0,2020_2021 4월.xlsx
2021,10,시리아,출항,44.0,44.0,0.0,226.0,226.0,0.0,2020_2021 4월.xlsx
2021,10,시에라 리온,출항,7.0,7.0,0.0,54.0,54.0,0.0,2020_2021 4월.xlsx
2021,10,싱가포르,출항,6330.25,6116.25,214.0,63178.5,61387.25,1791.25,2020_2021 4월.xlsx
2021,10,아랍에미리트연합국,출항,6032.5,6010.5,22.0,51013.5,50829.5,184.0,2020_2021 4월.xlsx
2021,10,아루바,출항,14.0,14.0,0.0,55.0,55.0,0.0,2020_2021 4월.xlsx
2021,10,아르헨티나,출항,429.0,429.0,0.0,5240.0,5139.0,101.0,2020_2021 4월.xlsx
2021,10,아메리칸사모아,출항,32.0,32.0,0.0,544.0,544.0,0.0,2020_2021 4월.xlsx
2021,10,아이티,출항,15.0,15.0,0.0,128.0,128.0,0.0,2020_2021 4월.xlsx
2021,10,아일랜드,출항,57.0,57.0,0.0,314.0,314.0,0.0,2020_2021 4월.xlsx
2021,10,알바니아,출항,7.0,7.0,0.0,104.0,104.0,0.0,2020_2021 4월.xlsx
2021,10,알제리,출항,242.0,242.0,0.0,1495.25,1485.25,10.0,2020_2021 4월.xlsx
2021,10,앙골라,출항,29.0,29.0,0.0,1233.0,1233.0,0.0,2020_2021 4월.xlsx
2021,10,앤티가 바부다,출항,1.0,1.0,0.0,1.0,1.0,0.0,2020_2021 4월.xlsx
2021,10,앤틸리스제도,출항,6.0,6.0,0.0,42.0,42.0,0.0,2020_2021 4월.xlsx
2021,10,에스토니아,출항,58.25,58.25,0.0,297.5,297.5,0.0,2020_2021 4월.xlsx
2021,10,에콰도르,출항,1582.0,664.0,918.0,16499.0,5549.0,10950.0,2020_2021 4월.xlsx
2021,10,엘살바도르,출항,91.0,91.0,0.0,728.0,728.0,0.0,2020_2021 4월.xlsx
2021,10,영국,출항,2348.25,2284.25,64.0,21738.0,21535.0,203.0,2020_2021 4월.xlsx
2021,10,영국령 버진아일랜드,출항,1.0,1.0,0.0,2.0,2.0,0.0,2020_2021 4월.xlsx
2021,10,예멘,출항,7.0,7.0,0.0,165.0,165.0,0.0,2020_2021 4월.xlsx
2021,10,오만,출항,148.0,148.0,0.0,1843.25,1843.25,0.0,2020_2021 4월.xlsx
2021,10,온두라스,출항,69.0,69.0,0.0,928.0,630.0,298.0,2020_2021 4월.xlsx
2021,10,요르단,출항,160.0,160.0,0.0,2345.0,2345.0,0.0,2020_2021 4월.xlsx
2021,10,우루과이,출항,303.0,303.0,0.0,2993.0,2973.0,20.0,2020_2021 4월.xlsx
2021,10,우크라이나,출항,232.0,232.0,0.0,1255.25,1239.25,16.0,2020_2021 4월.xlsx
2021,10,이라크,출항,224.0,224.0,0.0,1682.0,1682.0,0.0,2020_2021 4월.xlsx
2021,10,이란,출항,182.0,182.0,0.0,913.0,913.0,0.0,2020_2021 4월.xlsx
2021,10,이스라엘,출항,613.0,611.0,2.0,9297.0,9139.0,158.0,2020_2021 4월.xlsx
2021,10,이집트,출항,3260.0,3260.0,0.0,34969.25,34687.25,282.0,2020_2021 4월.xlsx
2021,10,이탈리아,출항,3912.75,3900.75,12.0,38652.25,38603.25,49.0,2020_2021 4월.xlsx
2021,10,인도,출항,15599.75,15549.75,50.0,135524.5,134281.5,1243.0,2020_2021 4월.xlsx
2021,10,인도네시아,출항,9425.25,9425.25,0.0,84282.5,83763.5,519.0,2020_2021 4월.xlsx
2021,10,일본,출항,36630.0,30212.5,6417.5,356318.0,283839.25,72478.75,2020_2021 4월.xlsx
2021,10,자메이카,출항,170.0,170.0,0.0,2326.0,1918.0,408.0,2020_2021 4월.xlsx
2021,10,적도 기니,출항,,,,9.0,9.0,0.0,2020_2021 4월.xlsx
2021,10,조지아,출항,26.0,26.0,0.0,148.0,148.0,0.0,2020_2021 4월.xlsx
2021,10,중국,출항,102228.0,64046.25,38181.75,963465.75,545864.25,417601.5,2020_2021 4월.xlsx
2021,10,지부티,출항,11.0,11.0,0.0,95.0,95.0,0.0,2020_2021 4월.xlsx
2021,10,칠레,출항,1842.0,1842.0,0.0,19336.0,18783.0,553.0,2020_2021 4월.xlsx
2021,10,카메룬,출항,48.0,48.0,0.0,353.0,353.0,0.0,2020_2021 4월.xlsx
2021,10,카보 베르데,출항,,,,5.0,5.0,0.0,2020_2021 4월.xlsx
2021,10,카타르,출항,614.5,592.5,22.0,4459.0,4275.0,184.0,2020_2021 4월.xlsx
2021,10,캄보디아,출항,395.0,395.0,0.0,3711.0,3711.0,0.0,2020_2021 4월.xlsx
2021,10,캐나다,출항,10780.75,10780.75,0.0,105281.25,105134.25,147.0,2020_2021 4월.xlsx
2021,10,케냐,출항,164.0,164.0,0.0,1283.0,1283.0,0.0,2020_2021 4월.xlsx
2021,10,케이맨 제도,출항,1.0,1.0,0.0,4.0,4.0,0.0,2020_2021 4월.xlsx
2021,10,코모로,출항,1.0,1.0,0.0,1.0,1.0,0.0,2020_2021 4월.xlsx
2021,10,코스타리카,출항,107.0,107.0,0.0,1051.0,1017.0,34.0,2020_2021 4월.xlsx
2021,10,코트디부아르,출항,82.0,82.0,0.0,855.0,855.0,0.0,2020_2021 4월.xlsx
2021,10,콜롬비아,출항,2391.0,1985.0,406.0,16039.0,14978.0,1061.0,2020_2021 4월.xlsx
2021,10,콩고,출항,8.0,8.0,0.0,56.0,56.0,0.0,2020_2021 4월.xlsx
2021,10,콩고 민주 공화국,출항,17.0,17.0,0.0,172.0,172.0,0.0,2020_2021 4월.xlsx
2021,10,쿠바,출항,25.0,25.0,0.0,51.0,51.0,0.0,2020_2021 4월.xlsx
2021,10,쿠웨이트,출항,55.0,55.0,0.0,1175.0,1175.0,0.0,2020_2021 4월.xlsx
2021,10,크로아티아,출항,1053.0,1053.0,0.0,10075.75,10015.75,60.0,2020_2021 4월.xlsx
2021,10,키리바시,출항,7.0,7.0,0.0,67.0,67.0,0.0,2020_2021 4월.xlsx
2021,10,키프로스,출항,28.0,28.0,0.0,87.0,87.0,0.0,2020_2021 4월.xlsx
2021,10,탄자니아,출항,232.0,232.0,0.0,1336.0,1336.0,0.0,2020_2021 4월.xlsx
2021,10,태국,출항,6912.0,6774.0,138.0,82674.75,77595.75,5079.0,2020_2021 4월.xlsx
2021,10,토고,출항,1035.0,255.0,780.0,3906.0,1862.0,2044.0,2020_2021 4월.xlsx
2021,10,통가,출항,1.0,1.0,0.0,2.0,2.0,0.0,2020_2021 4월.xlsx
2021,10,튀니지,출항,57.0,57.0,0.0,569.0,569.0,0.0,2020_2021 4월.xlsx
2021,10,튀르키예,출항,9590.5,9402.5,188.0,79736.5,78241.5,1495.0,2020_2021 4월.xlsx
2021,10,트리니다드 토바고,출항,34.0,34.0,0.0,395.0,395.0,0.0,2020_2021 4월.xlsx
2021,10,파나마,출항,1147.0,1147.0,0.0,16279.0,12029.0,4250.0,2020_2021 4월.xlsx
2021,10,파라과이,출항,,,,61.0,61.0,0.0,2020_2021 4월.xlsx
2021,10,파키스탄,출항,1387.25,1387.25,0.0,16774.0,16758.0,16.0,2020_2021 4월.xlsx
2021,10,파푸아 뉴기니,출항,146.0,98.0,48.0,1211.0,1079.0,132.0,2020_2021 4월.xlsx
2021,10,팔라우,출항,5.0,5.0,0.0,87.0,64.0,23.0,2020_2021 4월.xlsx
2021,10,페루,출항,1401.0,1401.0,0.0,14037.0,12445.0,1592.0,2020_2021 4월.xlsx
2021,10,포르투갈,출항,234.0,234.0,0.0,1555.0,1555.0,0.0,2020_2021 4월.xlsx
2021,10,폴란드,출항,579.0,579.0,0.0,4416.75,4414.75,2.0,2020_2021 4월.xlsx
2021,10,푸에르토리코,출항,47.0,47.0,0.0,245.0,245.0,0.0,2020_2021 4월.xlsx
2021,10,프랑스,출항,1603.0,1588.0,15.0,14358.5,14169.5,189.0,2020_2021 4월.xlsx
2021,10,프랑스령 기아나,출항,1.0,1.0,0.0,10.0,10.0,0.0,2020_2021 4월.xlsx
2021,10,프랑스령 폴리네시아,출항,19.0,5.0,14.0,100.0,58.0,42.0,2020_2021 4월.xlsx
2021,10,피지,출항,36.0,35.0,1.0,410.0,400.0,10.0,2020_2021 4월.xlsx
2021,10,핀란드,출항,92.0,92.0,0.0,546.0,546.0,0.0,2020_2021 4월.xlsx
2021,10,필리핀,출항,3935.5,3935.5,0.0,39226.75,39194.75,32.0,2020_2021 4월.xlsx
2021,10,헝가리,출항,,,,28.0,28.0,0.0,2020_2021 4월.xlsx
2021,10,호주,출항,5284.0,5088.0,196.0,51879.25,49371.25,2508.0,2020_2021 4월.xlsx
2021,10,홍콩,출항,8871.75,8553.75,318.0,68494.5,64901.5,3593.0,2020_2021 4월.xlsx
2021,10,가나,출항환적,50.0,50.0,0.0,735.25,735.25,0.0,2020_2021 4월.xlsx
2021,10,가봉,출항환적,1.0,1.0,0.0,29.0,29.0,0.0,2020_2021 4월.xlsx
2021,10,가이아나,출항환적,111.0,111.0,0.0,1999.0,1999.0,0.0,2020_2021 4월.xlsx
2021,10,감비아,출항환적,4.0,4.0,0.0,10.0,10.0,0.0,2020_2021 4월.xlsx
2021,10,과들루프,출항환적,2.0,2.0,0.0,77.0,77.0,0.0,2020_2021 4월.xlsx
2021,10,과테말라,출항환적,1751.0,1751.0,0.0,16497.0,16491.0,6.0,2020_2021 4월.xlsx
2021,10,괌,출항환적,261.25,261.25,0.0,3766.75,3766.75,0.0,2020_2021 4월.xlsx
2021,10,그레나다,출항환적,7.0,7.0,0.0,147.25,147.25,0.0,2020_2021 4월.xlsx
2021,10,그리스,출항환적,224.0,224.0,0.0,6757.75,6757.75,0.0,2020_2021 4월.xlsx
2021,10,기니,출항환적,2.0,2.0,0.0,89.5,89.5,0.0,2020_2021 4월.xlsx
2021,10,나미비아,출항환적,79.0,79.0,0.0,503.0,503.0,0.0,2020_2021 4월.xlsx
2021,10,나우루,출항환적,18.0,18.0,0.0,146.0,146.0,0.0,2020_2021 4월.xlsx
2021,10,나이지리아,출항환적,175.0,175.0,0.0,1918.0,1918.0,0.0,2020_2021 4월.xlsx
2021,10,남아프리카,출항환적,202.0,202.0,0.0,2166.0,2166.0,0.0,2020_2021 4월.xlsx
2021,10,네덜란드,출항환적,2134.5,2117.5,17.0,21737.0,21670.0,67.0,2020_2021 4월.xlsx
2021,10,노르웨이,출항환적,45.0,45.0,0.0,313.0,313.0,0.0,2020_2021 4월.xlsx
2021,10,뉴질랜드,출항환적,1820.0,1714.0,106.0,12358.5,11788.5,570.0,2020_2021 4월.xlsx
2021,10,뉴칼레도니아,출항환적,313.0,313.0,0.0,3476.0,3473.0,3.0,2020_2021 4월.xlsx
2021,10,니카라과,출항환적,370.0,370.0,0.0,2812.0,2812.0,0.0,2020_2021 4월.xlsx
2021,10,대만,출항환적,7641.25,7489.25,152.0,69003.5,67325.75,1677.75,2020_2021 4월.xlsx
2021,10,대한민국,출항환적,21924.25,21658.25,266.0,180179.0,177142.0,3037.0,2020_2021 4월.xlsx
2021,10,덴마크,출항환적,35.0,35.0,0.0,589.0,589.0,0.0,2020_2021 4월.xlsx
2021,10,도미니카 공화국,출항환적,1143.0,1143.0,0.0,14960.5,14910.5,50.0,2020_2021 4월.xlsx
2021,10,도미니카 연방,출항환적,4.0,4.0,0.0,107.0,107.0,0.0,2020_2021 4월.xlsx
2021,10,독일,출항환적,2157.0,2157.0,0.0,19694.5,19656.5,38.0,2020_2021 4월.xlsx
2021,10,동티모르,출항환적,,,,45.0,45.0,0.0,2020_2021 4월.xlsx
2021,10,라이베리아,출항환적,1.0,1.0,0.0,20.0,20.0,0.0,2020_2021 4월.xlsx
2021,10,라트비아,출항환적,6.0,6.0,0.0,125.25,125.25,0.0,2020_2021 4월.xlsx
2021,10,러시아,출항환적,30015.0,30013.0,2.0,291214.5,289499.5,1715.0,2020_2021 4월.xlsx
2021,10,레바논,출항환적,347.5,347.5,0.0,2761.0,2761.0,0.0,2020_2021 4월.xlsx
2021,10,레위니옹,출항환적,,,,7.0,7.0,0.0,2020_2021 4월.xlsx
2021,10,루마니아,출항환적,383.0,383.0,0.0,2361.5,2361.5,0.0,2020_2021 4월.xlsx
2021,10,리비아,출항환적,45.0,45.0,0.0,1211.25,1211.25,0.0,2020_2021 4월.xlsx
2021,10,리투아니아,출항환적,44.0,44.0,0.0,307.0,307.0,0.0,2020_2021 4월.xlsx
2021,10,마다가스카르,출항환적,13.0,13.0,0.0,139.0,139.0,0.0,2020_2021 4월.xlsx
2021,10,마르티니크,출항환적,4.0,4.0,0.0,88.0,88.0,0.0,2020_2021 4월.xlsx
2021,10,마샬 제도,출항환적,93.0,93.0,0.0,1032.0,1032.0,0.0,2020_2021 4월.xlsx
2021,10,마요트,출항환적,1.0,1.0,0.0,2.0,2.0,0.0,2020_2021 4월.xlsx
2021,10,마카오,출항환적,,,,15.0,15.0,0.0,2020_2021 4월.xlsx
2021,10,말레이시아,출항환적,2062.0,2062.0,0.0,31607.0,31450.0,157.0,2020_2021 4월.xlsx
2021,10,멕시코,출항환적,29105.0,29019.0,86.0,253194.25,251836.25,1358.0,2020_2021 4월.xlsx
2021,10,모로코,출항환적,899.0,899.0,0.0,7686.0,7686.0,0.0,2020_2021 4월.xlsx
2021,10,모리셔스,출항환적,4.0,4.0,0.0,111.0,111.0,0.0,2020_2021 4월.xlsx
2021,10,모리타니,출항환적,17.0,17.0,0.0,127.0,127.0,0.0,2020_2021 4월.xlsx
2021,10,모잠비크,출항환적,35.0,35.0,0.0,486.0,486.0,0.0,2020_2021 4월.xlsx
2021,10,몬테네그로,출항환적,11.0,11.0,0.0,80.0,80.0,0.0,2020_2021 4월.xlsx
2021,10,몰디브,출항환적,2.0,2.0,0.0,40.0,40.0,0.0,2020_2021 4월.xlsx
2021,10,몰타,출항환적,8.0,8.0,0.0,166.5,166.5,0.0,2020_2021 4월.xlsx
2021,10,미국,출항환적,105985.0,105914.0,71.0,896235.5,895331.5,904.0,2020_2021 4월.xlsx
2021,10,미국령 버진아일랜드,출항환적,,,,43.0,43.0,0.0,2020_2021 4월.xlsx
2021,10,미얀마,출항환적,1.0,1.0,0.0,209.0,209.0,0.0,2020_2021 4월.xlsx
2021,10,미크로네시아,출항환적,102.0,102.0,0.0,1068.0,1068.0,0.0,2020_2021 4월.xlsx
2021,10,바누아투,출항환적,225.0,225.0,0.0,3223.0,3223.0,0.0,2020_2021 4월.xlsx
2021,10,바레인,출항환적,8.0,8.0,0.0,86.0,86.0,0.0,2020_2021 4월.xlsx
2021,10,바베이도스,출항환적,32.0,32.0,0.0,793.0,793.0,0.0,2020_2021 4월.xlsx
2021,10,바하마,출항환적,3140.0,71.0,3069.0,45919.5,738.0,45181.5,2020_2021 4월.xlsx
2021,10,방글라데시,출항환적,35.0,35.0,0.0,360.0,360.0,0.0,2020_2021 4월.xlsx
2021,10,베냉,출항환적,6.0,6.0,0.0,103.0,103.0,0.0,2020_2021 4월.xlsx
2021,10,베네수엘라,출항환적,597.0,597.0,0.0,8734.0,8734.0,0.0,2020_2021 4월.xlsx
2021,10,베트남,출항환적,7583.0,7568.0,15.0,90531.75,88494.5,2037.25,2020_2021 4월.xlsx
2021,10,벨기에,출항환적,639.0,639.0,0.0,8227.75,8227.75,0.0,2020_2021 4월.xlsx
2021,10,벨리즈,출항환적,8.0,8.0,0.0,301.0,301.0,0.0,2020_2021 4월.xlsx
2021,10,북마리아나 제도,출항환적,71.0,71.0,0.0,839.0,839.0,0.0,2020_2021 4월.xlsx
2021,10,불가리아,출항환적,85.0,85.0,0.0,443.0,443.0,0.0,2020_2021 4월.xlsx
2021,10,브라질,출항환적,5295.0,5295.0,0.0,47192.0,47192.0,0.0,2020_2021 4월.xlsx
2021,10,브루나이,출항환적,,,,2.0,2.0,0.0,2020_2021 4월.xlsx
2021,10,사모아,출항환적,162.0,162.0,0.0,2554.0,2554.0,0.0,2020_2021 4월.xlsx
2021,10,사우디아라비아,출항환적,1849.25,1849.25,0.0,15825.0,15825.0,0.0,2020_2021 4월.xlsx
2021,10,상투메 프린시페,출항환적,,,,2.0,2.0,0.0,2020_2021 4월.xlsx
2021,10,세네갈,출항환적,52.0,52.0,0.0,203.0,203.0,0.0,2020_2021 4월.xlsx
2021,10,세이셸,출항환적,,,,3.0,3.0,0.0,2020_2021 4월.xlsx
2021,10,세인트 빈센트 그레나딘,출항환적,1.0,1.0,0.0,81.0,81.0,0.0,2020_2021 4월.xlsx
2021,10,세인트루시아,출항환적,13.0,13.0,0.0,157.0,157.0,0.0,2020_2021 4월.xlsx
2021,10,세인트키츠 네비스,출항환적,1.0,1.0,0.0,82.0,82.0,0.0,2020_2021 4월.xlsx
2021,10,소말리아,출항환적,2.0,2.0,0.0,54.0,54.0,0.0,2020_2021 4월.xlsx
2021,10,솔로몬제도,출항환적,131.0,131.0,0.0,1361.0,1361.0,0.0,2020_2021 4월.xlsx
2021,10,수단,출항환적,14.0,14.0,0.0,283.0,283.0,0.0,2020_2021 4월.xlsx
2021,10,수리남,출항환적,78.0,78.0,0.0,1591.0,1591.0,0.0,2020_2021 4월.xlsx
2021,10,스리랑카,출항환적,70.0,70.0,0.0,1041.0,1041.0,0.0,2020_2021 4월.xlsx
2021,10,스웨덴,출항환적,222.0,222.0,0.0,1693.0,1693.0,0.0,2020_2021 4월.xlsx
2021,10,스페인,출항환적,1444.25,1444.25,0.0,19353.0,19226.0,127.0,2020_2021 4월.xlsx
2021,10,슬로베니아,출항환적,631.5,631.5,0.0,6298.75,6298.75,0.0,2020_2021 4월.xlsx
2021,10,시리아,출항환적,121.0,121.0,0.0,382.0,382.0,0.0,2020_2021 4월.xlsx
2021,10,시에라 리온,출항환적,1.0,1.0,0.0,52.0,52.0,0.0,2020_2021 4월.xlsx
2021,10,싱가포르,출항환적,6383.0,4957.0,1426.0,57133.75,50973.75,6160.0,2020_2021 4월.xlsx
2021,10,아랍에미리트연합국,출항환적,3474.75,3474.75,0.0,31286.25,31040.25,246.0,2020_2021 4월.xlsx
2021,10,아루바,출항환적,10.0,10.0,0.0,106.75,106.75,0.0,2020_2021 4월.xlsx
2021,10,아르헨티나,출항환적,1491.0,1491.0,0.0,9983.0,9972.0,11.0,2020_2021 4월.xlsx
2021,10,아메리칸사모아,출항환적,100.0,100.0,0.0,963.0,963.0,0.0,2020_2021 4월.xlsx
2021,10,아이티,출항환적,204.0,204.0,0.0,1289.0,1289.0,0.0,2020_2021 4월.xlsx
2021,10,아일랜드,출항환적,87.0,87.0,0.0,499.0,499.0,0.0,2020_2021 4월.xlsx
2021,10,알바니아,출항환적,,,,33.0,33.0,0.0,2020_2021 4월.xlsx
2021,10,알제리,출항환적,55.0,55.0,0.0,1900.0,1900.0,0.0,2020_2021 4월.xlsx
2021,10,앙골라,출항환적,1.0,1.0,0.0,27.0,27.0,0.0,2020_2021 4월.xlsx
2021,10,앤티가 바부다,출항환적,1.0,1.0,0.0,139.0,139.0,0.0,2020_2021 4월.xlsx
2021,10,앤틸리스제도,출항환적,13.0,13.0,0.0,411.0,411.0,0.0,2020_2021 4월.xlsx
2021,10,앵귈라,출항환적,,,,4.0,4.0,0.0,2020_2021 4월.xlsx
2021,10,에리트레아,출항환적,,,,8.0,8.0,0.0,2020_2021 4월.xlsx
2021,10,에스토니아,출항환적,4.0,4.0,0.0,87.0,87.0,0.0,2020_2021 4월.xlsx
2021,10,에콰도르,출항환적,3505.0,3097.0,408.0,30871.25,25501.25,5370.0,2020_2021 4월.xlsx
2021,10,엘살바도르,출항환적,478.0,478.0,0.0,5090.5,5090.5,0.0,2020_2021 4월.xlsx
2021,10,영국,출항환적,3179.5,3178.5,1.0,21594.0,21592.0,2.0,2020_2021 4월.xlsx
2021,10,영국령 버진아일랜드,출항환적,2.0,2.0,0.0,13.0,13.0,0.0,2020_2021 4월.xlsx
2021,10,예멘,출항환적,,,,29.0,29.0,0.0,2020_2021 4월.xlsx
2021,10,오만,출항환적,498.0,498.0,0.0,4360.75,4360.75,0.0,2020_2021 4월.xlsx
2021,10,온두라스,출항환적,499.0,499.0,0.0,4291.75,3829.75,462.0,2020_2021 4월.xlsx
2021,10,왈리스 푸투나,출항환적,1.0,1.0,0.0,2.0,2.0,0.0,2020_2021 4월.xlsx
2021,10,요르단,출항환적,126.0,126.0,0.0,2030.0,2030.0,0.0,2020_2021 4월.xlsx
2021,10,우루과이,출항환적,337.0,337.0,0.0,2449.0,2449.0,0.0,2020_2021 4월.xlsx
2021,10,우크라이나,출항환적,657.75,657.75,0.0,3195.75,3195.75,0.0,2020_2021 4월.xlsx
2021,10,원양어획지역,출항환적,15.0,15.0,0.0,154.0,154.0,0.0,2020_2021 4월.xlsx
2021,10,이라크,출항환적,2.0,2.0,0.0,313.0,313.0,0.0,2020_2021 4월.xlsx
2021,10,이란,출항환적,,,,14.0,14.0,0.0,2020_2021 4월.xlsx
2021,10,이스라엘,출항환적,2171.0,2117.0,54.0,13666.0,12820.0,846.0,2020_2021 4월.xlsx
2021,10,이집트,출항환적,1517.0,1497.0,20.0,15155.0,14379.0,776.0,2020_2021 4월.xlsx
2021,10,이탈리아,출항환적,1346.25,1346.25,0.0,25201.25,25182.25,19.0,2020_2021 4월.xlsx
2021,10,인도,출항환적,3289.0,3289.0,0.0,38467.75,38376.75,91.0,2020_2021 4월.xlsx
2021,10,인도네시아,출항환적,3675.0,3675.0,0.0,42247.0,42220.0,27.0,2020_2021 4월.xlsx
2021,10,일본,출항환적,81797.0,80480.0,1317.0,783768.0,772731.75,11036.25,2020_2021 4월.xlsx
2021,10,자메이카,출항환적,1499.0,1499.0,0.0,12744.0,12743.0,1.0,2020_2021 4월.xlsx
2021,10,적도 기니,출항환적,,,,8.0,8.0,0.0,2020_2021 4월.xlsx
2021,10,조지아,출항환적,112.75,112.75,0.0,1108.25,1108.25,0.0,2020_2021 4월.xlsx
2021,10,중국,출항환적,108339.25,102332.0,6007.25,970413.25,900192.0,70221.25,2020_2021 4월.xlsx
2021,10,지부티,출항환적,4.0,4.0,0.0,43.0,43.0,0.0,2020_2021 4월.xlsx
2021,10,칠레,출항환적,20671.0,20437.0,234.0,188890.75,185264.75,3626.0,2020_2021 4월.xlsx
2021,10,카메룬,출항환적,18.0,18.0,0.0,231.0,231.0,0.0,2020_2021 4월.xlsx
2021,10,카타르,출항환적,502.25,502.25,0.0,2491.5,2491.5,0.0,2020_2021 4월.xlsx
2021,10,캄보디아,출항환적,35.0,35.0,0.0,511.5,511.5,0.0,2020_2021 4월.xlsx
2021,10,캐나다,출항환적,28785.5,28785.5,0.0,297541.5,297287.5,254.0,2020_2021 4월.xlsx
2021,10,케냐,출항환적,60.0,60.0,0.0,662.0,662.0,0.0,2020_2021 4월.xlsx
2021,10,케이맨 제도,출항환적,8.0,8.0,0.0,94.0,94.0,0.0,2020_2021 4월.xlsx
2021,10,코모로,출항환적,,,,2.0,2.0,0.0,2020_2021 4월.xlsx
2021,10,코스타리카,출항환적,740.0,740.0,0.0,8993.75,8735.75,258.0,2020_2021 4월.xlsx
2021,10,코트디부아르,출항환적,20.0,20.0,0.0,676.0,676.0,0.0,2020_2021 4월.xlsx
2021,10,콜롬비아,출항환적,7815.0,7815.0,0.0,73862.75,73760.75,102.0,2020_2021 4월.xlsx
2021,10,콩고,출항환적,6.0,6.0,0.0,29.0,29.0,0.0,2020_2021 4월.xlsx
2021,10,콩고 민주 공화국,출항환적,6.0,6.0,0.0,54.0,54.0,0.0,2020_2021 4월.xlsx
2021,10,쿠바,출항환적,65.0,65.0,0.0,2852.0,2852.0,0.0,2020_2021 4월.xlsx
2021,10,쿠웨이트,출항환적,45.0,45.0,0.0,254.0,254.0,0.0,2020_2021 4월.xlsx
2021,10,쿡 제도,출항환적,1.0,1.0,0.0,2.0,2.0,0.0,2020_2021 4월.xlsx
2021,10,퀴라소,출항환적,4.0,4.0,0.0,59.0,59.0,0.0,2020_2021 4월.xlsx
2021,10,크로아티아,출항환적,253.0,253.0,0.0,1932.75,1932.75,0.0,2020_2021 4월.xlsx
2021,10,키리바시,출항환적,213.0,213.0,0.0,2156.0,2156.0,0.0,2020_2021 4월.xlsx
2021,10,키프로스,출항환적,5.0,5.0,0.0,83.0,83.0,0.0,2020_2021 4월.xlsx
2021,10,탄자니아,출항환적,47.0,47.0,0.0,250.0,250.0,0.0,2020_2021 4월.xlsx
2021,10,태국,출항환적,5514.0,5493.0,21.0,64185.5,63651.5,534.0,2020_2021 4월.xlsx
2021,10,토고,출항환적,3.0,3.0,0.0,140.0,140.0,0.0,2020_2021 4월.xlsx
2021,10,통가,출항환적,78.0,78.0,0.0,1171.0,1171.0,0.0,2020_2021 4월.xlsx
2021,10,튀니지,출항환적,42.0,42.0,0.0,1184.5,1184.5,0.0,2020_2021 4월.xlsx
2021,10,튀르키예,출항환적,3399.0,3399.0,0.0,30863.5,30863.5,0.0,2020_2021 4월.xlsx
2021,10,트리니다드 토바고,출항환적,296.0,296.0,0.0,3721.0,3721.0,0.0,2020_2021 4월.xlsx
2021,10,파나마,출항환적,4208.5,4208.5,0.0,35957.75,35688.75,269.0,2020_2021 4월.xlsx
2021,10,파라과이,출항환적,5.0,5.0,0.0,241.0,241.0,0.0,2020_2021 4월.xlsx
2021,10,파키스탄,출항환적,336.25,336.25,0.0,4923.25,4923.25,0.0,2020_2021 4월.xlsx
2021,10,파푸아 뉴기니,출항환적,499.0,499.0,0.0,3693.0,3692.0,1.0,2020_2021 4월.xlsx
2021,10,팔라우,출항환적,16.0,16.0,0.0,107.0,107.0,0.0,2020_2021 4월.xlsx
2021,10,페루,출항환적,6145.0,6145.0,0.0,60866.25,59684.25,1182.0,2020_2021 4월.xlsx
2021,10,포르투갈,출항환적,28.0,28.0,0.0,224.0,224.0,0.0,2020_2021 4월.xlsx
2021,10,폴란드,출항환적,221.0,221.0,0.0,1948.0,1948.0,0.0,2020_2021 4월.xlsx
2021,10,푸에르토리코,출항환적,503.0,503.0,0.0,5055.0,5055.0,0.0,2020_2021 4월.xlsx
2021,10,프랑스,출항환적,1995.25,1989.25,6.0,19193.5,19180.5,13.0,2020_2021 4월.xlsx
2021,10,프랑스령 기아나,출항환적,1.0,1.0,0.0,55.0,55.0,0.0,2020_2021 4월.xlsx
2021,10,프랑스령 폴리네시아,출항환적,229.0,229.0,0.0,1215.0,1215.0,0.0,2020_2021 4월.xlsx
2021,10,피지,출항환적,331.0,331.0,0.0,5325.0,5322.0,3.0,2020_2021 4월.xlsx
2021,10,핀란드,출항환적,19.0,19.0,0.0,269.0,269.0,0.0,2020_2021 4월.xlsx
2021,10,필리핀,출항환적,4744.25,4744.25,0.0,60347.25,60347.25,0.0,2020_2021 4월.xlsx
2021,10,호주,출항환적,1214.0,1189.0,25.0,19029.0,17654.0,1375.0,2020_2021 4월.xlsx
2021,10,홍콩,출항환적,4149.25,4005.25,144.0,41293.5,40883.5,410.0,2020_2021 4월.xlsx
2021,11,가나,입항,35.0,35.0,0.0,373.0,367.0,6.0,2020_2021 3월.xlsx
2021,11,가봉,입항,10.0,10.0,0.0,54.0,54.0,0.0,2020_2021 3월.xlsx
2021,11,가이아나,입항,6.0,6.0,0.0,44.0,42.0,2.0,2020_2021 3월.xlsx
2021,11,감비아,입항,3.0,3.0,0.0,55.0,55.0,0.0,2020_2021 3월.xlsx
2021,11,과들루프,입항,,,,2.0,2.0,0.0,2020_2021 3월.xlsx
2021,11,과테말라,입항,236.0,214.0,22.0,4448.0,3187.0,1261.0,2020_2021 3월.xlsx
2021,11,괌,입항,885.0,81.0,804.0,6844.0,976.5,5867.5,2020_2021 3월.xlsx
2021,11,그리스,입항,707.75,412.0,295.75,11112.25,4209.0,6903.25,2020_2021 3월.xlsx
2021,11,기니,입항,56.0,56.0,0.0,858.0,858.0,0.0,2020_2021 3월.xlsx
2021,11,기니비사우,입항,,,,42.0,42.0,0.0,2020_2021 3월.xlsx
2021,11,나미비아,입항,49.0,49.0,0.0,134.0,134.0,0.0,2020_2021 3월.xlsx
2021,11,나이지리아,입항,57.0,57.0,0.0,649.0,649.0,0.0,2020_2021 3월.xlsx
2021,11,남아프리카,입항,811.0,791.0,20.0,9117.0,8772.0,345.0,2020_2021 3월.xlsx
2021,11,네덜란드,입항,3656.0,3410.0,246.0,78548.5,68999.0,9549.5,2020_2021 3월.xlsx
2021,11,노르웨이,입항,414.0,406.0,8.0,6334.0,6260.0,74.0,2020_2021 3월.xlsx
2021,11,뉴질랜드,입항,2954.0,2536.0,418.0,26160.0,22822.0,3338.0,2020_2021 3월.xlsx
2021,11,뉴칼레도니아,입항,225.0,9.0,216.0,2621.0,187.0,2434.0,2020_2021 3월.xlsx
2021,11,니카라과,입항,21.0,21.0,0.0,192.0,186.0,6.0,2020_2021 3월.xlsx
2021,11,대만,입항,5669.0,3609.0,2060.0,77926.75,48478.0,29448.75,2020_2021 3월.xlsx
2021,11,대한민국,입항,6788.0,0.0,6788.0,70196.0,1.0,70195.0,2020_2021 3월.xlsx
2021,11,덴마크,입항,1139.0,1049.0,90.0,10529.0,10439.0,90.0,2020_2021 3월.xlsx
2021,11,도미니카 공화국,입항,119.0,116.0,3.0,1411.0,1158.0,253.0,2020_2021 3월.xlsx
2021,11,독일,입항,6926.75,5784.75,1142.0,94145.5,88050.75,6094.75,2020_2021 3월.xlsx
2021,11,동티모르,입항,,,,2.0,2.0,0.0,2020_2021 3월.xlsx
2021,11,라이베리아,입항,,,,25.0,25.0,0.0,2020_2021 3월.xlsx
2021,11,라트비아,입항,856.0,856.0,0.0,10495.0,10494.0,1.0,2020_2021 3월.xlsx
2021,11,러시아,입항,11312.0,3141.0,8171.0,129640.5,41595.0,88045.5,2020_2021 3월.xlsx
2021,11,레바논,입항,76.0,40.0,36.0,1234.0,1064.0,170.0,2020_2021 3월.xlsx
2021,11,레위니옹,입항,1.0,1.0,0.0,24.0,22.0,2.0,2020_2021 3월.xlsx
2021,11,루마니아,입항,190.0,190.0,0.0,6032.5,2672.5,3360.0,2020_2021 3월.xlsx
2021,11,리비아,입항,16.0,16.0,0.0,358.0,358.0,0.0,2020_2021 3월.xlsx
2021,11,리투아니아,입항,165.0,165.0,0.0,4455.0,3746.0,709.0,2020_2021 3월.xlsx
2021,11,마다가스카르,입항,12.0,12.0,0.0,87.0,87.0,0.0,2020_2021 3월.xlsx
2021,11,마르티니크,입항,3.0,3.0,0.0,5.0,5.0,0.0,2020_2021 3월.xlsx
2021,11,마샬 제도,입항,518.0,12.0,506.0,4319.0,65.0,4254.0,2020_2021 3월.xlsx
2021,11,말레이시아,입항,5664.0,4851.0,813.0,87818.0,57355.0,30463.0,2020_2021 3월.xlsx
2021,11,멕시코,입항,4510.0,3401.0,1109.0,92293.5,31138.0,61155.5,2020_2021 3월.xlsx
2021,11,모로코,입항,151.0,151.0,0.0,3158.0,2157.0,1001.0,2020_2021 3월.xlsx
2021,11,모리셔스,입항,17.0,17.0,0.0,118.0,118.0,0.0,2020_2021 3월.xlsx
2021,11,모리타니,입항,36.0,36.0,0.0,293.0,293.0,0.0,2020_2021 3월.xlsx
2021,11,모잠비크,입항,50.0,50.0,0.0,1022.0,1022.0,0.0,2020_2021 3월.xlsx
2021,11,몬테네그로,입항,243.0,243.0,0.0,1316.0,1316.0,0.0,2020_2021 3월.xlsx
2021,11,몰타,입항,1.0,1.0,0.0,1421.25,88.0,1333.25,2020_2021 3월.xlsx
2021,11,미국,입항,55595.75,35643.25,19952.5,681285.75,421183.0,260102.75,2020_2021 3월.xlsx
2021,11,미얀마,입항,262.0,262.0,0.0,3797.0,3789.0,8.0,2020_2021 3월.xlsx
2021,11,미크로네시아,입항,18.0,9.0,9.0,118.0,82.0,36.0,2020_2021 3월.xlsx
2021,11,바누아투,입항,1.0,1.0,0.0,1861.0,10.0,1851.0,2020_2021 3월.xlsx
2021,11,바레인,입항,95.0,95.0,0.0,2429.0,2429.0,0.0,2020_2021 3월.xlsx
2021,11,바하마,입항,,,,3.0,3.0,0.0,2020_2021 3월.xlsx
2021,11,방글라데시,입항,504.0,483.0,21.0,6529.0,6371.0,158.0,2020_2021 3월.xlsx
2021,11,베냉,입항,3.0,3.0,0.0,27.0,13.0,14.0,2020_2021 3월.xlsx
2021,11,베네수엘라,입항,59.0,59.0,0.0,349.0,349.0,0.0,2020_2021 3월.xlsx
2021,11,베트남,입항,12807.25,12417.0,390.25,149341.0,134533.0,14808.0,2020_2021 3월.xlsx
2021,11,벨기에,입항,4156.75,4108.75,48.0,39447.0,37245.0,2202.0,2020_2021 3월.xlsx
2021,11,북마리아나 제도,입항,29.0,18.0,11.0,9487.25,148.0,9339.25,2020_2021 3월.xlsx
2021,11,불가리아,입항,53.0,53.0,0.0,821.25,815.25,6.0,2020_2021 3월.xlsx
2021,11,브라질,입항,2998.0,2435.0,563.0,35397.0,25216.0,10181.0,2020_2021 3월.xlsx
2021,11,브루나이,입항,,,,22.0,19.0,3.0,2020_2021 3월.xlsx
2021,11,사모아,입항,504.0,1.0,503.0,2355.0,20.0,2335.0,2020_2021 3월.xlsx
2021,11,사우디아라비아,입항,965.0,448.0,517.0,18026.0,6509.0,11517.0,2020_2021 3월.xlsx
2021,11,세네갈,입항,74.0,74.0,0.0,1111.0,1094.0,17.0,2020_2021 3월.xlsx
2021,11,세르비아,입항,,,,2.0,2.0,0.0,2020_2021 3월.xlsx
2021,11,세이셸,입항,,,,25.0,25.0,0.0,2020_2021 3월.xlsx
2021,11,세인트루시아,입항,1.0,1.0,0.0,8.0,8.0,0.0,2020_2021 3월.xlsx
2021,11,소말리아,입항,,,,34.0,1.0,33.0,2020_2021 3월.xlsx
2021,11,솔로몬제도,입항,2.0,2.0,0.0,54.0,26.0,28.0,2020_2021 3월.xlsx
2021,11,수단,입항,50.0,0.0,50.0,423.0,182.0,241.0,2020_2021 3월.xlsx
2021,11,수리남,입항,45.0,45.0,0.0,379.0,379.0,0.0,2020_2021 3월.xlsx
2021,11,스리랑카,입항,896.0,195.0,701.0,4487.0,3483.0,1004.0,2020_2021 3월.xlsx
2021,11,스웨덴,입항,1083.0,1083.0,0.0,13614.0,13558.0,56.0,2020_2021 3월.xlsx
2021,11,스위스,입항,,,,15.0,15.0,0.0,2020_2021 3월.xlsx
2021,11,스페인,입항,3461.0,3449.0,12.0,40655.25,37798.25,2857.0,2020_2021 3월.xlsx
2021,11,슬로베니아,입항,872.5,872.5,0.0,14591.75,14381.75,210.0,2020_2021 3월.xlsx
2021,11,시에라 리온,입항,17.0,17.0,0.0,150.0,150.0,0.0,2020_2021 3월.xlsx
2021,11,싱가포르,입항,5517.5,2501.0,3016.5,61286.75,31891.0,29395.75,2020_2021 3월.xlsx
2021,11,아랍에미리트연합국,입항,5507.0,1370.0,4137.0,60568.75,14103.25,46465.5,2020_2021 3월.xlsx
2021,11,아루바,입항,1.0,1.0,0.0,10.0,10.0,0.0,2020_2021 3월.xlsx
2021,11,아르헨티나,입항,1044.0,392.0,652.0,7002.0,2984.0,4018.0,2020_2021 3월.xlsx
2021,11,아메리칸사모아,입항,60.0,58.0,2.0,667.0,301.0,366.0,2020_2021 3월.xlsx
2021,11,아이슬란드,입항,,,,10.0,10.0,0.0,2020_2021 3월.xlsx
2021,11,아이티,입항,5.0,5.0,0.0,90.0,90.0,0.0,2020_2021 3월.xlsx
2021,11,아일랜드,입항,172.0,164.0,8.0,1950.0,1910.0,40.0,2020_2021 3월.xlsx
2021,11,알바니아,입항,349.0,349.0,0.0,2053.0,2053.0,0.0,2020_2021 3월.xlsx
2021,11,알제리,입항,,,,5.0,5.0,0.0,2020_2021 3월.xlsx
2021,11,앙골라,입항,3.0,3.0,0.0,47.0,47.0,0.0,2020_2021 3월.xlsx
2021,11,앤틸리스제도,입항,,,,9.0,9.0,0.0,2020_2021 3월.xlsx
2021,11,에스토니아,입항,203.0,203.0,0.0,2678.25,2670.25,8.0,2020_2021 3월.xlsx
2021,11,에콰도르,입항,1996.0,304.0,1692.0,12342.0,3725.0,8617.0,2020_2021 3월.xlsx
2021,11,엘살바도르,입항,134.0,134.0,0.0,2061.0,864.0,1197.0,2020_2021 3월.xlsx
2021,11,영국,입항,1062.0,1037.0,25.0,26129.0,18397.0,7732.0,2020_2021 3월.xlsx
2021,11,예멘,입항,83.0,81.0,2.0,1438.75,1436.75,2.0,2020_2021 3월.xlsx
2021,11,오만,입항,320.0,250.0,70.0,7515.0,3072.0,4443.0,2020_2021 3월.xlsx
2021,11,오스트리아,입항,,,,2.0,2.0,0.0,2020_2021 3월.xlsx
2021,11,온두라스,입항,35.0,35.0,0.0,867.0,867.0,0.0,2020_2021 3월.xlsx
2021,11,요르단,입항,372.0,252.0,120.0,2221.0,1763.0,458.0,2020_2021 3월.xlsx
2021,11,우루과이,입항,430.0,102.0,328.0,2162.0,953.0,1209.0,2020_2021 3월.xlsx
2021,11,우크라이나,입항,137.0,137.0,0.0,4001.25,2553.25,1448.0,2020_2021 3월.xlsx
2021,11,원양어획지역,입항,,,,4.0,4.0,0.0,2020_2021 3월.xlsx
2021,11,이라크,입항,,,,16.0,0.0,16.0,2020_2021 3월.xlsx
2021,11,이란,입항,80.0,0.0,80.0,285.0,5.0,280.0,2020_2021 3월.xlsx
2021,11,이스라엘,입항,300.0,300.0,0.0,6263.0,4669.0,1594.0,2020_2021 3월.xlsx
2021,11,이집트,입항,1293.0,534.0,759.0,15817.5,4505.0,11312.5,2020_2021 3월.xlsx
2021,11,이탈리아,입항,4171.25,4069.25,102.0,59102.5,54434.5,4668.0,2020_2021 3월.xlsx
2021,11,인도,입항,9282.75,6164.0,3118.75,115741.5,77059.25,38682.25,2020_2021 3월.xlsx
2021,11,인도네시아,입항,7044.5,5685.5,1359.0,82720.0,64652.75,18067.25,2020_2021 3월.xlsx
2021,11,일본,입항,62436.0,21608.0,40828.0,706508.0,234211.0,472297.0,2020_2021 3월.xlsx
2021,11,자메이카,입항,413.0,20.0,393.0,7420.0,157.0,7263.0,2020_2021 3월.xlsx
2021,11,적도 기니,입항,1.0,1.0,0.0,13.0,13.0,0.0,2020_2021 3월.xlsx
2021,11,조지아,입항,9.0,9.0,0.0,218.0,218.0,0.0,2020_2021 3월.xlsx
2021,11,중국,입항,100693.25,84371.0,16322.25,1126570.5,851482.5,275088.0,2020_2021 3월.xlsx
2021,11,지부티,입항,64.0,64.0,0.0,1081.0,1081.0,0.0,2020_2021 3월.xlsx
2021,11,체코,입항,,,,9.0,9.0,0.0,2020_2021 3월.xlsx
2021,11,칠레,입항,4154.0,4050.0,104.0,58842.0,50708.0,8134.0,2020_2021 3월.xlsx
2021,11,카메룬,입항,2.0,2.0,0.0,24.0,24.0,0.0,2020_2021 3월.xlsx
2021,11,카보 베르데,입항,,,,2.0,2.0,0.0,2020_2021 3월.xlsx
2021,11,카타르,입항,189.0,183.0,6.0,7457.75,5540.75,1917.0,2020_2021 3월.xlsx
2021,11,캄보디아,입항,98.0,98.0,0.0,1430.0,1430.0,0.0,2020_2021 3월.xlsx
2021,11,캐나다,입항,5737.5,3793.5,1944.0,98792.5,53125.75,45666.75,2020_2021 3월.xlsx
2021,11,케냐,입항,47.0,47.0,0.0,470.0,470.0,0.0,2020_2021 3월.xlsx
2021,11,코스타리카,입항,168.0,167.0,1.0,2076.0,2054.0,22.0,2020_2021 3월.xlsx
2021,11,코트디부아르,입항,10.0,10.0,0.0,110.0,107.0,3.0,2020_2021 3월.xlsx
2021,11,콜롬비아,입항,1498.0,617.0,881.0,13419.0,6358.0,7061.0,2020_2021 3월.xlsx
2021,11,콩고,입항,2.0,2.0,0.0,47.0,47.0,0.0,2020_2021 3월.xlsx
2021,11,콩고 민주 공화국,입항,,,,56.0,56.0,0.0,2020_2021 3월.xlsx
2021,11,쿠바,입항,,,,46.0,46.0,0.0,2020_2021 3월.xlsx
2021,11,쿠웨이트,입항,227.0,227.0,0.0,1177.0,1156.0,21.0,2020_2021 3월.xlsx
2021,11,퀴라소,입항,,,,10.0,10.0,0.0,2020_2021 3월.xlsx
2021,11,크로아티아,입항,144.0,144.0,0.0,2143.0,2115.0,28.0,2020_2021 3월.xlsx
2021,11,키리바시,입항,1.0,1.0,0.0,2359.0,2.0,2357.0,2020_2021 3월.xlsx
2021,11,키프로스,입항,5.0,5.0,0.0,137.0,137.0,0.0,2020_2021 3월.xlsx
2021,11,탄자니아,입항,161.0,161.0,0.0,2892.0,2892.0,0.0,2020_2021 3월.xlsx
2021,11,태국,입항,5878.0,5801.0,77.0,76985.25,73816.0,3169.25,2020_2021 3월.xlsx
2021,11,토고,입항,79.0,79.0,0.0,325.0,325.0,0.0,2020_2021 3월.xlsx
2021,11,통가,입항,617.0,76.0,541.0,1860.0,91.0,1769.0,2020_2021 3월.xlsx
2021,11,튀니지,입항,157.0,157.0,0.0,804.0,804.0,0.0,2020_2021 3월.xlsx
2021,11,튀르키예,입항,1618.75,1481.75,137.0,24248.75,18204.5,6044.25,2020_2021 3월.xlsx
2021,11,트리니다드 토바고,입항,63.0,63.0,0.0,405.0,405.0,0.0,2020_2021 3월.xlsx
2021,11,파나마,입항,5665.0,129.0,5536.0,30875.0,950.0,29925.0,2020_2021 3월.xlsx
2021,11,파라과이,입항,6.0,6.0,0.0,211.0,211.0,0.0,2020_2021 3월.xlsx
2021,11,파키스탄,입항,2117.75,823.0,1294.75,19994.5,6193.0,13801.5,2020_2021 3월.xlsx
2021,11,파푸아 뉴기니,입항,87.0,87.0,0.0,575.0,549.0,26.0,2020_2021 3월.xlsx
2021,11,팔라우,입항,3.0,3.0,0.0,18.0,17.0,1.0,2020_2021 3월.xlsx
2021,11,페루,입항,948.0,917.0,31.0,16954.0,15029.0,1925.0,2020_2021 3월.xlsx
2021,11,포르투갈,입항,108.0,107.0,1.0,2609.0,2603.0,6.0,2020_2021 3월.xlsx
2021,11,폴란드,입항,902.25,892.25,10.0,12600.75,12535.75,65.0,2020_2021 3월.xlsx
2021,11,푸에르토리코,입항,161.0,161.0,0.0,1658.0,1658.0,0.0,2020_2021 3월.xlsx
2021,11,프랑스,입항,2277.0,2147.0,130.0,35274.5,32779.0,2495.5,2020_2021 3월.xlsx
2021,11,프랑스령 기아나,입항,,,,2.0,2.0,0.0,2020_2021 3월.xlsx
2021,11,프랑스령 폴리네시아,입항,219.0,0.0,219.0,2428.0,54.0,2374.0,2020_2021 3월.xlsx
2021,11,피지,입항,131.0,44.0,87.0,981.0,185.0,796.0,2020_2021 3월.xlsx
2021,11,핀란드,입항,931.0,672.0,259.0,13052.0,12745.0,307.0,2020_2021 3월.xlsx
2021,11,필리핀,입항,4958.0,2103.0,2855.0,50526.0,23594.0,26932.0,2020_2021 3월.xlsx
2021,11,헝가리,입항,8.0,8.0,0.0,102.0,102.0,0.0,2020_2021 3월.xlsx
2021,11,호주,입항,12134.0,5557.0,6577.0,141608.0,66002.0,75606.0,2020_2021 3월.xlsx
2021,11,홍콩,입항,6180.0,4102.0,2078.0,51435.0,41254.0,10181.0,2020_2021 3월.xlsx
2021,11,가나,입항환적,10.0,10.0,0.0,352.0,352.0,0.0,2020_2021 3월.xlsx
2021,11,가봉,입항환적,499.0,499.0,0.0,726.0,726.0,0.0,2020_2021 3월.xlsx
2021,11,가이아나,입항환적,92.0,92.0,0.0,1739.0,1739.0,0.0,2020_2021 3월.xlsx
2021,11,감비아,입항환적,2.0,2.0,0.0,8.0,8.0,0.0,2020_2021 3월.xlsx
2021,11,과테말라,입항환적,340.0,340.0,0.0,4807.0,4801.0,6.0,2020_2021 3월.xlsx
2021,11,괌,입항환적,374.25,374.25,0.0,4015.5,2592.5,1423.0,2020_2021 3월.xlsx
2021,11,그리스,입항환적,298.0,298.0,0.0,4844.75,3903.0,941.75,2020_2021 3월.xlsx
2021,11,기니,입항환적,1.0,1.0,0.0,24.0,24.0,0.0,2020_2021 3월.xlsx
2021,11,나미비아,입항환적,2.0,2.0,0.0,141.0,141.0,0.0,2020_2021 3월.xlsx
2021,11,나이지리아,입항환적,78.0,78.0,0.0,1350.0,1350.0,0.0,2020_2021 3월.xlsx
2021,11,남아프리카,입항환적,534.0,534.0,0.0,5601.0,5587.0,14.0,2020_2021 3월.xlsx
2021,11,네덜란드,입항환적,1437.0,1437.0,0.0,32101.5,31837.5,264.0,2020_2021 3월.xlsx
2021,11,노르웨이,입항환적,175.0,175.0,0.0,2159.0,2159.0,0.0,2020_2021 3월.xlsx
2021,11,뉴질랜드,입항환적,2063.0,1993.0,70.0,19467.0,19215.0,252.0,2020_2021 3월.xlsx
2021,11,뉴칼레도니아,입항환적,235.0,221.0,14.0,1857.0,1834.0,23.0,2020_2021 3월.xlsx
2021,11,니카라과,입항환적,340.0,340.0,0.0,3348.0,3346.0,2.0,2020_2021 3월.xlsx
2021,11,대만,입항환적,6820.5,6464.5,356.0,61774.25,60916.25,858.0,2020_2021 3월.xlsx
2021,11,대한민국,입항환적,7702.0,6732.0,970.0,89622.0,85595.0,4027.0,2020_2021 3월.xlsx
2021,11,덴마크,입항환적,266.0,266.0,0.0,2979.0,2955.0,24.0,2020_2021 3월.xlsx
2021,11,도미니카 공화국,입항환적,267.0,267.0,0.0,1853.0,1853.0,0.0,2020_2021 3월.xlsx
2021,11,도미니카 연방,입항환적,,,,1.0,1.0,0.0,2020_2021 3월.xlsx
2021,11,독일,입항환적,1615.0,1615.0,0.0,28381.75,28353.75,28.0,2020_2021 3월.xlsx
2021,11,동티모르,입항환적,60.0,60.0,0.0,89.0,89.0,0.0,2020_2021 3월.xlsx
2021,11,라이베리아,입항환적,,,,1.0,1.0,0.0,2020_2021 3월.xlsx
2021,11,라트비아,입항환적,292.0,292.0,0.0,3197.0,3197.0,0.0,2020_2021 3월.xlsx
2021,11,러시아,입항환적,16908.0,16507.0,401.0,176511.0,169834.25,6676.75,2020_2021 3월.xlsx
2021,11,레바논,입항환적,12.0,12.0,0.0,89.0,89.0,0.0,2020_2021 3월.xlsx
2021,11,레위니옹,입항환적,,,,6.0,6.0,0.0,2020_2021 3월.xlsx
2021,11,루마니아,입항환적,694.0,694.0,0.0,6090.75,6090.75,0.0,2020_2021 3월.xlsx
2021,11,리비아,입항환적,,,,8.0,8.0,0.0,2020_2021 3월.xlsx
2021,11,리투아니아,입항환적,118.0,118.0,0.0,1121.0,1020.0,101.0,2020_2021 3월.xlsx
2021,11,마다가스카르,입항환적,8.0,8.0,0.0,149.0,149.0,0.0,2020_2021 3월.xlsx
2021,11,마르티니크,입항환적,,,,80.0,80.0,0.0,2020_2021 3월.xlsx
2021,11,마샬 제도,입항환적,8.0,8.0,0.0,388.0,386.0,2.0,2020_2021 3월.xlsx
2021,11,말레이시아,입항환적,7143.25,7138.25,5.0,77446.5,76559.5,887.0,2020_2021 3월.xlsx
2021,11,멕시코,입항환적,3876.0,3834.0,42.0,46226.75,44921.0,1305.75,2020_2021 3월.xlsx
2021,11,모로코,입항환적,358.0,358.0,0.0,1673.0,1671.0,2.0,2020_2021 3월.xlsx
2021,11,모리셔스,입항환적,,,,289.0,289.0,0.0,2020_2021 3월.xlsx
2021,11,모리타니,입항환적,23.0,23.0,0.0,86.0,86.0,0.0,2020_2021 3월.xlsx
2021,11,모잠비크,입항환적,28.0,28.0,0.0,1018.0,1018.0,0.0,2020_2021 3월.xlsx
2021,11,몬테네그로,입항환적,8.0,8.0,0.0,44.0,44.0,0.0,2020_2021 3월.xlsx
2021,11,몰디브,입항환적,,,,3.0,3.0,0.0,2020_2021 3월.xlsx
2021,11,몰타,입항환적,11.0,11.0,0.0,524.0,363.0,161.0,2020_2021 3월.xlsx
2021,11,미국,입항환적,45351.25,43260.0,2091.25,533967.5,499359.25,34608.25,2020_2021 3월.xlsx
2021,11,미얀마,입항환적,134.0,134.0,0.0,1430.0,1420.0,10.0,2020_2021 3월.xlsx
2021,11,미크로네시아,입항환적,3.0,1.0,2.0,78.0,73.0,5.0,2020_2021 3월.xlsx
2021,11,바누아투,입항환적,41.0,13.0,28.0,341.0,84.0,257.0,2020_2021 3월.xlsx
2021,11,바레인,입항환적,5.0,5.0,0.0,365.0,365.0,0.0,2020_2021 3월.xlsx
2021,11,바베이도스,입항환적,25.0,25.0,0.0,82.0,82.0,0.0,2020_2021 3월.xlsx
2021,11,바하마,입항환적,,,,11.0,11.0,0.0,2020_2021 3월.xlsx
2021,11,방글라데시,입항환적,486.0,482.0,4.0,6457.0,6453.0,4.0,2020_2021 3월.xlsx
2021,11,베냉,입항환적,20.0,20.0,0.0,96.0,96.0,0.0,2020_2021 3월.xlsx
2021,11,베네수엘라,입항환적,29.0,29.0,0.0,1734.0,1734.0,0.0,2020_2021 3월.xlsx
2021,11,베트남,입항환적,10210.25,10210.25,0.0,101137.75,101114.75,23.0,2020_2021 3월.xlsx
2021,11,벨기에,입항환적,2318.25,2306.25,12.0,24967.75,24847.75,120.0,2020_2021 3월.xlsx
2021,11,벨리즈,입항환적,6.0,6.0,0.0,906.0,906.0,0.0,2020_2021 3월.xlsx
2021,11,북마리아나 제도,입항환적,2.0,2.0,0.0,593.0,17.0,576.0,2020_2021 3월.xlsx
2021,11,불가리아,입항환적,38.0,38.0,0.0,1255.0,1255.0,0.0,2020_2021 3월.xlsx
2021,11,브라질,입항환적,6968.0,6968.0,0.0,69038.0,67685.0,1353.0,2020_2021 3월.xlsx
2021,11,브루나이,입항환적,,,,167.0,167.0,0.0,2020_2021 3월.xlsx
2021,11,사모아,입항환적,12.0,12.0,0.0,118.0,118.0,0.0,2020_2021 3월.xlsx
2021,11,사우디아라비아,입항환적,553.0,484.0,69.0,8469.0,7862.0,607.0,2020_2021 3월.xlsx
2021,11,세네갈,입항환적,93.0,93.0,0.0,572.0,572.0,0.0,2020_2021 3월.xlsx
2021,11,세이셸,입항환적,1.0,1.0,0.0,17.0,17.0,0.0,2020_2021 3월.xlsx
2021,11,세인트루시아,입항환적,4.0,4.0,0.0,28.0,28.0,0.0,2020_2021 3월.xlsx
2021,11,소말리아,입항환적,,,,1.0,1.0,0.0,2020_2021 3월.xlsx
2021,11,솔로몬제도,입항환적,,,,33.0,33.0,0.0,2020_2021 3월.xlsx
2021,11,수단,입항환적,,,,1845.0,1845.0,0.0,2020_2021 3월.xlsx
2021,11,수리남,입항환적,45.0,45.0,0.0,537.0,537.0,0.0,2020_2021 3월.xlsx
2021,11,스리랑카,입항환적,230.0,230.0,0.0,3366.0,3328.0,38.0,2020_2021 3월.xlsx
2021,11,스웨덴,입항환적,814.0,814.0,0.0,8816.0,8816.0,0.0,2020_2021 3월.xlsx
2021,11,스페인,입항환적,3859.0,3859.0,0.0,31048.25,30844.25,204.0,2020_2021 3월.xlsx
2021,11,슬로베니아,입항환적,482.0,482.0,0.0,9480.0,9480.0,0.0,2020_2021 3월.xlsx
2021,11,시리아,입항환적,,,,6.0,6.0,0.0,2020_2021 3월.xlsx
2021,11,시에라 리온,입항환적,17.0,17.0,0.0,93.0,93.0,0.0,2020_2021 3월.xlsx
2021,11,싱가포르,입항환적,1534.0,1513.0,21.0,24193.75,21629.5,2564.25,2020_2021 3월.xlsx
2021,11,아랍에미리트연합국,입항환적,2675.0,2333.0,342.0,21524.5,19645.5,1879.0,2020_2021 3월.xlsx
2021,11,아루바,입항환적,36.0,36.0,0.0,88.0,88.0,0.0,2020_2021 3월.xlsx
2021,11,아르헨티나,입항환적,848.0,848.0,0.0,9133.0,9092.0,41.0,2020_2021 3월.xlsx
2021,11,아메리칸사모아,입항환적,2.0,2.0,0.0,13.0,13.0,0.0,2020_2021 3월.xlsx
2021,11,아이슬란드,입항환적,,,,56.0,56.0,0.0,2020_2021 3월.xlsx
2021,11,아이티,입항환적,23.0,23.0,0.0,64.0,64.0,0.0,2020_2021 3월.xlsx
2021,11,아일랜드,입항환적,32.0,32.0,0.0,1075.0,1075.0,0.0,2020_2021 3월.xlsx
2021,11,알바니아,입항환적,105.0,105.0,0.0,869.0,869.0,0.0,2020_2021 3월.xlsx
2021,11,알제리,입항환적,12.0,12.0,0.0,76.25,76.25,0.0,2020_2021 3월.xlsx
2021,11,앙골라,입항환적,8.0,8.0,0.0,72.0,72.0,0.0,2020_2021 3월.xlsx
2021,11,앤티가 바부다,입항환적,,,,6.0,6.0,0.0,2020_2021 3월.xlsx
2021,11,앤틸리스제도,입항환적,,,,27.0,27.0,0.0,2020_2021 3월.xlsx
2021,11,에스토니아,입항환적,108.0,108.0,0.0,907.0,907.0,0.0,2020_2021 3월.xlsx
2021,11,에콰도르,입항환적,4216.0,4202.0,14.0,43904.0,43765.0,139.0,2020_2021 3월.xlsx
2021,11,엘살바도르,입항환적,141.0,141.0,0.0,1191.0,1183.0,8.0,2020_2021 3월.xlsx
2021,11,영국,입항환적,386.0,386.0,0.0,8751.0,8571.25,179.75,2020_2021 3월.xlsx
2021,11,예멘,입항환적,2.0,2.0,0.0,32.0,32.0,0.0,2020_2021 3월.xlsx
2021,11,오만,입항환적,586.0,546.0,40.0,6247.0,5490.0,757.0,2020_2021 3월.xlsx
2021,11,오스트리아,입항환적,,,,2.0,2.0,0.0,2020_2021 3월.xlsx
2021,11,온두라스,입항환적,92.0,92.0,0.0,732.0,732.0,0.0,2020_2021 3월.xlsx
2021,11,요르단,입항환적,28.0,27.0,1.0,448.0,447.0,1.0,2020_2021 3월.xlsx
2021,11,우루과이,입항환적,872.0,872.0,0.0,6306.0,6306.0,0.0,2020_2021 3월.xlsx
2021,11,우크라이나,입항환적,666.0,666.0,0.0,8872.0,8692.0,180.0,2020_2021 3월.xlsx
2021,11,원양어획지역,입항환적,14.0,14.0,0.0,718.0,718.0,0.0,2020_2021 3월.xlsx
2021,11,이란,입항환적,,,,2.0,2.0,0.0,2020_2021 3월.xlsx
2021,11,이스라엘,입항환적,151.0,151.0,0.0,3798.0,3106.0,692.0,2020_2021 3월.xlsx
2021,11,이집트,입항환적,729.0,729.0,0.0,10271.0,9835.0,436.0,2020_2021 3월.xlsx
2021,11,이탈리아,입항환적,1933.0,1933.0,0.0,34613.0,34059.0,554.0,2020_2021 3월.xlsx
2021,11,인도,입항환적,5149.0,5149.0,0.0,64131.75,63384.75,747.0,2020_2021 3월.xlsx
2021,11,인도네시아,입항환적,12945.5,12929.5,16.0,139983.75,139917.75,66.0,2020_2021 3월.xlsx
2021,11,일본,입항환적,62945.0,56609.0,6336.0,709421.5,652416.0,57005.5,2020_2021 3월.xlsx
2021,11,자메이카,입항환적,76.0,76.0,0.0,248.0,221.0,27.0,2020_2021 3월.xlsx
2021,11,적도 기니,입항환적,,,,181.0,181.0,0.0,2020_2021 3월.xlsx
2021,11,조지아,입항환적,22.0,22.0,0.0,200.0,200.0,0.0,2020_2021 3월.xlsx
2021,11,중국,입항환적,223926.5,219300.0,4626.5,2506756.25,2462387.5,44368.75,2020_2021 3월.xlsx
2021,11,지부티,입항환적,13.0,13.0,0.0,330.0,330.0,0.0,2020_2021 3월.xlsx
2021,11,칠레,입항환적,9911.0,9905.0,6.0,78976.0,78883.0,93.0,2020_2021 3월.xlsx
2021,11,카메룬,입항환적,176.0,176.0,0.0,322.0,322.0,0.0,2020_2021 3월.xlsx
2021,11,카타르,입항환적,17.0,17.0,0.0,2478.0,2446.0,32.0,2020_2021 3월.xlsx
2021,11,캄보디아,입항환적,427.0,427.0,0.0,4997.75,4997.75,0.0,2020_2021 3월.xlsx
2021,11,캐나다,입항환적,8600.5,8600.5,0.0,144076.25,142934.75,1141.5,2020_2021 3월.xlsx
2021,11,케냐,입항환적,42.0,42.0,0.0,726.0,726.0,0.0,2020_2021 3월.xlsx
2021,11,코스타리카,입항환적,699.0,699.0,0.0,4849.0,4849.0,0.0,2020_2021 3월.xlsx
2021,11,코트디부아르,입항환적,170.0,170.0,0.0,329.0,329.0,0.0,2020_2021 3월.xlsx
2021,11,콜롬비아,입항환적,602.0,602.0,0.0,7502.25,5815.0,1687.25,2020_2021 3월.xlsx
2021,11,콩고,입항환적,4.0,4.0,0.0,55.0,55.0,0.0,2020_2021 3월.xlsx
2021,11,콩고 민주 공화국,입항환적,,,,4.0,4.0,0.0,2020_2021 3월.xlsx
2021,11,쿠바,입항환적,69.0,69.0,0.0,550.0,550.0,0.0,2020_2021 3월.xlsx
2021,11,쿠웨이트,입항환적,14.0,14.0,0.0,321.0,321.0,0.0,2020_2021 3월.xlsx
2021,11,퀴라소,입항환적,34.0,34.0,0.0,112.0,112.0,0.0,2020_2021 3월.xlsx
2021,11,크로아티아,입항환적,66.0,66.0,0.0,1945.25,1943.25,2.0,2020_2021 3월.xlsx
2021,11,키리바시,입항환적,,,,4.0,4.0,0.0,2020_2021 3월.xlsx
2021,11,키프로스,입항환적,55.0,55.0,0.0,413.0,413.0,0.0,2020_2021 3월.xlsx
2021,11,탄자니아,입항환적,85.0,85.0,0.0,269.0,269.0,0.0,2020_2021 3월.xlsx
2021,11,태국,입항환적,9088.0,9080.0,8.0,100478.5,100197.5,281.0,2020_2021 3월.xlsx
2021,11,토고,입항환적,29.0,29.0,0.0,160.0,160.0,0.0,2020_2021 3월.xlsx
2021,11,통가,입항환적,3.0,3.0,0.0,10.0,10.0,0.0,2020_2021 3월.xlsx
2021,11,튀니지,입항환적,3.0,3.0,0.0,198.0,198.0,0.0,2020_2021 3월.xlsx
2021,11,튀르키예,입항환적,3307.0,3307.0,0.0,35469.0,35077.0,392.0,2020_2021 3월.xlsx
2021,11,트리니다드 토바고,입항환적,99.0,99.0,0.0,437.0,437.0,0.0,2020_2021 3월.xlsx
2021,11,파나마,입항환적,1179.0,789.0,390.0,11284.75,8815.0,2469.75,2020_2021 3월.xlsx
2021,11,파라과이,입항환적,36.0,36.0,0.0,345.0,345.0,0.0,2020_2021 3월.xlsx
2021,11,파키스탄,입항환적,703.0,703.0,0.0,12190.75,10182.75,2008.0,2020_2021 3월.xlsx
2021,11,파푸아 뉴기니,입항환적,3.0,3.0,0.0,83.0,83.0,0.0,2020_2021 3월.xlsx
2021,11,팔라우,입항환적,1.0,1.0,0.0,4.0,4.0,0.0,2020_2021 3월.xlsx
2021,11,페로 제도,입항환적,,,,4.0,4.0,0.0,2020_2021 3월.xlsx
2021,11,페루,입항환적,2456.0,2450.0,6.0,28422.0,28322.0,100.0,2020_2021 3월.xlsx
2021,11,포르투갈,입항환적,154.0,154.0,0.0,1994.0,1994.0,0.0,2020_2021 3월.xlsx
2021,11,폴란드,입항환적,130.0,130.0,0.0,2211.5,2211.5,0.0,2020_2021 3월.xlsx
2021,11,푸에르토리코,입항환적,174.0,174.0,0.0,1924.0,1924.0,0.0,2020_2021 3월.xlsx
2021,11,프랑스,입항환적,1322.0,1322.0,0.0,21789.0,21518.0,271.0,2020_2021 3월.xlsx
2021,11,프랑스령 폴리네시아,입항환적,5.0,0.0,5.0,225.0,3.0,222.0,2020_2021 3월.xlsx
2021,11,피지,입항환적,21.0,21.0,0.0,264.0,260.0,4.0,2020_2021 3월.xlsx
2021,11,핀란드,입항환적,847.0,847.0,0.0,14271.0,14271.0,0.0,2020_2021 3월.xlsx
2021,11,필리핀,입항환적,5129.0,4807.0,322.0,64669.75,62882.75,1787.0,2020_2021 3월.xlsx
2021,11,헝가리,입항환적,2.0,2.0,0.0,8.0,8.0,0.0,2020_2021 3월.xlsx
2021,11,호주,입항환적,9394.0,8971.0,423.0,84525.0,79972.0,4553.0,2020_2021 3월.xlsx
2021,11,홍콩,입항환적,3168.75,2848.75,320.0,41004.0,39832.0,1172.0,2020_2021 3월.xlsx
2021,11,가나,출항,148.0,148.0,0.0,3446.0,3446.0,0.0,2020_2021 3월.xlsx
2021,11,가봉,출항,,,,37.0,37.0,0.0,2020_2021 3월.xlsx
2021,11,가이아나,출항,25.0,25.0,0.0,160.0,160.0,0.0,2020_2021 3월.xlsx
2021,11,감비아,출항,,,,8.0,8.0,0.0,2020_2021 3월.xlsx
2021,11,과들루프,출항,,,,19.0,19.0,0.0,2020_2021 3월.xlsx
2021,11,과테말라,출항,529.0,529.0,0.0,4551.0,4499.0,52.0,2020_2021 3월.xlsx
2021,11,괌,출항,263.25,257.25,6.0,2392.75,2188.75,204.0,2020_2021 3월.xlsx
2021,11,그레나다,출항,5.0,5.0,0.0,18.0,18.0,0.0,2020_2021 3월.xlsx
2021,11,그리스,출항,1158.0,1158.0,0.0,9383.5,9367.5,16.0,2020_2021 3월.xlsx
2021,11,기니,출항,10.0,10.0,0.0,175.0,175.0,0.0,2020_2021 3월.xlsx
2021,11,나미비아,출항,,,,58.0,58.0,0.0,2020_2021 3월.xlsx
2021,11,나우루,출항,,,,1.0,1.0,0.0,2020_2021 3월.xlsx
2021,11,나이지리아,출항,22.0,22.0,0.0,2082.75,2082.75,0.0,2020_2021 3월.xlsx
2021,11,남아프리카,출항,147.0,147.0,0.0,3825.0,3824.0,1.0,2020_2021 3월.xlsx
2021,11,네덜란드,출항,6546.0,6535.0,11.0,86201.0,85976.0,225.0,2020_2021 3월.xlsx
2021,11,노르웨이,출항,33.0,33.0,0.0,289.25,289.25,0.0,2020_2021 3월.xlsx
2021,11,뉴질랜드,출항,1210.0,1096.0,114.0,13400.0,12534.0,866.0,2020_2021 3월.xlsx
2021,11,뉴칼레도니아,출항,62.0,35.0,27.0,614.0,298.0,316.0,2020_2021 3월.xlsx
2021,11,니카라과,출항,39.0,39.0,0.0,446.0,446.0,0.0,2020_2021 3월.xlsx
2021,11,대만,출항,10085.0,9844.0,241.0,122683.5,116510.25,6173.25,2020_2021 3월.xlsx
2021,11,대한민국,출항,8608.0,168.0,8440.0,103527.75,1462.0,102065.75,2020_2021 3월.xlsx
2021,11,덴마크,출항,88.0,88.0,0.0,1207.0,1207.0,0.0,2020_2021 3월.xlsx
2021,11,도미니카 공화국,출항,295.0,295.0,0.0,2717.0,2313.0,404.0,2020_2021 3월.xlsx
2021,11,독일,출항,6264.0,6148.0,116.0,78887.75,78033.75,854.0,2020_2021 3월.xlsx
2021,11,동티모르,출항,2.0,2.0,0.0,2.0,2.0,0.0,2020_2021 3월.xlsx
2021,11,라이베리아,출항,,,,132.0,132.0,0.0,2020_2021 3월.xlsx
2021,11,라트비아,출항,26.0,26.0,0.0,457.0,457.0,0.0,2020_2021 3월.xlsx
2021,11,러시아,출항,13704.0,13468.0,236.0,146595.5,143310.5,3285.0,2020_2021 3월.xlsx
2021,11,레바논,출항,12.0,12.0,0.0,939.75,939.75,0.0,2020_2021 3월.xlsx
2021,11,레위니옹,출항,,,,125.0,125.0,0.0,2020_2021 3월.xlsx
2021,11,루마니아,출항,76.0,76.0,0.0,2772.25,2762.25,10.0,2020_2021 3월.xlsx
2021,11,리비아,출항,137.0,137.0,0.0,1439.25,1439.25,0.0,2020_2021 3월.xlsx
2021,11,리투아니아,출항,87.0,87.0,0.0,1616.0,1616.0,0.0,2020_2021 3월.xlsx
2021,11,마다가스카르,출항,,,,206.0,206.0,0.0,2020_2021 3월.xlsx
2021,11,마르티니크,출항,,,,23.0,23.0,0.0,2020_2021 3월.xlsx
2021,11,마샬 제도,출항,30.0,26.0,4.0,521.0,180.0,341.0,2020_2021 3월.xlsx
2021,11,마요트,출항,,,,76.0,76.0,0.0,2020_2021 3월.xlsx
2021,11,말레이시아,출항,7635.5,7635.5,0.0,80747.75,80053.75,694.0,2020_2021 3월.xlsx
2021,11,멕시코,출항,14168.0,14036.0,132.0,163334.0,161003.0,2331.0,2020_2021 3월.xlsx
2021,11,모로코,출항,137.0,137.0,0.0,3193.75,3183.75,10.0,2020_2021 3월.xlsx
2021,11,모리셔스,출항,,,,126.0,126.0,0.0,2020_2021 3월.xlsx
2021,11,모리타니,출항,,,,123.0,123.0,0.0,2020_2021 3월.xlsx
2021,11,모잠비크,출항,3.0,3.0,0.0,976.0,976.0,0.0,2020_2021 3월.xlsx
2021,11,몬테네그로,출항,,,,35.0,35.0,0.0,2020_2021 3월.xlsx
2021,11,몰디브,출항,10.0,10.0,0.0,77.0,77.0,0.0,2020_2021 3월.xlsx
2021,11,몰타,출항,14.0,14.0,0.0,1643.0,1603.0,40.0,2020_2021 3월.xlsx
2021,11,미국,출항,60498.25,60338.25,160.0,837801.0,831235.0,6566.0,2020_2021 3월.xlsx
2021,11,미국령 버진아일랜드,출항,,,,5.0,5.0,0.0,2020_2021 3월.xlsx
2021,11,미얀마,출항,36.0,36.0,0.0,182.0,182.0,0.0,2020_2021 3월.xlsx
2021,11,미크로네시아,출항,40.0,22.0,18.0,313.0,256.0,57.0,2020_2021 3월.xlsx
2021,11,바누아투,출항,10.0,10.0,0.0,307.0,99.0,208.0,2020_2021 3월.xlsx
2021,11,바레인,출항,19.0,19.0,0.0,548.0,548.0,0.0,2020_2021 3월.xlsx
2021,11,바베이도스,출항,1.0,1.0,0.0,20.0,20.0,0.0,2020_2021 3월.xlsx
2021,11,바하마,출항,1017.0,10.0,1007.0,12934.0,90.0,12844.0,2020_2021 3월.xlsx
2021,11,방글라데시,출항,361.0,361.0,0.0,1727.0,1727.0,0.0,2020_2021 3월.xlsx
2021,11,베냉,출항,2.0,2.0,0.0,75.0,75.0,0.0,2020_2021 3월.xlsx
2021,11,베네수엘라,출항,57.0,57.0,0.0,425.0,425.0,0.0,2020_2021 3월.xlsx
2021,11,베트남,출항,18649.25,18126.25,523.0,221472.0,214646.75,6825.25,2020_2021 3월.xlsx
2021,11,벨기에,출항,1991.25,1986.25,5.0,22998.0,22912.0,86.0,2020_2021 3월.xlsx
2021,11,벨리즈,출항,6.0,6.0,0.0,34.0,34.0,0.0,2020_2021 3월.xlsx
2021,11,북마리아나 제도,출항,135.0,135.0,0.0,1007.0,973.0,34.0,2020_2021 3월.xlsx
2021,11,불가리아,출항,2.0,2.0,0.0,421.0,421.0,0.0,2020_2021 3월.xlsx
2021,11,브라질,출항,5573.0,5573.0,0.0,55604.0,55554.0,50.0,2020_2021 3월.xlsx
2021,11,브루나이,출항,,,,2.0,2.0,0.0,2020_2021 3월.xlsx
2021,11,사모아,출항,13.0,13.0,0.0,263.0,133.0,130.0,2020_2021 3월.xlsx
2021,11,사우디아라비아,출항,1936.25,1936.25,0.0,36151.0,36151.0,0.0,2020_2021 3월.xlsx
2021,11,세네갈,출항,16.0,16.0,0.0,644.0,632.0,12.0,2020_2021 3월.xlsx
2021,11,세이셸,출항,,,,127.0,127.0,0.0,2020_2021 3월.xlsx
2021,11,세인트루시아,출항,1.0,1.0,0.0,25.0,25.0,0.0,2020_2021 3월.xlsx
2021,11,세인트키츠 네비스,출항,,,,2.0,2.0,0.0,2020_2021 3월.xlsx
2021,11,소말리아,출항,9.0,9.0,0.0,88.0,88.0,0.0,2020_2021 3월.xlsx
2021,11,솔로몬제도,출항,27.0,27.0,0.0,247.0,213.0,34.0,2020_2021 3월.xlsx
2021,11,수단,출항,,,,24.0,24.0,0.0,2020_2021 3월.xlsx
2021,11,수리남,출항,7.0,7.0,0.0,36.0,36.0,0.0,2020_2021 3월.xlsx
2021,11,스리랑카,출항,566.0,566.0,0.0,9141.25,9125.25,16.0,2020_2021 3월.xlsx
2021,11,스웨덴,출항,473.0,473.0,0.0,4558.0,4558.0,0.0,2020_2021 3월.xlsx
2021,11,스페인,출항,3057.0,2969.0,88.0,35837.0,34244.0,1593.0,2020_2021 3월.xlsx
2021,11,슬로베니아,출항,9350.0,9350.0,0.0,99348.75,99224.75,124.0,2020_2021 3월.xlsx
2021,11,시리아,출항,3.0,3.0,0.0,229.0,229.0,0.0,2020_2021 3월.xlsx
2021,11,시에라 리온,출항,,,,54.0,54.0,0.0,2020_2021 3월.xlsx
2021,11,싱가포르,출항,5849.5,5752.5,97.0,69028.0,67139.75,1888.25,2020_2021 3월.xlsx
2021,11,아랍에미리트연합국,출항,3070.25,3068.25,2.0,54083.75,53897.75,186.0,2020_2021 3월.xlsx
2021,11,아루바,출항,28.0,28.0,0.0,83.0,83.0,0.0,2020_2021 3월.xlsx
2021,11,아르헨티나,출항,522.0,522.0,0.0,5762.0,5661.0,101.0,2020_2021 3월.xlsx
2021,11,아메리칸사모아,출항,49.0,49.0,0.0,593.0,593.0,0.0,2020_2021 3월.xlsx
2021,11,아이티,출항,31.0,31.0,0.0,159.0,159.0,0.0,2020_2021 3월.xlsx
2021,11,아일랜드,출항,11.0,11.0,0.0,325.0,325.0,0.0,2020_2021 3월.xlsx
2021,11,알바니아,출항,2.0,2.0,0.0,106.0,106.0,0.0,2020_2021 3월.xlsx
2021,11,알제리,출항,82.0,82.0,0.0,1577.25,1567.25,10.0,2020_2021 3월.xlsx
2021,11,앙골라,출항,,,,1233.0,1233.0,0.0,2020_2021 3월.xlsx
2021,11,앤티가 바부다,출항,,,,1.0,1.0,0.0,2020_2021 3월.xlsx
2021,11,앤틸리스제도,출항,7.0,7.0,0.0,49.0,49.0,0.0,2020_2021 3월.xlsx
2021,11,에스토니아,출항,41.25,41.25,0.0,338.75,338.75,0.0,2020_2021 3월.xlsx
2021,11,에콰도르,출항,1273.0,683.0,590.0,17772.0,6232.0,11540.0,2020_2021 3월.xlsx
2021,11,엘살바도르,출항,65.0,65.0,0.0,793.0,793.0,0.0,2020_2021 3월.xlsx
2021,11,영국,출항,872.5,872.5,0.0,22610.5,22407.5,203.0,2020_2021 3월.xlsx
2021,11,영국령 버진아일랜드,출항,,,,2.0,2.0,0.0,2020_2021 3월.xlsx
2021,11,예멘,출항,64.0,64.0,0.0,229.0,229.0,0.0,2020_2021 3월.xlsx
2021,11,오만,출항,86.0,86.0,0.0,1929.25,1929.25,0.0,2020_2021 3월.xlsx
2021,11,온두라스,출항,32.0,32.0,0.0,960.0,662.0,298.0,2020_2021 3월.xlsx
2021,11,요르단,출항,186.0,186.0,0.0,2531.0,2531.0,0.0,2020_2021 3월.xlsx
2021,11,우루과이,출항,348.0,348.0,0.0,3341.0,3321.0,20.0,2020_2021 3월.xlsx
2021,11,우크라이나,출항,71.0,71.0,0.0,1326.25,1310.25,16.0,2020_2021 3월.xlsx
2021,11,이라크,출항,85.0,85.0,0.0,1767.0,1767.0,0.0,2020_2021 3월.xlsx
2021,11,이란,출항,130.0,130.0,0.0,1043.0,1043.0,0.0,2020_2021 3월.xlsx
2021,11,이스라엘,출항,983.0,980.0,3.0,10280.0,10119.0,161.0,2020_2021 3월.xlsx
2021,11,이집트,출항,3469.0,3467.0,2.0,38438.25,38154.25,284.0,2020_2021 3월.xlsx
2021,11,이탈리아,출항,4246.25,4196.25,50.0,42898.5,42799.5,99.0,2020_2021 3월.xlsx
2021,11,인도,출항,13981.25,13943.25,38.0,149505.75,148224.75,1281.0,2020_2021 3월.xlsx
2021,11,인도네시아,출항,10215.75,10175.75,40.0,94498.25,93939.25,559.0,2020_2021 3월.xlsx
2021,11,일본,출항,35006.0,29266.5,5739.5,391324.0,313105.75,78218.25,2020_2021 3월.xlsx
2021,11,자메이카,출항,170.0,170.0,0.0,2496.0,2088.0,408.0,2020_2021 3월.xlsx
2021,11,적도 기니,출항,,,,9.0,9.0,0.0,2020_2021 3월.xlsx
2021,11,조지아,출항,9.0,9.0,0.0,157.0,157.0,0.0,2020_2021 3월.xlsx
2021,11,중국,출항,100450.25,60307.25,40143.0,1063916.0,606171.5,457744.5,2020_2021 3월.xlsx
2021,11,지부티,출항,15.0,15.0,0.0,110.0,110.0,0.0,2020_2021 3월.xlsx
2021,11,칠레,출항,1872.0,1872.0,0.0,21208.0,20655.0,553.0,2020_2021 3월.xlsx
2021,11,카메룬,출항,,,,353.0,353.0,0.0,2020_2021 3월.xlsx
2021,11,카보 베르데,출항,,,,5.0,5.0,0.0,2020_2021 3월.xlsx
2021,11,카타르,출항,218.25,198.25,20.0,4677.25,4473.25,204.0,2020_2021 3월.xlsx
2021,11,캄보디아,출항,296.0,296.0,0.0,4007.0,4007.0,0.0,2020_2021 3월.xlsx
2021,11,캐나다,출항,11814.5,11808.5,6.0,117095.75,116942.75,153.0,2020_2021 3월.xlsx
2021,11,케냐,출항,35.0,35.0,0.0,1318.0,1318.0,0.0,2020_2021 3월.xlsx
2021,11,케이맨 제도,출항,1.0,1.0,0.0,5.0,5.0,0.0,2020_2021 3월.xlsx
2021,11,코모로,출항,,,,1.0,1.0,0.0,2020_2021 3월.xlsx
2021,11,코스타리카,출항,44.0,44.0,0.0,1095.0,1061.0,34.0,2020_2021 3월.xlsx
2021,11,코트디부아르,출항,3.0,3.0,0.0,858.0,858.0,0.0,2020_2021 3월.xlsx
2021,11,콜롬비아,출항,2031.0,1501.0,530.0,18070.0,16479.0,1591.0,2020_2021 3월.xlsx
2021,11,콩고,출항,,,,56.0,56.0,0.0,2020_2021 3월.xlsx
2021,11,콩고 민주 공화국,출항,,,,172.0,172.0,0.0,2020_2021 3월.xlsx
2021,11,쿠바,출항,14.0,14.0,0.0,65.0,65.0,0.0,2020_2021 3월.xlsx
2021,11,쿠웨이트,출항,175.0,175.0,0.0,1350.0,1350.0,0.0,2020_2021 3월.xlsx
2021,11,크로아티아,출항,1481.0,1481.0,0.0,11556.75,11496.75,60.0,2020_2021 3월.xlsx
2021,11,키리바시,출항,16.0,16.0,0.0,83.0,83.0,0.0,2020_2021 3월.xlsx
2021,11,키프로스,출항,3.0,3.0,0.0,90.0,90.0,0.0,2020_2021 3월.xlsx
2021,11,탄자니아,출항,59.0,59.0,0.0,1395.0,1395.0,0.0,2020_2021 3월.xlsx
2021,11,태국,출항,7022.25,6681.25,341.0,89697.0,84277.0,5420.0,2020_2021 3월.xlsx
2021,11,토고,출항,324.0,324.0,0.0,4230.0,2186.0,2044.0,2020_2021 3월.xlsx
2021,11,통가,출항,1.0,1.0,0.0,3.0,3.0,0.0,2020_2021 3월.xlsx
2021,11,튀니지,출항,34.0,34.0,0.0,603.0,603.0,0.0,2020_2021 3월.xlsx
2021,11,튀르키예,출항,9104.0,9104.0,0.0,88840.5,87345.5,1495.0,2020_2021 3월.xlsx
2021,11,트리니다드 토바고,출항,28.0,28.0,0.0,423.0,423.0,0.0,2020_2021 3월.xlsx
2021,11,파나마,출항,1282.0,1150.0,132.0,17561.0,13179.0,4382.0,2020_2021 3월.xlsx
2021,11,파라과이,출항,,,,61.0,61.0,0.0,2020_2021 3월.xlsx
2021,11,파키스탄,출항,1395.25,1395.25,0.0,18169.25,18153.25,16.0,2020_2021 3월.xlsx
2021,11,파푸아 뉴기니,출항,69.0,69.0,0.0,1280.0,1148.0,132.0,2020_2021 3월.xlsx
2021,11,팔라우,출항,21.0,16.0,5.0,108.0,80.0,28.0,2020_2021 3월.xlsx
2021,11,페루,출항,1276.0,1276.0,0.0,15313.0,13721.0,1592.0,2020_2021 3월.xlsx
2021,11,포르투갈,출항,88.0,88.0,0.0,1643.0,1643.0,0.0,2020_2021 3월.xlsx
2021,11,폴란드,출항,352.0,352.0,0.0,4768.75,4766.75,2.0,2020_2021 3월.xlsx
2021,11,푸에르토리코,출항,73.0,73.0,0.0,318.0,318.0,0.0,2020_2021 3월.xlsx
2021,11,프랑스,출항,964.0,955.0,9.0,15322.5,15124.5,198.0,2020_2021 3월.xlsx
2021,11,프랑스령 기아나,출항,,,,10.0,10.0,0.0,2020_2021 3월.xlsx
2021,11,프랑스령 폴리네시아,출항,12.0,12.0,0.0,112.0,70.0,42.0,2020_2021 3월.xlsx
2021,11,피지,출항,29.0,29.0,0.0,439.0,429.0,10.0,2020_2021 3월.xlsx
2021,11,핀란드,출항,17.0,17.0,0.0,563.0,563.0,0.0,2020_2021 3월.xlsx
2021,11,필리핀,출항,4444.25,4444.25,0.0,43671.0,43639.0,32.0,2020_2021 3월.xlsx
2021,11,헝가리,출항,,,,28.0,28.0,0.0,2020_2021 3월.xlsx
2021,11,호주,출항,4987.0,4761.0,226.0,56866.25,54132.25,2734.0,2020_2021 3월.xlsx
2021,11,홍콩,출항,7353.0,7059.0,294.0,75847.5,71960.5,3887.0,2020_2021 3월.xlsx
2021,11,가나,출항환적,87.0,87.0,0.0,822.25,822.25,0.0,2020_2021 3월.xlsx
2021,11,가봉,출항환적,,,,29.0,29.0,0.0,2020_2021 3월.xlsx
2021,11,가이아나,출항환적,114.0,114.0,0.0,2113.0,2113.0,0.0,2020_2021 3월.xlsx
2021,11,감비아,출항환적,,,,10.0,10.0,0.0,2020_2021 3월.xlsx
2021,11,과들루프,출항환적,14.0,14.0,0.0,91.0,91.0,0.0,2020_2021 3월.xlsx
2021,11,과테말라,출항환적,1364.0,1364.0,0.0,17861.0,17855.0,6.0,2020_2021 3월.xlsx
2021,11,괌,출항환적,380.5,380.5,0.0,4147.25,4147.25,0.0,2020_2021 3월.xlsx
2021,11,그레나다,출항환적,8.0,8.0,0.0,155.25,155.25,0.0,2020_2021 3월.xlsx
2021,11,그리스,출항환적,379.0,379.0,0.0,7136.75,7136.75,0.0,2020_2021 3월.xlsx
2021,11,기니,출항환적,2.0,2.0,0.0,91.5,91.5,0.0,2020_2021 3월.xlsx
2021,11,나미비아,출항환적,38.0,38.0,0.0,541.0,541.0,0.0,2020_2021 3월.xlsx
2021,11,나우루,출항환적,8.0,8.0,0.0,154.0,154.0,0.0,2020_2021 3월.xlsx
2021,11,나이지리아,출항환적,176.0,176.0,0.0,2094.0,2094.0,0.0,2020_2021 3월.xlsx
2021,11,남아프리카,출항환적,229.0,229.0,0.0,2395.0,2395.0,0.0,2020_2021 3월.xlsx
2021,11,네덜란드,출항환적,1981.25,1981.25,0.0,23718.25,23651.25,67.0,2020_2021 3월.xlsx
2021,11,노르웨이,출항환적,34.0,34.0,0.0,347.0,347.0,0.0,2020_2021 3월.xlsx
2021,11,뉴질랜드,출항환적,889.0,773.0,116.0,13247.5,12561.5,686.0,2020_2021 3월.xlsx
2021,11,뉴칼레도니아,출항환적,457.0,457.0,0.0,3933.0,3930.0,3.0,2020_2021 3월.xlsx
2021,11,니카라과,출항환적,345.0,345.0,0.0,3157.0,3157.0,0.0,2020_2021 3월.xlsx
2021,11,대만,출항환적,6242.0,6242.0,0.0,75245.5,73567.75,1677.75,2020_2021 3월.xlsx
2021,11,대한민국,출항환적,17494.0,17462.0,32.0,197673.0,194604.0,3069.0,2020_2021 3월.xlsx
2021,11,덴마크,출항환적,74.0,74.0,0.0,663.0,663.0,0.0,2020_2021 3월.xlsx
2021,11,도미니카 공화국,출항환적,1887.0,1887.0,0.0,16847.5,16797.5,50.0,2020_2021 3월.xlsx
2021,11,도미니카 연방,출항환적,3.0,3.0,0.0,110.0,110.0,0.0,2020_2021 3월.xlsx
2021,11,독일,출항환적,1424.0,1424.0,0.0,21118.5,21080.5,38.0,2020_2021 3월.xlsx
2021,11,동티모르,출항환적,4.0,4.0,0.0,49.0,49.0,0.0,2020_2021 3월.xlsx
2021,11,라이베리아,출항환적,1.0,1.0,0.0,21.0,21.0,0.0,2020_2021 3월.xlsx
2021,11,라트비아,출항환적,6.0,6.0,0.0,131.25,131.25,0.0,2020_2021 3월.xlsx
2021,11,러시아,출항환적,26616.0,26614.0,2.0,317830.5,316113.5,1717.0,2020_2021 3월.xlsx
2021,11,레바논,출항환적,156.25,156.25,0.0,2917.25,2917.25,0.0,2020_2021 3월.xlsx
2021,11,레위니옹,출항환적,2.0,2.0,0.0,9.0,9.0,0.0,2020_2021 3월.xlsx
2021,11,루마니아,출항환적,128.0,128.0,0.0,2489.5,2489.5,0.0,2020_2021 3월.xlsx
2021,11,리비아,출항환적,58.0,58.0,0.0,1269.25,1269.25,0.0,2020_2021 3월.xlsx
2021,11,리투아니아,출항환적,22.0,22.0,0.0,329.0,329.0,0.0,2020_2021 3월.xlsx
2021,11,마다가스카르,출항환적,5.0,5.0,0.0,144.0,144.0,0.0,2020_2021 3월.xlsx
2021,11,마르티니크,출항환적,6.0,6.0,0.0,94.0,94.0,0.0,2020_2021 3월.xlsx
2021,11,마샬 제도,출항환적,141.0,141.0,0.0,1173.0,1173.0,0.0,2020_2021 3월.xlsx
2021,11,마요트,출항환적,,,,2.0,2.0,0.0,2020_2021 3월.xlsx
2021,11,마카오,출항환적,,,,15.0,15.0,0.0,2020_2021 3월.xlsx
2021,11,말레이시아,출항환적,3368.0,3365.0,3.0,34975.0,34815.0,160.0,2020_2021 3월.xlsx
2021,11,멕시코,출항환적,26109.0,25735.0,374.0,279303.25,277571.25,1732.0,2020_2021 3월.xlsx
2021,11,모로코,출항환적,350.0,350.0,0.0,8036.0,8036.0,0.0,2020_2021 3월.xlsx
2021,11,모리셔스,출항환적,18.0,18.0,0.0,129.0,129.0,0.0,2020_2021 3월.xlsx
2021,11,모리타니,출항환적,4.0,4.0,0.0,131.0,131.0,0.0,2020_2021 3월.xlsx
2021,11,모잠비크,출항환적,4.0,4.0,0.0,490.0,490.0,0.0,2020_2021 3월.xlsx
2021,11,몬테네그로,출항환적,,,,80.0,80.0,0.0,2020_2021 3월.xlsx
2021,11,몰디브,출항환적,6.0,6.0,0.0,46.0,46.0,0.0,2020_2021 3월.xlsx
2021,11,몰타,출항환적,25.0,25.0,0.0,191.5,191.5,0.0,2020_2021 3월.xlsx
2021,11,미국,출항환적,82008.75,81842.75,166.0,978244.25,977174.25,1070.0,2020_2021 3월.xlsx
2021,11,미국령 버진아일랜드,출항환적,2.0,2.0,0.0,45.0,45.0,0.0,2020_2021 3월.xlsx
2021,11,미얀마,출항환적,40.0,40.0,0.0,249.0,249.0,0.0,2020_2021 3월.xlsx
2021,11,미크로네시아,출항환적,263.0,263.0,0.0,1331.0,1331.0,0.0,2020_2021 3월.xlsx
2021,11,바누아투,출항환적,500.0,500.0,0.0,3723.0,3723.0,0.0,2020_2021 3월.xlsx
2021,11,바레인,출항환적,12.0,12.0,0.0,98.0,98.0,0.0,2020_2021 3월.xlsx
2021,11,바베이도스,출항환적,63.0,63.0,0.0,856.0,856.0,0.0,2020_2021 3월.xlsx
2021,11,바하마,출항환적,3776.0,49.0,3727.0,49695.5,787.0,48908.5,2020_2021 3월.xlsx
2021,11,방글라데시,출항환적,57.0,57.0,0.0,417.0,417.0,0.0,2020_2021 3월.xlsx
2021,11,베냉,출항환적,1.0,1.0,0.0,104.0,104.0,0.0,2020_2021 3월.xlsx
2021,11,베네수엘라,출항환적,750.0,750.0,0.0,9484.0,9484.0,0.0,2020_2021 3월.xlsx
2021,11,베트남,출항환적,8778.0,8735.0,43.0,99309.75,97229.5,2080.25,2020_2021 3월.xlsx
2021,11,벨기에,출항환적,936.5,936.5,0.0,9164.25,9164.25,0.0,2020_2021 3월.xlsx
2021,11,벨리즈,출항환적,23.0,23.0,0.0,324.0,324.0,0.0,2020_2021 3월.xlsx
2021,11,북마리아나 제도,출항환적,160.25,160.25,0.0,999.25,999.25,0.0,2020_2021 3월.xlsx
2021,11,불가리아,출항환적,78.0,78.0,0.0,521.0,521.0,0.0,2020_2021 3월.xlsx
2021,11,브라질,출항환적,4668.0,4668.0,0.0,51860.0,51860.0,0.0,2020_2021 3월.xlsx
2021,11,브루나이,출항환적,,,,2.0,2.0,0.0,2020_2021 3월.xlsx
2021,11,사모아,출항환적,240.0,240.0,0.0,2794.0,2794.0,0.0,2020_2021 3월.xlsx
2021,11,사우디아라비아,출항환적,1086.0,1086.0,0.0,16911.0,16911.0,0.0,2020_2021 3월.xlsx
2021,11,상투메 프린시페,출항환적,,,,2.0,2.0,0.0,2020_2021 3월.xlsx
2021,11,세네갈,출항환적,24.0,24.0,0.0,227.0,227.0,0.0,2020_2021 3월.xlsx
2021,11,세이셸,출항환적,,,,3.0,3.0,0.0,2020_2021 3월.xlsx
2021,11,세인트 빈센트 그레나딘,출항환적,2.0,2.0,0.0,83.0,83.0,0.0,2020_2021 3월.xlsx
2021,11,세인트루시아,출항환적,18.0,18.0,0.0,175.0,175.0,0.0,2020_2021 3월.xlsx
2021,11,세인트키츠 네비스,출항환적,3.0,3.0,0.0,85.0,85.0,0.0,2020_2021 3월.xlsx
2021,11,소말리아,출항환적,7.0,7.0,0.0,61.0,61.0,0.0,2020_2021 3월.xlsx
2021,11,솔로몬제도,출항환적,132.0,132.0,0.0,1493.0,1493.0,0.0,2020_2021 3월.xlsx
2021,11,수단,출항환적,24.0,24.0,0.0,307.0,307.0,0.0,2020_2021 3월.xlsx
2021,11,수리남,출항환적,126.0,126.0,0.0,1717.0,1717.0,0.0,2020_2021 3월.xlsx
2021,11,스리랑카,출항환적,121.0,121.0,0.0,1162.0,1162.0,0.0,2020_2021 3월.xlsx
2021,11,스웨덴,출항환적,147.0,147.0,0.0,1840.0,1840.0,0.0,2020_2021 3월.xlsx
2021,11,스페인,출항환적,1860.0,1467.0,393.0,21213.0,20693.0,520.0,2020_2021 3월.xlsx
2021,11,슬로베니아,출항환적,304.0,304.0,0.0,6602.75,6602.75,0.0,2020_2021 3월.xlsx
2021,11,시리아,출항환적,32.0,32.0,0.0,414.0,414.0,0.0,2020_2021 3월.xlsx
2021,11,시에라 리온,출항환적,,,,52.0,52.0,0.0,2020_2021 3월.xlsx
2021,11,싱가포르,출항환적,5027.5,3713.5,1314.0,62161.25,54687.25,7474.0,2020_2021 3월.xlsx
2021,11,아랍에미리트연합국,출항환적,1688.25,1688.25,0.0,32974.5,32728.5,246.0,2020_2021 3월.xlsx
2021,11,아루바,출항환적,7.0,7.0,0.0,113.75,113.75,0.0,2020_2021 3월.xlsx
2021,11,아르헨티나,출항환적,1156.0,1156.0,0.0,11139.0,11128.0,11.0,2020_2021 3월.xlsx
2021,11,아메리칸사모아,출항환적,171.0,171.0,0.0,1134.0,1134.0,0.0,2020_2021 3월.xlsx
2021,11,아이티,출항환적,228.0,228.0,0.0,1517.0,1517.0,0.0,2020_2021 3월.xlsx
2021,11,아일랜드,출항환적,35.0,35.0,0.0,534.0,534.0,0.0,2020_2021 3월.xlsx
2021,11,알바니아,출항환적,,,,33.0,33.0,0.0,2020_2021 3월.xlsx
2021,11,알제리,출항환적,192.0,192.0,0.0,2092.0,2092.0,0.0,2020_2021 3월.xlsx
2021,11,앙골라,출항환적,7.0,7.0,0.0,34.0,34.0,0.0,2020_2021 3월.xlsx
2021,11,앤티가 바부다,출항환적,12.0,12.0,0.0,151.0,151.0,0.0,2020_2021 3월.xlsx
2021,11,앤틸리스제도,출항환적,21.0,21.0,0.0,432.0,432.0,0.0,2020_2021 3월.xlsx
2021,11,앵귈라,출항환적,,,,4.0,4.0,0.0,2020_2021 3월.xlsx
2021,11,에리트레아,출항환적,,,,8.0,8.0,0.0,2020_2021 3월.xlsx
2021,11,에스토니아,출항환적,4.0,4.0,0.0,91.0,91.0,0.0,2020_2021 3월.xlsx
2021,11,에콰도르,출항환적,2663.0,2615.0,48.0,33534.25,28116.25,5418.0,2020_2021 3월.xlsx
2021,11,엘살바도르,출항환적,765.0,765.0,0.0,5855.5,5855.5,0.0,2020_2021 3월.xlsx
2021,11,영국,출항환적,1190.0,1190.0,0.0,22784.0,22782.0,2.0,2020_2021 3월.xlsx
2021,11,영국령 버진아일랜드,출항환적,,,,13.0,13.0,0.0,2020_2021 3월.xlsx
2021,11,예멘,출항환적,,,,29.0,29.0,0.0,2020_2021 3월.xlsx
2021,11,오만,출항환적,224.0,224.0,0.0,4584.75,4584.75,0.0,2020_2021 3월.xlsx
2021,11,온두라스,출항환적,641.0,641.0,0.0,4932.75,4470.75,462.0,2020_2021 3월.xlsx
2021,11,왈리스 푸투나,출항환적,,,,2.0,2.0,0.0,2020_2021 3월.xlsx
2021,11,요르단,출항환적,291.0,291.0,0.0,2321.0,2321.0,0.0,2020_2021 3월.xlsx
2021,11,우루과이,출항환적,334.0,334.0,0.0,2783.0,2783.0,0.0,2020_2021 3월.xlsx
2021,11,우크라이나,출항환적,219.5,219.5,0.0,3415.25,3415.25,0.0,2020_2021 3월.xlsx
2021,11,원양어획지역,출항환적,21.0,21.0,0.0,175.0,175.0,0.0,2020_2021 3월.xlsx
2021,11,이라크,출항환적,21.0,21.0,0.0,334.0,334.0,0.0,2020_2021 3월.xlsx
2021,11,이란,출항환적,,,,14.0,14.0,0.0,2020_2021 3월.xlsx
2021,11,이스라엘,출항환적,2196.0,2128.0,68.0,15862.0,14948.0,914.0,2020_2021 3월.xlsx
2021,11,이집트,출항환적,849.0,819.0,30.0,16004.0,15198.0,806.0,2020_2021 3월.xlsx
2021,11,이탈리아,출항환적,1666.0,1663.0,3.0,26867.25,26845.25,22.0,2020_2021 3월.xlsx
2021,11,인도,출항환적,3044.25,3041.25,3.0,41512.0,41418.0,94.0,2020_2021 3월.xlsx
2021,11,인도네시아,출항환적,4067.5,4062.5,5.0,46314.5,46282.5,32.0,2020_2021 3월.xlsx
2021,11,일본,출항환적,75765.0,75130.0,635.0,859533.0,847861.75,11671.25,2020_2021 3월.xlsx
2021,11,자메이카,출항환적,1898.0,1898.0,0.0,14642.0,14641.0,1.0,2020_2021 3월.xlsx
2021,11,적도 기니,출항환적,,,,8.0,8.0,0.0,2020_2021 3월.xlsx
2021,11,조지아,출항환적,81.0,81.0,0.0,1189.25,1189.25,0.0,2020_2021 3월.xlsx
2021,11,중국,출항환적,98856.75,91734.75,7122.0,1069270.0,991926.75,77343.25,2020_2021 3월.xlsx
2021,11,지부티,출항환적,5.0,5.0,0.0,48.0,48.0,0.0,2020_2021 3월.xlsx
2021,11,칠레,출항환적,23436.0,23198.0,238.0,212326.75,208462.75,3864.0,2020_2021 3월.xlsx
2021,11,카메룬,출항환적,21.0,21.0,0.0,252.0,252.0,0.0,2020_2021 3월.xlsx
2021,11,카타르,출항환적,57.0,57.0,0.0,2548.5,2548.5,0.0,2020_2021 3월.xlsx
2021,11,캄보디아,출항환적,60.0,60.0,0.0,571.5,571.5,0.0,2020_2021 3월.xlsx
2021,11,캐나다,출항환적,28981.75,28981.75,0.0,326523.25,326269.25,254.0,2020_2021 3월.xlsx
2021,11,케냐,출항환적,47.0,47.0,0.0,709.0,709.0,0.0,2020_2021 3월.xlsx
2021,11,케이맨 제도,출항환적,2.0,2.0,0.0,96.0,96.0,0.0,2020_2021 3월.xlsx
2021,11,코모로,출항환적,,,,2.0,2.0,0.0,2020_2021 3월.xlsx
2021,11,코스타리카,출항환적,821.0,821.0,0.0,9814.75,9556.75,258.0,2020_2021 3월.xlsx
2021,11,코트디부아르,출항환적,17.0,17.0,0.0,693.0,693.0,0.0,2020_2021 3월.xlsx
2021,11,콜롬비아,출항환적,7614.0,7612.0,2.0,81476.75,81372.75,104.0,2020_2021 3월.xlsx
2021,11,콩고,출항환적,,,,29.0,29.0,0.0,2020_2021 3월.xlsx
2021,11,콩고 민주 공화국,출항환적,,,,54.0,54.0,0.0,2020_2021 3월.xlsx
2021,11,쿠바,출항환적,225.0,225.0,0.0,3077.0,3077.0,0.0,2020_2021 3월.xlsx
2021,11,쿠웨이트,출항환적,9.0,9.0,0.0,263.0,263.0,0.0,2020_2021 3월.xlsx
2021,11,쿡 제도,출항환적,2.0,2.0,0.0,4.0,4.0,0.0,2020_2021 3월.xlsx
2021,11,퀴라소,출항환적,3.0,3.0,0.0,62.0,62.0,0.0,2020_2021 3월.xlsx
2021,11,크로아티아,출항환적,130.0,130.0,0.0,2062.75,2062.75,0.0,2020_2021 3월.xlsx
2021,11,키리바시,출항환적,163.0,163.0,0.0,2319.0,2319.0,0.0,2020_2021 3월.xlsx
2021,11,키프로스,출항환적,4.0,4.0,0.0,87.0,87.0,0.0,2020_2021 3월.xlsx
2021,11,탄자니아,출항환적,30.0,30.0,0.0,280.0,280.0,0.0,2020_2021 3월.xlsx
2021,11,태국,출항환적,6383.25,6383.25,0.0,70568.75,70034.75,534.0,2020_2021 3월.xlsx
2021,11,토고,출항환적,46.0,46.0,0.0,186.0,186.0,0.0,2020_2021 3월.xlsx
2021,11,통가,출항환적,99.0,99.0,0.0,1270.0,1270.0,0.0,2020_2021 3월.xlsx
2021,11,튀니지,출항환적,83.0,83.0,0.0,1267.5,1267.5,0.0,2020_2021 3월.xlsx
2021,11,튀르키예,출항환적,3991.5,3991.5,0.0,34855.0,34855.0,0.0,2020_2021 3월.xlsx
2021,11,트리니다드 토바고,출항환적,476.0,476.0,0.0,4197.0,4197.0,0.0,2020_2021 3월.xlsx
2021,11,파나마,출항환적,3225.25,3225.25,0.0,39183.0,38914.0,269.0,2020_2021 3월.xlsx
2021,11,파라과이,출항환적,22.0,22.0,0.0,263.0,263.0,0.0,2020_2021 3월.xlsx
2021,11,파키스탄,출항환적,636.0,636.0,0.0,5559.25,5559.25,0.0,2020_2021 3월.xlsx
2021,11,파푸아 뉴기니,출항환적,419.0,419.0,0.0,4112.0,4111.0,1.0,2020_2021 3월.xlsx
2021,11,팔라우,출항환적,7.0,7.0,0.0,114.0,114.0,0.0,2020_2021 3월.xlsx
2021,11,페루,출항환적,6568.0,6568.0,0.0,67434.25,66252.25,1182.0,2020_2021 3월.xlsx
2021,11,포르투갈,출항환적,34.0,34.0,0.0,258.0,258.0,0.0,2020_2021 3월.xlsx
2021,11,폴란드,출항환적,92.0,92.0,0.0,2040.0,2040.0,0.0,2020_2021 3월.xlsx
2021,11,푸에르토리코,출항환적,674.0,674.0,0.0,5729.0,5729.0,0.0,2020_2021 3월.xlsx
2021,11,프랑스,출항환적,841.0,829.0,12.0,20034.5,20009.5,25.0,2020_2021 3월.xlsx
2021,11,프랑스령 기아나,출항환적,,,,55.0,55.0,0.0,2020_2021 3월.xlsx
2021,11,프랑스령 폴리네시아,출항환적,231.0,231.0,0.0,1446.0,1446.0,0.0,2020_2021 3월.xlsx
2021,11,피지,출항환적,363.0,361.0,2.0,5688.0,5683.0,5.0,2020_2021 3월.xlsx
2021,11,핀란드,출항환적,19.0,19.0,0.0,288.0,288.0,0.0,2020_2021 3월.xlsx
2021,11,필리핀,출항환적,3762.0,3762.0,0.0,64109.25,64109.25,0.0,2020_2021 3월.xlsx
2021,11,호주,출항환적,1232.0,1181.0,51.0,20261.0,18835.0,1426.0,2020_2021 3월.xlsx
2021,11,홍콩,출항환적,2549.25,2293.25,256.0,43842.75,43176.75,666.0,2020_2021 3월.xlsx
2021,12,가나,입항,9.0,9.0,0.0,382.0,376.0,6.0,2020_2021 2월.xlsx
2021,12,가봉,입항,10.0,10.0,0.0,64.0,64.0,0.0,2020_2021 2월.xlsx
2021,12,가이아나,입항,1.0,1.0,0.0,45.0,43.0,2.0,2020_2021 2월.xlsx
2021,12,감비아,입항,3.0,3.0,0.0,58.0,58.0,0.0,2020_2021 2월.xlsx
2021,12,과들루프,입항,2.0,2.0,0.0,4.0,4.0,0.0,2020_2021 2월.xlsx
2021,12,과테말라,입항,210.0,196.0,14.0,4658.0,3383.0,1275.0,2020_2021 2월.xlsx
2021,12,괌,입항,125.0,92.0,33.0,6969.0,1068.5,5900.5,2020_2021 2월.xlsx
2021,12,그리스,입항,252.0,162.0,90.0,11364.25,4371.0,6993.25,2020_2021 2월.xlsx
2021,12,기니,입항,79.0,79.0,0.0,937.0,937.0,0.0,2020_2021 2월.xlsx
2021,12,기니비사우,입항,,,,42.0,42.0,0.0,2020_2021 2월.xlsx
2021,12,나미비아,입항,6.0,6.0,0.0,140.0,140.0,0.0,2020_2021 2월.xlsx
2021,12,나이지리아,입항,40.0,40.0,0.0,689.0,689.0,0.0,2020_2021 2월.xlsx
2021,12,남아프리카,입항,484.0,441.0,43.0,9601.0,9213.0,388.0,2020_2021 2월.xlsx
2021,12,네덜란드,입항,10586.25,8647.25,1939.0,89134.75,77646.25,11488.5,2020_2021 2월.xlsx
2021,12,노르웨이,입항,1018.0,1018.0,0.0,7352.0,7278.0,74.0,2020_2021 2월.xlsx
2021,12,뉴질랜드,입항,3172.0,1823.0,1349.0,29332.0,24645.0,4687.0,2020_2021 2월.xlsx
2021,12,뉴칼레도니아,입항,363.0,24.0,339.0,2984.0,211.0,2773.0,2020_2021 2월.xlsx
2021,12,니카라과,입항,5.0,3.0,2.0,197.0,189.0,8.0,2020_2021 2월.xlsx
2021,12,대만,입항,8852.0,6234.0,2618.0,86778.75,54712.0,32066.75,2020_2021 2월.xlsx
2021,12,대한민국,입항,6935.75,27.0,6908.75,77131.75,28.0,77103.75,2020_2021 2월.xlsx
2021,12,덴마크,입항,1441.0,1441.0,0.0,11970.0,11880.0,90.0,2020_2021 2월.xlsx
2021,12,도미니카 공화국,입항,91.0,68.0,23.0,1502.0,1226.0,276.0,2020_2021 2월.xlsx
2021,12,독일,입항,12382.5,9952.5,2430.0,106528.0,98003.25,8524.75,2020_2021 2월.xlsx
2021,12,동티모르,입항,,,,2.0,2.0,0.0,2020_2021 2월.xlsx
2021,12,라이베리아,입항,4.0,4.0,0.0,29.0,29.0,0.0,2020_2021 2월.xlsx
2021,12,라트비아,입항,793.0,793.0,0.0,11288.0,11287.0,1.0,2020_2021 2월.xlsx
2021,12,러시아,입항,14264.25,3378.0,10886.25,143904.75,44973.0,98931.75,2020_2021 2월.xlsx
2021,12,레바논,입항,20.0,20.0,0.0,1254.0,1084.0,170.0,2020_2021 2월.xlsx
2021,12,레위니옹,입항,1.0,1.0,0.0,25.0,23.0,2.0,2020_2021 2월.xlsx
2021,12,루마니아,입항,318.0,191.0,127.0,6350.5,2863.5,3487.0,2020_2021 2월.xlsx
2021,12,리비아,입항,46.0,46.0,0.0,404.0,404.0,0.0,2020_2021 2월.xlsx
2021,12,리투아니아,입항,165.25,165.25,0.0,4620.25,3911.25,709.0,2020_2021 2월.xlsx
2021,12,마다가스카르,입항,14.0,14.0,0.0,101.0,101.0,0.0,2020_2021 2월.xlsx
2021,12,마르티니크,입항,1.0,1.0,0.0,6.0,6.0,0.0,2020_2021 2월.xlsx
2021,12,마샬 제도,입항,539.0,11.0,528.0,4858.0,76.0,4782.0,2020_2021 2월.xlsx
2021,12,말레이시아,입항,8405.25,6636.0,1769.25,96223.25,63991.0,32232.25,2020_2021 2월.xlsx
2021,12,멕시코,입항,8013.0,3125.0,4888.0,100306.5,34263.0,66043.5,2020_2021 2월.xlsx
2021,12,모로코,입항,221.0,217.0,4.0,3379.0,2374.0,1005.0,2020_2021 2월.xlsx
2021,12,모리셔스,입항,,,,118.0,118.0,0.0,2020_2021 2월.xlsx
2021,12,모리타니,입항,10.0,10.0,0.0,303.0,303.0,0.0,2020_2021 2월.xlsx
2021,12,모잠비크,입항,117.0,117.0,0.0,1139.0,1139.0,0.0,2020_2021 2월.xlsx
2021,12,몬테네그로,입항,128.0,128.0,0.0,1444.0,1444.0,0.0,2020_2021 2월.xlsx
2021,12,몰타,입항,116.0,8.0,108.0,1537.25,96.0,1441.25,2020_2021 2월.xlsx
2021,12,미국,입항,54441.0,33750.0,20691.0,735726.75,454933.0,280793.75,2020_2021 2월.xlsx
2021,12,미얀마,입항,335.0,335.0,0.0,4132.0,4124.0,8.0,2020_2021 2월.xlsx
2021,12,미크로네시아,입항,13.0,0.0,13.0,131.0,82.0,49.0,2020_2021 2월.xlsx
2021,12,바누아투,입항,18.0,0.0,18.0,1879.0,10.0,1869.0,2020_2021 2월.xlsx
2021,12,바레인,입항,159.0,159.0,0.0,2588.0,2588.0,0.0,2020_2021 2월.xlsx
2021,12,바하마,입항,,,,3.0,3.0,0.0,2020_2021 2월.xlsx
2021,12,방글라데시,입항,791.0,791.0,0.0,7320.0,7162.0,158.0,2020_2021 2월.xlsx
2021,12,베냉,입항,,,,27.0,13.0,14.0,2020_2021 2월.xlsx
2021,12,베네수엘라,입항,32.0,32.0,0.0,381.0,381.0,0.0,2020_2021 2월.xlsx
2021,12,베트남,입항,15635.0,15219.0,416.0,164976.0,149752.0,15224.0,2020_2021 2월.xlsx
2021,12,벨기에,입항,3764.0,3629.0,135.0,43211.0,40874.0,2337.0,2020_2021 2월.xlsx
2021,12,북마리아나 제도,입항,308.25,26.0,282.25,9795.5,174.0,9621.5,2020_2021 2월.xlsx
2021,12,불가리아,입항,93.0,93.0,0.0,914.25,908.25,6.0,2020_2021 2월.xlsx
2021,12,브라질,입항,2718.0,2389.0,329.0,38115.0,27605.0,10510.0,2020_2021 2월.xlsx
2021,12,브루나이,입항,,,,22.0,19.0,3.0,2020_2021 2월.xlsx
2021,12,사모아,입항,289.0,2.0,287.0,2644.0,22.0,2622.0,2020_2021 2월.xlsx
2021,12,사우디아라비아,입항,4507.75,1008.0,3499.75,22533.75,7517.0,15016.75,2020_2021 2월.xlsx
2021,12,세네갈,입항,83.0,83.0,0.0,1194.0,1177.0,17.0,2020_2021 2월.xlsx
2021,12,세르비아,입항,,,,2.0,2.0,0.0,2020_2021 2월.xlsx
2021,12,세이셸,입항,78.0,78.0,0.0,103.0,103.0,0.0,2020_2021 2월.xlsx
2021,12,세인트루시아,입항,,,,8.0,8.0,0.0,2020_2021 2월.xlsx
2021,12,소말리아,입항,,,,34.0,1.0,33.0,2020_2021 2월.xlsx
2021,12,솔로몬제도,입항,2.0,0.0,2.0,56.0,26.0,30.0,2020_2021 2월.xlsx
2021,12,수단,입항,1.0,1.0,0.0,424.0,183.0,241.0,2020_2021 2월.xlsx
2021,12,수리남,입항,22.0,22.0,0.0,401.0,401.0,0.0,2020_2021 2월.xlsx
2021,12,스리랑카,입항,325.0,325.0,0.0,4812.0,3808.0,1004.0,2020_2021 2월.xlsx
2021,12,스웨덴,입항,1465.0,1465.0,0.0,15079.0,15023.0,56.0,2020_2021 2월.xlsx
2021,12,스위스,입항,,,,15.0,15.0,0.0,2020_2021 2월.xlsx
2021,12,스페인,입항,4304.0,3987.0,317.0,44959.25,41785.25,3174.0,2020_2021 2월.xlsx
2021,12,슬로베니아,입항,1334.0,1299.0,35.0,15925.75,15680.75,245.0,2020_2021 2월.xlsx
2021,12,시리아,입항,1.0,1.0,0.0,1.0,1.0,0.0,2020_2021 2월.xlsx
2021,12,시에라 리온,입항,15.0,15.0,0.0,165.0,165.0,0.0,2020_2021 2월.xlsx
2021,12,싱가포르,입항,3910.5,2988.0,922.5,65197.25,34879.0,30318.25,2020_2021 2월.xlsx
2021,12,아랍에미리트연합국,입항,4790.25,1478.25,3312.0,65359.0,15581.5,49777.5,2020_2021 2월.xlsx
2021,12,아루바,입항,,,,10.0,10.0,0.0,2020_2021 2월.xlsx
2021,12,아르헨티나,입항,960.0,230.0,730.0,7962.0,3214.0,4748.0,2020_2021 2월.xlsx
2021,12,아메리칸사모아,입항,270.0,30.0,240.0,937.0,331.0,606.0,2020_2021 2월.xlsx
2021,12,아이슬란드,입항,2.0,2.0,0.0,12.0,12.0,0.0,2020_2021 2월.xlsx
2021,12,아이티,입항,3.0,3.0,0.0,93.0,93.0,0.0,2020_2021 2월.xlsx
2021,12,아일랜드,입항,202.0,188.0,14.0,2152.0,2098.0,54.0,2020_2021 2월.xlsx
2021,12,알바니아,입항,314.0,314.0,0.0,2367.0,2367.0,0.0,2020_2021 2월.xlsx
2021,12,알제리,입항,3.0,3.0,0.0,8.0,8.0,0.0,2020_2021 2월.xlsx
2021,12,앙골라,입항,9.0,9.0,0.0,56.0,56.0,0.0,2020_2021 2월.xlsx
2021,12,앤틸리스제도,입항,,,,9.0,9.0,0.0,2020_2021 2월.xlsx
2021,12,에스토니아,입항,418.0,418.0,0.0,3096.25,3088.25,8.0,2020_2021 2월.xlsx
2021,12,에콰도르,입항,988.0,271.0,717.0,13330.0,3996.0,9334.0,2020_2021 2월.xlsx
2021,12,엘살바도르,입항,115.0,115.0,0.0,2176.0,979.0,1197.0,2020_2021 2월.xlsx
2021,12,영국,입항,1698.25,1636.25,62.0,27827.25,20033.25,7794.0,2020_2021 2월.xlsx
2021,12,예멘,입항,249.0,249.0,0.0,1687.75,1685.75,2.0,2020_2021 2월.xlsx
2021,12,오만,입항,289.0,167.0,122.0,7804.0,3239.0,4565.0,2020_2021 2월.xlsx
2021,12,오스트리아,입항,,,,2.0,2.0,0.0,2020_2021 2월.xlsx
2021,12,온두라스,입항,24.0,24.0,0.0,891.0,891.0,0.0,2020_2021 2월.xlsx
2021,12,요르단,입항,302.0,233.0,69.0,2523.0,1996.0,527.0,2020_2021 2월.xlsx
2021,12,우루과이,입항,334.0,165.0,169.0,2496.0,1118.0,1378.0,2020_2021 2월.xlsx
2021,12,우크라이나,입항,611.0,225.0,386.0,4612.25,2778.25,1834.0,2020_2021 2월.xlsx
2021,12,원양어획지역,입항,,,,4.0,4.0,0.0,2020_2021 2월.xlsx
2021,12,이라크,입항,,,,16.0,0.0,16.0,2020_2021 2월.xlsx
2021,12,이란,입항,4.0,4.0,0.0,289.0,9.0,280.0,2020_2021 2월.xlsx
2021,12,이스라엘,입항,467.0,466.0,1.0,6730.0,5135.0,1595.0,2020_2021 2월.xlsx
2021,12,이집트,입항,1913.0,857.0,1056.0,17730.5,5362.0,12368.5,2020_2021 2월.xlsx
2021,12,이탈리아,입항,4224.0,4117.0,107.0,63326.5,58551.5,4775.0,2020_2021 2월.xlsx
2021,12,인도,입항,8352.25,6674.0,1678.25,124093.75,83733.25,40360.5,2020_2021 2월.xlsx
2021,12,인도네시아,입항,7420.0,5759.0,1661.0,90140.0,70411.75,19728.25,2020_2021 2월.xlsx
2021,12,일본,입항,68834.25,23896.0,44938.25,775342.25,258107.0,517235.25,2020_2021 2월.xlsx
2021,12,자메이카,입항,291.0,8.0,283.0,7711.0,165.0,7546.0,2020_2021 2월.xlsx
2021,12,적도 기니,입항,,,,13.0,13.0,0.0,2020_2021 2월.xlsx
2021,12,조지아,입항,3.0,3.0,0.0,221.0,221.0,0.0,2020_2021 2월.xlsx
2021,12,중국,입항,105810.25,79435.25,26375.0,1232380.75,930917.75,301463.0,2020_2021 2월.xlsx
2021,12,지부티,입항,67.0,67.0,0.0,1148.0,1148.0,0.0,2020_2021 2월.xlsx
2021,12,체코,입항,,,,9.0,9.0,0.0,2020_2021 2월.xlsx
2021,12,칠레,입항,4275.0,4024.0,251.0,63117.0,54732.0,8385.0,2020_2021 2월.xlsx
2021,12,카메룬,입항,2.0,2.0,0.0,26.0,26.0,0.0,2020_2021 2월.xlsx
2021,12,카보 베르데,입항,,,,2.0,2.0,0.0,2020_2021 2월.xlsx
2021,12,카타르,입항,948.0,527.0,421.0,8405.75,6067.75,2338.0,2020_2021 2월.xlsx
2021,12,캄보디아,입항,170.0,170.0,0.0,1600.0,1600.0,0.0,2020_2021 2월.xlsx
2021,12,캐나다,입항,4527.0,3372.0,1155.0,103319.5,56497.75,46821.75,2020_2021 2월.xlsx
2021,12,케냐,입항,72.0,72.0,0.0,542.0,542.0,0.0,2020_2021 2월.xlsx
2021,12,코스타리카,입항,219.0,214.0,5.0,2295.0,2268.0,27.0,2020_2021 2월.xlsx
2021,12,코트디부아르,입항,11.0,11.0,0.0,121.0,118.0,3.0,2020_2021 2월.xlsx
2021,12,콜롬비아,입항,1571.0,611.0,960.0,14990.0,6969.0,8021.0,2020_2021 2월.xlsx
2021,12,콩고,입항,1.0,1.0,0.0,48.0,48.0,0.0,2020_2021 2월.xlsx
2021,12,콩고 민주 공화국,입항,12.0,12.0,0.0,68.0,68.0,0.0,2020_2021 2월.xlsx
2021,12,쿠바,입항,1.0,1.0,0.0,47.0,47.0,0.0,2020_2021 2월.xlsx
2021,12,쿠웨이트,입항,119.0,119.0,0.0,1296.0,1275.0,21.0,2020_2021 2월.xlsx
2021,12,퀴라소,입항,,,,10.0,10.0,0.0,2020_2021 2월.xlsx
2021,12,크로아티아,입항,110.0,110.0,0.0,2253.0,2225.0,28.0,2020_2021 2월.xlsx
2021,12,키리바시,입항,2.0,0.0,2.0,2361.0,2.0,2359.0,2020_2021 2월.xlsx
2021,12,키프로스,입항,20.0,20.0,0.0,157.0,157.0,0.0,2020_2021 2월.xlsx
2021,12,탄자니아,입항,182.0,182.0,0.0,3074.0,3074.0,0.0,2020_2021 2월.xlsx
2021,12,태국,입항,7684.0,7585.0,99.0,84669.25,81401.0,3268.25,2020_2021 2월.xlsx
2021,12,토고,입항,59.0,59.0,0.0,384.0,384.0,0.0,2020_2021 2월.xlsx
2021,12,통가,입항,680.0,72.0,608.0,2540.0,163.0,2377.0,2020_2021 2월.xlsx
2021,12,튀니지,입항,94.0,94.0,0.0,898.0,898.0,0.0,2020_2021 2월.xlsx
2021,12,튀르키예,입항,1758.75,1604.75,154.0,26007.5,19809.25,6198.25,2020_2021 2월.xlsx
2021,12,트리니다드 토바고,입항,35.0,35.0,0.0,440.0,440.0,0.0,2020_2021 2월.xlsx
2021,12,파나마,입항,6709.0,188.0,6521.0,37584.0,1138.0,36446.0,2020_2021 2월.xlsx
2021,12,파라과이,입항,43.0,43.0,0.0,254.0,254.0,0.0,2020_2021 2월.xlsx
2021,12,파키스탄,입항,887.75,738.0,149.75,20882.25,6931.0,13951.25,2020_2021 2월.xlsx
2021,12,파푸아 뉴기니,입항,31.0,31.0,0.0,606.0,580.0,26.0,2020_2021 2월.xlsx
2021,12,팔라우,입항,6.0,6.0,0.0,24.0,23.0,1.0,2020_2021 2월.xlsx
2021,12,페루,입항,2064.0,1792.0,272.0,19018.0,16821.0,2197.0,2020_2021 2월.xlsx
2021,12,포르투갈,입항,414.0,414.0,0.0,3023.0,3017.0,6.0,2020_2021 2월.xlsx
2021,12,폴란드,입항,1353.0,1345.0,8.0,13953.75,13880.75,73.0,2020_2021 2월.xlsx
2021,12,푸에르토리코,입항,135.0,135.0,0.0,1793.0,1793.0,0.0,2020_2021 2월.xlsx
2021,12,프랑스,입항,2995.0,2799.0,196.0,38269.5,35578.0,2691.5,2020_2021 2월.xlsx
2021,12,프랑스령 기아나,입항,,,,2.0,2.0,0.0,2020_2021 2월.xlsx
2021,12,프랑스령 폴리네시아,입항,35.0,0.0,35.0,2463.0,54.0,2409.0,2020_2021 2월.xlsx
2021,12,피지,입항,19.0,19.0,0.0,1000.0,204.0,796.0,2020_2021 2월.xlsx
2021,12,핀란드,입항,1152.0,1152.0,0.0,14204.0,13897.0,307.0,2020_2021 2월.xlsx
2021,12,필리핀,입항,3226.25,2023.0,1203.25,53752.25,25617.0,28135.25,2020_2021 2월.xlsx
2021,12,헝가리,입항,4.0,4.0,0.0,106.0,106.0,0.0,2020_2021 2월.xlsx
2021,12,호주,입항,10739.0,5744.0,4995.0,152347.0,71746.0,80601.0,2020_2021 2월.xlsx
2021,12,홍콩,입항,6105.0,4349.0,1756.0,57540.0,45603.0,11937.0,2020_2021 2월.xlsx
2021,12,가나,입항환적,14.0,14.0,0.0,366.0,366.0,0.0,2020_2021 2월.xlsx
2021,12,가봉,입항환적,6.0,6.0,0.0,732.0,732.0,0.0,2020_2021 2월.xlsx
2021,12,가이아나,입항환적,116.0,116.0,0.0,1855.0,1855.0,0.0,2020_2021 2월.xlsx
2021,12,감비아,입항환적,,,,8.0,8.0,0.0,2020_2021 2월.xlsx
2021,12,과들루프,입항환적,3.0,3.0,0.0,3.0,3.0,0.0,2020_2021 2월.xlsx
2021,12,과테말라,입항환적,318.0,318.0,0.0,5125.0,5119.0,6.0,2020_2021 2월.xlsx
2021,12,괌,입항환적,148.0,148.0,0.0,4163.5,2740.5,1423.0,2020_2021 2월.xlsx
2021,12,그리스,입항환적,272.0,272.0,0.0,5116.75,4175.0,941.75,2020_2021 2월.xlsx
2021,12,기니,입항환적,,,,24.0,24.0,0.0,2020_2021 2월.xlsx
2021,12,나미비아,입항환적,36.0,36.0,0.0,177.0,177.0,0.0,2020_2021 2월.xlsx
2021,12,나이지리아,입항환적,71.0,71.0,0.0,1421.0,1421.0,0.0,2020_2021 2월.xlsx
2021,12,남아프리카,입항환적,552.0,552.0,0.0,6153.0,6139.0,14.0,2020_2021 2월.xlsx
2021,12,네덜란드,입항환적,2353.0,2344.0,9.0,34454.5,34181.5,273.0,2020_2021 2월.xlsx
2021,12,노르웨이,입항환적,363.0,363.0,0.0,2522.0,2522.0,0.0,2020_2021 2월.xlsx
2021,12,뉴질랜드,입항환적,1328.0,1328.0,0.0,20795.0,20543.0,252.0,2020_2021 2월.xlsx
2021,12,뉴칼레도니아,입항환적,360.0,349.0,11.0,2217.0,2183.0,34.0,2020_2021 2월.xlsx
2021,12,니카라과,입항환적,518.0,518.0,0.0,3866.0,3864.0,2.0,2020_2021 2월.xlsx
2021,12,대만,입항환적,5535.5,5295.5,240.0,67309.75,66211.75,1098.0,2020_2021 2월.xlsx
2021,12,대한민국,입항환적,5828.0,5217.0,611.0,95450.0,90812.0,4638.0,2020_2021 2월.xlsx
2021,12,덴마크,입항환적,405.0,405.0,0.0,3384.0,3360.0,24.0,2020_2021 2월.xlsx
2021,12,도미니카 공화국,입항환적,72.0,72.0,0.0,1925.0,1925.0,0.0,2020_2021 2월.xlsx
2021,12,도미니카 연방,입항환적,,,,1.0,1.0,0.0,2020_2021 2월.xlsx
2021,12,독일,입항환적,2326.0,2326.0,0.0,30707.75,30679.75,28.0,2020_2021 2월.xlsx
2021,12,동티모르,입항환적,1.0,1.0,0.0,90.0,90.0,0.0,2020_2021 2월.xlsx
2021,12,라이베리아,입항환적,,,,1.0,1.0,0.0,2020_2021 2월.xlsx
2021,12,라트비아,입항환적,282.0,282.0,0.0,3479.0,3479.0,0.0,2020_2021 2월.xlsx
2021,12,러시아,입항환적,13473.0,13083.0,390.0,189984.0,182917.25,7066.75,2020_2021 2월.xlsx
2021,12,레바논,입항환적,,,,89.0,89.0,0.0,2020_2021 2월.xlsx
2021,12,레위니옹,입항환적,,,,6.0,6.0,0.0,2020_2021 2월.xlsx
2021,12,루마니아,입항환적,687.0,687.0,0.0,6777.75,6777.75,0.0,2020_2021 2월.xlsx
2021,12,리비아,입항환적,,,,8.0,8.0,0.0,2020_2021 2월.xlsx
2021,12,리투아니아,입항환적,73.0,73.0,0.0,1194.0,1093.0,101.0,2020_2021 2월.xlsx
2021,12,마다가스카르,입항환적,13.0,13.0,0.0,162.0,162.0,0.0,2020_2021 2월.xlsx
2021,12,마르티니크,입항환적,,,,80.0,80.0,0.0,2020_2021 2월.xlsx
2021,12,마샬 제도,입항환적,10.0,10.0,0.0,398.0,396.0,2.0,2020_2021 2월.xlsx
2021,12,말레이시아,입항환적,7781.75,7778.75,3.0,85228.25,84338.25,890.0,2020_2021 2월.xlsx
2021,12,멕시코,입항환적,4404.0,4403.0,1.0,50630.75,49324.0,1306.75,2020_2021 2월.xlsx
2021,12,모로코,입항환적,129.0,129.0,0.0,1802.0,1800.0,2.0,2020_2021 2월.xlsx
2021,12,모리셔스,입항환적,51.0,51.0,0.0,340.0,340.0,0.0,2020_2021 2월.xlsx
2021,12,모리타니,입항환적,10.0,10.0,0.0,96.0,96.0,0.0,2020_2021 2월.xlsx
2021,12,모잠비크,입항환적,122.0,122.0,0.0,1140.0,1140.0,0.0,2020_2021 2월.xlsx
2021,12,몬테네그로,입항환적,2.0,2.0,0.0,46.0,46.0,0.0,2020_2021 2월.xlsx
2021,12,몰디브,입항환적,,,,3.0,3.0,0.0,2020_2021 2월.xlsx
2021,12,몰타,입항환적,11.0,11.0,0.0,535.0,374.0,161.0,2020_2021 2월.xlsx
2021,12,미국,입항환적,43323.0,42215.75,1107.25,577290.5,541575.0,35715.5,2020_2021 2월.xlsx
2021,12,미얀마,입항환적,226.0,226.0,0.0,1656.0,1646.0,10.0,2020_2021 2월.xlsx
2021,12,미크로네시아,입항환적,3.0,1.0,2.0,81.0,74.0,7.0,2020_2021 2월.xlsx
2021,12,바누아투,입항환적,21.0,11.0,10.0,362.0,95.0,267.0,2020_2021 2월.xlsx
2021,12,바레인,입항환적,67.0,67.0,0.0,432.0,432.0,0.0,2020_2021 2월.xlsx
2021,12,바베이도스,입항환적,29.0,29.0,0.0,111.0,111.0,0.0,2020_2021 2월.xlsx
2021,12,바하마,입항환적,2.0,2.0,0.0,13.0,13.0,0.0,2020_2021 2월.xlsx
2021,12,방글라데시,입항환적,513.75,513.75,0.0,6970.75,6966.75,4.0,2020_2021 2월.xlsx
2021,12,베냉,입항환적,,,,96.0,96.0,0.0,2020_2021 2월.xlsx
2021,12,베네수엘라,입항환적,34.0,34.0,0.0,1768.0,1768.0,0.0,2020_2021 2월.xlsx
2021,12,베트남,입항환적,9637.5,9637.5,0.0,110775.25,110752.25,23.0,2020_2021 2월.xlsx
2021,12,벨기에,입항환적,1485.75,1485.75,0.0,26453.5,26333.5,120.0,2020_2021 2월.xlsx
2021,12,벨리즈,입항환적,4.0,4.0,0.0,910.0,910.0,0.0,2020_2021 2월.xlsx
2021,12,북마리아나 제도,입항환적,38.0,0.0,38.0,631.0,17.0,614.0,2020_2021 2월.xlsx
2021,12,불가리아,입항환적,54.0,54.0,0.0,1309.0,1309.0,0.0,2020_2021 2월.xlsx
2021,12,브라질,입항환적,5902.0,5902.0,0.0,74940.0,73587.0,1353.0,2020_2021 2월.xlsx
2021,12,브루나이,입항환적,2.0,2.0,0.0,169.0,169.0,0.0,2020_2021 2월.xlsx
2021,12,사모아,입항환적,3.0,3.0,0.0,121.0,121.0,0.0,2020_2021 2월.xlsx
2021,12,사우디아라비아,입항환적,1258.0,1252.0,6.0,9727.0,9114.0,613.0,2020_2021 2월.xlsx
2021,12,세네갈,입항환적,59.0,59.0,0.0,631.0,631.0,0.0,2020_2021 2월.xlsx
2021,12,세이셸,입항환적,2.0,2.0,0.0,19.0,19.0,0.0,2020_2021 2월.xlsx
2021,12,세인트루시아,입항환적,4.0,4.0,0.0,32.0,32.0,0.0,2020_2021 2월.xlsx
2021,12,소말리아,입항환적,,,,1.0,1.0,0.0,2020_2021 2월.xlsx
2021,12,솔로몬제도,입항환적,,,,33.0,33.0,0.0,2020_2021 2월.xlsx
2021,12,수단,입항환적,3.0,3.0,0.0,1848.0,1848.0,0.0,2020_2021 2월.xlsx
2021,12,수리남,입항환적,18.0,18.0,0.0,555.0,555.0,0.0,2020_2021 2월.xlsx
2021,12,스리랑카,입항환적,183.0,183.0,0.0,3549.0,3511.0,38.0,2020_2021 2월.xlsx
2021,12,스웨덴,입항환적,1290.0,1290.0,0.0,10106.0,10106.0,0.0,2020_2021 2월.xlsx
2021,12,스페인,입항환적,2800.0,2746.0,54.0,33848.25,33590.25,258.0,2020_2021 2월.xlsx
2021,12,슬로베니아,입항환적,1552.75,1549.75,3.0,11032.75,11029.75,3.0,2020_2021 2월.xlsx
2021,12,시리아,입항환적,,,,6.0,6.0,0.0,2020_2021 2월.xlsx
2021,12,시에라 리온,입항환적,,,,93.0,93.0,0.0,2020_2021 2월.xlsx
2021,12,싱가포르,입항환적,1911.5,1860.5,51.0,26105.25,23490.0,2615.25,2020_2021 2월.xlsx
2021,12,아랍에미리트연합국,입항환적,2033.0,2032.0,1.0,23557.5,21677.5,1880.0,2020_2021 2월.xlsx
2021,12,아루바,입항환적,,,,88.0,88.0,0.0,2020_2021 2월.xlsx
2021,12,아르헨티나,입항환적,798.0,796.0,2.0,9931.0,9888.0,43.0,2020_2021 2월.xlsx
2021,12,아메리칸사모아,입항환적,1.0,1.0,0.0,14.0,14.0,0.0,2020_2021 2월.xlsx
2021,12,아이슬란드,입항환적,2.0,2.0,0.0,58.0,58.0,0.0,2020_2021 2월.xlsx
2021,12,아이티,입항환적,10.0,10.0,0.0,74.0,74.0,0.0,2020_2021 2월.xlsx
2021,12,아일랜드,입항환적,43.0,43.0,0.0,1118.0,1118.0,0.0,2020_2021 2월.xlsx
2021,12,알바니아,입항환적,31.0,31.0,0.0,900.0,900.0,0.0,2020_2021 2월.xlsx
2021,12,알제리,입항환적,88.0,88.0,0.0,164.25,164.25,0.0,2020_2021 2월.xlsx
2021,12,앙골라,입항환적,,,,72.0,72.0,0.0,2020_2021 2월.xlsx
2021,12,앤티가 바부다,입항환적,,,,6.0,6.0,0.0,2020_2021 2월.xlsx
2021,12,앤틸리스제도,입항환적,,,,27.0,27.0,0.0,2020_2021 2월.xlsx
2021,12,에스토니아,입항환적,133.0,133.0,0.0,1040.0,1040.0,0.0,2020_2021 2월.xlsx
2021,12,에콰도르,입항환적,4533.0,4521.0,12.0,48437.0,48286.0,151.0,2020_2021 2월.xlsx
2021,12,엘살바도르,입항환적,161.0,161.0,0.0,1352.0,1344.0,8.0,2020_2021 2월.xlsx
2021,12,영국,입항환적,641.0,641.0,0.0,9392.0,9212.25,179.75,2020_2021 2월.xlsx
2021,12,예멘,입항환적,9.0,9.0,0.0,41.0,41.0,0.0,2020_2021 2월.xlsx
2021,12,오만,입항환적,766.0,766.0,0.0,7013.0,6256.0,757.0,2020_2021 2월.xlsx
2021,12,오스트리아,입항환적,,,,2.0,2.0,0.0,2020_2021 2월.xlsx
2021,12,온두라스,입항환적,111.0,111.0,0.0,843.0,843.0,0.0,2020_2021 2월.xlsx
2021,12,요르단,입항환적,165.25,165.25,0.0,613.25,612.25,1.0,2020_2021 2월.xlsx
2021,12,우루과이,입항환적,1026.0,1026.0,0.0,7332.0,7332.0,0.0,2020_2021 2월.xlsx
2021,12,우크라이나,입항환적,440.0,440.0,0.0,9312.0,9132.0,180.0,2020_2021 2월.xlsx
2021,12,원양어획지역,입항환적,,,,718.0,718.0,0.0,2020_2021 2월.xlsx
2021,12,이란,입항환적,,,,2.0,2.0,0.0,2020_2021 2월.xlsx
2021,12,이스라엘,입항환적,232.0,232.0,0.0,4030.0,3338.0,692.0,2020_2021 2월.xlsx
2021,12,이집트,입항환적,1449.0,1449.0,0.0,11720.0,11284.0,436.0,2020_2021 2월.xlsx
2021,12,이탈리아,입항환적,2863.5,2837.5,26.0,37476.5,36896.5,580.0,2020_2021 2월.xlsx
2021,12,인도,입항환적,5111.0,5029.0,82.0,69242.75,68413.75,829.0,2020_2021 2월.xlsx
2021,12,인도네시아,입항환적,13496.5,13491.5,5.0,153480.25,153409.25,71.0,2020_2021 2월.xlsx
2021,12,일본,입항환적,69854.5,61955.5,7899.0,779276.0,714371.5,64904.5,2020_2021 2월.xlsx
2021,12,자메이카,입항환적,12.0,12.0,0.0,260.0,233.0,27.0,2020_2021 2월.xlsx
2021,12,적도 기니,입항환적,,,,181.0,181.0,0.0,2020_2021 2월.xlsx
2021,12,조지아,입항환적,58.0,58.0,0.0,258.0,258.0,0.0,2020_2021 2월.xlsx
2021,12,중국,입항환적,212701.0,209295.25,3405.75,2719457.25,2671682.75,47774.5,2020_2021 2월.xlsx
2021,12,지부티,입항환적,83.0,83.0,0.0,413.0,413.0,0.0,2020_2021 2월.xlsx
2021,12,지브롤터,입항환적,4.0,4.0,0.0,4.0,4.0,0.0,2020_2021 2월.xlsx
2021,12,칠레,입항환적,5777.0,5777.0,0.0,84753.0,84660.0,93.0,2020_2021 2월.xlsx
2021,12,카메룬,입항환적,12.0,12.0,0.0,334.0,334.0,0.0,2020_2021 2월.xlsx
2021,12,카타르,입항환적,148.0,148.0,0.0,2626.0,2594.0,32.0,2020_2021 2월.xlsx
2021,12,캄보디아,입항환적,422.0,422.0,0.0,5419.75,5419.75,0.0,2020_2021 2월.xlsx
2021,12,캐나다,입항환적,7549.0,7359.0,190.0,151625.25,150293.75,1331.5,2020_2021 2월.xlsx
2021,12,케냐,입항환적,23.0,23.0,0.0,749.0,749.0,0.0,2020_2021 2월.xlsx
2021,12,코스타리카,입항환적,567.0,567.0,0.0,5416.0,5416.0,0.0,2020_2021 2월.xlsx
2021,12,코트디부아르,입항환적,12.0,12.0,0.0,341.0,341.0,0.0,2020_2021 2월.xlsx
2021,12,콜롬비아,입항환적,481.0,481.0,0.0,7983.25,6296.0,1687.25,2020_2021 2월.xlsx
2021,12,콩고,입항환적,5.0,5.0,0.0,60.0,60.0,0.0,2020_2021 2월.xlsx
2021,12,콩고 민주 공화국,입항환적,,,,4.0,4.0,0.0,2020_2021 2월.xlsx
2021,12,쿠바,입항환적,62.0,62.0,0.0,612.0,612.0,0.0,2020_2021 2월.xlsx
2021,12,쿠웨이트,입항환적,88.0,88.0,0.0,409.0,409.0,0.0,2020_2021 2월.xlsx
2021,12,퀴라소,입항환적,6.0,6.0,0.0,118.0,118.0,0.0,2020_2021 2월.xlsx
2021,12,크로아티아,입항환적,263.0,243.0,20.0,2208.25,2186.25,22.0,2020_2021 2월.xlsx
2021,12,키리바시,입항환적,,,,4.0,4.0,0.0,2020_2021 2월.xlsx
2021,12,키프로스,입항환적,36.0,36.0,0.0,449.0,449.0,0.0,2020_2021 2월.xlsx
2021,12,탄자니아,입항환적,113.0,113.0,0.0,382.0,382.0,0.0,2020_2021 2월.xlsx
2021,12,태국,입항환적,9398.0,9390.0,8.0,109876.5,109587.5,289.0,2020_2021 2월.xlsx
2021,12,토고,입항환적,3.0,3.0,0.0,163.0,163.0,0.0,2020_2021 2월.xlsx
2021,12,통가,입항환적,4.0,4.0,0.0,14.0,14.0,0.0,2020_2021 2월.xlsx
2021,12,튀니지,입항환적,7.0,7.0,0.0,205.0,205.0,0.0,2020_2021 2월.xlsx
2021,12,튀르키예,입항환적,3012.0,3012.0,0.0,38481.0,38089.0,392.0,2020_2021 2월.xlsx
2021,12,트리니다드 토바고,입항환적,123.0,123.0,0.0,560.0,560.0,0.0,2020_2021 2월.xlsx
2021,12,파나마,입항환적,2578.0,385.0,2193.0,13862.75,9200.0,4662.75,2020_2021 2월.xlsx
2021,12,파라과이,입항환적,4.0,4.0,0.0,349.0,349.0,0.0,2020_2021 2월.xlsx
2021,12,파키스탄,입항환적,830.0,781.0,49.0,13020.75,10963.75,2057.0,2020_2021 2월.xlsx
2021,12,파푸아 뉴기니,입항환적,18.0,18.0,0.0,101.0,101.0,0.0,2020_2021 2월.xlsx
2021,12,팔라우,입항환적,,,,4.0,4.0,0.0,2020_2021 2월.xlsx
2021,12,페로 제도,입항환적,,,,4.0,4.0,0.0,2020_2021 2월.xlsx
2021,12,페루,입항환적,3378.0,3378.0,0.0,31800.0,31700.0,100.0,2020_2021 2월.xlsx
2021,12,포르투갈,입항환적,235.0,235.0,0.0,2229.0,2229.0,0.0,2020_2021 2월.xlsx
2021,12,폴란드,입항환적,208.0,208.0,0.0,2419.5,2419.5,0.0,2020_2021 2월.xlsx
2021,12,푸에르토리코,입항환적,72.0,72.0,0.0,1996.0,1996.0,0.0,2020_2021 2월.xlsx
2021,12,프랑스,입항환적,1825.0,1825.0,0.0,23614.0,23343.0,271.0,2020_2021 2월.xlsx
2021,12,프랑스령 폴리네시아,입항환적,6.0,6.0,0.0,231.0,9.0,222.0,2020_2021 2월.xlsx
2021,12,피지,입항환적,4.0,4.0,0.0,268.0,264.0,4.0,2020_2021 2월.xlsx
2021,12,핀란드,입항환적,1620.0,1620.0,0.0,15891.0,15891.0,0.0,2020_2021 2월.xlsx
2021,12,필리핀,입항환적,5113.0,4622.0,491.0,69782.75,67504.75,2278.0,2020_2021 2월.xlsx
2021,12,헝가리,입항환적,,,,8.0,8.0,0.0,2020_2021 2월.xlsx
2021,12,호주,입항환적,7648.0,7068.0,580.0,92173.0,87040.0,5133.0,2020_2021 2월.xlsx
2021,12,홍콩,입항환적,3478.0,3450.0,28.0,44482.0,43282.0,1200.0,2020_2021 2월.xlsx
2021,12,가나,출항,164.0,164.0,0.0,3610.0,3610.0,0.0,2020_2021 2월.xlsx
2021,12,가봉,출항,,,,37.0,37.0,0.0,2020_2021 2월.xlsx
2021,12,가이아나,출항,4.0,4.0,0.0,164.0,164.0,0.0,2020_2021 2월.xlsx
2021,12,감비아,출항,,,,8.0,8.0,0.0,2020_2021 2월.xlsx
2021,12,과들루프,출항,1.0,1.0,0.0,20.0,20.0,0.0,2020_2021 2월.xlsx
2021,12,과테말라,출항,465.0,465.0,0.0,5016.0,4964.0,52.0,2020_2021 2월.xlsx
2021,12,괌,출항,207.0,207.0,0.0,2599.75,2395.75,204.0,2020_2021 2월.xlsx
2021,12,그레나다,출항,2.0,2.0,0.0,20.0,20.0,0.0,2020_2021 2월.xlsx
2021,12,그리스,출항,1080.0,1080.0,0.0,10463.5,10447.5,16.0,2020_2021 2월.xlsx
2021,12,기니,출항,1.0,1.0,0.0,176.0,176.0,0.0,2020_2021 2월.xlsx
2021,12,나미비아,출항,,,,58.0,58.0,0.0,2020_2021 2월.xlsx
2021,12,나우루,출항,,,,1.0,1.0,0.0,2020_2021 2월.xlsx
2021,12,나이지리아,출항,57.0,57.0,0.0,2139.75,2139.75,0.0,2020_2021 2월.xlsx
2021,12,남아프리카,출항,259.0,259.0,0.0,4084.0,4083.0,1.0,2020_2021 2월.xlsx
2021,12,네덜란드,출항,6774.25,6744.25,30.0,92975.25,92720.25,255.0,2020_2021 2월.xlsx
2021,12,노르웨이,출항,26.0,26.0,0.0,315.25,315.25,0.0,2020_2021 2월.xlsx
2021,12,뉴질랜드,출항,1032.0,871.0,161.0,14432.0,13405.0,1027.0,2020_2021 2월.xlsx
2021,12,뉴칼레도니아,출항,39.0,39.0,0.0,653.0,337.0,316.0,2020_2021 2월.xlsx
2021,12,니카라과,출항,36.0,36.0,0.0,482.0,482.0,0.0,2020_2021 2월.xlsx
2021,12,대만,출항,13214.25,12408.25,806.0,135897.75,128918.5,6979.25,2020_2021 2월.xlsx
2021,12,대한민국,출항,8207.5,134.0,8073.5,111735.25,1596.0,110139.25,2020_2021 2월.xlsx
2021,12,덴마크,출항,140.0,140.0,0.0,1347.0,1347.0,0.0,2020_2021 2월.xlsx
2021,12,도미니카 공화국,출항,217.0,217.0,0.0,2934.0,2530.0,404.0,2020_2021 2월.xlsx
2021,12,독일,출항,7435.0,7343.0,92.0,86322.75,85376.75,946.0,2020_2021 2월.xlsx
2021,12,동티모르,출항,,,,2.0,2.0,0.0,2020_2021 2월.xlsx
2021,12,라이베리아,출항,,,,132.0,132.0,0.0,2020_2021 2월.xlsx
2021,12,라트비아,출항,60.0,60.0,0.0,517.0,517.0,0.0,2020_2021 2월.xlsx
2021,12,러시아,출항,13723.0,13687.0,36.0,160318.5,156997.5,3321.0,2020_2021 2월.xlsx
2021,12,레바논,출항,31.0,31.0,0.0,970.75,970.75,0.0,2020_2021 2월.xlsx
2021,12,레위니옹,출항,,,,125.0,125.0,0.0,2020_2021 2월.xlsx
2021,12,루마니아,출항,129.25,129.25,0.0,2901.5,2891.5,10.0,2020_2021 2월.xlsx
2021,12,리비아,출항,204.0,204.0,0.0,1643.25,1643.25,0.0,2020_2021 2월.xlsx
2021,12,리투아니아,출항,66.0,66.0,0.0,1682.0,1682.0,0.0,2020_2021 2월.xlsx
2021,12,마다가스카르,출항,1.0,1.0,0.0,207.0,207.0,0.0,2020_2021 2월.xlsx
2021,12,마르티니크,출항,1.0,1.0,0.0,24.0,24.0,0.0,2020_2021 2월.xlsx
2021,12,마샬 제도,출항,17.0,17.0,0.0,538.0,197.0,341.0,2020_2021 2월.xlsx
2021,12,마요트,출항,,,,76.0,76.0,0.0,2020_2021 2월.xlsx
2021,12,말레이시아,출항,8859.0,8772.0,87.0,89606.75,88825.75,781.0,2020_2021 2월.xlsx
2021,12,멕시코,출항,12752.0,12648.0,104.0,176086.0,173651.0,2435.0,2020_2021 2월.xlsx
2021,12,모로코,출항,164.0,164.0,0.0,3357.75,3347.75,10.0,2020_2021 2월.xlsx
2021,12,모리셔스,출항,10.0,10.0,0.0,136.0,136.0,0.0,2020_2021 2월.xlsx
2021,12,모리타니,출항,,,,123.0,123.0,0.0,2020_2021 2월.xlsx
2021,12,모잠비크,출항,41.0,41.0,0.0,1017.0,1017.0,0.0,2020_2021 2월.xlsx
2021,12,몬테네그로,출항,,,,35.0,35.0,0.0,2020_2021 2월.xlsx
2021,12,몰디브,출항,5.0,5.0,0.0,82.0,82.0,0.0,2020_2021 2월.xlsx
2021,12,몰타,출항,31.0,31.0,0.0,1674.0,1634.0,40.0,2020_2021 2월.xlsx
2021,12,미국,출항,72897.75,72787.75,110.0,910698.75,904022.75,6676.0,2020_2021 2월.xlsx
2021,12,미국령 버진아일랜드,출항,,,,5.0,5.0,0.0,2020_2021 2월.xlsx
2021,12,미얀마,출항,42.0,42.0,0.0,224.0,224.0,0.0,2020_2021 2월.xlsx
2021,12,미크로네시아,출항,7.0,7.0,0.0,320.0,263.0,57.0,2020_2021 2월.xlsx
2021,12,바누아투,출항,12.0,12.0,0.0,319.0,111.0,208.0,2020_2021 2월.xlsx
2021,12,바레인,출항,8.0,8.0,0.0,556.0,556.0,0.0,2020_2021 2월.xlsx
2021,12,바베이도스,출항,1.0,1.0,0.0,21.0,21.0,0.0,2020_2021 2월.xlsx
2021,12,바하마,출항,1508.0,10.0,1498.0,14442.0,100.0,14342.0,2020_2021 2월.xlsx
2021,12,방글라데시,출항,380.0,380.0,0.0,2107.0,2107.0,0.0,2020_2021 2월.xlsx
2021,12,베냉,출항,5.0,5.0,0.0,80.0,80.0,0.0,2020_2021 2월.xlsx
2021,12,베네수엘라,출항,6.0,6.0,0.0,431.0,431.0,0.0,2020_2021 2월.xlsx
2021,12,베트남,출항,22135.0,21643.0,492.0,243607.0,236289.75,7317.25,2020_2021 2월.xlsx
2021,12,벨기에,출항,2363.25,2350.25,13.0,25361.25,25262.25,99.0,2020_2021 2월.xlsx
2021,12,벨리즈,출항,,,,34.0,34.0,0.0,2020_2021 2월.xlsx
2021,12,북마리아나 제도,출항,83.0,83.0,0.0,1090.0,1056.0,34.0,2020_2021 2월.xlsx
2021,12,불가리아,출항,12.0,12.0,0.0,433.0,433.0,0.0,2020_2021 2월.xlsx
2021,12,브라질,출항,4477.0,4477.0,0.0,60081.0,60031.0,50.0,2020_2021 2월.xlsx
2021,12,브루나이,출항,3.0,3.0,0.0,5.0,5.0,0.0,2020_2021 2월.xlsx
2021,12,사모아,출항,6.0,6.0,0.0,269.0,139.0,130.0,2020_2021 2월.xlsx
2021,12,사우디아라비아,출항,2961.0,2941.0,20.0,39112.0,39092.0,20.0,2020_2021 2월.xlsx
2021,12,세네갈,출항,10.0,10.0,0.0,654.0,642.0,12.0,2020_2021 2월.xlsx
2021,12,세이셸,출항,7.0,7.0,0.0,134.0,134.0,0.0,2020_2021 2월.xlsx
2021,12,세인트루시아,출항,2.0,2.0,0.0,27.0,27.0,0.0,2020_2021 2월.xlsx
2021,12,세인트키츠 네비스,출항,1.0,1.0,0.0,3.0,3.0,0.0,2020_2021 2월.xlsx
2021,12,소말리아,출항,13.0,13.0,0.0,101.0,101.0,0.0,2020_2021 2월.xlsx
2021,12,솔로몬제도,출항,25.0,25.0,0.0,272.0,238.0,34.0,2020_2021 2월.xlsx
2021,12,수단,출항,,,,24.0,24.0,0.0,2020_2021 2월.xlsx
2021,12,수리남,출항,,,,36.0,36.0,0.0,2020_2021 2월.xlsx
2021,12,스리랑카,출항,1933.0,1933.0,0.0,11074.25,11058.25,16.0,2020_2021 2월.xlsx
2021,12,스웨덴,출항,497.0,497.0,0.0,5055.0,5055.0,0.0,2020_2021 2월.xlsx
2021,12,스페인,출항,2166.0,2158.0,8.0,38003.0,36402.0,1601.0,2020_2021 2월.xlsx
2021,12,슬로베니아,출항,9760.25,9760.25,0.0,109109.0,108985.0,124.0,2020_2021 2월.xlsx
2021,12,시리아,출항,27.0,27.0,0.0,256.0,256.0,0.0,2020_2021 2월.xlsx
2021,12,시에라 리온,출항,,,,54.0,54.0,0.0,2020_2021 2월.xlsx
2021,12,싱가포르,출항,5958.0,5890.0,68.0,74986.0,73029.75,1956.25,2020_2021 2월.xlsx
2021,12,아랍에미리트연합국,출항,5354.0,5350.0,4.0,59437.75,59247.75,190.0,2020_2021 2월.xlsx
2021,12,아루바,출항,20.0,20.0,0.0,103.0,103.0,0.0,2020_2021 2월.xlsx
2021,12,아르헨티나,출항,537.0,537.0,0.0,6299.0,6198.0,101.0,2020_2021 2월.xlsx
2021,12,아메리칸사모아,출항,36.0,36.0,0.0,629.0,629.0,0.0,2020_2021 2월.xlsx
2021,12,아이티,출항,22.0,22.0,0.0,181.0,181.0,0.0,2020_2021 2월.xlsx
2021,12,아일랜드,출항,41.0,41.0,0.0,366.0,366.0,0.0,2020_2021 2월.xlsx
2021,12,알바니아,출항,13.0,13.0,0.0,119.0,119.0,0.0,2020_2021 2월.xlsx
2021,12,알제리,출항,191.0,191.0,0.0,1768.25,1758.25,10.0,2020_2021 2월.xlsx
2021,12,앙골라,출항,1.0,1.0,0.0,1234.0,1234.0,0.0,2020_2021 2월.xlsx
2021,12,앤티가 바부다,출항,,,,1.0,1.0,0.0,2020_2021 2월.xlsx
2021,12,앤틸리스제도,출항,3.0,3.0,0.0,52.0,52.0,0.0,2020_2021 2월.xlsx
2021,12,에스토니아,출항,50.5,50.5,0.0,389.25,389.25,0.0,2020_2021 2월.xlsx
2021,12,에콰도르,출항,1595.0,437.0,1158.0,19367.0,6669.0,12698.0,2020_2021 2월.xlsx
2021,12,엘살바도르,출항,86.0,86.0,0.0,879.0,879.0,0.0,2020_2021 2월.xlsx
2021,12,영국,출항,590.0,584.0,6.0,23200.5,22991.5,209.0,2020_2021 2월.xlsx
2021,12,영국령 버진아일랜드,출항,1.0,1.0,0.0,3.0,3.0,0.0,2020_2021 2월.xlsx
2021,12,예멘,출항,25.0,25.0,0.0,254.0,254.0,0.0,2020_2021 2월.xlsx
2021,12,오만,출항,190.0,190.0,0.0,2119.25,2119.25,0.0,2020_2021 2월.xlsx
2021,12,온두라스,출항,28.0,28.0,0.0,988.0,690.0,298.0,2020_2021 2월.xlsx
2021,12,요르단,출항,307.0,307.0,0.0,2838.0,2838.0,0.0,2020_2021 2월.xlsx
2021,12,우루과이,출항,306.0,306.0,0.0,3647.0,3627.0,20.0,2020_2021 2월.xlsx
2021,12,우크라이나,출항,59.0,57.0,2.0,1385.25,1367.25,18.0,2020_2021 2월.xlsx
2021,12,이라크,출항,102.5,102.5,0.0,1869.5,1869.5,0.0,2020_2021 2월.xlsx
2021,12,이란,출항,1.0,1.0,0.0,1044.0,1044.0,0.0,2020_2021 2월.xlsx
2021,12,이스라엘,출항,778.0,775.0,3.0,11058.0,10894.0,164.0,2020_2021 2월.xlsx
2021,12,이집트,출항,3326.0,3304.0,22.0,41764.25,41458.25,306.0,2020_2021 2월.xlsx
2021,12,이탈리아,출항,3992.25,3992.25,0.0,46890.75,46791.75,99.0,2020_2021 2월.xlsx
2021,12,인도,출항,14409.75,14394.75,15.0,163915.5,162619.5,1296.0,2020_2021 2월.xlsx
2021,12,인도네시아,출항,9699.5,9647.5,52.0,104197.75,103586.75,611.0,2020_2021 2월.xlsx
2021,12,일본,출항,31550.5,27184.5,4366.0,422874.5,340290.25,82584.25,2020_2021 2월.xlsx
2021,12,자메이카,출항,119.0,119.0,0.0,2615.0,2207.0,408.0,2020_2021 2월.xlsx
2021,12,적도 기니,출항,,,,9.0,9.0,0.0,2020_2021 2월.xlsx
2021,12,조지아,출항,,,,157.0,157.0,0.0,2020_2021 2월.xlsx
2021,12,중국,출항,110020.5,63543.25,46477.25,1173936.5,669714.75,504221.75,2020_2021 2월.xlsx
2021,12,지부티,출항,8.0,8.0,0.0,118.0,118.0,0.0,2020_2021 2월.xlsx
2021,12,칠레,출항,2449.0,1685.0,764.0,23657.0,22340.0,1317.0,2020_2021 2월.xlsx
2021,12,카메룬,출항,,,,353.0,353.0,0.0,2020_2021 2월.xlsx
2021,12,카보 베르데,출항,,,,5.0,5.0,0.0,2020_2021 2월.xlsx
2021,12,카타르,출항,454.0,422.0,32.0,5131.25,4895.25,236.0,2020_2021 2월.xlsx
2021,12,캄보디아,출항,446.0,446.0,0.0,4453.0,4453.0,0.0,2020_2021 2월.xlsx
2021,12,캐나다,출항,10219.25,10219.25,0.0,127315.0,127162.0,153.0,2020_2021 2월.xlsx
2021,12,케냐,출항,91.0,91.0,0.0,1409.0,1409.0,0.0,2020_2021 2월.xlsx
2021,12,케이맨 제도,출항,,,,5.0,5.0,0.0,2020_2021 2월.xlsx
2021,12,코모로,출항,,,,1.0,1.0,0.0,2020_2021 2월.xlsx
2021,12,코스타리카,출항,37.0,37.0,0.0,1132.0,1098.0,34.0,2020_2021 2월.xlsx
2021,12,코트디부아르,출항,12.0,12.0,0.0,870.0,870.0,0.0,2020_2021 2월.xlsx
2021,12,콜롬비아,출항,1424.0,1358.0,66.0,19494.0,17837.0,1657.0,2020_2021 2월.xlsx
2021,12,콩고,출항,,,,56.0,56.0,0.0,2020_2021 2월.xlsx
2021,12,콩고 민주 공화국,출항,,,,172.0,172.0,0.0,2020_2021 2월.xlsx
2021,12,쿠바,출항,6.0,6.0,0.0,71.0,71.0,0.0,2020_2021 2월.xlsx
2021,12,쿠웨이트,출항,62.0,62.0,0.0,1412.0,1412.0,0.0,2020_2021 2월.xlsx
2021,12,크로아티아,출항,1565.0,1565.0,0.0,13121.75,13061.75,60.0,2020_2021 2월.xlsx
2021,12,키리바시,출항,7.0,7.0,0.0,90.0,90.0,0.0,2020_2021 2월.xlsx
2021,12,키프로스,출항,16.0,16.0,0.0,106.0,106.0,0.0,2020_2021 2월.xlsx
2021,12,탄자니아,출항,90.0,90.0,0.0,1485.0,1485.0,0.0,2020_2021 2월.xlsx
2021,12,태국,출항,7202.25,6763.25,439.0,96899.25,91040.25,5859.0,2020_2021 2월.xlsx
2021,12,토고,출항,331.0,319.0,12.0,4561.0,2505.0,2056.0,2020_2021 2월.xlsx
2021,12,통가,출항,1.0,1.0,0.0,4.0,4.0,0.0,2020_2021 2월.xlsx
2021,12,튀니지,출항,54.0,54.0,0.0,657.0,657.0,0.0,2020_2021 2월.xlsx
2021,12,튀르키예,출항,8615.0,8615.0,0.0,97455.5,95960.5,1495.0,2020_2021 2월.xlsx
2021,12,트리니다드 토바고,출항,44.0,44.0,0.0,467.0,467.0,0.0,2020_2021 2월.xlsx
2021,12,파나마,출항,1630.0,1204.0,426.0,19191.0,14383.0,4808.0,2020_2021 2월.xlsx
2021,12,파라과이,출항,,,,61.0,61.0,0.0,2020_2021 2월.xlsx
2021,12,파키스탄,출항,1579.25,1579.25,0.0,19748.5,19732.5,16.0,2020_2021 2월.xlsx
2021,12,파푸아 뉴기니,출항,149.0,119.0,30.0,1429.0,1267.0,162.0,2020_2021 2월.xlsx
2021,12,팔라우,출항,5.0,5.0,0.0,113.0,85.0,28.0,2020_2021 2월.xlsx
2021,12,페루,출항,1149.0,1129.0,20.0,16462.0,14850.0,1612.0,2020_2021 2월.xlsx
2021,12,포르투갈,출항,311.0,311.0,0.0,1954.0,1954.0,0.0,2020_2021 2월.xlsx
2021,12,폴란드,출항,424.0,424.0,0.0,5192.75,5190.75,2.0,2020_2021 2월.xlsx
2021,12,푸에르토리코,출항,44.0,44.0,0.0,362.0,362.0,0.0,2020_2021 2월.xlsx
2021,12,프랑스,출항,1087.25,1039.25,48.0,16409.75,16163.75,246.0,2020_2021 2월.xlsx
2021,12,프랑스령 기아나,출항,6.0,6.0,0.0,16.0,16.0,0.0,2020_2021 2월.xlsx
2021,12,프랑스령 폴리네시아,출항,11.0,11.0,0.0,123.0,81.0,42.0,2020_2021 2월.xlsx
2021,12,피지,출항,43.0,43.0,0.0,482.0,472.0,10.0,2020_2021 2월.xlsx
2021,12,핀란드,출항,42.25,42.25,0.0,605.25,605.25,0.0,2020_2021 2월.xlsx
2021,12,필리핀,출항,3723.0,3723.0,0.0,47394.0,47362.0,32.0,2020_2021 2월.xlsx
2021,12,헝가리,출항,,,,28.0,28.0,0.0,2020_2021 2월.xlsx
2021,12,호주,출항,4555.0,4369.0,186.0,61421.25,58501.25,2920.0,2020_2021 2월.xlsx
2021,12,홍콩,출항,6799.0,6132.0,667.0,82646.5,78092.5,4554.0,2020_2021 2월.xlsx
2021,12,가나,출항환적,47.0,47.0,0.0,869.25,869.25,0.0,2020_2021 2월.xlsx
2021,12,가봉,출항환적,1.0,1.0,0.0,30.0,30.0,0.0,2020_2021 2월.xlsx
2021,12,가이아나,출항환적,158.0,158.0,0.0,2271.0,2271.0,0.0,2020_2021 2월.xlsx
2021,12,감비아,출항환적,5.0,5.0,0.0,15.0,15.0,0.0,2020_2021 2월.xlsx
2021,12,과들루프,출항환적,3.0,3.0,0.0,94.0,94.0,0.0,2020_2021 2월.xlsx
2021,12,과테말라,출항환적,1527.0,1527.0,0.0,19388.0,19382.0,6.0,2020_2021 2월.xlsx
2021,12,괌,출항환적,349.5,349.5,0.0,4496.75,4496.75,0.0,2020_2021 2월.xlsx
2021,12,그레나다,출항환적,6.0,6.0,0.0,161.25,161.25,0.0,2020_2021 2월.xlsx
2021,12,그리스,출항환적,526.5,526.5,0.0,7663.25,7663.25,0.0,2020_2021 2월.xlsx
2021,12,기니,출항환적,5.0,5.0,0.0,96.5,96.5,0.0,2020_2021 2월.xlsx
2021,12,나미비아,출항환적,42.0,42.0,0.0,583.0,583.0,0.0,2020_2021 2월.xlsx
2021,12,나우루,출항환적,13.0,13.0,0.0,167.0,167.0,0.0,2020_2021 2월.xlsx
2021,12,나이지리아,출항환적,195.0,195.0,0.0,2289.0,2289.0,0.0,2020_2021 2월.xlsx
2021,12,남아프리카,출항환적,100.0,100.0,0.0,2495.0,2495.0,0.0,2020_2021 2월.xlsx
2021,12,네덜란드,출항환적,2491.0,2486.0,5.0,26209.25,26137.25,72.0,2020_2021 2월.xlsx
2021,12,노르웨이,출항환적,23.0,23.0,0.0,370.0,370.0,0.0,2020_2021 2월.xlsx
2021,12,뉴질랜드,출항환적,786.0,767.0,19.0,14033.5,13328.5,705.0,2020_2021 2월.xlsx
2021,12,뉴칼레도니아,출항환적,372.0,372.0,0.0,4305.0,4302.0,3.0,2020_2021 2월.xlsx
2021,12,니카라과,출항환적,446.0,446.0,0.0,3603.0,3603.0,0.0,2020_2021 2월.xlsx
2021,12,대만,출항환적,7185.25,7177.25,8.0,82430.75,80745.0,1685.75,2020_2021 2월.xlsx
2021,12,대한민국,출항환적,15602.0,15554.0,48.0,213275.0,210158.0,3117.0,2020_2021 2월.xlsx
2021,12,덴마크,출항환적,50.0,50.0,0.0,713.0,713.0,0.0,2020_2021 2월.xlsx
2021,12,도미니카 공화국,출항환적,1195.0,1195.0,0.0,18042.5,17992.5,50.0,2020_2021 2월.xlsx
2021,12,도미니카 연방,출항환적,2.0,2.0,0.0,112.0,112.0,0.0,2020_2021 2월.xlsx
2021,12,독일,출항환적,1524.25,1496.25,28.0,22642.75,22576.75,66.0,2020_2021 2월.xlsx
2021,12,동티모르,출항환적,4.0,4.0,0.0,53.0,53.0,0.0,2020_2021 2월.xlsx
2021,12,라이베리아,출항환적,5.0,5.0,0.0,26.0,26.0,0.0,2020_2021 2월.xlsx
2021,12,라트비아,출항환적,29.0,29.0,0.0,160.25,160.25,0.0,2020_2021 2월.xlsx
2021,12,러시아,출항환적,22576.0,22576.0,0.0,340406.5,338689.5,1717.0,2020_2021 2월.xlsx
2021,12,레바논,출항환적,213.0,213.0,0.0,3130.25,3130.25,0.0,2020_2021 2월.xlsx
2021,12,레위니옹,출항환적,14.0,14.0,0.0,23.0,23.0,0.0,2020_2021 2월.xlsx
2021,12,루마니아,출항환적,96.0,96.0,0.0,2585.5,2585.5,0.0,2020_2021 2월.xlsx
2021,12,리비아,출항환적,124.0,124.0,0.0,1393.25,1393.25,0.0,2020_2021 2월.xlsx
2021,12,리투아니아,출항환적,5.0,5.0,0.0,334.0,334.0,0.0,2020_2021 2월.xlsx
2021,12,마다가스카르,출항환적,65.0,65.0,0.0,209.0,209.0,0.0,2020_2021 2월.xlsx
2021,12,마르티니크,출항환적,6.0,6.0,0.0,100.0,100.0,0.0,2020_2021 2월.xlsx
2021,12,마샬 제도,출항환적,74.0,74.0,0.0,1247.0,1247.0,0.0,2020_2021 2월.xlsx
2021,12,마요트,출항환적,5.0,5.0,0.0,7.0,7.0,0.0,2020_2021 2월.xlsx
2021,12,마카오,출항환적,,,,15.0,15.0,0.0,2020_2021 2월.xlsx
2021,12,말레이시아,출항환적,2774.0,2774.0,0.0,37749.0,37589.0,160.0,2020_2021 2월.xlsx
2021,12,멕시코,출항환적,19115.0,19115.0,0.0,298418.25,296686.25,1732.0,2020_2021 2월.xlsx
2021,12,모로코,출항환적,142.0,142.0,0.0,8178.0,8178.0,0.0,2020_2021 2월.xlsx
2021,12,모리셔스,출항환적,8.0,8.0,0.0,137.0,137.0,0.0,2020_2021 2월.xlsx
2021,12,모리타니,출항환적,24.0,24.0,0.0,155.0,155.0,0.0,2020_2021 2월.xlsx
2021,12,모잠비크,출항환적,54.0,54.0,0.0,544.0,544.0,0.0,2020_2021 2월.xlsx
2021,12,몬테네그로,출항환적,5.0,5.0,0.0,85.0,85.0,0.0,2020_2021 2월.xlsx
2021,12,몰디브,출항환적,49.0,49.0,0.0,95.0,95.0,0.0,2020_2021 2월.xlsx
2021,12,몰타,출항환적,11.0,11.0,0.0,202.5,202.5,0.0,2020_2021 2월.xlsx
2021,12,미국,출항환적,94342.0,94331.0,11.0,1072586.25,1071505.25,1081.0,2020_2021 2월.xlsx
2021,12,미국령 버진아일랜드,출항환적,2.0,2.0,0.0,47.0,47.0,0.0,2020_2021 2월.xlsx
2021,12,미얀마,출항환적,3.0,3.0,0.0,252.0,252.0,0.0,2020_2021 2월.xlsx
2021,12,미크로네시아,출항환적,45.0,45.0,0.0,1376.0,1376.0,0.0,2020_2021 2월.xlsx
2021,12,바누아투,출항환적,437.0,437.0,0.0,4160.0,4160.0,0.0,2020_2021 2월.xlsx
2021,12,바레인,출항환적,11.0,11.0,0.0,109.0,109.0,0.0,2020_2021 2월.xlsx
2021,12,바베이도스,출항환적,57.0,57.0,0.0,913.0,913.0,0.0,2020_2021 2월.xlsx
2021,12,바하마,출항환적,4452.0,59.0,4393.0,54147.5,846.0,53301.5,2020_2021 2월.xlsx
2021,12,방글라데시,출항환적,107.0,107.0,0.0,524.0,524.0,0.0,2020_2021 2월.xlsx
2021,12,버뮤다,출항환적,2.0,2.0,0.0,2.0,2.0,0.0,2020_2021 2월.xlsx
2021,12,베냉,출항환적,6.0,6.0,0.0,110.0,110.0,0.0,2020_2021 2월.xlsx
2021,12,베네수엘라,출항환적,625.0,625.0,0.0,10109.0,10109.0,0.0,2020_2021 2월.xlsx
2021,12,베트남,출항환적,8999.0,8971.0,28.0,108308.75,106200.5,2108.25,2020_2021 2월.xlsx
2021,12,벨기에,출항환적,948.25,948.25,0.0,10112.5,10112.5,0.0,2020_2021 2월.xlsx
2021,12,벨리즈,출항환적,34.0,34.0,0.0,358.0,358.0,0.0,2020_2021 2월.xlsx
2021,12,북마리아나 제도,출항환적,100.0,100.0,0.0,1099.25,1099.25,0.0,2020_2021 2월.xlsx
2021,12,불가리아,출항환적,48.0,48.0,0.0,569.0,569.0,0.0,2020_2021 2월.xlsx
2021,12,브라질,출항환적,3421.0,3421.0,0.0,55281.0,55281.0,0.0,2020_2021 2월.xlsx
2021,12,브루나이,출항환적,,,,2.0,2.0,0.0,2020_2021 2월.xlsx
2021,12,사모아,출항환적,268.0,268.0,0.0,3062.0,3062.0,0.0,2020_2021 2월.xlsx
2021,12,사우디아라비아,출항환적,1643.25,1643.25,0.0,18554.25,18554.25,0.0,2020_2021 2월.xlsx
2021,12,상투메 프린시페,출항환적,,,,2.0,2.0,0.0,2020_2021 2월.xlsx
2021,12,세네갈,출항환적,16.0,16.0,0.0,243.0,243.0,0.0,2020_2021 2월.xlsx
2021,12,세이셸,출항환적,5.0,5.0,0.0,8.0,8.0,0.0,2020_2021 2월.xlsx
2021,12,세인트 빈센트 그레나딘,출항환적,4.0,4.0,0.0,87.0,87.0,0.0,2020_2021 2월.xlsx
2021,12,세인트루시아,출항환적,7.0,7.0,0.0,182.0,182.0,0.0,2020_2021 2월.xlsx
2021,12,세인트키츠 네비스,출항환적,1.0,1.0,0.0,86.0,86.0,0.0,2020_2021 2월.xlsx
2021,12,소말리아,출항환적,7.0,7.0,0.0,68.0,68.0,0.0,2020_2021 2월.xlsx
2021,12,솔로몬제도,출항환적,142.0,142.0,0.0,1635.0,1635.0,0.0,2020_2021 2월.xlsx
2021,12,수단,출항환적,,,,307.0,307.0,0.0,2020_2021 2월.xlsx
2021,12,수리남,출항환적,127.0,127.0,0.0,1844.0,1844.0,0.0,2020_2021 2월.xlsx
2021,12,스리랑카,출항환적,58.0,58.0,0.0,1220.0,1220.0,0.0,2020_2021 2월.xlsx
2021,12,스웨덴,출항환적,80.0,80.0,0.0,1920.0,1920.0,0.0,2020_2021 2월.xlsx
2021,12,스페인,출항환적,1002.0,1002.0,0.0,22215.0,21695.0,520.0,2020_2021 2월.xlsx
2021,12,슬로베니아,출항환적,381.0,381.0,0.0,6983.75,6983.75,0.0,2020_2021 2월.xlsx
2021,12,시리아,출항환적,29.0,29.0,0.0,443.0,443.0,0.0,2020_2021 2월.xlsx
2021,12,시에라 리온,출항환적,,,,52.0,52.0,0.0,2020_2021 2월.xlsx
2021,12,싱가포르,출항환적,5047.0,4145.0,902.0,67208.25,58832.25,8376.0,2020_2021 2월.xlsx
2021,12,아랍에미리트연합국,출항환적,3353.5,3353.5,0.0,36328.0,36082.0,246.0,2020_2021 2월.xlsx
2021,12,아루바,출항환적,24.0,24.0,0.0,137.75,137.75,0.0,2020_2021 2월.xlsx
2021,12,아르헨티나,출항환적,830.0,830.0,0.0,11969.0,11958.0,11.0,2020_2021 2월.xlsx
2021,12,아메리칸사모아,출항환적,200.0,200.0,0.0,1334.0,1334.0,0.0,2020_2021 2월.xlsx
2021,12,아이티,출항환적,214.0,214.0,0.0,1731.0,1731.0,0.0,2020_2021 2월.xlsx
2021,12,아일랜드,출항환적,11.0,11.0,0.0,545.0,545.0,0.0,2020_2021 2월.xlsx
2021,12,알바니아,출항환적,16.0,16.0,0.0,49.0,49.0,0.0,2020_2021 2월.xlsx
2021,12,알제리,출항환적,284.25,284.25,0.0,2376.25,2376.25,0.0,2020_2021 2월.xlsx
2021,12,앙골라,출항환적,2.0,2.0,0.0,36.0,36.0,0.0,2020_2021 2월.xlsx
2021,12,앤티가 바부다,출항환적,13.0,13.0,0.0,164.0,164.0,0.0,2020_2021 2월.xlsx
2021,12,앤틸리스제도,출항환적,15.0,15.0,0.0,447.0,447.0,0.0,2020_2021 2월.xlsx
2021,12,앵귈라,출항환적,2.0,2.0,0.0,6.0,6.0,0.0,2020_2021 2월.xlsx
2021,12,에리트레아,출항환적,,,,8.0,8.0,0.0,2020_2021 2월.xlsx
2021,12,에스토니아,출항환적,45.0,45.0,0.0,136.0,136.0,0.0,2020_2021 2월.xlsx
2021,12,에콰도르,출항환적,2508.0,2056.0,452.0,36042.25,30172.25,5870.0,2020_2021 2월.xlsx
2021,12,엘살바도르,출항환적,580.0,580.0,0.0,6435.5,6435.5,0.0,2020_2021 2월.xlsx
2021,12,영국,출항환적,453.0,453.0,0.0,23237.0,23235.0,2.0,2020_2021 2월.xlsx
2021,12,영국령 버진아일랜드,출항환적,,,,13.0,13.0,0.0,2020_2021 2월.xlsx
2021,12,예멘,출항환적,7.0,7.0,0.0,36.0,36.0,0.0,2020_2021 2월.xlsx
2021,12,오만,출항환적,524.0,524.0,0.0,5108.75,5108.75,0.0,2020_2021 2월.xlsx
2021,12,온두라스,출항환적,652.0,652.0,0.0,5584.75,5122.75,462.0,2020_2021 2월.xlsx
2021,12,왈리스 푸투나,출항환적,,,,2.0,2.0,0.0,2020_2021 2월.xlsx
2021,12,요르단,출항환적,359.0,359.0,0.0,2680.0,2680.0,0.0,2020_2021 2월.xlsx
2021,12,우루과이,출항환적,189.0,189.0,0.0,2972.0,2972.0,0.0,2020_2021 2월.xlsx
2021,12,우크라이나,출항환적,222.25,222.25,0.0,3637.5,3637.5,0.0,2020_2021 2월.xlsx
2021,12,원양어획지역,출항환적,4.0,4.0,0.0,179.0,179.0,0.0,2020_2021 2월.xlsx
2021,12,이라크,출항환적,30.0,30.0,0.0,364.0,364.0,0.0,2020_2021 2월.xlsx
2021,12,이란,출항환적,,,,14.0,14.0,0.0,2020_2021 2월.xlsx
2021,12,이스라엘,출항환적,1139.0,1107.0,32.0,17001.0,16055.0,946.0,2020_2021 2월.xlsx
2021,12,이집트,출항환적,1187.0,1157.0,30.0,17191.0,16355.0,836.0,2020_2021 2월.xlsx
2021,12,이탈리아,출항환적,2444.0,2444.0,0.0,29311.25,29289.25,22.0,2020_2021 2월.xlsx
2021,12,인도,출항환적,3849.25,3814.25,35.0,45361.25,45232.25,129.0,2020_2021 2월.xlsx
2021,12,인도네시아,출항환적,3400.0,3399.0,1.0,49714.5,49681.5,33.0,2020_2021 2월.xlsx
2021,12,일본,출항환적,77818.0,75921.0,1897.0,937351.0,923782.75,13568.25,2020_2021 2월.xlsx
2021,12,자메이카,출항환적,1354.0,1354.0,0.0,15996.0,15995.0,1.0,2020_2021 2월.xlsx
2021,12,적도 기니,출항환적,,,,8.0,8.0,0.0,2020_2021 2월.xlsx
2021,12,조지아,출항환적,178.0,178.0,0.0,1367.25,1367.25,0.0,2020_2021 2월.xlsx
2021,12,중국,출항환적,102526.0,93814.5,8711.5,1171796.0,1085741.25,86054.75,2020_2021 2월.xlsx
2021,12,지부티,출항환적,13.0,13.0,0.0,61.0,61.0,0.0,2020_2021 2월.xlsx
2021,12,칠레,출항환적,22369.0,21957.0,412.0,234695.75,230419.75,4276.0,2020_2021 2월.xlsx
2021,12,카메룬,출항환적,8.0,8.0,0.0,260.0,260.0,0.0,2020_2021 2월.xlsx
2021,12,카타르,출항환적,313.0,313.0,0.0,2861.5,2861.5,0.0,2020_2021 2월.xlsx
2021,12,캄보디아,출항환적,24.0,24.0,0.0,595.5,595.5,0.0,2020_2021 2월.xlsx
2021,12,캐나다,출항환적,23662.75,23662.75,0.0,350186.0,349932.0,254.0,2020_2021 2월.xlsx
2021,12,케냐,출항환적,131.0,131.0,0.0,840.0,840.0,0.0,2020_2021 2월.xlsx
2021,12,케이맨 제도,출항환적,6.0,6.0,0.0,102.0,102.0,0.0,2020_2021 2월.xlsx
2021,12,코모로,출항환적,2.0,2.0,0.0,4.0,4.0,0.0,2020_2021 2월.xlsx
2021,12,코스타리카,출항환적,488.0,488.0,0.0,10302.75,10044.75,258.0,2020_2021 2월.xlsx
2021,12,코트디부아르,출항환적,16.0,16.0,0.0,709.0,709.0,0.0,2020_2021 2월.xlsx
2021,12,콜롬비아,출항환적,6573.0,6573.0,0.0,88049.75,87945.75,104.0,2020_2021 2월.xlsx
2021,12,콩고,출항환적,,,,29.0,29.0,0.0,2020_2021 2월.xlsx
2021,12,콩고 민주 공화국,출항환적,4.0,4.0,0.0,58.0,58.0,0.0,2020_2021 2월.xlsx
2021,12,쿠바,출항환적,345.0,345.0,0.0,3422.0,3422.0,0.0,2020_2021 2월.xlsx
2021,12,쿠웨이트,출항환적,31.0,31.0,0.0,294.0,294.0,0.0,2020_2021 2월.xlsx
2021,12,쿡 제도,출항환적,2.0,2.0,0.0,6.0,6.0,0.0,2020_2021 2월.xlsx
2021,12,퀴라소,출항환적,,,,62.0,62.0,0.0,2020_2021 2월.xlsx
2021,12,크로아티아,출항환적,211.5,211.5,0.0,2274.25,2274.25,0.0,2020_2021 2월.xlsx
2021,12,키리바시,출항환적,273.0,273.0,0.0,2592.0,2592.0,0.0,2020_2021 2월.xlsx
2021,12,키프로스,출항환적,4.0,4.0,0.0,91.0,91.0,0.0,2020_2021 2월.xlsx
2021,12,탄자니아,출항환적,191.0,191.0,0.0,471.0,471.0,0.0,2020_2021 2월.xlsx
2021,12,태국,출항환적,7168.5,7168.5,0.0,77737.25,77203.25,534.0,2020_2021 2월.xlsx
2021,12,토고,출항환적,,,,186.0,186.0,0.0,2020_2021 2월.xlsx
2021,12,통가,출항환적,174.0,174.0,0.0,1444.0,1444.0,0.0,2020_2021 2월.xlsx
2021,12,튀니지,출항환적,138.0,138.0,0.0,1405.5,1405.5,0.0,2020_2021 2월.xlsx
2021,12,튀르키예,출항환적,3363.25,3363.25,0.0,38218.25,38218.25,0.0,2020_2021 2월.xlsx
2021,12,트리니다드 토바고,출항환적,388.0,388.0,0.0,4585.0,4585.0,0.0,2020_2021 2월.xlsx
2021,12,파나마,출항환적,3769.0,3743.0,26.0,42952.0,42657.0,295.0,2020_2021 2월.xlsx
2021,12,파라과이,출항환적,34.0,34.0,0.0,297.0,297.0,0.0,2020_2021 2월.xlsx
2021,12,파키스탄,출항환적,797.0,797.0,0.0,6356.25,6356.25,0.0,2020_2021 2월.xlsx
2021,12,파푸아 뉴기니,출항환적,371.0,371.0,0.0,4483.0,4482.0,1.0,2020_2021 2월.xlsx
2021,12,팔라우,출항환적,3.0,3.0,0.0,117.0,117.0,0.0,2020_2021 2월.xlsx
2021,12,페루,출항환적,5504.0,5504.0,0.0,72938.25,71756.25,1182.0,2020_2021 2월.xlsx
2021,12,포르투갈,출항환적,20.0,20.0,0.0,278.0,278.0,0.0,2020_2021 2월.xlsx
2021,12,폴란드,출항환적,134.0,134.0,0.0,2174.0,2174.0,0.0,2020_2021 2월.xlsx
2021,12,푸에르토리코,출항환적,962.0,962.0,0.0,6691.0,6691.0,0.0,2020_2021 2월.xlsx
2021,12,프랑스,출항환적,1004.25,1004.25,0.0,21038.75,21013.75,25.0,2020_2021 2월.xlsx
2021,12,프랑스령 기아나,출항환적,4.0,4.0,0.0,59.0,59.0,0.0,2020_2021 2월.xlsx
2021,12,프랑스령 폴리네시아,출항환적,292.0,292.0,0.0,1738.0,1738.0,0.0,2020_2021 2월.xlsx
2021,12,피지,출항환적,491.0,491.0,0.0,6179.0,6174.0,5.0,2020_2021 2월.xlsx
2021,12,핀란드,출항환적,15.0,15.0,0.0,303.0,303.0,0.0,2020_2021 2월.xlsx
2021,12,필리핀,출항환적,5628.25,5628.25,0.0,69737.5,69737.5,0.0,2020_2021 2월.xlsx
2021,12,호주,출항환적,835.0,823.0,12.0,21096.0,19658.0,1438.0,2020_2021 2월.xlsx
2021,12,홍콩,출항환적,1908.0,1892.0,16.0,45750.75,45068.75,682.0,2020_2021 2월.xlsx
